OpenXRay Release build 10052 [2c5064106984-dirty], Aug 16 2026 (Windows 64-bit, shared)
~ [DA_HEAP_GUARD] ВКЛЮЧЁН: освобождённая память травится 0xDD и придерживается в карантине.
~ [DA_HEAP_GUARD] Падение по адресу 00007ddddddddddd = обращение к УЖЕ ОСВОБОЖДЁННОМУ объекту.
~ [DA_HEAP_GUARD] ⛔ Это отладочный прогон: кадры тяжелее и памяти больше. FPS не мерить.
Custom build from commit[2c5064106984-dirty] branch[main]
 
command line -r4 -nofpslock -force_flushlog -nointro -da_cmd "load_last_save cap3347 - quicksave5 ; load_last_save ; da_after_load 300 vid_restart" -silent_error_mode

* CPU features: RDTSC, MMX, SSE, SSE2, SSE3, SSE41, SSE42, AVX, AVX2, AVX512F
* CPU threads: 16

Starting INPUT device...
SOUND: OpenAL: enumerate devices...
~ [DA_PORT] ввод захвачен, приёмников 1: <= ВЕРХ 13DummyReceiver
Initializing File System...
$fs_root$ = D:\Dead Air\Dead Air
using fs-ltx fsgame.ltx
SOUND: OpenAL: system default sound device name is JBL TUNE770NC
SOUND: OpenAL: All available devices:
1. Наушники (JBL TUNE770NC), Spec Version 1.1 (default) eax[5] efx[yes]
2. Realtek Digital Output (Realtek USB Audio), Spec Version 1.1  eax[5] efx[yes]
3. P2510H PLUS (NVIDIA High Definition Audio), Spec Version 1.1  eax[5] efx[yes]
4. A24FAA-RG (NVIDIA High Definition Audio), Spec Version 1.1  eax[5] efx[yes]
FS: 86230 files cached 28 archives, 48516Kb memory used.
Init FileSystem 1.196527 sec
-----loading d:\dead air\dead air\gamedata\configs\system.ltx
-----loading d:\dead air\dead air\gamedata\configs\system.ltx
* [DA_PORT] шрифт консоли: C:\WINDOWS/Fonts/consola.ttf (кириллица)
* [DA_PORT] монитор 0: режимов 136, разрешений 20
* [DA_PORT] монитор 1: режимов 139, разрешений 20
* [DA_PORT] сезон: осень
Loading module: dxgi
Loading module: d3d11
* GPU [vendor:10DE]-[device:2C05]: NVIDIA GeForce RTX 5070 Ti
* CREATE: DeviceREF: 3
*   Texture memory: 15995 M
refCount:m_pSwapChain 1
refCount:pContext 1
refCount:pDevice: 1
refCount:m_pAdapter 1
refCount:m_pFactory 1
Available render modes[1]:
renderer_r4
Selected renderer: renderer_r4
~ [DA_PORT] розничный STALKER не установлен (Software\GSC Game World\STALKER-COP\) - профиль сетевой игры не читается, для одиночной это нормально
! Player name registry key (InstallUserName) not found !
~ duplicate string table id [zat_b7_bandit_boss_sultan_task_1_name]
~ duplicate string table id [zat_b7_bandit_boss_sultan_task_1_text]
~ duplicate string table id [zat_b7_bandit_boss_sultan_task_1_about]
~ duplicate string table id [zat_b7_bandit_boss_sultan_task_1_finish]
~ duplicate string table id [zat_b22_stalker_medic_start_1]
~ duplicate string table id [svoboda_light_outfit_description]
~ duplicate string table id [st_dyn_news_l12u_control_monolith]
~ duplicate string table id [ui_mm_r2_sun_quality]
~ duplicate string table id [st_ui_containers]
~ duplicate string table id [st_af_electra_sparkler_descr]
~ duplicate string table id [st_af_electra_sparkler_name]
~ duplicate string table id [sleep_itm_warning_blowout]
~ duplicate string table id [st_itm_sleepbag_name]
StringTable: loaded 68 files
Initializing Engine...
Executing config-script "d:\dead air\dead air\gamedata\configs\default_controls.ltx"...
[d:\dead air\dead air\gamedata\configs\default_controls.ltx] successfully loaded.
Executing config-script "user.ltx"...
Executing config-script "d:\dead air\dead air\gamedata\configs\rspec_extreme.ltx"...
[d:\dead air\dead air\gamedata\configs\rspec_extreme.ltx] successfully loaded.
Executing config-script "d:\dead air\dead air\gamedata\configs\default_controls.ltx"...
[d:\dead air\dead air\gamedata\configs\default_controls.ltx] successfully loaded.
~ Invalid syntax in call to 'r__dlss'
~ Valid arguments: ui_mm_dlss_off/ui_mm_dlss_ultra_quality/ui_mm_dlss_quality/ui_mm_dlss_balanced/ui_mm_dlss_performance/ui_mm_dlss_ultra_performance
* [DA_PORT] upscaler 6, quality step 1: scene renders at 67% of the output
* [DA_PORT] upscaler 6, quality step 5: scene renders at 100% of the output
~ Invalid syntax in call to 'sv_adm_menu_ban_time'
~ Valid arguments: ui_mp_am_10_minutes/ui_mp_am_30_minutes/ui_mp_am_1_hour/ui_mp_am_6_hours/ui_mp_am_1_day/ui_mp_am_1_week/ui_mp_am_1_month/ui_mp_am_3_monthes/ui_mp_am_forever
~ Invalid syntax in call to 'sv_suspicious_actions_ban_time'
~ Valid arguments: ui_mp_am_10_minutes/ui_mp_am_30_minutes/ui_mp_am_1_hour/ui_mp_am_6_hours/ui_mp_am_1_day/ui_mp_am_1_week/ui_mp_am_1_month/ui_mp_am_3_monthes/ui_mp_am_forever
[appdata\user.ltx] successfully loaded.
SOUND: Selected device is JBL TUNE770NC (системное по умолчанию)
Starting RENDER device...
* [DA_PORT] Dev::Create before Render->Create
Loading module: dxgi
Loading module: d3d11
* GPU [vendor:10DE]-[device:2C05]: NVIDIA GeForce RTX 5070 Ti
* CREATE: DeviceREF: 3
*   Texture memory: 15995 M
* [DA_PORT] Dev::Create after Render->Create
* [DA_PORT] mem_compact: 347 -> 347 МБ (вернулось 0 МБ) за 0.0 мс
* GPU shading: vs(0/5.0/50), ps(0/5.0/50)
* GPU vertex cache: unrecognized, 24
* [DA_PORT] Dev::Create after SetupStates
* DVB created: 4096K
* DIB created: 512K
* [DA_PORT] ScriptEngine::init: before reinit
* [DA_PORT] ScriptEngine::init: after reinit, before luabind::open
* [DA_PORT] ScriptEngine::init: after luabind::open
* [DA_PORT] ScriptEngine::init: before setup_callbacks
* [DA_PORT] ScriptEngine::init: after setup_callbacks, before exporter
* [DA_PORT] ScriptEngine::init: after exporter
* [DA_PORT] ScriptEngine::init: before open_lib base
* [DA_PORT] ScriptEngine::init: after open_lib, before randomize
* [DA_PORT] ScriptEngine::init: DONE
* [DA_LUA] load: d:\dead air\dead air\gamedata\shaders\r3\accum_volumetric.s -> accum_volumetric
* [DA_LUA] load: d:\dead air\dead air\gamedata\shaders\r3\accum_volumetric_nomsaa.s -> accum_volumetric_nomsaa
* [DA_LUA] load: d:\dead air\dead air\gamedata\shaders\r3\accum_volumetric_sun.s -> accum_volumetric_sun
* [DA_LUA] load: d:\dead air\dead air\gamedata\shaders\r3\accum_volumetric_sun_minmax.s -> accum_volumetric_sun_minmax
* [DA_LUA] load: d:\dead air\dead air\gamedata\shaders\r3\accum_volumetric_sun_msaa0.s -> accum_volumetric_sun_msaa0
* [DA_LUA] load: d:\dead air\dead air\gamedata\shaders\r3\accum_volumetric_sun_msaa1.s -> accum_volumetric_sun_msaa1
* [DA_LUA] load: d:\dead air\dead air\gamedata\shaders\r3\accum_volumetric_sun_msaa2.s -> accum_volumetric_sun_msaa2
* [DA_LUA] load: d:\dead air\dead air\gamedata\shaders\r3\accum_volumetric_sun_msaa3.s -> accum_volumetric_sun_msaa3
* [DA_LUA] load: d:\dead air\dead air\gamedata\shaders\r3\accum_volumetric_sun_msaa4.s -> accum_volumetric_sun_msaa4
* [DA_LUA] load: d:\dead air\dead air\gamedata\shaders\r3\accum_volumetric_sun_msaa5.s -> accum_volumetric_sun_msaa5
* [DA_LUA] load: d:\dead air\dead air\gamedata\shaders\r3\accum_volumetric_sun_msaa6.s -> accum_volumetric_sun_msaa6
* [DA_LUA] load: d:\dead air\dead air\gamedata\shaders\r3\accum_volumetric_sun_msaa7.s -> accum_volumetric_sun_msaa7
* [DA_LUA] load: d:\dead air\dead air\gamedata\shaders\r3\accum_volumetric_sun_nomsaa.s -> accum_volumetric_sun_nomsaa
* [DA_LUA] load: d:\dead air\dead air\gamedata\shaders\r3\accum_volumetric_sun_nomsaa_minmax.s -> accum_volumetric_sun_nomsaa_minmax
* [DA_LUA] load: d:\dead air\dead air\gamedata\shaders\r3\accum_volumetric_unshadowed.s -> accum_volumetric_unshadowed
* [DA_LUA] load: d:\dead air\dead air\gamedata\shaders\r3\clouds.s -> clouds
* [DA_LUA] load: d:\dead air\dead air\gamedata\shaders\r3\combine_volumetric.s -> combine_volumetric
* [DA_LUA] load: d:\dead air\dead air\gamedata\shaders\r3\da_puddle_refl.s -> da_puddle_refl
* [DA_LUA] load: d:\dead air\dead air\gamedata\shaders\r3\da_reactive.s -> da_reactive
* [DA_LUA] load: d:\dead air\dead air\gamedata\shaders\r3\da_reactive_dilate_h.s -> da_reactive_dilate_h
* [DA_LUA] load: d:\dead air\dead air\gamedata\shaders\r3\da_reactive_dilate_v.s -> da_reactive_dilate_v
* [DA_LUA] load: d:\dead air\dead air\gamedata\shaders\r3\da_reactive_emissive.s -> da_reactive_emissive
* [DA_LUA] load: d:\dead air\dead air\gamedata\shaders\r3\da_sky_velocity.s -> da_sky_velocity
* [DA_LUA] load: d:\dead air\dead air\gamedata\shaders\r3\da_smap_blit.s -> da_smap_blit
* [DA_LUA] load: d:\dead air\dead air\gamedata\shaders\r3\da_velocity_guard.s -> da_velocity_guard
* [DA_LUA] load: d:\dead air\dead air\gamedata\shaders\r3\da_water_velocity.s -> da_water_velocity
* [DA_LUA] load: d:\dead air\dead air\gamedata\shaders\r3\da_xess_mv.s -> da_xess_mv
* [DA_LUA] load: d:\dead air\dead air\gamedata\shaders\r3\details_lod.s -> details_lod
* [DA_LUA] load: d:\dead air\dead air\gamedata\shaders\r3\distort.s -> distort
* [DA_LUA] load: d:\dead air\dead air\gamedata\shaders\r3\effects_bullet_tracer.s -> effects_bullet_tracer
* [DA_LUA] load: d:\dead air\dead air\gamedata\shaders\r3\effects_flare.s -> effects_flare
* [DA_LUA] load: d:\dead air\dead air\gamedata\shaders\r3\effects_lightning.s -> effects_lightning
* [DA_LUA] load: d:\dead air\dead air\gamedata\shaders\r3\effects_lightplanes.s -> effects_lightplanes
* [DA_LUA] load: d:\dead air\dead air\gamedata\shaders\r3\effects_rain.s -> effects_rain
* [DA_LUA] load: d:\dead air\dead air\gamedata\shaders\r3\effects_sun.s -> effects_sun
* [DA_LUA] load: d:\dead air\dead air\gamedata\shaders\r3\effects_wallmark.s -> effects_wallmark
* [DA_LUA] load: d:\dead air\dead air\gamedata\shaders\r3\effects_wallmarkblend.s -> effects_wallmarkblend
* [DA_LUA] load: d:\dead air\dead air\gamedata\shaders\r3\effects_wallmarkmult.s -> effects_wallmarkmult
* [DA_LUA] load: d:\dead air\dead air\gamedata\shaders\r3\effects_wallmarkset.s -> effects_wallmarkset
* [DA_LUA] load: d:\dead air\dead air\gamedata\shaders\r3\effects_water.s -> effects_water
* [DA_LUA] load: d:\dead air\dead air\gamedata\shaders\r3\effects_waterryaska.s -> effects_waterryaska
* [DA_LUA] load: d:\dead air\dead air\gamedata\shaders\r3\effects_waterstuden.s -> effects_waterstuden
* [DA_LUA] load: d:\dead air\dead air\gamedata\shaders\r3\fluid3d_stub.s -> fluid3d_stub
* [DA_LUA] load: d:\dead air\dead air\gamedata\shaders\r3\friendly_indicator.s -> friendly_indicator
* [DA_LUA] load: d:\dead air\dead air\gamedata\shaders\r3\hud_crosshair.s -> hud_crosshair
* [DA_LUA] load: d:\dead air\dead air\gamedata\shaders\r3\hud_font.s -> hud_font
* [DA_LUA] load: d:\dead air\dead air\gamedata\shaders\r3\hud_font2.s -> hud_font2
* [DA_LUA] load: d:\dead air\dead air\gamedata\shaders\r3\hud_movie.s -> hud_movie
* [DA_LUA] load: d:\dead air\dead air\gamedata\shaders\r3\hud_p3d.s -> hud_p3d
* [DA_LUA] load: d:\dead air\dead air\gamedata\shaders\r3\models_lightplanes.s -> models_lightplanes
* [DA_LUA] load: d:\dead air\dead air\gamedata\shaders\r3\models_pautina.s -> models_pautina
* [DA_LUA] load: d:\dead air\dead air\gamedata\shaders\r3\models_selflight.s -> models_selflight
* [DA_LUA] load: d:\dead air\dead air\gamedata\shaders\r3\models_selflight_det.s -> models_selflight_det
* [DA_LUA] load: d:\dead air\dead air\gamedata\shaders\r3\models_selflightl.s -> models_selflightl
* [DA_LUA] load: d:\dead air\dead air\gamedata\shaders\r3\models_xanomaly.s -> models_xanomaly
* [DA_LUA] load: d:\dead air\dead air\gamedata\shaders\r3\models_xdistort.s -> models_xdistort
* [DA_LUA] load: d:\dead air\dead air\gamedata\shaders\r3\models_xdistortcolor.s -> models_xdistortcolor
* [DA_LUA] load: d:\dead air\dead air\gamedata\shaders\r3\models_xdistortcolorl.s -> models_xdistortcolorl
* [DA_LUA] load: d:\dead air\dead air\gamedata\shaders\r3\models_xdistortcolorlinv.s -> models_xdistortcolorlinv
* [DA_LUA] load: d:\dead air\dead air\gamedata\shaders\r3\models_xdistortinv.s -> models_xdistortinv
* [DA_LUA] load: d:\dead air\dead air\gamedata\shaders\r3\models_xmonolith.s -> models_xmonolith
* [DA_LUA] load: d:\dead air\dead air\gamedata\shaders\r3\models_xwindows.s -> models_xwindows
* [DA_LUA] load: d:\dead air\dead air\gamedata\shaders\r3\particles_xadd.s -> particles_xadd
* [DA_LUA] load: d:\dead air\dead air\gamedata\shaders\r3\particles_xdistort.s -> particles_xdistort
* [DA_LUA] load: d:\dead air\dead air\gamedata\shaders\r3\portal.s -> portal
* [DA_LUA] load: d:\dead air\dead air\gamedata\shaders\r3\postprocess.s -> postprocess
* [DA_LUA] load: d:\dead air\dead air\gamedata\shaders\r3\selflight.s -> selflight
* [DA_LUA] load: d:\dead air\dead air\gamedata\shaders\r3\stub_default.s -> stub_default
~ [DA_PORT] шейдер 'models\helicopter': описание версии 1 при текущей 2 - читается как есть
~ [DA_PORT] шейдер 'models\lightplanesself': описание версии 1 при текущей 2 - читается как есть
~ [DA_PORT] шейдер 'models\model_puh': описание версии 1 при текущей 2 - читается как есть
~ [DA_PORT] шейдер 'models\model_refl': описание версии 1 при текущей 2 - читается как есть
~ [DA_PORT] шейдер 'models\xbrainglass': описание версии 1 при текущей 2 - читается как есть
~ [DA_PORT] шейдер 'models\xdistortcolorlinv': описание версии 1 при текущей 2 - читается как есть
~ [DA_PORT] шейдер 'models\xglass': описание версии 1 при текущей 2 - читается как есть
~ [DA_PORT] шейдер 'models\xglass2': описание версии 1 при текущей 2 - читается как есть
~ [DA_PORT] шейдер 'models\xlens': описание версии 1 при текущей 2 - читается как есть
Processing 5986 .thm files in [$game_textures$]
Load, texture descriptions loaded for 37 ms
* HWDST/PCF supported and used
* [DA_PORT] create: before CRenderTarget
* [DA_PORT] render targets: output 1920x1080, scene 1920x1080
* [DA_PORT] MSAA: off
[2026-08-16 21:04:55] [NGXSafeInitializeLog:148] App logging hooks successfully initialized
[2026-08-16 21:04:55] [NGXLoadLibrary:326] error: failed to load NGXCore: 126 (D:\Dead Air\Dead Air\bin_heapguard\_nvngx.dll)
[2026-08-16 21:04:55] [NGXLoadLibrary:326] error: failed to load NGXCore: 126 (D:\Dead Air\Dead Air\bin_heapguard\nvngx.dll)
[2026-08-16 21:04:55] [NGXGetPathUsingQAI:147] Attempting to read from Parameters\NGXCore\NGXPath
[2026-08-16 21:04:55] [NGXGetPathUsingQAI:171] Path to driverStore found using QAI: C:\WINDOWS\System32\DriverStore\FileRepository\nv_dispi.inf_amd64_7840b4313191ae17
[2026-08-16 21:04:55] [NGXLoadCoreLibrary:279] Loading C:\WINDOWS\System32\DriverStore\FileRepository\nv_dispi.inf_amd64_7840b4313191ae17\_nvngx.dll succeeded
[2026-08-16 21:04:56] [NGXSafeInitializeLog:133] App logging hooks successfully initialized
[2026-08-16 21:04:56] [NGXGetPathUsingQAI:512] Path to driverStore found using QAI: C:\WINDOWS\System32\DriverStore\FileRepository\nv_dispi.inf_amd64_7840b4313191ae17
[2026-08-16 21:04:56] [NGXGetPath:980] using path for models: C:\ProgramData/NVIDIA/NGX/models/
[2026-08-16 21:04:56] [NGXGetPath:980] using path for models: C:\ProgramData/NVIDIA/NGX/models/
[2026-08-16 21:04:56] [ModifyExistingFolderDACL:211] updated access control list for NGX cache (NGX cache should now be usable by all authenticated users)
[2026-08-16 21:04:56] [NGXCreateModelsFolder:1081] model folder created: C:\ProgramData/NVIDIA/NGX/models/
[2026-08-16 21:04:56] [NGXLoadConfig:1153] [sl_sdk_0]
[2026-08-16 21:04:56] [NGXLoadConfig:1159] app_E658703=2.11.0
[2026-08-16 21:04:56] [NGXLoadConfig:1153] [sl_common_0]
[2026-08-16 21:04:56] [NGXLoadConfig:1159] app_E658703=2.11.0
[2026-08-16 21:04:56] [NGXLoadConfig:1153] [sl_deepdvc_0]
[2026-08-16 21:04:56] [NGXLoadConfig:1159] app_E658703=2.11.0
[2026-08-16 21:04:56] [NGXLoadConfig:1153] [sl_dlss_0]
[2026-08-16 21:04:56] [NGXLoadConfig:1159] app_E658703=2.11.0
[2026-08-16 21:04:56] [NGXLoadConfig:1153] [sl_dlss_d_0]
[2026-08-16 21:04:56] [NGXLoadConfig:1159] app_E658703=2.11.0
[2026-08-16 21:04:56] [NGXLoadConfig:1153] [sl_dlss_g_0]
[2026-08-16 21:04:56] [NGXLoadConfig:1159] app_E658703=2.11.0
[2026-08-16 21:04:56] [NGXLoadConfig:1153] [sl_nis_0]
[2026-08-16 21:04:56] [NGXLoadConfig:1159] app_E658703=2.11.0
[2026-08-16 21:04:56] [NGXLoadConfig:1153] [sl_nvperf_0]
[2026-08-16 21:04:56] [NGXLoadConfig:1159] app_E658703=2.11.0
[2026-08-16 21:04:56] [NGXLoadConfig:1153] [sl_pcl_0]
[2026-08-16 21:04:56] [NGXLoadConfig:1159] app_E658703=2.11.0
[2026-08-16 21:04:56] [NGXLoadConfig:1153] [sl_reflex_0]
[2026-08-16 21:04:56] [NGXLoadConfig:1159] app_E658703=2.11.0
[2026-08-16 21:04:56] [NGXLoadConfig:1153] [dlss_override]
[2026-08-16 21:04:56] [NGXLoadConfig:1159] app_E658700=310.6.0
[2026-08-16 21:04:56] [NGXLoadConfig:1153] [dlss]
[2026-08-16 21:04:56] [NGXLoadConfig:1159] app_E658700=310.6.0
[2026-08-16 21:04:56] [NGXLoadConfig:1153] [dlssg]
[2026-08-16 21:04:56] [NGXLoadConfig:1159] app_E658700=310.6.0
[2026-08-16 21:04:56] [NGXLoadConfig:1153] [dlssd]
[2026-08-16 21:04:56] [NGXLoadConfig:1159] app_E658700=310.6.0
[2026-08-16 21:04:56] [`anonymous-namespace'::LoadMappingFileData:268] listItem.engineVersion .* listItem.genericCMSId 86aa7b4
[2026-08-16 21:04:56] [`anonymous-namespace'::LoadMappingFileData:282]  project id 3F9D696D4363312194B0ECB2671E899F cms id B9FBD50
[2026-08-16 21:04:56] [`anonymous-namespace'::LoadMappingFileData:268] listItem.engineVersion .* listItem.genericCMSId 8618954
[2026-08-16 21:04:56] [`anonymous-namespace'::LoadMappingFileData:268] listItem.engineVersion .* listItem.genericCMSId b9b05cc
[2026-08-16 21:04:56] [`anonymous-namespace'::LoadMappingFileData:268] listItem.engineVersion .* listItem.genericCMSId 876232c
[2026-08-16 21:04:56] [MapProjectId:1914] Found cms id 876232c for engine: custom engineVersion 1.0 projectID a1b2c3d4-5e6f-4a0b-9c8d-7e6f5a4b3c2d
[2026-08-16 21:04:56] [NGXDRSInit:341] DRS PROFILE FOUND : ProfileName "S.T.A.L.K.E.R.: Call of Pripyat", AppName "xrengine.exe"
[2026-08-16 21:04:56] [NGXInitContext:241] called from module da_ngx.dll at D:\Dead Air\Dead Air\bin_heapguard
[2026-08-16 21:04:56] [`anonymous-namespace'::SnippetLocationInfo::load:677] NGXLoadFromPath failed: -1160773628
[2026-08-16 21:04:56] [`anonymous-namespace'::SnippetLocationInfo::load:677] NGXLoadFromPath failed: -1160773628
[2026-08-16 21:04:56] [NGXReportStatusFeedback:1042] Override shared memory was opened successfully
[2026-08-16 21:04:56] [NGXReportStatusFeedback:1054] Override shared memory was mapped successfully
[2026-08-16 21:04:56] [NGXReportStatusFeedback:1083] Override feedback found available slot 1
[2026-08-16 21:04:56] [`anonymous-namespace'::SnippetLocationInfo::load:677] NGXLoadFromPath failed: -1160773628
[2026-08-16 21:04:56] [NGXSecureLoadFeature:1311] Feature dlss failed to load (cmsid 141959980) from cache (location: C:\ProgramData/NVIDIA/NGX/models/dlss\versions\0\files, name: 160_876232C.bin)
[2026-08-16 21:04:56] [`anonymous-namespace'::SnippetLocationInfo::load:677] NGXLoadFromPath failed: -1160773628
[2026-08-16 21:04:56] [NGXSecureLoadFeature:1311] Feature dlss failed to load (cmsid 241534723) from cache (location: C:\ProgramData/NVIDIA/NGX/models/dlss\versions\0\files, name: 160_E658703.bin)
[2026-08-16 21:04:56] [`anonymous-namespace'::SnippetLocationInfo::load:677] NGXLoadFromPath failed: -1160773628
[2026-08-16 21:04:56] [NGXSecureLoadFeature:1427] app 876232C feature dlss snippet: D:\Dead Air\Dead Air\bin_heapguard/nvngx_dlss.dll version: 310.7.0
[2026-08-16 21:04:56] [`anonymous-namespace'::SnippetLocationInfo::load:677] NGXLoadFromPath failed: -1160773628
[2026-08-16 21:04:56] [`anonymous-namespace'::SnippetLocationInfo::load:677] NGXLoadFromPath failed: -1160773628
[2026-08-16 21:04:56] [`anonymous-namespace'::SnippetLocationInfo::load:677] NGXLoadFromPath failed: -1160773628
[2026-08-16 21:04:56] [`anonymous-namespace'::SnippetLocationInfo::load:677] NGXLoadFromPath failed: -1160773628
[2026-08-16 21:04:56] [`anonymous-namespace'::SnippetLocationInfo::load:677] NGXLoadFromPath failed: -1160773628
[2026-08-16 21:04:56] [`anonymous-namespace'::SnippetLocationInfo::load:677] NGXLoadFromPath failed: -1160773628
[2026-08-16 21:04:56] [`anonymous-namespace'::SnippetLocationInfo::load:677] NGXLoadFromPath failed: -1160773628
[2026-08-16 21:04:56] [`anonymous-namespace'::SnippetLocationInfo::load:677] NGXLoadFromPath failed: -1160773628
[2026-08-16 21:04:56] [`anonymous-namespace'::SnippetLocationInfo::load:677] NGXLoadFromPath failed: -1160773628
[2026-08-16 21:04:56] [`anonymous-namespace'::SnippetLocationInfo::load:677] NGXLoadFromPath failed: -1160773628
[2026-08-16 21:04:56] [`anonymous-namespace'::SnippetLocationInfo::load:677] NGXLoadFromPath failed: -1160773628
[2026-08-16 21:04:56] [`anonymous-namespace'::SnippetLocationInfo::load:677] NGXLoadFromPath failed: -1160773628
[2026-08-16 21:04:56] [`anonymous-namespace'::SnippetLocationInfo::load:677] NGXLoadFromPath failed: -1160773628
[2026-08-16 21:04:56] [`anonymous-namespace'::SnippetLocationInfo::load:677] NGXLoadFromPath failed: -1160773628
[2026-08-16 21:04:56] [`anonymous-namespace'::SnippetLocationInfo::load:677] NGXLoadFromPath failed: -1160773628
[2026-08-16 21:04:56] [`anonymous-namespace'::SnippetLocationInfo::load:677] NGXLoadFromPath failed: -1160773628
[2026-08-16 21:04:56] [`anonymous-namespace'::SnippetLocationInfo::load:677] NGXLoadFromPath failed: -1160773628
[2026-08-16 21:04:56] [`anonymous-namespace'::SnippetLocationInfo::load:677] NGXLoadFromPath failed: -1160773628
[2026-08-16 21:04:56] [`anonymous-namespace'::SnippetLocationInfo::load:677] NGXLoadFromPath failed: -1160773628
[2026-08-16 21:04:56] [`anonymous-namespace'::SnippetLocationInfo::load:677] NGXLoadFromPath failed: -1160773628
[2026-08-16 21:04:56] [`anonymous-namespace'::SnippetLocationInfo::load:677] NGXLoadFromPath failed: -1160773628
[2026-08-16 21:04:56] [`anonymous-namespace'::SnippetLocationInfo::load:677] NGXLoadFromPath failed: -1160773628
[2026-08-16 21:04:56] [`anonymous-namespace'::SnippetLocationInfo::load:677] NGXLoadFromPath failed: -1160773628
[2026-08-16 21:04:56] [`anonymous-namespace'::SnippetLocationInfo::load:677] NGXLoadFromPath failed: -1160773628
[2026-08-16 21:04:56] [`anonymous-namespace'::SnippetLocationInfo::load:677] NGXLoadFromPath failed: -1160773628
[2026-08-16 21:04:56] [`anonymous-namespace'::SnippetLocationInfo::load:677] NGXLoadFromPath failed: -1160773628
[2026-08-16 21:04:56] [`anonymous-namespace'::SnippetLocationInfo::load:677] NGXLoadFromPath failed: -1160773628
[2026-08-16 21:04:56] [`anonymous-namespace'::SnippetLocationInfo::load:677] NGXLoadFromPath failed: -1160773628
[2026-08-16 21:04:56] [`anonymous-namespace'::SnippetLocationInfo::load:677] NGXLoadFromPath failed: -1160773628
[2026-08-16 21:04:56] [`anonymous-namespace'::SnippetLocationInfo::load:677] NGXLoadFromPath failed: -1160773628
[2026-08-16 21:04:56] [tid:43824][NGXInitLog:232] App logging hooks successfully initialized
[2026-08-16 21:04:56] [tid:43824][NGXInitLog:238] Build v310.7.0 CL 37997616
[2026-08-16 21:04:56] [tid:43824][NGXInitLog:240] Built with APP_NAME = default
[2026-08-16 21:04:56] [tid:43824][NGXInitLog:246] Loaded from path "D:\Dead Air\Dead Air\bin_heapguard/xrEngine.exe"
[2026-08-16 21:04:56] [tid:43824][NGXCubinD3D11::Init:223] Enabling texmode_raw
[2026-08-16 21:04:56] [tid:43824][NGXCubinD3D11::Init:227] ID3D11Device::GetCreationFlags() = 0x0
[2026-08-16 21:04:56] [tid:43824][NGXCubinKernelMap::InitCubins:42] Loading NGXCubin kernels
[2026-08-16 21:04:56] [tid:43824][NGXCubinGeneric::SetGPUArch:400] SetGPUArch:: Gpu count = 1, luid: 0x13387
[2026-08-16 21:04:56] [tid:43824][NGXCubinGeneric::SetGPUArch:460] m_gpuArch = 0x1b0
[2026-08-16 21:04:56] [tid:43824][NGXCubinGeneric::genericPostInit:164] Fast UAV clear: supported
[2026-08-16 21:04:56] [tid:43824][DLSSCubinKernelMap::InitCubins:303] Setting DLAA Cubins
[2026-08-16 21:04:56] [tid:43824][DLSSCubinKernelMap::InitCubins:303] Setting DLSS Debug Cubins
[2026-08-16 21:04:56] [tid:43824][DLSSCubinKernelMap::InitCubins:303] Setting DLTSS Engine Cubins
[2026-08-16 21:04:56] [tid:43824][DLSSCubinKernelMap::InitCubins:303] Setting DLTSS NW Cubins
[2026-08-16 21:04:56] [tid:43824][DLSSCubinKernelMap::InitCubins:303] Setting DLTSS NW E5M3_SKIP Cubins
[2026-08-16 21:04:56] [tid:43824][DLSSCubinKernelMap::InitCubins:303] Setting DLTSS NW Cubins
[2026-08-16 21:04:56] [tid:43824][DldnCubinKernelMap::InitCubins:138] Setting DLDN Engine Pre / Post Cubins
* [FSR3] ready: 1920x1080 -> 1920x1080
* [DA_PORT] апскейлер «ui_mm_upscaler_xess» скрыт из меню: видеокарта не поддерживает
[2026-08-16 21:04:56] [NVSDK_NGX_CreateFeature_Validate:715] app id is 141959980 
[2026-08-16 21:04:56] [tid:43824][NgxRayReconstruction::FillCreationParams::<lambda_f9f2c9f56f0e182de455533d6fb5b27e>::operator ():1733] Info: (DLAA) Using Default Overriden Preset Preset_D
[2026-08-16 21:04:56] [tid:43824][NgxRayReconstruction::FillCreationParams::<lambda_f9f2c9f56f0e182de455533d6fb5b27e>::operator ():1733] Info: (Quality) Using Default Overriden Preset Preset_D
[2026-08-16 21:04:56] [tid:43824][NgxRayReconstruction::FillCreationParams::<lambda_f9f2c9f56f0e182de455533d6fb5b27e>::operator ():1733] Info: (Balanced) Using Default Overriden Preset Preset_D
[2026-08-16 21:04:56] [tid:43824][NgxRayReconstruction::FillCreationParams::<lambda_f9f2c9f56f0e182de455533d6fb5b27e>::operator ():1733] Info: (Perf) Using Default Overriden Preset Preset_D
[2026-08-16 21:04:56] [tid:43824][NgxRayReconstruction::FillCreationParams::<lambda_f9f2c9f56f0e182de455533d6fb5b27e>::operator ():1733] Info: (UltraPerf) Using Default Overriden Preset Preset_D
[2026-08-16 21:04:56] [tid:43824][NgxRayReconstruction::FillCreationParams::<lambda_f9f2c9f56f0e182de455533d6fb5b27e>::operator ():1733] Info: (UltraQuality) Using Default Overriden Preset Preset_D
[2026-08-16 21:04:56] [tid:43824][NgxDltss::FillCreationParams::<lambda_d31d19bbceb87a1ef50839b36c9d0cdf>::operator ():2876] Info: (DLAA) App hint Preset Unspecified or Overridden, using title default Preset K
[2026-08-16 21:04:56] [tid:43824][NgxDltss::FillCreationParams::<lambda_d31d19bbceb87a1ef50839b36c9d0cdf>::operator ():2876] Info: (Quality) App hint Preset Unspecified or Overridden, using title default Preset K
[2026-08-16 21:04:56] [tid:43824][NgxDltss::FillCreationParams::<lambda_d31d19bbceb87a1ef50839b36c9d0cdf>::operator ():2876] Info: (Balanced) App hint Preset Unspecified or Overridden, using title default Preset K
[2026-08-16 21:04:56] [tid:43824][NgxDltss::FillCreationParams::<lambda_d31d19bbceb87a1ef50839b36c9d0cdf>::operator ():2876] Info: (Perf) App hint Preset Unspecified or Overridden, using title default Preset M
[2026-08-16 21:04:56] [tid:43824][NgxDltss::FillCreationParams::<lambda_d31d19bbceb87a1ef50839b36c9d0cdf>::operator ():2876] Info: (UltraPerf) App hint Preset Unspecified or Overridden, using title default Preset L
[2026-08-16 21:04:56] [tid:43824][NgxDltss::FillCreationParams::<lambda_d31d19bbceb87a1ef50839b36c9d0cdf>::operator ():2876] Info: (UltraQuality) App hint Preset Unspecified or Overridden, using title default Preset K
[2026-08-16 21:04:56] [tid:43824][PaddedWindowNetwork::CreatePaddedWindowNetwork:399] Container0Tensor: 10 MiB allocated
[2026-08-16 21:04:56] [tid:43824][PaddedWindowNetwork::CreatePaddedWindowNetwork:403] Container1Tensor: 12 MiB aliased
[2026-08-16 21:04:56] [tid:43824][PaddedWindowNetwork::CreatePaddedWindowNetwork:407] Container2Tensor: 8 MiB aliased
* [DLSS] ready: 1920x1080 -> 1920x1080, quality mode 6
* [DA] теневой атлас статики выделен: 12288x12288 (рабочий 4096x4096), ~576 МБ видеопамяти
* [DA_PORT] create: after CRenderTarget
* [DA_PORT] create: after Models/PSLibrary/HWOCC
* [DA_PORT] create: after q_sync_point
* [DA_PORT] create: before FluidManager.Initialize
*       [DA_PORT] сборка ps[fluid_advect]
*       [DA_PORT] сборка vs[fluid_grid]
*       [DA_PORT] сборка gs[fluid_array]
*       [DA_PORT] программы собраны
*       [DA_PORT] сборка ps[fluid_advect_bfecc]
*       [DA_PORT] сборка vs[fluid_grid]
*       [DA_PORT] сборка gs[fluid_array]
*       [DA_PORT] программы собраны
*       [DA_PORT] сборка ps[fluid_advect_temp]
*       [DA_PORT] сборка vs[fluid_grid]
*       [DA_PORT] сборка gs[fluid_array]
*       [DA_PORT] программы собраны
*       [DA_PORT] сборка ps[fluid_advect_bfecc_temp]
*       [DA_PORT] сборка vs[fluid_grid]
*       [DA_PORT] сборка gs[fluid_array]
*       [DA_PORT] программы собраны
*       [DA_PORT] сборка ps[fluid_advect_vel]
*       [DA_PORT] сборка vs[fluid_grid]
*       [DA_PORT] сборка gs[fluid_array]
*       [DA_PORT] программы собраны
! ERROR: Failed to find compiled constant buffer (further occurrences suppressed)
*       [DA_PORT] сборка ps[fluid_advect_vel]
*       [DA_PORT] сборка vs[fluid_grid]
*       [DA_PORT] сборка gs[fluid_array]
*       [DA_PORT] программы собраны
*       [DA_PORT] сборка ps[fluid_advect_vel_g]
*       [DA_PORT] сборка vs[fluid_grid]
*       [DA_PORT] сборка gs[fluid_array]
*       [DA_PORT] программы собраны
*       [DA_PORT] сборка ps[fluid_vorticity]
*       [DA_PORT] сборка vs[fluid_grid]
*       [DA_PORT] сборка gs[fluid_array]
*       [DA_PORT] программы собраны
*       [DA_PORT] сборка ps[fluid_confinement]
*       [DA_PORT] сборка vs[fluid_grid]
*       [DA_PORT] сборка gs[fluid_array]
*       [DA_PORT] программы собраны
*       [DA_PORT] сборка ps[fluid_divergence]
*       [DA_PORT] сборка vs[fluid_grid]
*       [DA_PORT] сборка gs[fluid_array]
*       [DA_PORT] программы собраны
*       [DA_PORT] сборка ps[fluid_jacobi]
*       [DA_PORT] сборка vs[fluid_grid]
*       [DA_PORT] сборка gs[fluid_array]
*       [DA_PORT] программы собраны
*       [DA_PORT] сборка ps[fluid_project]
*       [DA_PORT] сборка vs[fluid_grid]
*       [DA_PORT] сборка gs[fluid_array]
*       [DA_PORT] программы собраны
*       [DA_PORT] сборка ps[fluid_raydata_back]
*       [DA_PORT] сборка vs[fluid_raydata_back]
*       [DA_PORT] сборка gs[null]
*       [DA_PORT] программы собраны
*       [DA_PORT] сборка ps[fluid_raydata_front]
*       [DA_PORT] сборка vs[fluid_raydata_front]
*       [DA_PORT] сборка gs[null]
*       [DA_PORT] программы собраны
*       [DA_PORT] сборка ps[fluid_raydatacopy_quad]
*       [DA_PORT] сборка vs[fluid_raycast_quad]
*       [DA_PORT] сборка gs[null]
*       [DA_PORT] программы собраны
*       [DA_PORT] сборка ps[fluid_edge_detect]
*       [DA_PORT] сборка vs[fluid_edge_detect]
*       [DA_PORT] сборка gs[null]
*       [DA_PORT] программы собраны
*       [DA_PORT] сборка ps[fluid_raycast_quad]
*       [DA_PORT] сборка vs[fluid_raycast_quad]
*       [DA_PORT] сборка gs[null]
*       [DA_PORT] программы собраны
*       [DA_PORT] сборка ps[fluid_raycastcopy_quad]
*       [DA_PORT] сборка vs[fluid_raycast_quad]
*       [DA_PORT] сборка gs[null]
*       [DA_PORT] программы собраны
*       [DA_PORT] сборка ps[fluid_raycast_quad_fire]
*       [DA_PORT] сборка vs[fluid_raycast_quad]
*       [DA_PORT] сборка gs[null]
*       [DA_PORT] программы собраны
*       [DA_PORT] сборка ps[fluid_raycastcopy_quad_fire]
*       [DA_PORT] сборка vs[fluid_raycast_quad]
*       [DA_PORT] сборка gs[null]
*       [DA_PORT] программы собраны
*       [DA_PORT] сборка ps[fluid_obst_static_oobb]
*       [DA_PORT] сборка vs[fluid_grid_oobb]
*       [DA_PORT] сборка gs[fluid_array_oobb]
*       [DA_PORT] программы собраны
*       [DA_PORT] сборка ps[fluid_obst_dynamic_oobb]
*       [DA_PORT] сборка vs[fluid_grid_dyn_oobb]
*       [DA_PORT] сборка gs[fluid_array_dyn_oobb]
*       [DA_PORT] программы собраны
*       [DA_PORT] сборка ps[fluid_gaussian]
*       [DA_PORT] сборка vs[fluid_grid]
*       [DA_PORT] сборка gs[fluid_array]
*       [DA_PORT] программы собраны
* [DA_PORT] create: after FluidManager
* [DA_PORT] create: DONE
* [DA_PORT] Dev::Create after OnDeviceCreate
* [DA_PORT] Dev::Create after CreateImGuiRender
* [DA_PORT] Dev::Create after ImGui OnDeviceCreate
* [DA_PORT] Dev::Create DONE
* [DA_PORT] App: before TaskScheduler->Wait(lightAnim)
* [DA_PORT] App: after TaskScheduler->Wait
* [DA_PORT] create_persistent: before object_factory
* [DA_PORT] object_factory: creating new (g_object_factory=null)
* [DA_PORT] object_factory: after xr_new, before init()
* [DA_PORT] CAI_Space::init: before AISpaceBase::Initialize
* [DA_PORT] CAI_Space::init: after AISpaceBase::Initialize
* [DA_PORT] CAI_Space::init: before RestartScriptEngine
* [DA_PORT] SetupScriptEngine: before ScriptEngine->init
* [DA_PORT] ScriptEngine::init: before reinit
* [DA_PORT] ScriptEngine::init: after reinit, before luabind::open
* [DA_PORT] ScriptEngine::init: after luabind::open
* [DA_PORT] ScriptEngine::init: before setup_callbacks
* [DA_PORT] ScriptEngine::init: after setup_callbacks, before exporter
* [DA_PORT] sort: LOOP DETECTED in node list at 501
* Script exporter has 299 nodes registered.
* [DA_PORT] CGameObject::script_register: before module
* [DA_PORT] CGameObject::script_register: after module
* [DA_PORT] ScriptEngine::init: after exporter
* [DA_PORT] ScriptEngine::init: before open_lib base
* [DA_PORT] ScriptEngine::init: after open_lib, before randomize
* [DA_PORT] ScriptEngine::init: before process_file_if_exists(_G)
* Loading script: _G.script
* [DA_LUA] load: d:\dead air\dead air\gamedata\scripts\_g.script -> _G
~ [DA_LUA1] обёртка get_console построена заново, адрес [00000000140b82c0]
~ [DA_LUA1] обёртка system_ini построена заново, адрес [00000000117d6100]
* [DA_PORT] ScriptEngine::init: after process_file_if_exists(_G)
* [DA_PORT] ScriptEngine::init: DONE
* [DA_PORT] SetupScriptEngine: after ScriptEngine->init, before RegisterScriptClasses
* Loading script: class_registrator.script
* [DA_LUA] load: d:\dead air\dead air\gamedata\scripts\class_registrator.script -> class_registrator
* Loading script: ui_main_menu.script
* [DA_LUA] load: d:\dead air\dead air\gamedata\scripts\ui_main_menu.script -> ui_main_menu
* Loading script: smart_terrain.script
* [DA_LUA] load: d:\dead air\dead air\gamedata\scripts\smart_terrain.script -> smart_terrain
* Loading script: se_level_changer.script
* [DA_LUA] load: d:\dead air\dead air\gamedata\scripts\se_level_changer.script -> se_level_changer
* Loading script: se_actor.script
* [DA_LUA] load: d:\dead air\dead air\gamedata\scripts\se_actor.script -> se_actor
* Loading script: se_stalker.script
* [DA_LUA] load: d:\dead air\dead air\gamedata\scripts\se_stalker.script -> se_stalker
* Loading script: se_heli.script
* [DA_LUA] load: d:\dead air\dead air\gamedata\scripts\se_heli.script -> se_heli
* Loading script: se_zones.script
* [DA_LUA] load: d:\dead air\dead air\gamedata\scripts\se_zones.script -> se_zones
* Loading script: se_item.script
* [DA_LUA] load: d:\dead air\dead air\gamedata\scripts\se_item.script -> se_item
* Loading script: se_smart_cover.script
* [DA_LUA] load: d:\dead air\dead air\gamedata\scripts\se_smart_cover.script -> se_smart_cover
* Loading script: se_car.script
* [DA_LUA] load: d:\dead air\dead air\gamedata\scripts\se_car.script -> se_car
* Loading script: se_artefact.script
* [DA_LUA] load: d:\dead air\dead air\gamedata\scripts\se_artefact.script -> se_artefact
* Loading script: se_monster.script
* [DA_LUA] load: d:\dead air\dead air\gamedata\scripts\se_monster.script -> se_monster
* Loading script: sim_squad_scripted.script
* [DA_LUA] load: d:\dead air\dead air\gamedata\scripts\sim_squad_scripted.script -> sim_squad_scripted
* Loading script: game_registrator.script
* [DA_LUA] load: d:\dead air\dead air\gamedata\scripts\game_registrator.script -> game_registrator
* [DA_PORT] SetupScriptEngine: after RegisterScriptClasses, before register_script
* [DA_PORT] SetupScriptEngine: after register_script, before LoadCommonScripts
* [DA_PORT] SetupScriptEngine: after LoadCommonScripts
* [DA_PORT] CAI_Space::init: after RestartScriptEngine
* [DA_PORT] object_factory: after init()
* [DA_PORT] create_persistent: after object_factory, before CGamePersistent
* [DA_PORT] create_persistent: after CGamePersistent
* [DA_PORT] App: after create_persistent
* [DA_PORT] App: before OnAppStart
! Player name registry key (InstallUserName) not found !
* [DA_PORT] Кеш описаний персонажей прогрет: 1035 персонажей, 455 профилей за 15 мс
Loading module: AnselSDK64
* [DA_PORT] App: after OnAppStart
* [DA_PORT] Run: before HideSplash
* [DA_PORT] Run: before Device.Run
Starting engine...
* [DA_PORT] Run: after Device.Run, entering loop
* [DA_PORT] окно: фокус получен (b_is_Active=1, always_active=1)
* [DA_PORT] окно: фокус потерян (b_is_Active=1, always_active=1)
* [DA_PORT] окно: фокус получен (b_is_Active=1, always_active=1)
~ [DA_STARTUP] выполняю: load_last_save cap3347 - quicksave5 ; load_last_save ; da_after_load 300 vid_restart
~ [DA_AFTER] через 300 кадров после загрузки уровня будет выполнено: vid_restart
* Loading script: axr_main.script
* [DA_LUA] load: d:\dead air\dead air\gamedata\scripts\axr_main.script -> axr_main
* Loading script: xrs_dyn_music.script
* [DA_LUA] load: d:\dead air\dead air\gamedata\scripts\xrs_dyn_music.script -> xrs_dyn_music
* Loading script: closecaption.script
* [DA_LUA] load: d:\dead air\dead air\gamedata\scripts\closecaption.script -> closecaption
* Loading script: xrs_debug_tools.script
* [DA_LUA] load: d:\dead air\dead air\gamedata\scripts\xrs_debug_tools.script -> xrs_debug_tools
* [DA_PORT] mem_compact: 2114 -> 2114 МБ (вернулось 0 МБ) за 0.0 мс
* [ Windows ]: free[137346422272 K], reserved[89396868 K], committed[3134268 K]
* [ render ]: textures[0 K]
* [ x-ray  ]: process heap[2165432 K]
* [ x-ray  ]: shared strings: memory[22165 K], count[65089]
* [ x-ray  ]: shared memory[0 K]
~ [DA_PORT] ввод захвачен, приёмников 2: 13DummyReceiver <= ВЕРХ 9CMainMenu
~ [DA_PORT] ввод отпущен, приёмников 1: <= ВЕРХ 13DummyReceiver
*  0.0 : [   3] $null
*  0.0 : [   1] $user$NVHHGGTex
*  0.0 : [   5] $user$NVjitterTex
*  0.0 : [   8] $user$Texture_color
*  0.0 : [   1] $user$Texture_color_out
*  0.0 : [   7] $user$Texture_obstacles
*  0.0 : [   3] $user$Texture_obstvelocity
*  0.0 : [   3] $user$Texture_pressure
*  0.0 : [   2] $user$Texture_tempscalar
*  0.0 : [   3] $user$Texture_tempvector
*  0.0 : [   5] $user$Texture_velocity0
*  0.0 : [   4] $user$Texture_velocity1
*  0.0 : [   3] $user$accum
*  0.0 : [   1] $user$accum_temp
*  0.0 : [   9] $user$albedo
*  0.0 : [   1] $user$base_depth
*  0.0 : [   4] $user$bloom1
*  0.0 : [   2] $user$bloom2
*  0.0 : [   2] $user$cmap0
*  0.0 : [   2] $user$cmap1
*  0.0 : [   2] $user$da_smap_static
*  0.0 : [   3] $user$edgeTex
*  0.0 : [   2] $user$env_s0
*  0.0 : [   2] $user$env_s1
*  0.0 : [   3] $user$fsr2_out
*  0.0 : [   1] $user$generic
*  0.0 : [   5] $user$generic0
*  0.0 : [   4] $user$generic1
*  0.0 : [   2] $user$generic2
*  0.0 : [   2] $user$half_depth
*  0.0 : [   4] $user$jitter_0
*  0.0 : [   2] $user$jitter_1
*  0.0 : [   1] $user$jitter_2
*  0.0 : [   1] $user$jitter_3
*  0.0 : [   2] $user$jitter_4
*  0.0 : [   1] $user$jitter_mipped
*  0.0 : [   2] $user$lum_t64
*  0.0 : [   3] $user$lum_t8
*  0.0 : [   1] $user$luminance_0
*  0.0 : [   1] $user$luminance_1
*  0.0 : [  10] $user$material
*  0.0 : [ 246] $user$position
*  0.0 : [   3] $user$rayCastTex
*  0.0 : [   6] $user$rayDataTex
*  0.0 : [   2] $user$rayDataTexSmall
*  0.0 : [   7] $user$reactive
*  0.0 : [   2] $user$reactive_scratch
*  0.0 : [   2] $user$reactive_scratch2
*  0.0 : [   1] $user$sky0
*  0.0 : [   1] $user$sky1
*  0.0 : [  10] $user$smap_depth
*  0.0 : [   2] $user$smap_depth_minmax
*  0.0 : [   3] $user$smap_rain
*  0.0 : [   1] $user$smap_surf
*  0.0 : [   2] $user$ssr
*  0.0 : [   2] $user$taa_history
*  0.0 : [   1] $user$taa_out
*  0.0 : [   1] $user$taa_scratch
*  0.0 : [   9] $user$tonemap
*  0.0 : [   2] $user$tonemap_src
*  0.0 : [   6] $user$velocity
*  0.0 : [   1] $user$velocity_guard
*  0.0 : [   2] act\act_controller_hit1
*  0.0 : [   2] amik\anomaly\electric_radial
*  0.0 : [   2] amik\explosions\boom_0
*  0.0 : [   2] amik\explosions\boom_1
*  0.0 : [   2] amik\explosions\boom_2
*  0.0 : [   2] amik\explosions\decal_concrete
*  0.0 : [   2] amik\explosions\explo_end
*  0.0 : [   2] amik\explosions\explosion_dynamite\explosion_din
*  0.0 : [   2] amik\explosions\explosion_dynamite\flashlight
*  0.0 : [   2] amik\explosions\explosion_dynamite\smoke
*  0.0 : [   2] amik\explosions\explosion_flash_atlas
*  0.0 : [   2] amik\explosions\explosion_fuelcan\boom_1
*  0.0 : [   1] amik\explosions\explosion_fuelcan\boom_3
*  0.0 : [   2] amik\explosions\explosion_fuelcan\grey_xpl
*  0.0 : [   2] amik\explosions\explosion_smoke03
*  0.0 : [   2] amik\explosions\final_expl
*  0.0 : [   2] amik\explosions\smoke_cannon
*  0.0 : [   2] amik\hit_fx\water_splash\water_splash_anim
*  0.0 : [   2] amik\hit_fx\water_splash\water_spurt
*  0.0 : [   2] amik\nature\list
*  0.0 : [   2] amik\nature\stonedebris1
*  0.0 : [   2] amik\nature\wood_part
*  0.0 : [   2] amik\static\gas_light\flame_zippo
*  0.0 : [   2] amik\weapons\00
*  0.0 : [   2] amik\weapons\12x70
*  0.0 : [   2] amik\weapons\6ways1
*  0.0 : [   2] amik\weapons\6ways2
*  0.0 : [   2] amik\weapons\9x39
*  0.0 : [   2] amik\weapons\btr\muzzle 6ways1
*  0.0 : [   2] amik\weapons\btr\muzzle 6ways2
*  0.0 : [   2] amik\weapons\dtk_2
*  0.0 : [   2] amik\weapons\dtk_3
*  0.0 : [   2] amik\weapons\dtk_4
*  0.0 : [   2] amik\weapons\dtk_4_1
*  0.0 : [   2] amik\weapons\dtk_5
*  0.0 : [   2] amik\weapons\dtk_6
*  0.0 : [   2] amik\weapons\dtk_8
*  0.0 : [   2] amik\weapons\flame\flameshoot_1
*  0.0 : [   2] amik\weapons\flame\flameshoot_2
*  0.0 : [   2] amik\weapons\flame\flameshoot_3
*  0.0 : [   2] amik\weapons\flame\flameshoot_4
*  0.0 : [   2] amik\weapons\flame\flameshoot_5
*  0.0 : [   2] amik\weapons\flame\mg42out
*  0.0 : [   2] amik\weapons\flame\trace
*  0.0 : [   2] amik\weapons\flame\trace_01
*  0.0 : [   2] amik\weapons\flame\trail
*  0.0 : [   2] amik\weapons\flash_01
*  0.0 : [   2] amik\weapons\flash_02
*  0.0 : [   2] amik\weapons\flash_04
*  0.0 : [   2] amik\weapons\flash_05
*  0.0 : [   2] amik\weapons\grishik\357mag
*  0.0 : [   2] amik\weapons\grishik\45
*  0.0 : [   2] amik\weapons\grishik\50_ae
*  0.0 : [   2] amik\weapons\grishik\5x45x39
*  0.0 : [   2] amik\weapons\grishik\5x45x39_00
*  0.0 : [   2] amik\weapons\grishik\5x45x39_01
*  0.0 : [   2] amik\weapons\grishik\5x56x45
*  0.0 : [   2] amik\weapons\grishik\5x56x45_00
*  0.0 : [   2] amik\weapons\grishik\5x7x28
*  0.0 : [   2] amik\weapons\grishik\6x5x50
*  0.0 : [   2] amik\weapons\grishik\7x62x25_0
*  0.0 : [   2] amik\weapons\grishik\7x62x25_1
*  0.0 : [   2] amik\weapons\grishik\7x62x25_2
*  0.0 : [   2] amik\weapons\grishik\7x62x25_3
*  0.0 : [   2] amik\weapons\grishik\7x62x25_4
*  0.0 : [   2] amik\weapons\grishik\7x62x39_00
*  0.0 : [   2] amik\weapons\grishik\7x62x39_01
*  0.0 : [   2] amik\weapons\grishik\7x62x39_02
*  0.0 : [   2] amik\weapons\grishik\7x62x39_03
*  0.0 : [   2] amik\weapons\grishik\7x62x51_1
*  0.0 : [   2] amik\weapons\grishik\7x62x51_2
*  0.0 : [   2] amik\weapons\grishik\7x62x54
*  0.0 : [   2] amik\weapons\grishik\7x7x57
*  0.0 : [   2] amik\weapons\grishik\7x92x57
*  0.0 : [   2] amik\weapons\grishik\9x18_1
*  0.0 : [   2] amik\weapons\grishik\9x18_2
*  0.0 : [   2] amik\weapons\grishik\9x18_3
*  0.0 : [   2] amik\weapons\grishik\9x39
*  0.0 : [   2] amik\weapons\mg42out
*  0.0 : [   2] amik\weapons\shells_12x70
*  0.0 : [   2] amik\weapons\shells_ak
*  0.0 : [   2] amik\weapons\shells_ak_01
*  0.0 : [   2] amik\weapons\smokeshoot_0
*  0.0 : [   2] amik\weapons\smokeshoot_1
*  0.0 : [   2] amik\weapons\trace
*  0.0 : [   2] amik\weapons\trace_01
*  0.0 : [   2] fx\fx_flare1
*  0.0 : [   2] fx\fx_gradien2
*  0.0 : [   2] fx\fx_gradient
*  0.0 : [   2] fx\fx_gradient1
*  0.0 : [   1] fx\fx_lightning
*  0.0 : [   1] fx\fx_moon2
*  0.0 : [   1] fx\fx_moon_halo_phase_1
*  0.0 : [   1] fx\fx_moon_halo_phase_2
*  0.0 : [   1] fx\fx_moon_halo_phase_3
*  0.0 : [   1] fx\fx_moon_halo_phase_4
*  0.0 : [   1] fx\fx_moon_halo_phase_5
*  0.0 : [   1] fx\fx_moon_halo_phase_6
*  0.0 : [   1] fx\fx_moon_halo_phase_7
*  0.0 : [   1] fx\fx_moon_phase_1
*  0.0 : [   1] fx\fx_moon_phase_2
*  0.0 : [   1] fx\fx_moon_phase_3
*  0.0 : [   1] fx\fx_moon_phase_4
*  0.0 : [   1] fx\fx_moon_phase_5
*  0.0 : [   1] fx\fx_moon_phase_6
*  0.0 : [   1] fx\fx_moon_phase_7
*  0.0 : [   1] fx\fx_noise
*  0.0 : [   2] fx\fx_noise2
*  0.0 : [   1] fx\fx_rain
*  0.0 : [   1] fx\fx_rainsplash1
*  0.0 : [   2] fx\fx_sun
*  0.0 : [   1] fx\fx_sun_fog
*  0.0 : [   1] fx\fx_sun_gradient
*  0.0 : [   1] fx\fx_sun_halo
*  0.0 : [   1] fx\fx_sun_morning
*  0.0 : [   1] fx\fx_sun_rise
*  0.0 : [   1] fx\fx_thunderbolts_gradient
*  0.0 : [   1] fx\fx_thunderbolts_gradient_surge
*  0.0 : [   2] fx\fx_volumefog1
*  0.0 : [   2] glow\glow_04
*  0.0 : [   2] glow\glow_blue
*  0.0 : [   2] glow\glow_fire1
*  0.0 : [   2] glow\glow_fire1_soc
*  0.0 : [   2] glow\glow_orange
*  0.0 : [   2] glow\glow_orange2
*  0.0 : [   2] glow\glow_orange_bright
*  0.0 : [   2] glow\glow_rays
*  0.0 : [   2] glow\glow_white
*  0.0 : [   2] glow\glow_yellow
*  0.0 : [   2] internal\internal_fireTransferFunction
*  0.0 : [   3] lights\lights_spot01
*  0.0 : [   2] pfx\pfx_ani-explosion-02
*  0.0 : [   2] pfx\pfx_ani-explosion-02-b-a
*  0.0 : [   2] pfx\pfx_ani-explosion-02a
*  0.0 : [   2] pfx\pfx_ani-fire01
*  0.0 : [   2] pfx\pfx_ani-smoke-01
*  0.0 : [   2] pfx\pfx_anomaly_1
*  0.0 : [   2] pfx\pfx_anomaly_16
*  0.0 : [   2] pfx\pfx_anomaly_17
*  0.0 : [   2] pfx\pfx_anomaly_18
*  0.0 : [   2] pfx\pfx_anomaly_19
*  0.0 : [   2] pfx\pfx_anomaly_2
*  0.0 : [   2] pfx\pfx_anomaly_21
*  0.0 : [   2] pfx\pfx_anomaly_23
*  0.0 : [   2] pfx\pfx_anomaly_2_green
*  0.0 : [   2] pfx\pfx_anomaly_3
*  0.0 : [   2] pfx\pfx_anomaly_4
*  0.0 : [   2] pfx\pfx_anomaly_5
*  0.0 : [   2] pfx\pfx_anomaly_6
*  0.0 : [   2] pfx\pfx_anomaly_7
*  0.0 : [   2] pfx\pfx_anomaly_8
*  0.0 : [   2] pfx\pfx_anomaly_88
*  0.0 : [   2] pfx\pfx_anomaly_9
*  0.0 : [   2] pfx\pfx_bloodsplash1
*  0.0 : [   2] pfx\pfx_bloodsplash2
*  0.0 : [   2] pfx\pfx_blurry_cloud
*  0.0 : [   2] pfx\pfx_brick
*  0.0 : [   2] pfx\pfx_bubble
*  0.0 : [   2] pfx\pfx_bubble_1
*  0.0 : [   2] pfx\pfx_bubble_water
*  0.0 : [   2] pfx\pfx_cc_lighting_grad2
*  0.0 : [   2] pfx\pfx_cc_lightings
*  0.0 : [   2] pfx\pfx_concretedebris_01
*  0.0 : [   2] pfx\pfx_concretepuffs_01
*  0.0 : [   1] pfx\pfx_dist2
*  0.0 : [   1] pfx\pfx_dist2inv
*  0.0 : [   1] pfx\pfx_dist3
*  0.0 : [   1] pfx\pfx_dist4
*  0.0 : [   1] pfx\pfx_dist8
*  0.0 : [   1] pfx\pfx_dist9
*  0.0 : [   1] pfx\pfx_dist_lens_base
*  0.0 : [   1] pfx\pfx_dist_teleport
*  0.0 : [   1] pfx\pfx_distort_anomaly
*  0.0 : [   2] pfx\pfx_distortion
*  0.0 : [   2] pfx\pfx_electrostatic
*  0.0 : [   2] pfx\pfx_expl_01
*  0.0 : [   2] pfx\pfx_explotions_2
*  0.0 : [   2] pfx\pfx_explotions_3
*  0.0 : [   2] pfx\pfx_explotions_4
*  0.0 : [   2] pfx\pfx_explotions_smoke
*  0.0 : [   2] pfx\pfx_explotions_smoke_benzine
*  0.0 : [   2] pfx\pfx_flame
*  0.0 : [   2] pfx\pfx_flame_01
*  0.0 : [   2] pfx\pfx_flamefx_01
*  0.0 : [   2] pfx\pfx_flash_01
*  0.0 : [   2] pfx\pfx_flash_02
*  0.0 : [   2] pfx\pfx_flash_05
*  0.0 : [   2] pfx\pfx_flash_07
*  0.0 : [   2] pfx\pfx_flash_08
*  0.0 : [   2] pfx\pfx_flies
*  0.0 : [   2] pfx\pfx_g-smoke-01
*  0.0 : [   2] pfx\pfx_gologramma
*  0.0 : [   2] pfx\pfx_gradient
*  0.0 : [   2] pfx\pfx_gradient1
*  0.0 : [   2] pfx\pfx_leaves_01
*  0.0 : [   2] pfx\pfx_leaves_02
*  0.0 : [   2] pfx\pfx_light
*  0.0 : [   2] pfx\pfx_light1
*  0.0 : [   2] pfx\pfx_light3
*  0.0 : [   2] pfx\pfx_light4
*  0.0 : [   1] pfx\pfx_lighting_stancia_01
*  0.0 : [   1] pfx\pfx_lighting_stancia_02
*  0.0 : [   2] pfx\pfx_lightning_01
*  0.0 : [   2] pfx\pfx_lightning_02
*  0.0 : [   2] pfx\pfx_ligth_6
*  0.0 : [   2] pfx\pfx_plasma
*  0.0 : [   2] pfx\pfx_shells1
*  0.0 : [   2] pfx\pfx_shells2
*  0.0 : [   2] pfx\pfx_shells_green
*  0.0 : [   2] pfx\pfx_shells_pisto1
*  0.0 : [   2] pfx\pfx_shells_pistol
*  0.0 : [   2] pfx\pfx_skinsplash1
*  0.0 : [   2] pfx\pfx_smoke_a
*  0.0 : [   2] pfx\pfx_smoke_b
*  0.0 : [   2] pfx\pfx_smoke_c
*  0.0 : [   2] pfx\pfx_smoke_d
*  0.0 : [   2] pfx\pfx_smoke_f
*  0.0 : [   2] pfx\pfx_smoke_g
*  0.0 : [   2] pfx\pfx_smoke_n
*  0.0 : [   2] pfx\pfx_smokepuffs1
*  0.0 : [   2] pfx\pfx_smokepuffs2
*  0.0 : [   2] pfx\pfx_spark_01
*  0.0 : [   2] pfx\pfx_spark_02
*  0.0 : [   2] pfx\pfx_sparks
*  0.0 : [   2] pfx\pfx_sparks1
*  0.0 : [   2] pfx\pfx_sparks2
*  0.0 : [   2] pfx\pfx_specks
*  0.0 : [   2] pfx\pfx_specks_poison
*  0.0 : [   2] pfx\pfx_spikey_star
*  0.0 : [   2] pfx\pfx_splash3
*  0.0 : [   2] pfx\pfx_splash_01
*  0.0 : [   2] pfx\pfx_splash_02
*  0.0 : [   2] pfx\pfx_step_blood
*  0.0 : [   2] pfx\pfx_stonedebris1
*  0.0 : [   2] pfx\pfx_stonedebris2
*  0.0 : [   2] pfx\pfx_synus
*  0.0 : [   2] pfx\pfx_teleport
*  0.0 : [   2] pfx\pfx_test_textures
*  0.0 : [   2] pfx\pfx_vehglassdebris_01
*  0.0 : [   2] pfx\pfx_vehmetaldebris_01
*  0.0 : [   2] pfx\pfx_water_wave
*  0.0 : [   2] pfx\pfx_woodchips1
*  0.0 : [   2] pfx\pfx_woodchips3
*  0.0 : [   2] pfx\r_pop\shells\12ga
*  0.0 : [   2] pfx\r_pop\shells\45acp
*  0.0 : [   2] pfx\r_pop\shells\545x39
*  0.0 : [   2] pfx\r_pop\shells\556x45
*  0.0 : [   2] pfx\r_pop\shells\762x39
*  0.0 : [   2] pfx\r_pop\shells\762x51
*  0.0 : [   2] pfx\r_pop\shells\762x54
*  0.0 : [   2] pfx\r_pop\shells\9x18
*  0.0 : [   2] pfx\r_pop\shells\9x19
*  0.0 : [   2] pfx\r_pop\shells\9x39
*  0.0 : [   2] pfx\r_pop\shells\fake_shells
*  0.0 : [   2] prop\prop_fake_bed_fireplace
*  0.0 : [   2] prop\prop_provod_02
*  0.0 : [   2] shoker_mod\explosions\explosion_smoke01
*  0.0 : [   2] shoker_mod\explosions\final_expl
*  0.0 : [   2] shoker_mod\explosions\firesmokeparticle
*  0.0 : [   2] shoker_mod\pfx\pfx_ak_shells_1
*  0.0 : [   2] shoker_mod\pfx\pfx_shells1
*  0.0 : [   2] shoker_mod\pfx\pfx_shells2
*  0.0 : [   2] shoker_mod\pfx\pfx_shells3
*  0.0 : [   2] shoker_mod\pfx\pfx_smoke_1
*  0.0 : [   2] sunmask
*  0.0 : [   1] ui\ui_actor_menu
*  0.0 : [   1] ui\ui_actor_multiplayer_game_menu
*  0.0 : [   1] ui\ui_common
*  0.0 : [   1] ui\ui_font_arial_14_1600
*  0.0 : [   1] ui\ui_font_console_02
*  0.0 : [   1] ui\ui_font_graff_19_1600
*  0.0 : [   1] ui\ui_font_graff_32_1600
*  0.0 : [   1] ui\ui_font_graff_50_1600
*  0.0 : [   1] ui\ui_font_hud_01
*  0.0 : [   1] ui\ui_font_hud_02
*  0.0 : [   1] ui\ui_font_letter_16_1600
*  0.0 : [   1] ui\ui_font_letter_18_1024
*  0.0 : [   1] ui\ui_font_letter_18_1600
*  0.0 : [   1] ui\ui_static_mm_back_05
*  0.0 : [   1] water\water_SBumpVolume
*  0.0 : [   1] water\water_flowing_nmap
*  0.0 : [   1] water\water_normal
*  0.0 : [   1] wm\wm_blood_1
*  0.0 : [   1] wm\wm_blood_1_1
*  0.0 : [   1] wm\wm_blood_1_2
*  0.0 : [   1] wm\wm_blood_1_3
*  0.0 : [   1] wm\wm_blood_drop_4
*  0.0 : [   1] wm\wm_bullet_asfalt_1
*  0.0 : [   1] wm\wm_bullet_asfalt_2
*  0.0 : [   1] wm\wm_bullet_asfalt_3
*  0.0 : [   1] wm\wm_bullet_brick_1
*  0.0 : [   1] wm\wm_bullet_brick_2
*  0.0 : [   1] wm\wm_bullet_concrete
*  0.0 : [   1] wm\wm_bullet_concrete_1
*  0.0 : [   1] wm\wm_bullet_concrete_2
*  0.0 : [   1] wm\wm_bullet_concrete_4
*  0.0 : [   1] wm\wm_bullet_concrete_5
*  0.0 : [   1] wm\wm_bullet_concrete_6
*  0.0 : [   1] wm\wm_bullet_concrete_7
*  0.0 : [   1] wm\wm_bullet_concrete_8
*  0.0 : [   1] wm\wm_bullet_glass01
*  0.0 : [   1] wm\wm_bullet_glass02
*  0.0 : [   1] wm\wm_bullet_glass03
*  0.0 : [   1] wm\wm_bullet_glass04
*  0.0 : [   1] wm\wm_bullet_ground
*  0.0 : [   1] wm\wm_bullet_ground_1
*  0.0 : [   1] wm\wm_bullet_ground_2
*  0.0 : [   1] wm\wm_bullet_metall_thik
*  0.0 : [   1] wm\wm_bullet_metall_thik_1
*  0.0 : [   1] wm\wm_bullet_metall_thik_2
*  0.0 : [   1] wm\wm_bullet_metall_thik_3
*  0.0 : [   1] wm\wm_bullet_metall_thin
*  0.0 : [   1] wm\wm_bullet_metall_thin_1
*  0.0 : [   1] wm\wm_bullet_metall_thin_2
*  0.0 : [   1] wm\wm_bullet_metall_thin_3
*  0.0 : [   1] wm\wm_bullet_metall_thin_4
*  0.0 : [   1] wm\wm_bullet_wood
*  0.0 : [   1] wm\wm_bullet_wood_1
*  0.0 : [   1] wm\wm_bullet_wood_2
*  0.0 : [   1] wm\wm_bullet_wood_3
*  0.0 : [   1] wm\wm_bullet_wood_4
*  0.0 : [   1] wm\wm_bullet_wood_5
*  0.0 : [   1] wm\wm_bullet_wood_6
*  0.0 : [   1] wm\wm_bullet_wood_7
*  0.0 : [   1] wm\wm_bullet_wood_8
*  0.0 : [   1] wm\wm_bullet_wood_9
*  0.0 : [   1] wm\wm_hammer_01
*  0.0 : [   1] wm\wm_hammer_02
*  0.0 : [   1] wm\wm_hammer_03
*  0.0 : [   1] wm\wm_hammer_04
*  0.0 : [   1] wm\wm_knife_dead
*  0.0 : [   1] wm\wm_knife_horiz
*  0.0 : [   1] wm\wm_knife_horiz_blood
*  0.0 : [   1] wm\wm_knife_horiz_blood1
*  0.0 : [   1] wm\wm_knife_horiz_metal
*  0.0 : [   1] wm\wm_knife_horiz_ston
*  0.0 : [   1] wm\wm_knife_wood
*  0.0 : [   1] wm\wm_knife_wood1
*  0.0 : [   1] wm\wm_knife_wood2
*  0.0 : [   1] wm\wm_listja
*  1.1 : [   1] ui\ui_ani_cursor
* 128.1 : [   1] ui\ui_font_graff_22_1600
* 2048.1 : [   1] ui\ui_buy_menu
* 2048.1 : [   1] ui\ui_static_mm_back_01
* 8100.0 : [   1] ui\ui_static_mm_back_00
* phase time: 0 ms
* phase cmem: 2285420 K
Loading objects...
Loading models...
Loading textures...
* [prefetch] time:   430 ms
* [prefetch] memory: 1070968 Kb
! Player name registry key (InstallUserName) not found !
* phase time: 497 ms
* phase cmem: 3356380 K
* [DA] отношения группировок сброшены к конфигу на старте игры
* [DA_PORT] SetupScriptEngine: before ScriptEngine->init
* [DA_PORT] ScriptEngine::init: before reinit
* [DA_PORT] ScriptEngine::init: after reinit, before luabind::open
* [DA_PORT] ScriptEngine::init: after luabind::open
* [DA_PORT] ScriptEngine::init: before setup_callbacks
* [DA_PORT] ScriptEngine::init: after setup_callbacks, before exporter
* [DA_PORT] CGameObject::script_register: before module
* [DA_PORT] CGameObject::script_register: after module
* [DA_PORT] ScriptEngine::init: after exporter
* [DA_PORT] ScriptEngine::init: before open_lib base
* [DA_PORT] ScriptEngine::init: after open_lib, before randomize
* [DA_PORT] ScriptEngine::init: before process_file_if_exists(_G)
* Loading script: _G.script
* [DA_LUA] load: d:\dead air\dead air\gamedata\scripts\_g.script -> _G
~ [DA_LUA1] обёртка get_console построена заново, адрес [00000000140b82c0]
~ [DA_LUA1] обёртка system_ini построена заново, адрес [00000000117d6100]
* [DA_PORT] ScriptEngine::init: after process_file_if_exists(_G)
* [DA_PORT] ScriptEngine::init: DONE
* [DA_PORT] SetupScriptEngine: after ScriptEngine->init, before RegisterScriptClasses
* Loading script: class_registrator.script
* [DA_LUA] load: d:\dead air\dead air\gamedata\scripts\class_registrator.script -> class_registrator
* [DA_PORT] object_factory: creating new (g_object_factory=null)
* [DA_PORT] object_factory: after xr_new, before init()
* [DA_PORT] object_factory: after init()
* Loading script: ui_main_menu.script
* [DA_LUA] load: d:\dead air\dead air\gamedata\scripts\ui_main_menu.script -> ui_main_menu
* Loading script: smart_terrain.script
* [DA_LUA] load: d:\dead air\dead air\gamedata\scripts\smart_terrain.script -> smart_terrain
* Loading script: se_level_changer.script
* [DA_LUA] load: d:\dead air\dead air\gamedata\scripts\se_level_changer.script -> se_level_changer
* Loading script: se_actor.script
* [DA_LUA] load: d:\dead air\dead air\gamedata\scripts\se_actor.script -> se_actor
* Loading script: se_stalker.script
* [DA_LUA] load: d:\dead air\dead air\gamedata\scripts\se_stalker.script -> se_stalker
* Loading script: se_heli.script
* [DA_LUA] load: d:\dead air\dead air\gamedata\scripts\se_heli.script -> se_heli
* Loading script: se_zones.script
* [DA_LUA] load: d:\dead air\dead air\gamedata\scripts\se_zones.script -> se_zones
* Loading script: se_item.script
* [DA_LUA] load: d:\dead air\dead air\gamedata\scripts\se_item.script -> se_item
* Loading script: se_smart_cover.script
* [DA_LUA] load: d:\dead air\dead air\gamedata\scripts\se_smart_cover.script -> se_smart_cover
* Loading script: se_car.script
* [DA_LUA] load: d:\dead air\dead air\gamedata\scripts\se_car.script -> se_car
* Loading script: se_artefact.script
* [DA_LUA] load: d:\dead air\dead air\gamedata\scripts\se_artefact.script -> se_artefact
* Loading script: se_monster.script
* [DA_LUA] load: d:\dead air\dead air\gamedata\scripts\se_monster.script -> se_monster
* Loading script: sim_squad_scripted.script
* [DA_LUA] load: d:\dead air\dead air\gamedata\scripts\sim_squad_scripted.script -> sim_squad_scripted
* Loading script: game_registrator.script
* [DA_LUA] load: d:\dead air\dead air\gamedata\scripts\game_registrator.script -> game_registrator
* [DA_PORT] SetupScriptEngine: after RegisterScriptClasses, before register_script
* [DA_PORT] SetupScriptEngine: after register_script, before LoadCommonScripts
* [DA_PORT] SetupScriptEngine: after LoadCommonScripts
[LUA]  Call of Chernobyl version 1.4.22
[LUA]  using marshal library
* Loading script: sound_theme.script
* [DA_LUA] load: d:\dead air\dead air\gamedata\scripts\sound_theme.script -> sound_theme
* Loading script: alun_utils.script
* [DA_LUA] load: d:\dead air\dead air\gamedata\scripts\alun_utils.script -> alun_utils
* Loading script: axr_main.script
* [DA_LUA] load: d:\dead air\dead air\gamedata\scripts\axr_main.script -> axr_main
* Loading script: _g.script
* [DA_LUA] load: d:\dead air\dead air\gamedata\scripts\_g.script -> _g
* Loading script: actor_effects.script
* [DA_LUA] load: d:\dead air\dead air\gamedata\scripts\actor_effects.script -> actor_effects
* Loading script: actor_effects_data.script
* [DA_LUA] load: d:\dead air\dead air\gamedata\scripts\actor_effects_data.script -> actor_effects_data
* Loading script: actor_menu.script
* [DA_LUA] load: d:\dead air\dead air\gamedata\scripts\actor_menu.script -> actor_menu
* Loading script: actor_menu_inventory.script
* [DA_LUA] load: d:\dead air\dead air\gamedata\scripts\actor_menu_inventory.script -> actor_menu_inventory
* Loading script: actor_proxy.script
* [DA_LUA] load: d:\dead air\dead air\gamedata\scripts\actor_proxy.script -> actor_proxy
* Loading script: ai_stalker.script
* [DA_LUA] load: d:\dead air\dead air\gamedata\scripts\ai_stalker.script -> ai_stalker
* Loading script: alife_storage_manager.script
* [DA_LUA] load: d:\dead air\dead air\gamedata\scripts\alife_storage_manager.script -> alife_storage_manager
* Loading script: ami_allspawn.script
* [DA_LUA] load: d:\dead air\dead air\gamedata\scripts\ami_allspawn.script -> ami_allspawn
* Loading script: ami_position.script
* [DA_LUA] load: d:\dead air\dead air\gamedata\scripts\ami_position.script -> ami_position
* Loading script: ammo_aggregation.script
* [DA_LUA] load: d:\dead air\dead air\gamedata\scripts\ammo_aggregation.script -> ammo_aggregation
* Loading script: artefact_degradation.script
* [DA_LUA] load: d:\dead air\dead air\gamedata\scripts\artefact_degradation.script -> artefact_degradation
* Loading script: atmosfear_options.script
* [DA_LUA] load: d:\dead air\dead air\gamedata\scripts\atmosfear_options.script -> atmosfear_options
* Loading script: axr_battery.script
* [DA_LUA] load: d:\dead air\dead air\gamedata\scripts\axr_battery.script -> axr_battery
* Loading script: axr_beh.script
* [DA_LUA] load: d:\dead air\dead air\gamedata\scripts\axr_beh.script -> axr_beh
* Loading script: axr_companions.script
* [DA_LUA] load: d:\dead air\dead air\gamedata\scripts\axr_companions.script -> axr_companions
* Loading script: axr_dynamic_spawn.script
* [DA_LUA] load: d:\dead air\dead air\gamedata\scripts\axr_dynamic_spawn.script -> axr_dynamic_spawn
* Loading script: axr_fight_from_cover.script
* [DA_LUA] load: d:\dead air\dead air\gamedata\scripts\axr_fight_from_cover.script -> axr_fight_from_cover
* Loading script: axr_keybind.script
* [DA_LUA] load: d:\dead air\dead air\gamedata\scripts\axr_keybind.script -> axr_keybind
* Loading script: axr_logic.script
* [DA_LUA] load: d:\dead air\dead air\gamedata\scripts\axr_logic.script -> axr_logic
* Loading script: axr_main_options.script
* [DA_LUA] load: d:\dead air\dead air\gamedata\scripts\axr_main_options.script -> axr_main_options
* Loading script: axr_npc_steal_box.script
* [DA_LUA] load: d:\dead air\dead air\gamedata\scripts\axr_npc_steal_box.script -> axr_npc_steal_box
* Loading script: axr_npc_vs_box.script
* [DA_LUA] load: d:\dead air\dead air\gamedata\scripts\axr_npc_vs_box.script -> axr_npc_vs_box
* Loading script: axr_npc_vs_heli.script
* [DA_LUA] load: d:\dead air\dead air\gamedata\scripts\axr_npc_vs_heli.script -> axr_npc_vs_heli
* Loading script: axr_overheat.script
* [DA_LUA] load: d:\dead air\dead air\gamedata\scripts\axr_overheat.script -> axr_overheat
* Loading script: axr_radio_in_heli.script
* [DA_LUA] load: d:\dead air\dead air\gamedata\scripts\axr_radio_in_heli.script -> axr_radio_in_heli
* Loading script: axr_stalker_panic.script
* [DA_LUA] load: d:\dead air\dead air\gamedata\scripts\axr_stalker_panic.script -> axr_stalker_panic
* Loading script: axr_task_manager.script
* [DA_LUA] load: d:\dead air\dead air\gamedata\scripts\axr_task_manager.script -> axr_task_manager
* Loading script: axr_trade_manager.script
* [DA_LUA] load: d:\dead air\dead air\gamedata\scripts\axr_trade_manager.script -> axr_trade_manager
* Loading script: axr_turn_on_campfire.script
* [DA_LUA] load: d:\dead air\dead air\gamedata\scripts\axr_turn_on_campfire.script -> axr_turn_on_campfire
* Loading script: azazel_mode.script
* [DA_LUA] load: d:\dead air\dead air\gamedata\scripts\azazel_mode.script -> azazel_mode
* Loading script: bind_anomaly_field.script
* [DA_LUA] load: d:\dead air\dead air\gamedata\scripts\bind_anomaly_field.script -> bind_anomaly_field
* Loading script: bind_anomaly_zone.script
* [DA_LUA] load: d:\dead air\dead air\gamedata\scripts\bind_anomaly_zone.script -> bind_anomaly_zone
* Loading script: bind_artefact.script
* [DA_LUA] load: d:\dead air\dead air\gamedata\scripts\bind_artefact.script -> bind_artefact
* Loading script: bind_camp.script
* [DA_LUA] load: d:\dead air\dead air\gamedata\scripts\bind_camp.script -> bind_camp
* Loading script: bind_campfire.script
* [DA_LUA] load: d:\dead air\dead air\gamedata\scripts\bind_campfire.script -> bind_campfire
* Loading script: bind_car.script
* [DA_LUA] load: d:\dead air\dead air\gamedata\scripts\bind_car.script -> bind_car
* Loading script: bind_container.script
* [DA_LUA] load: d:\dead air\dead air\gamedata\scripts\bind_container.script -> bind_container
* Loading script: bind_crow.script
* [DA_LUA] load: d:\dead air\dead air\gamedata\scripts\bind_crow.script -> bind_crow
* Loading script: bind_door_labx8.script
* [DA_LUA] load: d:\dead air\dead air\gamedata\scripts\bind_door_labx8.script -> bind_door_labx8
* Loading script: bind_dynamic_light.script
* [DA_LUA] load: d:\dead air\dead air\gamedata\scripts\bind_dynamic_light.script -> bind_dynamic_light
* Loading script: bind_faction.script
* [DA_LUA] load: d:\dead air\dead air\gamedata\scripts\bind_faction.script -> bind_faction
* Loading script: bind_heli.script
* [DA_LUA] load: d:\dead air\dead air\gamedata\scripts\bind_heli.script -> bind_heli
* Loading script: bind_item.script
* [DA_LUA] load: d:\dead air\dead air\gamedata\scripts\bind_item.script -> bind_item
* Loading script: bind_level_changer.script
* [DA_LUA] load: d:\dead air\dead air\gamedata\scripts\bind_level_changer.script -> bind_level_changer
* Loading script: bind_monster.script
* [DA_LUA] load: d:\dead air\dead air\gamedata\scripts\bind_monster.script -> bind_monster
* Loading script: bind_physic_object.script
* [DA_LUA] load: d:\dead air\dead air\gamedata\scripts\bind_physic_object.script -> bind_physic_object
* Loading script: bind_red_forest_bridge.script
* [DA_LUA] load: d:\dead air\dead air\gamedata\scripts\bind_red_forest_bridge.script -> bind_red_forest_bridge
* Loading script: bind_restrictor.script
* [DA_LUA] load: d:\dead air\dead air\gamedata\scripts\bind_restrictor.script -> bind_restrictor
* Loading script: bind_signal_light.script
* [DA_LUA] load: d:\dead air\dead air\gamedata\scripts\bind_signal_light.script -> bind_signal_light
* Loading script: bind_smart_cover.script
* [DA_LUA] load: d:\dead air\dead air\gamedata\scripts\bind_smart_cover.script -> bind_smart_cover
* Loading script: bind_smart_terrain.script
* [DA_LUA] load: d:\dead air\dead air\gamedata\scripts\bind_smart_terrain.script -> bind_smart_terrain
* Loading script: bind_stalker.script
* [DA_LUA] load: d:\dead air\dead air\gamedata\scripts\bind_stalker.script -> bind_stalker
* Loading script: bind_stalker_ext.script
* [DA_LUA] load: d:\dead air\dead air\gamedata\scripts\bind_stalker_ext.script -> bind_stalker_ext
* Loading script: bind_trader.script
* [DA_LUA] load: d:\dead air\dead air\gamedata\scripts\bind_trader.script -> bind_trader
* Loading script: cam_effector_sets.script
* [DA_LUA] load: d:\dead air\dead air\gamedata\scripts\cam_effector_sets.script -> cam_effector_sets
* Loading script: campfire_manager.script
* [DA_LUA] load: d:\dead air\dead air\gamedata\scripts\campfire_manager.script -> campfire_manager
* Loading script: check_logic_path.script
* [DA_LUA] load: d:\dead air\dead air\gamedata\scripts\check_logic_path.script -> check_logic_path
* Loading script: closecaption.script
* [DA_LUA] load: d:\dead air\dead air\gamedata\scripts\closecaption.script -> closecaption
* Loading script: coc_treasure_manager.script
* [DA_LUA] load: d:\dead air\dead air\gamedata\scripts\coc_treasure_manager.script -> coc_treasure_manager
* Loading script: combat_restrictor.script
* [DA_LUA] load: d:\dead air\dead air\gamedata\scripts\combat_restrictor.script -> combat_restrictor
* Loading script: cover_manager.script
* [DA_LUA] load: d:\dead air\dead air\gamedata\scripts\cover_manager.script -> cover_manager
* Loading script: da_port_death_sound.script
* [DA_LUA] load: d:\dead air\dead air\gamedata\scripts\da_port_death_sound.script -> da_port_death_sound
* Loading script: da_test_squad.script
* [DA_LUA] load: d:\dead air\dead air\gamedata\scripts\da_test_squad.script -> da_test_squad
* Loading script: da_zone_fog.script
* [DA_LUA] load: d:\dead air\dead air\gamedata\scripts\da_zone_fog.script -> da_zone_fog
* Loading script: db.script
* [DA_LUA] load: d:\dead air\dead air\gamedata\scripts\db.script -> db
* Loading script: death_manager.script
* [DA_LUA] load: d:\dead air\dead air\gamedata\scripts\death_manager.script -> death_manager
* Loading script: debug_cmd_list.script
* [DA_LUA] load: d:\dead air\dead air\gamedata\scripts\debug_cmd_list.script -> debug_cmd_list
* Loading script: dialog_manager.script
* [DA_LUA] load: d:\dead air\dead air\gamedata\scripts\dialog_manager.script -> dialog_manager
* Loading script: dialogs.script
* [DA_LUA] load: d:\dead air\dead air\gamedata\scripts\dialogs.script -> dialogs
* Loading script: dialogs_axr_companion.script
* [DA_LUA] load: d:\dead air\dead air\gamedata\scripts\dialogs_axr_companion.script -> dialogs_axr_companion
* Loading script: dialogs_bar.script
* [DA_LUA] load: d:\dead air\dead air\gamedata\scripts\dialogs_bar.script -> dialogs_bar
* Loading script: dialogs_darkvalley.script
* [DA_LUA] load: d:\dead air\dead air\gamedata\scripts\dialogs_darkvalley.script -> dialogs_darkvalley
* Loading script: dialogs_escape.script
* [DA_LUA] load: d:\dead air\dead air\gamedata\scripts\dialogs_escape.script -> dialogs_escape
* Loading script: dialogs_jupiter.script
* [DA_LUA] load: d:\dead air\dead air\gamedata\scripts\dialogs_jupiter.script -> dialogs_jupiter
* Loading script: dialogs_marsh.script
* [DA_LUA] load: d:\dead air\dead air\gamedata\scripts\dialogs_marsh.script -> dialogs_marsh
* Loading script: dialogs_pripyat.script
* [DA_LUA] load: d:\dead air\dead air\gamedata\scripts\dialogs_pripyat.script -> dialogs_pripyat
* Loading script: dialogs_warlab.script
* [DA_LUA] load: d:\dead air\dead air\gamedata\scripts\dialogs_warlab.script -> dialogs_warlab
* Loading script: dialogs_yantar.script
* [DA_LUA] load: d:\dead air\dead air\gamedata\scripts\dialogs_yantar.script -> dialogs_yantar
* Loading script: dialogs_zaton.script
* [DA_LUA] load: d:\dead air\dead air\gamedata\scripts\dialogs_zaton.script -> dialogs_zaton
* Loading script: dinamic_hud.script
* [DA_LUA] load: d:\dead air\dead air\gamedata\scripts\dinamic_hud.script -> dinamic_hud
* Loading script: rx_utils.script
* [DA_LUA] load: d:\dead air\dead air\gamedata\scripts\rx_utils.script -> rx_utils
* Loading script: drx_dynamic_anomaly.script
* [DA_LUA] load: d:\dead air\dead air\gamedata\scripts\drx_dynamic_anomaly.script -> drx_dynamic_anomaly
* Loading script: dxr_achievements.script
* [DA_LUA] load: d:\dead air\dead air\gamedata\scripts\dxr_achievements.script -> dxr_achievements
* Loading script: dxr_encyclopedia.script
* [DA_LUA] load: d:\dead air\dead air\gamedata\scripts\dxr_encyclopedia.script -> dxr_encyclopedia
* Loading script: dxr_scopes.script
* [DA_LUA] load: d:\dead air\dead air\gamedata\scripts\dxr_scopes.script -> dxr_scopes
* Loading script: dynamic_news_helper.script
* [DA_LUA] load: d:\dead air\dead air\gamedata\scripts\dynamic_news_helper.script -> dynamic_news_helper
* Loading script: dynamic_news_manager.script
* [DA_LUA] load: d:\dead air\dead air\gamedata\scripts\dynamic_news_manager.script -> dynamic_news_manager
* Loading script: fallout_manager.script
* [DA_LUA] load: d:\dead air\dead air\gamedata\scripts\fallout_manager.script -> fallout_manager
* Loading script: fast_travel.script
* [DA_LUA] load: d:\dead air\dead air\gamedata\scripts\fast_travel.script -> fast_travel
* Loading script: game_relations.script
* [DA_LUA] load: d:\dead air\dead air\gamedata\scripts\game_relations.script -> game_relations
* Loading script: gulag_general.script
* [DA_LUA] load: d:\dead air\dead air\gamedata\scripts\gulag_general.script -> gulag_general
* Loading script: heli_alife.script
* [DA_LUA] load: d:\dead air\dead air\gamedata\scripts\heli_alife.script -> heli_alife
* Loading script: heli_combat.script
* [DA_LUA] load: d:\dead air\dead air\gamedata\scripts\heli_combat.script -> heli_combat
* Loading script: heli_fire.script
* [DA_LUA] load: d:\dead air\dead air\gamedata\scripts\heli_fire.script -> heli_fire
* Loading script: heli_fly.script
* [DA_LUA] load: d:\dead air\dead air\gamedata\scripts\heli_fly.script -> heli_fly
* Loading script: heli_look.script
* [DA_LUA] load: d:\dead air\dead air\gamedata\scripts\heli_look.script -> heli_look
* Loading script: heli_move.script
* [DA_LUA] load: d:\dead air\dead air\gamedata\scripts\heli_move.script -> heli_move
* Loading script: heli_snd.script
* [DA_LUA] load: d:\dead air\dead air\gamedata\scripts\heli_snd.script -> heli_snd
* Loading script: xr_sound.script
* [DA_LUA] load: d:\dead air\dead air\gamedata\scripts\xr_sound.script -> xr_sound
* Loading script: info_portions.script
* [DA_LUA] load: d:\dead air\dead air\gamedata\scripts\info_portions.script -> info_portions
* Loading script: inventory_radiation.script
* [DA_LUA] load: d:\dead air\dead air\gamedata\scripts\inventory_radiation.script -> inventory_radiation
* Loading script: inventory_upgrades.script
* [DA_LUA] load: d:\dead air\dead air\gamedata\scripts\inventory_upgrades.script -> inventory_upgrades
* Loading script: items_condition.script
* [DA_LUA] load: d:\dead air\dead air\gamedata\scripts\items_condition.script -> items_condition
* Loading script: itms_manager.script
* [DA_LUA] load: d:\dead air\dead air\gamedata\scripts\itms_manager.script -> itms_manager
* Loading script: knife_manager.script
* [DA_LUA] load: d:\dead air\dead air\gamedata\scripts\knife_manager.script -> knife_manager
* Loading script: level_input.script
* [DA_LUA] load: d:\dead air\dead air\gamedata\scripts\level_input.script -> level_input
* Loading script: level_weathers.script
* [DA_LUA] load: d:\dead air\dead air\gamedata\scripts\level_weathers.script -> level_weathers
* Loading script: loadscreen.script
* [DA_LUA] load: d:\dead air\dead air\gamedata\scripts\loadscreen.script -> loadscreen
* Loading script: m_mines.script
* [DA_LUA] load: d:\dead air\dead air\gamedata\scripts\m_mines.script -> m_mines
* Loading script: medic_effects.script
* [DA_LUA] load: d:\dead air\dead air\gamedata\scripts\medic_effects.script -> medic_effects
* Loading script: memusage.script
* [DA_LUA] load: d:\dead air\dead air\gamedata\scripts\memusage.script -> memusage
* Loading script: mob_camp.script
* [DA_LUA] load: d:\dead air\dead air\gamedata\scripts\mob_camp.script -> mob_camp
* Loading script: mob_combat.script
* [DA_LUA] load: d:\dead air\dead air\gamedata\scripts\mob_combat.script -> mob_combat
* Loading script: mob_death.script
* [DA_LUA] load: d:\dead air\dead air\gamedata\scripts\mob_death.script -> mob_death
* Loading script: mob_home.script
* [DA_LUA] load: d:\dead air\dead air\gamedata\scripts\mob_home.script -> mob_home
* Loading script: mob_jump.script
* [DA_LUA] load: d:\dead air\dead air\gamedata\scripts\mob_jump.script -> mob_jump
* Loading script: mob_remark.script
* [DA_LUA] load: d:\dead air\dead air\gamedata\scripts\mob_remark.script -> mob_remark
* Loading script: mob_sound.script
* [DA_LUA] load: d:\dead air\dead air\gamedata\scripts\mob_sound.script -> mob_sound
* Loading script: mob_state_mgr.script
* [DA_LUA] load: d:\dead air\dead air\gamedata\scripts\mob_state_mgr.script -> mob_state_mgr
* Loading script: mob_trade.script
* [DA_LUA] load: d:\dead air\dead air\gamedata\scripts\mob_trade.script -> mob_trade
* Loading script: mob_trader.script
* [DA_LUA] load: d:\dead air\dead air\gamedata\scripts\mob_trader.script -> mob_trader
* Loading script: mob_walker.script
* [DA_LUA] load: d:\dead air\dead air\gamedata\scripts\mob_walker.script -> mob_walker
* Loading script: modules.script
* [DA_LUA] load: d:\dead air\dead air\gamedata\scripts\modules.script -> modules
* Loading script: xr_meet.script
* [DA_LUA] load: d:\dead air\dead air\gamedata\scripts\xr_meet.script -> xr_meet
* Loading script: xr_actions_id.script
* [DA_LUA] load: d:\dead air\dead air\gamedata\scripts\xr_actions_id.script -> xr_actions_id
* Loading script: xr_wounded.script
* [DA_LUA] load: d:\dead air\dead air\gamedata\scripts\xr_wounded.script -> xr_wounded
* Loading script: xr_danger.script
* [DA_LUA] load: d:\dead air\dead air\gamedata\scripts\xr_danger.script -> xr_danger
* Loading script: xr_abuse.script
* [DA_LUA] load: d:\dead air\dead air\gamedata\scripts\xr_abuse.script -> xr_abuse
* Loading script: xr_gather_items.script
* [DA_LUA] load: d:\dead air\dead air\gamedata\scripts\xr_gather_items.script -> xr_gather_items
* Loading script: xr_help_wounded.script
* [DA_LUA] load: d:\dead air\dead air\gamedata\scripts\xr_help_wounded.script -> xr_help_wounded
* Loading script: xr_corpse_detection.script
* [DA_LUA] load: d:\dead air\dead air\gamedata\scripts\xr_corpse_detection.script -> xr_corpse_detection
* Loading script: xr_eat_medkit.script
* [DA_LUA] load: d:\dead air\dead air\gamedata\scripts\xr_eat_medkit.script -> xr_eat_medkit
* Loading script: rx_ff.script
* [DA_LUA] load: d:\dead air\dead air\gamedata\scripts\rx_ff.script -> rx_ff
* Loading script: xrs_facer.script
* [DA_LUA] load: d:\dead air\dead air\gamedata\scripts\xrs_facer.script -> xrs_facer
* Loading script: xrs_kill_wounded.script
* [DA_LUA] load: d:\dead air\dead air\gamedata\scripts\xrs_kill_wounded.script -> xrs_kill_wounded
* Loading script: xr_walker.script
* [DA_LUA] load: d:\dead air\dead air\gamedata\scripts\xr_walker.script -> xr_walker
* Loading script: xr_remark.script
* [DA_LUA] load: d:\dead air\dead air\gamedata\scripts\xr_remark.script -> xr_remark
* Loading script: xr_cover.script
* [DA_LUA] load: d:\dead air\dead air\gamedata\scripts\xr_cover.script -> xr_cover
* Loading script: xr_sleeper.script
* [DA_LUA] load: d:\dead air\dead air\gamedata\scripts\xr_sleeper.script -> xr_sleeper
* Loading script: xr_camper.script
* [DA_LUA] load: d:\dead air\dead air\gamedata\scripts\xr_camper.script -> xr_camper
* Loading script: xr_combat.script
* [DA_LUA] load: d:\dead air\dead air\gamedata\scripts\xr_combat.script -> xr_combat
* Loading script: xr_death.script
* [DA_LUA] load: d:\dead air\dead air\gamedata\scripts\xr_death.script -> xr_death
* Loading script: xr_hit.script
* [DA_LUA] load: d:\dead air\dead air\gamedata\scripts\xr_hit.script -> xr_hit
* Loading script: xr_combat_ignore.script
* [DA_LUA] load: d:\dead air\dead air\gamedata\scripts\xr_combat_ignore.script -> xr_combat_ignore
* Loading script: xr_combat_zombied.script
* [DA_LUA] load: d:\dead air\dead air\gamedata\scripts\xr_combat_zombied.script -> xr_combat_zombied
* Loading script: xr_patrol.script
* [DA_LUA] load: d:\dead air\dead air\gamedata\scripts\xr_patrol.script -> xr_patrol
* Loading script: xr_smartcover.script
* [DA_LUA] load: d:\dead air\dead air\gamedata\scripts\xr_smartcover.script -> xr_smartcover
* Loading script: xr_animpoint.script
* [DA_LUA] load: d:\dead air\dead air\gamedata\scripts\xr_animpoint.script -> xr_animpoint
* Loading script: xr_reach_task.script
* [DA_LUA] load: d:\dead air\dead air\gamedata\scripts\xr_reach_task.script -> xr_reach_task
* Loading script: ph_car.script
* [DA_LUA] load: d:\dead air\dead air\gamedata\scripts\ph_car.script -> ph_car
* Loading script: ph_door.script
* [DA_LUA] load: d:\dead air\dead air\gamedata\scripts\ph_door.script -> ph_door
* Loading script: ph_idle.script
* [DA_LUA] load: d:\dead air\dead air\gamedata\scripts\ph_idle.script -> ph_idle
* Loading script: ph_hit.script
* [DA_LUA] load: d:\dead air\dead air\gamedata\scripts\ph_hit.script -> ph_hit
* Loading script: ph_on_hit.script
* [DA_LUA] load: d:\dead air\dead air\gamedata\scripts\ph_on_hit.script -> ph_on_hit
* Loading script: ph_button.script
* [DA_LUA] load: d:\dead air\dead air\gamedata\scripts\ph_button.script -> ph_button
* Loading script: ph_code.script
* [DA_LUA] load: d:\dead air\dead air\gamedata\scripts\ph_code.script -> ph_code
* Loading script: ph_death.script
* [DA_LUA] load: d:\dead air\dead air\gamedata\scripts\ph_death.script -> ph_death
* Loading script: ph_minigun.script
* [DA_LUA] load: d:\dead air\dead air\gamedata\scripts\ph_minigun.script -> ph_minigun
* Loading script: ph_oscillate.script
* [DA_LUA] load: d:\dead air\dead air\gamedata\scripts\ph_oscillate.script -> ph_oscillate
* Loading script: ph_sound.script
* [DA_LUA] load: d:\dead air\dead air\gamedata\scripts\ph_sound.script -> ph_sound
* Loading script: sr_no_weapon.script
* [DA_LUA] load: d:\dead air\dead air\gamedata\scripts\sr_no_weapon.script -> sr_no_weapon
* Loading script: sr_teleport.script
* [DA_LUA] load: d:\dead air\dead air\gamedata\scripts\sr_teleport.script -> sr_teleport
* Loading script: sr_idle.script
* [DA_LUA] load: d:\dead air\dead air\gamedata\scripts\sr_idle.script -> sr_idle
* Loading script: sr_light.script
* [DA_LUA] load: d:\dead air\dead air\gamedata\scripts\sr_light.script -> sr_light
* Loading script: sr_timer.script
* [DA_LUA] load: d:\dead air\dead air\gamedata\scripts\sr_timer.script -> sr_timer
* Loading script: sr_psy_antenna.script
* [DA_LUA] load: d:\dead air\dead air\gamedata\scripts\sr_psy_antenna.script -> sr_psy_antenna
* Loading script: sr_postprocess.script
* [DA_LUA] load: d:\dead air\dead air\gamedata\scripts\sr_postprocess.script -> sr_postprocess
* Loading script: sr_particle.script
* [DA_LUA] load: d:\dead air\dead air\gamedata\scripts\sr_particle.script -> sr_particle
* Loading script: sr_cutscene.script
* [DA_LUA] load: d:\dead air\dead air\gamedata\scripts\sr_cutscene.script -> sr_cutscene
* Loading script: sr_monster.script
* [DA_LUA] load: d:\dead air\dead air\gamedata\scripts\sr_monster.script -> sr_monster
* Loading script: sr_crow_spawner.script
* [DA_LUA] load: d:\dead air\dead air\gamedata\scripts\sr_crow_spawner.script -> sr_crow_spawner
* Loading script: sr_silence.script
* [DA_LUA] load: d:\dead air\dead air\gamedata\scripts\sr_silence.script -> sr_silence
* Loading script: sr_deimos.script
* [DA_LUA] load: d:\dead air\dead air\gamedata\scripts\sr_deimos.script -> sr_deimos
* Loading script: xr_campfire_point.script
* [DA_LUA] load: d:\dead air\dead air\gamedata\scripts\xr_campfire_point.script -> xr_campfire_point
* Loading script: monolith_suicide.script
* [DA_LUA] load: d:\dead air\dead air\gamedata\scripts\monolith_suicide.script -> monolith_suicide
* Loading script: move_mgr.script
* [DA_LUA] load: d:\dead air\dead air\gamedata\scripts\move_mgr.script -> move_mgr
* Loading script: news_manager.script
* [DA_LUA] load: d:\dead air\dead air\gamedata\scripts\news_manager.script -> news_manager
* Loading script: pda.script
* [DA_LUA] load: d:\dead air\dead air\gamedata\scripts\pda.script -> pda
* Loading script: ph_appforce.script
* [DA_LUA] load: d:\dead air\dead air\gamedata\scripts\ph_appforce.script -> ph_appforce
* Loading script: phantom_manager.script
* [DA_LUA] load: d:\dead air\dead air\gamedata\scripts\phantom_manager.script -> phantom_manager
* Loading script: post_combat_idle.script
* [DA_LUA] load: d:\dead air\dead air\gamedata\scripts\post_combat_idle.script -> post_combat_idle
* Loading script: psi_storm_manager.script
* [DA_LUA] load: d:\dead air\dead air\gamedata\scripts\psi_storm_manager.script -> psi_storm_manager
* Loading script: ranks.script
* [DA_LUA] load: d:\dead air\dead air\gamedata\scripts\ranks.script -> ranks
* Loading script: release_body_manager.script
* [DA_LUA] load: d:\dead air\dead air\gamedata\scripts\release_body_manager.script -> release_body_manager
* Loading script: release_item_manager.script
* [DA_LUA] load: d:\dead air\dead air\gamedata\scripts\release_item_manager.script -> release_item_manager
* Loading script: restrictor_manager.script
* [DA_LUA] load: d:\dead air\dead air\gamedata\scripts\restrictor_manager.script -> restrictor_manager
* Loading script: safe_release_manager.script
* [DA_LUA] load: d:\dead air\dead air\gamedata\scripts\safe_release_manager.script -> safe_release_manager
* Loading script: se_new_attachable_item.script
* [DA_LUA] load: d:\dead air\dead air\gamedata\scripts\se_new_attachable_item.script -> se_new_attachable_item
* Loading script: se_squad_group.script
* [DA_LUA] load: d:\dead air\dead air\gamedata\scripts\se_squad_group.script -> se_squad_group
* Loading script: sim_board.script
* [DA_LUA] load: d:\dead air\dead air\gamedata\scripts\sim_board.script -> sim_board
* Loading script: sim_objects.script
* [DA_LUA] load: d:\dead air\dead air\gamedata\scripts\sim_objects.script -> sim_objects
* Loading script: sim_squad_actions.script
* [DA_LUA] load: d:\dead air\dead air\gamedata\scripts\sim_squad_actions.script -> sim_squad_actions
* Loading script: sim_squad_fighting.script
* [DA_LUA] load: d:\dead air\dead air\gamedata\scripts\sim_squad_fighting.script -> sim_squad_fighting
* Loading script: sim_squad_generic.script
* [DA_LUA] load: d:\dead air\dead air\gamedata\scripts\sim_squad_generic.script -> sim_squad_generic
* Loading script: simulation_objects.script
* [DA_LUA] load: d:\dead air\dead air\gamedata\scripts\simulation_objects.script -> simulation_objects
* Loading script: sleep_dep.script
* [DA_LUA] load: d:\dead air\dead air\gamedata\scripts\sleep_dep.script -> sleep_dep
* Loading script: slot_hud.script
* [DA_LUA] load: d:\dead air\dead air\gamedata\scripts\slot_hud.script -> slot_hud
* Loading script: smart_covers.script
* [DA_LUA] load: d:\dead air\dead air\gamedata\scripts\smart_covers.script -> smart_covers
* Loading script: smart_covers_combat_front.script
* [DA_LUA] load: d:\dead air\dead air\gamedata\scripts\smart_covers_combat_front.script -> smart_covers_combat_front
* Loading script: smart_covers_loophole_crouch_front_left.script
* [DA_LUA] load: d:\dead air\dead air\gamedata\scripts\smart_covers_loophole_crouch_front_left.script -> smart_covers_loophole_crouch_front_left
* Loading script: smart_covers_loophole_crouch_front.script
* [DA_LUA] load: d:\dead air\dead air\gamedata\scripts\smart_covers_loophole_crouch_front.script -> smart_covers_loophole_crouch_front
* Loading script: smart_covers_loophole_crouch_front_right.script
* [DA_LUA] load: d:\dead air\dead air\gamedata\scripts\smart_covers_loophole_crouch_front_right.script -> smart_covers_loophole_crouch_front_right
* Loading script: smart_covers_loophole_stand_front_left.script
* [DA_LUA] load: d:\dead air\dead air\gamedata\scripts\smart_covers_loophole_stand_front_left.script -> smart_covers_loophole_stand_front_left
* Loading script: smart_covers_loophole_stand_front_right.script
* [DA_LUA] load: d:\dead air\dead air\gamedata\scripts\smart_covers_loophole_stand_front_right.script -> smart_covers_loophole_stand_front_right
* Loading script: smart_covers_combat_prone.script
* [DA_LUA] load: d:\dead air\dead air\gamedata\scripts\smart_covers_combat_prone.script -> smart_covers_combat_prone
* Loading script: smart_covers_loophole_prone.script
* [DA_LUA] load: d:\dead air\dead air\gamedata\scripts\smart_covers_loophole_prone.script -> smart_covers_loophole_prone
* Loading script: smart_covers_cover_barricade_0.script
* [DA_LUA] load: d:\dead air\dead air\gamedata\scripts\smart_covers_cover_barricade_0.script -> smart_covers_cover_barricade_0
* Loading script: smart_covers_loophole_barricade_0.script
* [DA_LUA] load: d:\dead air\dead air\gamedata\scripts\smart_covers_loophole_barricade_0.script -> smart_covers_loophole_barricade_0
* Loading script: smart_covers_cover_barricade_1.script
* [DA_LUA] load: d:\dead air\dead air\gamedata\scripts\smart_covers_cover_barricade_1.script -> smart_covers_cover_barricade_1
* Loading script: smart_covers_loophole_barricade_1.script
* [DA_LUA] load: d:\dead air\dead air\gamedata\scripts\smart_covers_loophole_barricade_1.script -> smart_covers_loophole_barricade_1
* Loading script: smart_covers_cover_barricade_2.script
* [DA_LUA] load: d:\dead air\dead air\gamedata\scripts\smart_covers_cover_barricade_2.script -> smart_covers_cover_barricade_2
* Loading script: smart_covers_loophole_barricade_2.script
* [DA_LUA] load: d:\dead air\dead air\gamedata\scripts\smart_covers_loophole_barricade_2.script -> smart_covers_loophole_barricade_2
* Loading script: smart_covers_cover_barricade_3.script
* [DA_LUA] load: d:\dead air\dead air\gamedata\scripts\smart_covers_cover_barricade_3.script -> smart_covers_cover_barricade_3
* Loading script: smart_covers_loophole_barricade_3.script
* [DA_LUA] load: d:\dead air\dead air\gamedata\scripts\smart_covers_loophole_barricade_3.script -> smart_covers_loophole_barricade_3
* Loading script: smart_covers_cover_barricade_commander.script
* [DA_LUA] load: d:\dead air\dead air\gamedata\scripts\smart_covers_cover_barricade_commander.script -> smart_covers_cover_barricade_commander
* Loading script: smart_covers_loophole_barricade_commander.script
* [DA_LUA] load: d:\dead air\dead air\gamedata\scripts\smart_covers_loophole_barricade_commander.script -> smart_covers_loophole_barricade_commander
* Loading script: smart_covers_animpoint_stay_wall.script
* [DA_LUA] load: d:\dead air\dead air\gamedata\scripts\smart_covers_animpoint_stay_wall.script -> smart_covers_animpoint_stay_wall
* Loading script: smart_covers_loophole_animpoint_stay_wall.script
* [DA_LUA] load: d:\dead air\dead air\gamedata\scripts\smart_covers_loophole_animpoint_stay_wall.script -> smart_covers_loophole_animpoint_stay_wall
* Loading script: smart_covers_animpoint_stay_table.script
* [DA_LUA] load: d:\dead air\dead air\gamedata\scripts\smart_covers_animpoint_stay_table.script -> smart_covers_animpoint_stay_table
* Loading script: smart_covers_loophole_animpoint_stay_table.script
* [DA_LUA] load: d:\dead air\dead air\gamedata\scripts\smart_covers_loophole_animpoint_stay_table.script -> smart_covers_loophole_animpoint_stay_table
* Loading script: smart_covers_animpoint_sit_high.script
* [DA_LUA] load: d:\dead air\dead air\gamedata\scripts\smart_covers_animpoint_sit_high.script -> smart_covers_animpoint_sit_high
* Loading script: smart_covers_loophole_animpoint_sit_high.script
* [DA_LUA] load: d:\dead air\dead air\gamedata\scripts\smart_covers_loophole_animpoint_sit_high.script -> smart_covers_loophole_animpoint_sit_high
* Loading script: smart_covers_animpoint_sit_normal.script
* [DA_LUA] load: d:\dead air\dead air\gamedata\scripts\smart_covers_animpoint_sit_normal.script -> smart_covers_animpoint_sit_normal
* Loading script: smart_covers_loophole_animpoint_sit_normal.script
* [DA_LUA] load: d:\dead air\dead air\gamedata\scripts\smart_covers_loophole_animpoint_sit_normal.script -> smart_covers_loophole_animpoint_sit_normal
* Loading script: smart_covers_animpoint_sit_low.script
* [DA_LUA] load: d:\dead air\dead air\gamedata\scripts\smart_covers_animpoint_sit_low.script -> smart_covers_animpoint_sit_low
* Loading script: smart_covers_loophole_animpoint_sit_low.script
* [DA_LUA] load: d:\dead air\dead air\gamedata\scripts\smart_covers_loophole_animpoint_sit_low.script -> smart_covers_loophole_animpoint_sit_low
* Loading script: smart_covers_animpoint_sit.script
* [DA_LUA] load: d:\dead air\dead air\gamedata\scripts\smart_covers_animpoint_sit.script -> smart_covers_animpoint_sit
* Loading script: smart_covers_loophole_animpoint_sit.script
* [DA_LUA] load: d:\dead air\dead air\gamedata\scripts\smart_covers_loophole_animpoint_sit.script -> smart_covers_loophole_animpoint_sit
* Loading script: smart_covers_animpoint_sit_ass.script
* [DA_LUA] load: d:\dead air\dead air\gamedata\scripts\smart_covers_animpoint_sit_ass.script -> smart_covers_animpoint_sit_ass
* Loading script: smart_covers_loophole_animpoint_sit_ass.script
* [DA_LUA] load: d:\dead air\dead air\gamedata\scripts\smart_covers_loophole_animpoint_sit_ass.script -> smart_covers_loophole_animpoint_sit_ass
* Loading script: smart_covers_animpoint_sit_knee.script
* [DA_LUA] load: d:\dead air\dead air\gamedata\scripts\smart_covers_animpoint_sit_knee.script -> smart_covers_animpoint_sit_knee
* Loading script: smart_covers_loophole_animpoint_sit_knee.script
* [DA_LUA] load: d:\dead air\dead air\gamedata\scripts\smart_covers_loophole_animpoint_sit_knee.script -> smart_covers_loophole_animpoint_sit_knee
* Loading script: smart_covers_animpoint_stay_ohrana.script
* [DA_LUA] load: d:\dead air\dead air\gamedata\scripts\smart_covers_animpoint_stay_ohrana.script -> smart_covers_animpoint_stay_ohrana
* Loading script: smart_covers_loophole_animpoint_stay_ohrana.script
* [DA_LUA] load: d:\dead air\dead air\gamedata\scripts\smart_covers_loophole_animpoint_stay_ohrana.script -> smart_covers_loophole_animpoint_stay_ohrana
* Loading script: smart_covers_animpoint_stay_bar.script
* [DA_LUA] load: d:\dead air\dead air\gamedata\scripts\smart_covers_animpoint_stay_bar.script -> smart_covers_animpoint_stay_bar
* Loading script: smart_covers_loophole_animpoint_stay_bar.script
* [DA_LUA] load: d:\dead air\dead air\gamedata\scripts\smart_covers_loophole_animpoint_stay_bar.script -> smart_covers_loophole_animpoint_stay_bar
* Loading script: smart_covers_animpoint_sit_wait.script
* [DA_LUA] load: d:\dead air\dead air\gamedata\scripts\smart_covers_animpoint_sit_wait.script -> smart_covers_animpoint_sit_wait
* Loading script: smart_covers_loophole_animpoint_sit_wait.script
* [DA_LUA] load: d:\dead air\dead air\gamedata\scripts\smart_covers_loophole_animpoint_sit_wait.script -> smart_covers_loophole_animpoint_sit_wait
* Loading script: smart_covers_animpoint_stay_wait.script
* [DA_LUA] load: d:\dead air\dead air\gamedata\scripts\smart_covers_animpoint_stay_wait.script -> smart_covers_animpoint_stay_wait
* Loading script: smart_covers_loophole_animpoint_stay_wait.script
* [DA_LUA] load: d:\dead air\dead air\gamedata\scripts\smart_covers_loophole_animpoint_stay_wait.script -> smart_covers_loophole_animpoint_stay_wait
* Loading script: smart_covers_animpoint_pri_a15.script
* [DA_LUA] load: d:\dead air\dead air\gamedata\scripts\smart_covers_animpoint_pri_a15.script -> smart_covers_animpoint_pri_a15
* Loading script: smart_covers_loophole_animpoint_pri_a15.script
* [DA_LUA] load: d:\dead air\dead air\gamedata\scripts\smart_covers_loophole_animpoint_pri_a15.script -> smart_covers_loophole_animpoint_pri_a15
* Loading script: smart_covers_anim_pri_a22.script
* [DA_LUA] load: d:\dead air\dead air\gamedata\scripts\smart_covers_anim_pri_a22.script -> smart_covers_anim_pri_a22
* Loading script: smart_covers_loophole_anim_pri_a22.script
* [DA_LUA] load: d:\dead air\dead air\gamedata\scripts\smart_covers_loophole_anim_pri_a22.script -> smart_covers_loophole_anim_pri_a22
* Loading script: smart_covers_combat.script
* [DA_LUA] load: d:\dead air\dead air\gamedata\scripts\smart_covers_combat.script -> smart_covers_combat
* Loading script: smart_covers_cover_lesnik.script
* [DA_LUA] load: d:\dead air\dead air\gamedata\scripts\smart_covers_cover_lesnik.script -> smart_covers_cover_lesnik
* Loading script: smart_covers_cover_loophole_lead_forester_idle_talk.script
* [DA_LUA] load: d:\dead air\dead air\gamedata\scripts\smart_covers_cover_loophole_lead_forester_idle_talk.script -> smart_covers_cover_loophole_lead_forester_idle_talk
* Loading script: smart_covers_loophole_crouch_back.script
* [DA_LUA] load: d:\dead air\dead air\gamedata\scripts\smart_covers_loophole_crouch_back.script -> smart_covers_loophole_crouch_back
* Loading script: smart_covers_loophole_crouch_left.script
* [DA_LUA] load: d:\dead air\dead air\gamedata\scripts\smart_covers_loophole_crouch_left.script -> smart_covers_loophole_crouch_left
* Loading script: smart_covers_loophole_crouch_right.script
* [DA_LUA] load: d:\dead air\dead air\gamedata\scripts\smart_covers_loophole_crouch_right.script -> smart_covers_loophole_crouch_right
* Loading script: smart_covers_loophole_lead_forester_idle.script
* [DA_LUA] load: d:\dead air\dead air\gamedata\scripts\smart_covers_loophole_lead_forester_idle.script -> smart_covers_loophole_lead_forester_idle
* Loading script: smart_covers_loophole_lead_forester_talk.script
* [DA_LUA] load: d:\dead air\dead air\gamedata\scripts\smart_covers_loophole_lead_forester_talk.script -> smart_covers_loophole_lead_forester_talk
* Loading script: smart_covers_loophole_lesnik.script
* [DA_LUA] load: d:\dead air\dead air\gamedata\scripts\smart_covers_loophole_lesnik.script -> smart_covers_loophole_lesnik
* Loading script: smart_covers_loophole_minigunner.script
* [DA_LUA] load: d:\dead air\dead air\gamedata\scripts\smart_covers_loophole_minigunner.script -> smart_covers_loophole_minigunner
* Loading script: smart_covers_loophole_stand_back.script
* [DA_LUA] load: d:\dead air\dead air\gamedata\scripts\smart_covers_loophole_stand_back.script -> smart_covers_loophole_stand_back
* Loading script: smart_covers_loophole_stand_left.script
* [DA_LUA] load: d:\dead air\dead air\gamedata\scripts\smart_covers_loophole_stand_left.script -> smart_covers_loophole_stand_left
* Loading script: smart_covers_loophole_stand_right.script
* [DA_LUA] load: d:\dead air\dead air\gamedata\scripts\smart_covers_loophole_stand_right.script -> smart_covers_loophole_stand_right
* Loading script: smart_names.script
* [DA_LUA] load: d:\dead air\dead air\gamedata\scripts\smart_names.script -> smart_names
* Loading script: sound_manager.script
* [DA_LUA] load: d:\dead air\dead air\gamedata\scripts\sound_manager.script -> sound_manager
* Loading script: spawn_nimble_items.script
* [DA_LUA] load: d:\dead air\dead air\gamedata\scripts\spawn_nimble_items.script -> spawn_nimble_items
* Loading script: spawner.script
* [DA_LUA] load: d:\dead air\dead air\gamedata\scripts\spawner.script -> spawner
* Loading script: sr_camp.script
* [DA_LUA] load: d:\dead air\dead air\gamedata\scripts\sr_camp.script -> sr_camp
* Loading script: stalker_generic.script
* [DA_LUA] load: d:\dead air\dead air\gamedata\scripts\stalker_generic.script -> stalker_generic
* Loading script: state_lib.script
* [DA_LUA] load: d:\dead air\dead air\gamedata\scripts\state_lib.script -> state_lib
* Loading script: utils.script
* [DA_LUA] load: d:\dead air\dead air\gamedata\scripts\utils.script -> utils
* Loading script: state_lib_animpoint.script
* [DA_LUA] load: d:\dead air\dead air\gamedata\scripts\state_lib_animpoint.script -> state_lib_animpoint
* Loading script: state_mgr_scenario.script
* [DA_LUA] load: d:\dead air\dead air\gamedata\scripts\state_mgr_scenario.script -> state_mgr_scenario
* Loading script: state_mgr_pri_a15.script
* [DA_LUA] load: d:\dead air\dead air\gamedata\scripts\state_mgr_pri_a15.script -> state_mgr_pri_a15
* Loading script: state_mgr.script
* [DA_LUA] load: d:\dead air\dead air\gamedata\scripts\state_mgr.script -> state_mgr
* Loading script: state_mgr_animation.script
* [DA_LUA] load: d:\dead air\dead air\gamedata\scripts\state_mgr_animation.script -> state_mgr_animation
* Loading script: state_mgr_animation_list.script
* [DA_LUA] load: d:\dead air\dead air\gamedata\scripts\state_mgr_animation_list.script -> state_mgr_animation_list
* Loading script: xr_effects.script
* [DA_LUA] load: d:\dead air\dead air\gamedata\scripts\xr_effects.script -> xr_effects
* Loading script: state_mgr_animation_list_animpoint.script
* [DA_LUA] load: d:\dead air\dead air\gamedata\scripts\state_mgr_animation_list_animpoint.script -> state_mgr_animation_list_animpoint
* Loading script: state_mgr_animstate.script
* [DA_LUA] load: d:\dead air\dead air\gamedata\scripts\state_mgr_animstate.script -> state_mgr_animstate
* Loading script: state_mgr_animstate_list.script
* [DA_LUA] load: d:\dead air\dead air\gamedata\scripts\state_mgr_animstate_list.script -> state_mgr_animstate_list
* Loading script: state_mgr_animstate_list_animpoint.script
* [DA_LUA] load: d:\dead air\dead air\gamedata\scripts\state_mgr_animstate_list_animpoint.script -> state_mgr_animstate_list_animpoint
* Loading script: state_mgr_bodystate.script
* [DA_LUA] load: d:\dead air\dead air\gamedata\scripts\state_mgr_bodystate.script -> state_mgr_bodystate
* Loading script: state_mgr_direction.script
* [DA_LUA] load: d:\dead air\dead air\gamedata\scripts\state_mgr_direction.script -> state_mgr_direction
* Loading script: state_mgr_goap.script
* [DA_LUA] load: d:\dead air\dead air\gamedata\scripts\state_mgr_goap.script -> state_mgr_goap
* Loading script: state_mgr_mental.script
* [DA_LUA] load: d:\dead air\dead air\gamedata\scripts\state_mgr_mental.script -> state_mgr_mental
* Loading script: state_mgr_movement.script
* [DA_LUA] load: d:\dead air\dead air\gamedata\scripts\state_mgr_movement.script -> state_mgr_movement
* Loading script: state_mgr_smartcover.script
* [DA_LUA] load: d:\dead air\dead air\gamedata\scripts\state_mgr_smartcover.script -> state_mgr_smartcover
* Loading script: state_mgr_weapon.script
* [DA_LUA] load: d:\dead air\dead air\gamedata\scripts\state_mgr_weapon.script -> state_mgr_weapon
* Loading script: story_objects.script
* [DA_LUA] load: d:\dead air\dead air\gamedata\scripts\story_objects.script -> story_objects
* Loading script: stpk_utils.script
* [DA_LUA] load: d:\dead air\dead air\gamedata\scripts\stpk_utils.script -> stpk_utils
* Loading script: surge_manager.script
* [DA_LUA] load: d:\dead air\dead air\gamedata\scripts\surge_manager.script -> surge_manager
* Loading script: survival_mode.script
* [DA_LUA] load: d:\dead air\dead air\gamedata\scripts\survival_mode.script -> survival_mode
* Loading script: task_functor.script
* [DA_LUA] load: d:\dead air\dead air\gamedata\scripts\task_functor.script -> task_functor
* Loading script: task_manager.script
* [DA_LUA] load: d:\dead air\dead air\gamedata\scripts\task_manager.script -> task_manager
* Loading script: task_objects.script
* [DA_LUA] load: d:\dead air\dead air\gamedata\scripts\task_objects.script -> task_objects
* Loading script: task_status_functor.script
* [DA_LUA] load: d:\dead air\dead air\gamedata\scripts\task_status_functor.script -> task_status_functor
* Loading script: trade_manager.script
* [DA_LUA] load: d:\dead air\dead air\gamedata\scripts\trade_manager.script -> trade_manager
* Loading script: ui_ami_position.script
* [DA_LUA] load: d:\dead air\dead air\gamedata\scripts\ui_ami_position.script -> ui_ami_position
* Loading script: ui_da_tune.script
* [DA_LUA] load: d:\dead air\dead air\gamedata\scripts\ui_da_tune.script -> ui_da_tune
* Loading script: ui_debug_main.script
* [DA_LUA] load: d:\dead air\dead air\gamedata\scripts\ui_debug_main.script -> ui_debug_main
* Loading script: ui_dyn_msg_box.script
* [DA_LUA] load: d:\dead air\dead air\gamedata\scripts\ui_dyn_msg_box.script -> ui_dyn_msg_box
* Loading script: ui_enemy_health.script
* [DA_LUA] load: d:\dead air\dead air\gamedata\scripts\ui_enemy_health.script -> ui_enemy_health
* Loading script: ui_extra.script
* [DA_LUA] load: d:\dead air\dead air\gamedata\scripts\ui_extra.script -> ui_extra
* Loading script: ui_freeplay_dialog.script
* [DA_LUA] load: d:\dead air\dead air\gamedata\scripts\ui_freeplay_dialog.script -> ui_freeplay_dialog
* Loading script: ui_itm_backpack.script
* [DA_LUA] load: d:\dead air\dead air\gamedata\scripts\ui_itm_backpack.script -> ui_itm_backpack
* Loading script: ui_itm_container.script
* [DA_LUA] load: d:\dead air\dead air\gamedata\scripts\ui_itm_container.script -> ui_itm_container
* Loading script: ui_itm_cooking.script
* [DA_LUA] load: d:\dead air\dead air\gamedata\scripts\ui_itm_cooking.script -> ui_itm_cooking
* Loading script: ui_itm_craft.script
* [DA_LUA] load: d:\dead air\dead air\gamedata\scripts\ui_itm_craft.script -> ui_itm_craft
* Loading script: ui_itm_drawn_map.script
* [DA_LUA] load: d:\dead air\dead air\gamedata\scripts\ui_itm_drawn_map.script -> ui_itm_drawn_map
* Loading script: ui_itm_repair.script
* [DA_LUA] load: d:\dead air\dead air\gamedata\scripts\ui_itm_repair.script -> ui_itm_repair
* Loading script: ui_load_dialog.script
* [DA_LUA] load: d:\dead air\dead air\gamedata\scripts\ui_load_dialog.script -> ui_load_dialog
* Loading script: ui_mm_faction_select.script
* [DA_LUA] load: d:\dead air\dead air\gamedata\scripts\ui_mm_faction_select.script -> ui_mm_faction_select
* Loading script: ui_mm_opt_con_cmd.script
* [DA_LUA] load: d:\dead air\dead air\gamedata\scripts\ui_mm_opt_con_cmd.script -> ui_mm_opt_con_cmd
* Loading script: ui_mm_opt_controls.script
* [DA_LUA] load: d:\dead air\dead air\gamedata\scripts\ui_mm_opt_controls.script -> ui_mm_opt_controls
* Loading script: ui_mm_opt_gameplay.script
* [DA_LUA] load: d:\dead air\dead air\gamedata\scripts\ui_mm_opt_gameplay.script -> ui_mm_opt_gameplay
* Loading script: ui_mm_opt_main.script
* [DA_LUA] load: d:\dead air\dead air\gamedata\scripts\ui_mm_opt_main.script -> ui_mm_opt_main
* Loading script: ui_mm_opt_performance.script
* [DA_LUA] load: d:\dead air\dead air\gamedata\scripts\ui_mm_opt_performance.script -> ui_mm_opt_performance
* Loading script: ui_mm_opt_sound.script
* [DA_LUA] load: d:\dead air\dead air\gamedata\scripts\ui_mm_opt_sound.script -> ui_mm_opt_sound
* Loading script: ui_mm_opt_video.script
* [DA_LUA] load: d:\dead air\dead air\gamedata\scripts\ui_mm_opt_video.script -> ui_mm_opt_video
* Loading script: ui_mm_opt_video_adv.script
* [DA_LUA] load: d:\dead air\dead air\gamedata\scripts\ui_mm_opt_video_adv.script -> ui_mm_opt_video_adv
* Loading script: ui_mutant_loot.script
* [DA_LUA] load: d:\dead air\dead air\gamedata\scripts\ui_mutant_loot.script -> ui_mutant_loot
* Loading script: ui_numpad.script
* [DA_LUA] load: d:\dead air\dead air\gamedata\scripts\ui_numpad.script -> ui_numpad
* Loading script: ui_pda_contacts_tab.script
* [DA_LUA] load: d:\dead air\dead air\gamedata\scripts\ui_pda_contacts_tab.script -> ui_pda_contacts_tab
* Loading script: ui_pda_disabled_tab.script
* [DA_LUA] load: d:\dead air\dead air\gamedata\scripts\ui_pda_disabled_tab.script -> ui_pda_disabled_tab
* Loading script: ui_pda_encyclopedia_tab.script
* [DA_LUA] load: d:\dead air\dead air\gamedata\scripts\ui_pda_encyclopedia_tab.script -> ui_pda_encyclopedia_tab
* Loading script: ui_pda_relations_tab.script
* [DA_LUA] load: d:\dead air\dead air\gamedata\scripts\ui_pda_relations_tab.script -> ui_pda_relations_tab
* Loading script: ui_save_dialog.script
* [DA_LUA] load: d:\dead air\dead air\gamedata\scripts\ui_save_dialog.script -> ui_save_dialog
* Loading script: ui_scenes.script
* [DA_LUA] load: d:\dead air\dead air\gamedata\scripts\ui_scenes.script -> ui_scenes
* Loading script: ui_sleep_dialog.script
* [DA_LUA] load: d:\dead air\dead air\gamedata\scripts\ui_sleep_dialog.script -> ui_sleep_dialog
* Loading script: ui_sr_teleport.script
* [DA_LUA] load: d:\dead air\dead air\gamedata\scripts\ui_sr_teleport.script -> ui_sr_teleport
* Loading script: ui_wpn_params.script
* [DA_LUA] load: d:\dead air\dead air\gamedata\scripts\ui_wpn_params.script -> ui_wpn_params
* Loading script: version.script
* [DA_LUA] load: d:\dead air\dead air\gamedata\scripts\version.script -> version
* Loading script: visual_memory_manager.script
* [DA_LUA] load: d:\dead air\dead air\gamedata\scripts\visual_memory_manager.script -> visual_memory_manager
* Loading script: xr_actor.script
* [DA_LUA] load: d:\dead air\dead air\gamedata\scripts\xr_actor.script -> xr_actor
* Loading script: xr_animpoint_predicates.script
* [DA_LUA] load: d:\dead air\dead air\gamedata\scripts\xr_animpoint_predicates.script -> xr_animpoint_predicates
* Loading script: xr_box.script
* [DA_LUA] load: d:\dead air\dead air\gamedata\scripts\xr_box.script -> xr_box
* Loading script: xr_combat_camper.script
* [DA_LUA] load: d:\dead air\dead air\gamedata\scripts\xr_combat_camper.script -> xr_combat_camper
* Loading script: xr_evaluators_id.script
* [DA_LUA] load: d:\dead air\dead air\gamedata\scripts\xr_evaluators_id.script -> xr_evaluators_id
* Loading script: xr_combat_monolith.script
* [DA_LUA] load: d:\dead air\dead air\gamedata\scripts\xr_combat_monolith.script -> xr_combat_monolith
* Loading script: xr_conditions.script
* [DA_LUA] load: d:\dead air\dead air\gamedata\scripts\xr_conditions.script -> xr_conditions
* Loading script: xr_custom_keys.script
* [DA_LUA] load: d:\dead air\dead air\gamedata\scripts\xr_custom_keys.script -> xr_custom_keys
* Loading script: xr_detector.script
* [DA_LUA] load: d:\dead air\dead air\gamedata\scripts\xr_detector.script -> xr_detector
* Loading script: xr_dialogs.script
* [DA_LUA] load: d:\dead air\dead air\gamedata\scripts\xr_dialogs.script -> xr_dialogs
* Loading script: xr_gulag.script
* [DA_LUA] load: d:\dead air\dead air\gamedata\scripts\xr_gulag.script -> xr_gulag
* Loading script: xr_hear.script
* [DA_LUA] load: d:\dead air\dead air\gamedata\scripts\xr_hear.script -> xr_hear
* Loading script: xr_info.script
* [DA_LUA] load: d:\dead air\dead air\gamedata\scripts\xr_info.script -> xr_info
* Loading script: xr_logic.script
* [DA_LUA] load: d:\dead air\dead air\gamedata\scripts\xr_logic.script -> xr_logic
* Loading script: xr_motivator.script
* [DA_LUA] load: d:\dead air\dead air\gamedata\scripts\xr_motivator.script -> xr_motivator
* Loading script: xr_npc_extra.script
* [DA_LUA] load: d:\dead air\dead air\gamedata\scripts\xr_npc_extra.script -> xr_npc_extra
* Loading script: xr_patch.script
* [DA_LUA] load: d:\dead air\dead air\gamedata\scripts\xr_patch.script -> xr_patch
* Loading script: xr_state.script
* [DA_LUA] load: d:\dead air\dead air\gamedata\scripts\xr_state.script -> xr_state
* Loading script: xr_statistic.script
* [DA_LUA] load: d:\dead air\dead air\gamedata\scripts\xr_statistic.script -> xr_statistic
* Loading script: xr_zones.script
* [DA_LUA] load: d:\dead air\dead air\gamedata\scripts\xr_zones.script -> xr_zones
* Loading script: xr_zones_sound.script
* [DA_LUA] load: d:\dead air\dead air\gamedata\scripts\xr_zones_sound.script -> xr_zones_sound
* Loading script: xrs_debug_tools.script
* [DA_LUA] load: d:\dead air\dead air\gamedata\scripts\xrs_debug_tools.script -> xrs_debug_tools
* Loading script: xrs_dyn_music.script
* [DA_LUA] load: d:\dead air\dead air\gamedata\scripts\xrs_dyn_music.script -> xrs_dyn_music
* Loading script: xrs_dynamic_music_themes.script
* [DA_LUA] load: d:\dead air\dead air\gamedata\scripts\xrs_dynamic_music_themes.script -> xrs_dynamic_music_themes
* Loading script: xrs_rnd_npc_loadout.script
* [DA_LUA] load: d:\dead air\dead air\gamedata\scripts\xrs_rnd_npc_loadout.script -> xrs_rnd_npc_loadout
* Loading script: xrs_stereo.script
* [DA_LUA] load: d:\dead air\dead air\gamedata\scripts\xrs_stereo.script -> xrs_stereo
* Loading script: zone_no_weapon.script
* [DA_LUA] load: d:\dead air\dead air\gamedata\scripts\zone_no_weapon.script -> zone_no_weapon
[LUA]  actor_effects.on_game_start()
[LUA]  alife_storage_manager.on_game_start()
[LUA]  ammo_aggregation.on_game_start()
[LUA]  artefact_degradation.on_game_start()
[LUA]  atmosfear_options.on_game_start()
[LUA]  axr_battery.on_game_start()
[LUA]  axr_companions.on_game_start()
[LUA]  axr_keybind.on_game_start()
[LUA]  axr_overheat.on_game_start()
[LUA]  axr_task_manager.on_game_start()
[LUA]  axr_trade_manager.on_game_start()
[LUA]  axr_turn_on_campfire.on_game_start()
[LUA]  azazel_mode.on_game_start()
[LUA]  bind_dynamic_light.on_game_start()
[LUA]  campfire_manager.on_game_start()
[LUA]  coc_treasure_manager.on_game_start()
[LUA]  da_port_death_sound.on_game_start()
[LUA]  da_zone_fog.on_game_start()
[LUA]  dinamic_hud.on_game_start()
[LUA]  drx_dynamic_anomaly.on_game_start()
[LUA]  dxr_encyclopedia.on_game_start()
[LUA]  dxr_scopes.on_game_start()
[LUA]  dynamic_news_manager.on_game_start()
[LUA]  fast_travel.on_game_start()
[LUA]  game_relations.on_game_start()
[LUA]  info_portions.on_game_start()
[LUA]  inventory_radiation.on_game_start()
[LUA]  itms_manager.on_game_start()
[LUA]  level_weathers.on_game_start()
[LUA]  m_mines.on_game_start()
[LUA]  mob_trade.on_game_start()
[LUA]  modules.on_game_start()
[LUA]  pda.on_game_start()
[LUA]  phantom_manager.on_game_start()
[LUA]  release_item_manager.on_game_start()
[LUA]  safe_release_manager.on_game_start()
[LUA]  sleep_dep.on_game_start()
[LUA]  slot_hud.on_game_start()
[LUA]  surge_manager.on_game_start()
[LUA]  survival_mode.on_game_start()
[LUA]  ui_enemy_health.on_game_start()
[LUA]  ui_extra.on_game_start()
[LUA]  ui_mm_faction_select.on_game_start()
[LUA]  xr_actor.on_game_start()
[LUA]  xr_combat_ignore.on_game_start()
[LUA]  xr_corpse_detection.on_game_start()
[LUA]  xr_custom_keys.on_game_start()
[LUA]  xr_danger.on_game_start()
[LUA]  xr_gather_items.on_game_start()
[LUA]  xr_npc_extra.on_game_start()
[LUA]  xr_patch.on_game_start()
[LUA]  xr_statistic.on_game_start()
[LUA]  xrs_debug_tools.on_game_start()
[LUA]  xrs_dyn_music.on_game_start()
[LUA]  xrs_facer.on_game_start()
[LUA]  xrs_kill_wounded.on_game_start()
[LUA]  xrs_rnd_npc_loadout.on_game_start()
* phase time: 392 ms
* phase cmem: 3339612 K
* phase time: 34 ms
* phase cmem: 3339612 K
* Loading spawn registry...
~ Duplicated patrol path found  lim_smart_terrain_3_csky_wait_2_look
~ Duplicated patrol path found  aes_heli_attack_desant_walk1
~ Duplicated patrol path found  aes_heli_attack_look5
~ Duplicated patrol path found  agr_smart_terrain_4_6_kamp_1
~ Duplicated patrol path found  esc_smart_terrain_7_10_kamp_1
~ Duplicated patrol path found  esc_smart_terrain_7_11_kamp_1
~ Duplicated patrol path found  jup_b219_actor_levelchanger_look
* 22616 spawn points are successfully loaded
* Loading objects...
* 31967 objects are successfully loaded
* [DA_PORT] граф уровня: 153746 вершин, компонент связности 1 [153746], за 1.3 мс (300 КБ)
~ [DA_LUA1] обёртка alife построена заново, адрес [0000000076f8b000]
~ [DA_LUA1] обёртка game_graph построена заново, адрес [0000000126bf6e70]
* Game cap3347 - quicksave5 is successfully loaded from file 'appdata\savedgames\cap3347 - quicksave5.scop' (0.898s)
* phase time: 897 ms
* phase cmem: 3440732 K
* phase time: 36 ms
* phase cmem: 3441004 K
* phase time: 134 ms
* phase cmem: 3441004 K
# New player created.
* WARNING: player not logged in
* client : connection accepted - <All Ok>
* phase time: 100 ms
* phase cmem: 3441004 K
* phase time: 33 ms
* phase cmem: 3441008 K
* [DA_PORT] кэш столкновений: удалено уровней 1 (25 МБ), осталось 1516 МБ из 1536
* Loaded ObjectSpace cache (appdata\cdb_cache\l08_yantar\objspace.bin)...
* [DA_PORT] temporal history discarded: level load
* [DA_PORT] level_Load: начало | ссылок на устройство: 9383
* [DA_PORT] level_Load: шейдеры уровня | ссылок на устройство: 9383
* phase time: 291 ms
* phase cmem: 3526448 K
* [DA_PORT] level_Load: шейдер 1/370 [effects\glow] / [glow\glow_red2]
* [DA_PORT] level_Load: шейдер 2/370 [effects\glow] / [glow\glow_white]
* [DA_PORT] level_Load: шейдер 3/370 [def_shaders\def_vertex] / [mtl\mtl_rja_green]
* [DA_PORT] level_Load: шейдер 4/370 [def_shaders\def_vertex] / [prop\prop_pult4]
* [DA_PORT] level_Load: шейдер 5/370 [def_shaders\def_vertex] / [prop\prop_umivalnik_01]
* [DA_PORT] level_Load: шейдер 6/370 [def_shaders\def_vertex] / [mtl\mtl_tubes3]
* [DA_PORT] level_Load: шейдер 7/370 [def_shaders\def_vertex] / [mtl\mtl_ventil_pod_01]
* [DA_PORT] level_Load: шейдер 8/370 [def_shaders\def_vertex] / [mtl\mtl_truba_ch_01]
* [DA_PORT] level_Load: шейдер 9/370 [def_shaders\def_vertex] / [mtl\mtl_stena_ch_04]
* [DA_PORT] level_Load: шейдер 10/370 [def_shaders\def_vertex] / [mtl\mtl_walls8]
* [DA_PORT] level_Load: шейдер 11/370 [def_shaders\def_vertex] / [veh\veh_vagon1_02]
* [DA_PORT] level_Load: шейдер 12/370 [def_shaders\def_vertex] / [mtl\mtl_ventel]
* [DA_PORT] level_Load: шейдер 13/370 [def_shaders\def_vertex] / [veh\veh_bochka_pricep]
* [DA_PORT] level_Load: шейдер 14/370 [def_shaders\def_vertex] / [prop\prop_provod_02]
* [DA_PORT] level_Load: шейдер 15/370 [def_shaders\def_vertex] / [mtl\mtl_pod_01]
* [DA_PORT] level_Load: шейдер 16/370 [def_shaders\def_aref] / [prop\prop_barbwire3]
* [DA_PORT] level_Load: шейдер 17/370 [def_shaders\def_vertex] / [fx\fx_flare1]
* [DA_PORT] level_Load: шейдер 18/370 [def_shaders\def_vertex] / [mtl\mtl_bochka_01]
* [DA_PORT] level_Load: шейдер 19/370 [selflight] / [prop\prop_lampa_g]
* [DA_PORT] level_Load: шейдер 20/370 [selflight] / [prop\prop_lampa_g_red2]
* [DA_PORT] level_Load: шейдер 21/370 [def_shaders\def_vertex] / [prop\prop_pribori_02]
* [DA_PORT] level_Load: шейдер 22/370 [def_shaders\def_vertex] / [prop\prop_psyradar]
* [DA_PORT] level_Load: шейдер 23/370 [def_shaders\def_vertex] / [mtl\mtl_rja_01]
* [DA_PORT] level_Load: шейдер 24/370 [def_shaders\def_trans_v] / [prop\prop_mask_setka]
* [DA_PORT] level_Load: шейдер 25/370 [default] / [mtl\mtl_railway_1,lmap#4_1,lmap#4_2]
* [DA_PORT] level_Load: шейдер 26/370 [def_shaders\def_aref_v] / [prop\prop_bed1]
* [DA_PORT] level_Load: шейдер 27/370 [def_shaders\def_aref_v] / [prop\prop_bed1a]
* [DA_PORT] level_Load: шейдер 28/370 [def_shaders\def_trans_v] / [wind\wind_transp]
* [DA_PORT] level_Load: шейдер 29/370 [def_shaders\def_vertex] / [corp\corp_rat]
* [DA_PORT] level_Load: шейдер 30/370 [def_shaders\def_aref_v] / [corp\corp_human2]
* [DA_PORT] level_Load: шейдер 31/370 [def_shaders\def_aref_v] / [trees\trees_byaka1]
* [DA_PORT] level_Load: шейдер 32/370 [def_shaders\def_aref_v] / [corp\corp_human1]
* [DA_PORT] level_Load: шейдер 33/370 [def_shaders\def_vertex] / [prop\prop_el_box]
* [DA_PORT] level_Load: шейдер 34/370 [def_shaders\def_vertex] / [mtl\mtl_bochka_06a]
* [DA_PORT] level_Load: шейдер 35/370 [default] / [crete\crete_beton_5,lmap#4_1,lmap#4_2]
* [DA_PORT] level_Load: шейдер 36/370 [default] / [crete\crete_beton_5,lmap#5_1,lmap#5_2]
* [DA_PORT] level_Load: шейдер 37/370 [default] / [mtl\mtl_rja_01,lmap#1_1,lmap#1_2]
* [DA_PORT] level_Load: шейдер 38/370 [default] / [mtl\mtl_rja_01,lmap#2_1,lmap#2_2]
* [DA_PORT] level_Load: шейдер 39/370 [def_shaders\def_aref] / [prop\prop_barbwire3,lmap#3_1,lmap#3_2]
* [DA_PORT] level_Load: шейдер 40/370 [def_shaders\def_aref] / [prop\prop_barbwire3,lmap#4_1,lmap#4_2]
* [DA_PORT] level_Load: шейдер 41/370 [def_shaders\def_aref] / [prop\prop_barbwire3,lmap#2_1,lmap#2_2]
* [DA_PORT] level_Load: шейдер 42/370 [def_shaders\def_aref] / [mtl\mtl_fence_01,lmap#5_1,lmap#5_2]
* [DA_PORT] level_Load: шейдер 43/370 [def_shaders\def_aref] / [mtl\mtl_fence_01,lmap#4_1,lmap#4_2]
* [DA_PORT] level_Load: шейдер 44/370 [def_shaders\def_aref] / [mtl\mtl_fence_01,lmap#6_1,lmap#6_2]
* [DA_PORT] level_Load: шейдер 45/370 [default] / [crete\crete_pol_brown_1,lmap#6_1,lmap#6_2]
* [DA_PORT] level_Load: шейдер 46/370 [default] / [crete\crete_pol_brown_1,lmap#7_1,lmap#7_2]
* [DA_PORT] level_Load: шейдер 47/370 [def_shaders\def_aref] / [mtl\mtl_girder_reil,lmap#5_1,lmap#5_2]
* [DA_PORT] level_Load: шейдер 48/370 [def_shaders\def_aref] / [mtl\mtl_girder_reil,lmap#4_1,lmap#4_2]
* [DA_PORT] level_Load: шейдер 49/370 [def_shaders\def_aref] / [mtl\mtl_girder_reil_a,lmap#6_1,lmap#6_2]
* [DA_PORT] level_Load: шейдер 50/370 [default] / [mtl\mtl_girder_reil_b,lmap#6_1,lmap#6_2]
* [DA_PORT] level_Load: шейдер 51/370 [default] / [mtl\mtl_walls10,lmap#6_1,lmap#6_2]
* [DA_PORT] level_Load: шейдер 52/370 [default] / [grnd\grnd_dirt_dark,lmap#5_1,lmap#5_2]
* [DA_PORT] level_Load: шейдер 53/370 [default] / [grnd\grnd_dirt_dark,lmap#4_1,lmap#4_2]
* [DA_PORT] level_Load: шейдер 54/370 [default] / [grnd\grnd_dirt_dark,lmap#3_1,lmap#3_2]
* [DA_PORT] level_Load: шейдер 55/370 [default] / [wood\wood_doski2,lmap#7_1,lmap#7_2]
* [DA_PORT] level_Load: шейдер 56/370 [default] / [wood\wood_fence_01,lmap#7_1,lmap#7_2]
* [DA_PORT] level_Load: шейдер 57/370 [default] / [wood\wood_jasik,lmap#7_1,lmap#7_2]
* [DA_PORT] level_Load: шейдер 58/370 [default] / [prop\prop_dangerbox,lmap#7_1,lmap#7_2]
* [DA_PORT] level_Load: шейдер 59/370 [default] / [crete\crete_beton_pod_03,lmap#3_1,lmap#3_2]
* [DA_PORT] level_Load: шейдер 60/370 [default] / [crete\crete_beton_pod_03,lmap#2_1,lmap#2_2]
* [DA_PORT] level_Load: шейдер 61/370 [default] / [door\door_metal_02,lmap#7_1,lmap#7_2]
* [DA_PORT] level_Load: шейдер 62/370 [default] / [glass\glass_blocks,lmap#7_1,lmap#7_2]
* [DA_PORT] level_Load: шейдер 63/370 [default] / [mtl\mtl_tubes3,lmap#7_1,lmap#7_2]
* [DA_PORT] level_Load: шейдер 64/370 [default] / [roof\roof_smola,lmap#6_1,lmap#6_2]
* [DA_PORT] level_Load: шейдер 65/370 [default] / [roof\roof_smola,lmap#5_1,lmap#5_2]
* [DA_PORT] level_Load: шейдер 66/370 [default] / [briks\briks_inside_02,lmap#7_1,lmap#7_2]
* [DA_PORT] level_Load: шейдер 67/370 [default] / [wood\wood_board_01,lmap#7_1,lmap#7_2]
* [DA_PORT] level_Load: шейдер 68/370 [default] / [wood\wood_old,lmap#7_1,lmap#7_2]
* [DA_PORT] level_Load: шейдер 69/370 [default] / [crete\crete_walls_02,lmap#7_1,lmap#7_2]
* [DA_PORT] level_Load: шейдер 70/370 [def_shaders\def_aref] / [mtl\mtl_floor_fence_01,lmap#7_1,lmap#7_2]
* [DA_PORT] level_Load: шейдер 71/370 [default] / [mtl\mtl_rust_dark,lmap#6_1,lmap#6_2]
* [DA_PORT] level_Load: шейдер 72/370 [default] / [mtl\mtl_rust_dark,lmap#5_1,lmap#5_2]
* [DA_PORT] level_Load: шейдер 73/370 [default] / [mtl\mtl_rust_dark,lmap#4_1,lmap#4_2]
* [DA_PORT] level_Load: шейдер 74/370 [default] / [mtl\mtl_bochka_02,lmap#7_1,lmap#7_2]
* [DA_PORT] level_Load: шейдер 75/370 [default] / [briks\briks_br2,lmap#2_1,lmap#2_2]
* [DA_PORT] level_Load: шейдер 76/370 [default] / [briks\briks_br2,lmap#3_1,lmap#3_2]
* [DA_PORT] level_Load: шейдер 77/370 [default] / [briks\briks_br2,lmap#1_1,lmap#1_2]
* [DA_PORT] level_Load: шейдер 78/370 [default] / [crete\crete_walls_old_01,lmap#4_1,lmap#4_2]
* [DA_PORT] level_Load: шейдер 79/370 [default] / [crete\crete_walls_old_01,lmap#5_1,lmap#5_2]
* [DA_PORT] level_Load: шейдер 80/370 [default] / [crete\crete_walls_old_01,lmap#6_1,lmap#6_2]
* [DA_PORT] level_Load: шейдер 81/370 [default] / [wall\wall_border_01,lmap#7_1,lmap#7_2]
* [DA_PORT] level_Load: шейдер 82/370 [default] / [trees\trees_bark_a_02,lmap#7_1,lmap#7_2]
* [DA_PORT] level_Load: шейдер 83/370 [default] / [trees\trees_spil,lmap#7_1,lmap#7_2]
* [DA_PORT] level_Load: шейдер 84/370 [default] / [wood\wood_stolb,lmap#7_1,lmap#7_2]
* [DA_PORT] level_Load: шейдер 85/370 [default] / [wood\wood_collect,lmap#7_1,lmap#7_2]
* [DA_PORT] level_Load: шейдер 86/370 [default] / [prop\prop_bathhole,lmap#7_1,lmap#7_2]
* [DA_PORT] level_Load: шейдер 87/370 [default] / [mtl\mtl_bochka_03_r,lmap#7_1,lmap#7_2]
* [DA_PORT] level_Load: шейдер 88/370 [default] / [mtl\mtl_luk_ch_01,lmap#7_1,lmap#7_2]
* [DA_PORT] level_Load: шейдер 89/370 [default] / [mtl\mtl_luk_n,lmap#7_1,lmap#7_2]
* [DA_PORT] level_Load: шейдер 90/370 [default] / [prop\prop_ognetushit,lmap#7_1,lmap#7_2]
* [DA_PORT] level_Load: шейдер 91/370 [default] / [prop\prop_shitok,lmap#7_1,lmap#7_2]
* [DA_PORT] level_Load: шейдер 92/370 [default] / [roof\roof_schiffer_01,lmap#5_1,lmap#5_2]
* [DA_PORT] level_Load: шейдер 93/370 [default] / [roof\roof_schiffer_01,lmap#4_1,lmap#4_2]
* [DA_PORT] level_Load: шейдер 94/370 [default] / [mtl\mtl_barrel_big,lmap#7_1,lmap#7_2]
* [DA_PORT] level_Load: шейдер 95/370 [default] / [mtl\mtl_batarea_p,lmap#7_1,lmap#7_2]
* [DA_PORT] level_Load: шейдер 96/370 [default] / [mtl\mtl_big_konteyneri,lmap#7_1,lmap#7_2]
* [DA_PORT] level_Load: шейдер 97/370 [default] / [mtl\mtl_bochka_01,lmap#6_1,lmap#6_2]
* [DA_PORT] level_Load: шейдер 98/370 [default] / [mtl\mtl_bochka_01,lmap#5_1,lmap#5_2]
* [DA_PORT] level_Load: шейдер 99/370 [default] / [mtl\mtl_tubes3b,lmap#7_1,lmap#7_2]
* [DA_PORT] level_Load: шейдер 100/370 [default] / [tile\tile_border_dark_01,lmap#7_1,lmap#7_2]
* [DA_PORT] level_Load: шейдер 101/370 [default] / [veh\veh_bugger_1,lmap#7_1,lmap#7_2]
* [DA_PORT] level_Load: шейдер 102/370 [default] / [wall\wall_border_02,lmap#5_1,lmap#5_2]
* [DA_PORT] level_Load: шейдер 103/370 [default] / [wall\wall_border_02,lmap#4_1,lmap#4_2]
* [DA_PORT] level_Load: шейдер 104/370 [default] / [wall\wall_ceiling_01,lmap#7_1,lmap#7_2]
* [DA_PORT] level_Load: шейдер 105/370 [default] / [wall\wall_stucco_10,lmap#3_1,lmap#3_2]
* [DA_PORT] level_Load: шейдер 106/370 [default] / [wall\wall_stucco_10,lmap#2_1,lmap#2_2]
* [DA_PORT] level_Load: шейдер 107/370 [default] / [wall\wall_walls_paint_02,lmap#6_1,lmap#6_2]
* [DA_PORT] level_Load: шейдер 108/370 [default] / [wind\wind_03,lmap#4_1,lmap#4_2]
* [DA_PORT] level_Load: шейдер 109/370 [default] / [wind\wind_03,lmap#3_1,lmap#3_2]
* [DA_PORT] level_Load: шейдер 110/370 [default] / [wind\wind_03,lmap#2_1,lmap#2_2]
* [DA_PORT] level_Load: шейдер 111/370 [default] / [mtl\mtl_rja_blue,lmap#6_1,lmap#6_2]
* [DA_PORT] level_Load: шейдер 112/370 [default] / [mtl\mtl_rja_blue,lmap#5_1,lmap#5_2]
* [DA_PORT] level_Load: шейдер 113/370 [default] / [mtl\mtl_rja_green,lmap#7_1,lmap#7_2]
* [DA_PORT] level_Load: шейдер 114/370 [default] / [mtl\mtl_stena_ch_04,lmap#4_1,lmap#4_2]
* [DA_PORT] level_Load: шейдер 115/370 [default] / [mtl\mtl_stena_ch_04,lmap#5_1,lmap#5_2]
* [DA_PORT] level_Load: шейдер 116/370 [default] / [mtl\mtl_stena_ch_04,lmap#3_1,lmap#3_2]
* [DA_PORT] level_Load: шейдер 117/370 [default] / [mtl\mtl_stena_ch_04,lmap#2_1,lmap#2_2]
* [DA_PORT] level_Load: шейдер 118/370 [default] / [mtl\mtl_stena_ch_071,lmap#6_1,lmap#6_2]
* [DA_PORT] level_Load: шейдер 119/370 [default] / [mtl\mtl_floor_plate_03,lmap#6_1,lmap#6_2]
* [DA_PORT] level_Load: шейдер 120/370 [default] / [mtl\mtl_pod_01,lmap#7_1,lmap#7_2]
* [DA_PORT] level_Load: шейдер 121/370 [default] / [mtl\mtl_reshetka_pot_01,lmap#6_1,lmap#6_2]
* [DA_PORT] level_Load: шейдер 122/370 [default] / [mtl\mtl_reshetka_pot_01,lmap#5_1,lmap#5_2]
* [DA_PORT] level_Load: шейдер 123/370 [default] / [prop\prop_el_shkaf_01,lmap#7_1,lmap#7_2]
* [DA_PORT] level_Load: шейдер 124/370 [default] / [prop\prop_electricalunit4,lmap#7_1,lmap#7_2]
* [DA_PORT] level_Load: шейдер 125/370 [default] / [prop\prop_grate_01,lmap#7_1,lmap#7_2]
* [DA_PORT] level_Load: шейдер 126/370 [default] / [wood\wood_walls8,lmap#6_1,lmap#6_2]
* [DA_PORT] level_Load: шейдер 127/370 [default] / [crete\crete_stupeni_a,lmap#7_1,lmap#7_2]
* [DA_PORT] level_Load: шейдер 128/370 [default] / [crete\crete_stupeni_b,lmap#7_1,lmap#7_2]
* [DA_PORT] level_Load: шейдер 129/370 [default] / [crete\crete_walls_01,lmap#5_1,lmap#5_2]
* [DA_PORT] level_Load: шейдер 130/370 [default] / [crete\crete_walls_01,lmap#6_1,lmap#6_2]
* [DA_PORT] level_Load: шейдер 131/370 [default] / [crete\crete_walls_01,lmap#4_1,lmap#4_2]
* [DA_PORT] level_Load: шейдер 132/370 [default] / [crete\crete_walls_old_02,lmap#3_1,lmap#3_2]
* [DA_PORT] level_Load: шейдер 133/370 [default] / [crete\crete_walls_old_02,lmap#2_1,lmap#2_2]
* [DA_PORT] level_Load: шейдер 134/370 [default] / [crete\crete_walls_old_02,lmap#4_1,lmap#4_2]
* [DA_PORT] level_Load: шейдер 135/370 [default] / [crete\crete_zabor,lmap#7_1,lmap#7_2]
* [DA_PORT] level_Load: шейдер 136/370 [default] / [door\door_electricunit_03,lmap#7_1,lmap#7_2]
* [DA_PORT] level_Load: шейдер 137/370 [default] / [door\door_electricunit_04,lmap#7_1,lmap#7_2]
* [DA_PORT] level_Load: шейдер 138/370 [default] / [door\door_gate_metal_02,lmap#6_1,lmap#6_2]
* [DA_PORT] level_Load: шейдер 139/370 [default] / [door\door_gate_metal_03,lmap#7_1,lmap#7_2]
* [DA_PORT] level_Load: шейдер 140/370 [default] / [door\door_sheet,lmap#7_1,lmap#7_2]
* [DA_PORT] level_Load: шейдер 141/370 [default] / [floor\floor_linoleum_02,lmap#2_1,lmap#2_2]
* [DA_PORT] level_Load: шейдер 142/370 [default] / [floor\floor_linoleum_02,lmap#4_1,lmap#4_2]
* [DA_PORT] level_Load: шейдер 143/370 [default] / [floor\floor_linoleum_02,lmap#3_1,lmap#3_2]
* [DA_PORT] level_Load: шейдер 144/370 [default] / [floor\floor_tile_01,lmap#7_1,lmap#7_2]
* [DA_PORT] level_Load: шейдер 145/370 [default] / [floor\floor_tile_02,lmap#4_1,lmap#4_2]
* [DA_PORT] level_Load: шейдер 146/370 [default] / [floor\floor_tile_02,lmap#2_1,lmap#2_2]
* [DA_PORT] level_Load: шейдер 147/370 [default] / [floor\floor_tile_05,lmap#4_1,lmap#4_2]
* [DA_PORT] level_Load: шейдер 148/370 [default] / [floor\floor_tile_05,lmap#5_1,lmap#5_2]
* [DA_PORT] level_Load: шейдер 149/370 [default] / [floor\floor_tile_05,lmap#2_1,lmap#2_2]
* [DA_PORT] level_Load: шейдер 150/370 [default] / [floor\floor_tile_05,lmap#3_1,lmap#3_2]
* [DA_PORT] level_Load: шейдер 151/370 [default] / [grnd\grnd_land_01,lmap#3_1,lmap#3_2]
* [DA_PORT] level_Load: шейдер 152/370 [default] / [grnd\grnd_land_01,lmap#5_1,lmap#5_2]
* [DA_PORT] level_Load: шейдер 153/370 [default] / [grnd\grnd_land_01,lmap#4_1,lmap#4_2]
* [DA_PORT] level_Load: шейдер 154/370 [default] / [mtl\mtl_walls9,lmap#7_1,lmap#7_2]
* [DA_PORT] level_Load: шейдер 155/370 [default] / [mtl\mtl_walls9a,lmap#6_1,lmap#6_2]
* [DA_PORT] level_Load: шейдер 156/370 [default] / [prop\prop_border,lmap#1_1,lmap#1_2]
* [DA_PORT] level_Load: шейдер 157/370 [default] / [prop\prop_bridge_01,lmap#7_1,lmap#7_2]
* [DA_PORT] level_Load: шейдер 158/370 [default] / [briks\briks_br1,lmap#7_1,lmap#7_2]
* [DA_PORT] level_Load: шейдер 159/370 [default] / [briks\briks_dirt_01,lmap#4_1,lmap#4_2]
* [DA_PORT] level_Load: шейдер 160/370 [default] / [briks\briks_dirt_01,lmap#2_1,lmap#2_2]
* [DA_PORT] level_Load: шейдер 161/370 [default] / [briks\briks_dirt_01,lmap#3_1,lmap#3_2]
* [DA_PORT] level_Load: шейдер 162/370 [default] / [briks\briks_inside_01,lmap#7_1,lmap#7_2]
* [DA_PORT] level_Load: шейдер 163/370 [default] / [crete\crete_beton_2,lmap#7_1,lmap#7_2]
* [DA_PORT] level_Load: шейдер 164/370 [default] / [crete\crete_beton_dirt_01,lmap#6_1,lmap#6_2]
* [DA_PORT] level_Load: шейдер 165/370 [default] / [crete\crete_debris_01,lmap#7_1,lmap#7_2]
* [DA_PORT] level_Load: шейдер 166/370 [default] / [crete\crete_dirt_2,lmap#4_1,lmap#4_2]
* [DA_PORT] level_Load: шейдер 167/370 [default] / [crete\crete_dirt_2,lmap#3_1,lmap#3_2]
* [DA_PORT] level_Load: шейдер 168/370 [default] / [crete\crete_dirt_2,lmap#5_1,lmap#5_2]
* [DA_PORT] level_Load: шейдер 169/370 [default] / [prop\prop_electricalunit3,lmap#7_1,lmap#7_2]
* [DA_PORT] level_Load: шейдер 170/370 [default] / [crete\crete_stena_04a,lmap#6_1,lmap#6_2]
* [DA_PORT] level_Load: шейдер 171/370 [default] / [glas\glas_ch_01,lmap#7_1,lmap#7_2]
* [DA_PORT] level_Load: шейдер 172/370 [default] / [mtl\mtl_angar_a_b,lmap#7_1,lmap#7_2]
* [DA_PORT] level_Load: шейдер 173/370 [default] / [mtl\mtl_angar_a_b,lmap#6_1,lmap#6_2]
* [DA_PORT] level_Load: шейдер 174/370 [default] / [crete\crete_stena_ch_14,lmap#5_1,lmap#5_2]
* [DA_PORT] level_Load: шейдер 175/370 [default] / [crete\crete_stena_ch_14,lmap#4_1,lmap#4_2]
* [DA_PORT] level_Load: шейдер 176/370 [default] / [door\door_wood_03,lmap#7_1,lmap#7_2]
* [DA_PORT] level_Load: шейдер 177/370 [default] / [crete\crete_beton_ch_06_glass,lmap#6_1,lmap#6_2]
* [DA_PORT] level_Load: шейдер 178/370 [default] / [crete\crete_house_wall_1,lmap#1_1,lmap#1_2]
* [DA_PORT] level_Load: шейдер 179/370 [default] / [veh\veh_vagon1_02,lmap#7_1,lmap#7_2]
* [DA_PORT] level_Load: шейдер 180/370 [def_shaders\def_aref] / [mtl\mtl_reshetka_pot_01,lmap#7_1,lmap#7_2]
* [DA_PORT] level_Load: шейдер 181/370 [default] / [mtl\mtl_stena_08,lmap#6_1,lmap#6_2]
* [DA_PORT] level_Load: шейдер 182/370 [default] / [mtl\mtl_stena_08,lmap#5_1,lmap#5_2]
* [DA_PORT] level_Load: шейдер 183/370 [default] / [mtl\mtl_stena_08,lmap#4_1,lmap#4_2]
* [DA_PORT] level_Load: шейдер 184/370 [default] / [prop\prop_musor_02,lmap#7_1,lmap#7_2]
* [DA_PORT] level_Load: шейдер 185/370 [default] / [mtl\mtl_gofra_1_color,lmap#5_1,lmap#5_2]
* [DA_PORT] level_Load: шейдер 186/370 [default] / [mtl\mtl_gofra_1_color,lmap#4_1,lmap#4_2]
* [DA_PORT] level_Load: шейдер 187/370 [default] / [mtl\mtl_gofra_2_color,lmap#7_1,lmap#7_2]
* [DA_PORT] level_Load: шейдер 188/370 [default] / [crete\crete_beton_4,lmap#7_1,lmap#7_2]
* [DA_PORT] level_Load: шейдер 189/370 [default] / [wood\wood_plank6,lmap#6_1,lmap#6_2]
* [DA_PORT] level_Load: шейдер 190/370 [default] / [wood\wood_plank6,lmap#4_1,lmap#4_2]
* [DA_PORT] level_Load: шейдер 191/370 [default] / [grnd\grnd_dirt_dust_02,lmap#7_1,lmap#7_2]
* [DA_PORT] level_Load: шейдер 192/370 [default] / [prop\prop_musor_01,lmap#7_1,lmap#7_2]
* [DA_PORT] level_Load: шейдер 193/370 [default] / [crete\crete_stena_ch_13,lmap#2_1,lmap#2_2]
* [DA_PORT] level_Load: шейдер 194/370 [default] / [crete\crete_stena_ch_13,lmap#1_1,lmap#1_2]
* [DA_PORT] level_Load: шейдер 195/370 [default] / [mtl\mtl_luk_ch_02,lmap#7_1,lmap#7_2]
* [DA_PORT] level_Load: шейдер 196/370 [default] / [prop\prop_lamppost1,lmap#7_1,lmap#7_2]
* [DA_PORT] level_Load: шейдер 197/370 [default] / [prop\prop_lamppost1a,lmap#7_1,lmap#7_2]
* [DA_PORT] level_Load: шейдер 198/370 [default] / [mtl\mtl_pod_01_stears,lmap#7_1,lmap#7_2]
* [DA_PORT] level_Load: шейдер 199/370 [def_shaders\def_aref] / [mtl\mtl_fence_01,lmap#7_1,lmap#7_2]
* [DA_PORT] level_Load: шейдер 200/370 [default] / [prop\prop_dangerbox_2,lmap#7_1,lmap#7_2]
* [DA_PORT] level_Load: шейдер 201/370 [default] / [veh\veh_bochka_pricep,lmap#7_1,lmap#7_2]
* [DA_PORT] level_Load: шейдер 202/370 [default] / [mtl\mtl_musor_bak,lmap#7_1,lmap#7_2]
* [DA_PORT] level_Load: шейдер 203/370 [default] / [prop\prop_woodenreel1,lmap#7_1,lmap#7_2]
* [DA_PORT] level_Load: шейдер 204/370 [default] / [grnd\grnd_dry_gr_01,lmap#7_1,lmap#7_2]
* [DA_PORT] level_Load: шейдер 205/370 [default] / [prop\prop_governmentbox_1,lmap#7_1,lmap#7_2]
* [DA_PORT] level_Load: шейдер 206/370 [default] / [prop\prop_safe_1,lmap#7_1,lmap#7_2]
* [DA_PORT] level_Load: шейдер 207/370 [default] / [prop\prop_transformer_dw,lmap#7_1,lmap#7_2]
* [DA_PORT] level_Load: шейдер 208/370 [default] / [mtl\mtl_garage_02,lmap#6_1,lmap#6_2]
* [DA_PORT] level_Load: шейдер 209/370 [default] / [mtl\mtl_garage_02,lmap#5_1,lmap#5_2]
* [DA_PORT] level_Load: шейдер 210/370 [default] / [door\door_trader,lmap#7_1,lmap#7_2]
* [DA_PORT] level_Load: шейдер 211/370 [default] / [item\item_x_files,lmap#7_1,lmap#7_2]
* [DA_PORT] level_Load: шейдер 212/370 [default] / [mtl\mtl_fence_ql,lmap#6_1,lmap#6_2]
* [DA_PORT] level_Load: шейдер 213/370 [default] / [mtl\mtl_fence_ql,lmap#5_1,lmap#5_2]
* [DA_PORT] level_Load: шейдер 214/370 [default] / [mtl\mtl_plates,lmap#7_1,lmap#7_2]
* [DA_PORT] level_Load: шейдер 215/370 [default] / [mtl\mtl_plates,lmap#6_1,lmap#6_2]
* [DA_PORT] level_Load: шейдер 216/370 [default] / [prop\prop_box_3,lmap#7_1,lmap#7_2]
* [DA_PORT] level_Load: шейдер 217/370 [default] / [prop\prop_girder_01,lmap#4_1,lmap#4_2]
* [DA_PORT] level_Load: шейдер 218/370 [default] / [prop\prop_girder_01,lmap#5_1,lmap#5_2]
* [DA_PORT] level_Load: шейдер 219/370 [default] / [prop\prop_girder_01,lmap#3_1,lmap#3_2]
* [DA_PORT] level_Load: шейдер 220/370 [default] / [prop\prop_item3,lmap#7_1,lmap#7_2]
* [DA_PORT] level_Load: шейдер 221/370 [default] / [prop\prop_komp,lmap#7_1,lmap#7_2]
* [DA_PORT] level_Load: шейдер 222/370 [default] / [prop\prop_pribori_02,lmap#7_1,lmap#7_2]
* [DA_PORT] level_Load: шейдер 223/370 [default] / [prop\prop_vent,lmap#7_1,lmap#7_2]
* [DA_PORT] level_Load: шейдер 224/370 [default] / [prop\prop_poster_03,lmap#7_1,lmap#7_2]
* [DA_PORT] level_Load: шейдер 225/370 [default] / [door\door_metal_01,lmap#7_1,lmap#7_2]
* [DA_PORT] level_Load: шейдер 226/370 [default] / [wood\wood_spil_1_old,lmap#7_1,lmap#7_2]
* [DA_PORT] level_Load: шейдер 227/370 [default] / [mtl\mtl_railway_1,lmap#4_1,lmap#4_2]
* [DA_PORT] level_Load: шейдер 228/370 [default] / [mtl\mtl_railway_1,lmap#5_1,lmap#5_2]
* [DA_PORT] level_Load: шейдер 229/370 [default] / [mtl\mtl_railway_1,lmap#6_1,lmap#6_2]
* [DA_PORT] level_Load: шейдер 230/370 [default] / [mtl\mtl_railway_1,lmap#7_1,lmap#7_2]
* [DA_PORT] level_Load: шейдер 231/370 [default] / [roof\roof_metal_01,lmap#6_1,lmap#6_2]
* [DA_PORT] level_Load: шейдер 232/370 [default] / [roof\roof_metal_01,lmap#5_1,lmap#5_2]
* [DA_PORT] level_Load: шейдер 233/370 [default] / [wall\wall_wallpaper_01,lmap#6_1,lmap#6_2]
* [DA_PORT] level_Load: шейдер 234/370 [def_shaders\def_trans] / [wind\wind_transp,lmap#7_1,lmap#7_2]
* [DA_PORT] level_Load: шейдер 235/370 [default] / [wind\wind_transp,lmap#6_1,lmap#6_2]
* [DA_PORT] level_Load: шейдер 236/370 [default] / [tile\tile_walls_pink_01,lmap#7_1,lmap#7_2]
* [DA_PORT] level_Load: шейдер 237/370 [default] / [prop\prop_lamppost,lmap#7_1,lmap#7_2]
* [DA_PORT] level_Load: шейдер 238/370 [default] / [crete\crete_beton_ch_13,lmap#2_1,lmap#2_2]
* [DA_PORT] level_Load: шейдер 239/370 [default] / [crete\crete_beton_ch_13,lmap#3_1,lmap#3_2]
* [DA_PORT] level_Load: шейдер 240/370 [default] / [crete\crete_beton_ch_13,lmap#1_1,lmap#1_2]
* [DA_PORT] level_Load: шейдер 241/370 [default] / [crete\crete_stena_ch_08,lmap#5_1,lmap#5_2]
* [DA_PORT] level_Load: шейдер 242/370 [default] / [crete\crete_stena_ch_08,lmap#4_1,lmap#4_2]
* [DA_PORT] level_Load: шейдер 243/370 [default] / [crete\crete_stena_ch_08,lmap#3_1,lmap#3_2]
* [DA_PORT] level_Load: шейдер 244/370 [default] / [crete\crete_stena_ch_11_2,lmap#7_1,lmap#7_2]
* [DA_PORT] level_Load: шейдер 245/370 [default] / [crete\crete_stena_ch_12,lmap#3_1,lmap#3_2]
* [DA_PORT] level_Load: шейдер 246/370 [default] / [crete\crete_stena_ch_12,lmap#4_1,lmap#4_2]
* [DA_PORT] level_Load: шейдер 247/370 [default] / [mtl\mtl_kreplen_pod_01,lmap#6_1,lmap#6_2]
* [DA_PORT] level_Load: шейдер 248/370 [default] / [tile\tile_green,lmap#6_1,lmap#6_2]
* [DA_PORT] level_Load: шейдер 249/370 [default] / [tile\tile_walls_white_01,lmap#3_1,lmap#3_2]
* [DA_PORT] level_Load: шейдер 250/370 [default] / [tile\tile_walls_white_01,lmap#4_1,lmap#4_2]
* [DA_PORT] level_Load: шейдер 251/370 [default] / [tile\tile_walls_white_01,lmap#2_1,lmap#2_2]
* [DA_PORT] level_Load: шейдер 252/370 [default] / [wall\wall_border_03,lmap#1_1,lmap#1_2]
* [DA_PORT] level_Load: шейдер 253/370 [default] / [wall\wall_border_03,lmap#2_1,lmap#2_2]
* [DA_PORT] level_Load: шейдер 254/370 [default] / [wall\wall_border_03,lmap#4_1,lmap#4_2]
* [DA_PORT] level_Load: шейдер 255/370 [default] / [wind\wind_factory,lmap#6_1,lmap#6_2]
* [DA_PORT] level_Load: шейдер 256/370 [default] / [wind\wind_factory,lmap#7_1,lmap#7_2]
* [DA_PORT] level_Load: шейдер 257/370 [default] / [mtl\mtl_fly_polosa,lmap#7_1,lmap#7_2]
* [DA_PORT] level_Load: шейдер 258/370 [default] / [mtl\mtl_pod_green,lmap#7_1,lmap#7_2]
* [DA_PORT] level_Load: шейдер 259/370 [default] / [mtl\mtl_barrel_big_rust,lmap#7_1,lmap#7_2]
* [DA_PORT] level_Load: шейдер 260/370 [def_shaders\def_aref] / [deta\decail_musor_01,lmap#7_1,lmap#7_2]
* [DA_PORT] level_Load: шейдер 261/370 [def_shaders\def_aref] / [deta\decail_podnogamy,lmap#7_1,lmap#7_2]
* [DA_PORT] level_Load: шейдер 262/370 [def_shaders\def_aref] / [deta\decail_musor_00,lmap#7_1,lmap#7_2]
* [DA_PORT] level_Load: шейдер 263/370 [def_shaders\def_aref] / [deta\decail_musor_02,lmap#7_1,lmap#7_2]
* [DA_PORT] level_Load: шейдер 264/370 [def_shaders\def_aref] / [deta\decail_0_oil,lmap#7_1,lmap#7_2]
* [DA_PORT] level_Load: шейдер 265/370 [def_shaders\def_aref] / [vine\vine_dried_up,lmap#7_1,lmap#7_2]
* [DA_PORT] level_Load: шейдер 266/370 [def_shaders\def_vertex] / [veh\veh_kamaz_u_br]
* [DA_PORT] level_Load: шейдер 267/370 [def_shaders\def_vertex] / [grnd\grnd_dry_gr_01]
* [DA_PORT] level_Load: шейдер 268/370 [def_shaders\def_vertex] / [mtl\mtl_luk_ch_01]
* [DA_PORT] level_Load: шейдер 269/370 [def_shaders\def_vertex] / [prop\prop_lamps_01]
* [DA_PORT] level_Load: шейдер 270/370 [def_shaders\def_aref_v] / [mtl\mtl_fence_04]
* [DA_PORT] level_Load: шейдер 271/370 [def_shaders\def_vertex] / [mtl\mtl_angar_a_b]
* [DA_PORT] level_Load: шейдер 272/370 [def_shaders\def_vertex] / [act\act_ryukzak_black]
* [DA_PORT] level_Load: шейдер 273/370 [def_shaders\def_vertex] / [act\act_ryukzak]
* [DA_PORT] level_Load: шейдер 274/370 [def_shaders\def_vertex] / [prop\prop_provod_03]
* [DA_PORT] level_Load: шейдер 275/370 [def_shaders\def_vertex] / [mtl\mtl_bochka_03_r]
* [DA_PORT] level_Load: шейдер 276/370 [def_shaders\def_vertex] / [mtl\mtl_stena_ch_071]
* [DA_PORT] level_Load: шейдер 277/370 [def_shaders\def_vertex] / [prop\prop_cable_bobbin]
* [DA_PORT] level_Load: шейдер 278/370 [def_shaders\def_vertex] / [prop\prop_transformer_dw]
* [DA_PORT] level_Load: шейдер 279/370 [def_shaders\def_vertex] / [mtl\mtl_tubes7]
* [DA_PORT] level_Load: шейдер 280/370 [def_shaders\def_vertex] / [act\act_scientist_suit_green]
* [DA_PORT] level_Load: шейдер 281/370 [def_shaders\def_vertex] / [prop\prop_mattress1]
* [DA_PORT] level_Load: шейдер 282/370 [def_shaders\def_vertex] / [prop\prop_elec_kran]
* [DA_PORT] level_Load: шейдер 283/370 [def_shaders\def_vertex] / [mtl\mtl_bochka_04]
* [DA_PORT] level_Load: шейдер 284/370 [def_shaders\def_vertex] / [veh\veh_kamaz_u_01]
* [DA_PORT] level_Load: шейдер 285/370 [def_shaders\def_vertex] / [mtl\mtl_bochka_05]
* [DA_PORT] level_Load: шейдер 286/370 [def_shaders\def_vertex] / [corp\corp_zomby1]
* [DA_PORT] level_Load: шейдер 287/370 [def_shaders\def_vertex] / [corp\corp_stalker]
* [DA_PORT] level_Load: шейдер 288/370 [def_shaders\def_vertex] / [corp\corp_sold1]
* [DA_PORT] level_Load: шейдер 289/370 [default] / [crete\crete_beton_pod_03,lmap#4_1,lmap#4_2]
* [DA_PORT] level_Load: шейдер 290/370 [def_shaders\def_vertex] / [veh\veh_uazik]
* [DA_PORT] level_Load: шейдер 291/370 [def_shaders\def_vertex] / [mtl\mtl_barrel_02]
* [DA_PORT] level_Load: шейдер 292/370 [def_shaders\def_vertex] / [prop\prop_sigaret]
* [DA_PORT] level_Load: шейдер 293/370 [def_shaders\def_vertex] / [crete\crete_beton_lom]
* [DA_PORT] level_Load: шейдер 294/370 [def_shaders\def_vertex] / [grnd\grnd_rocks_02]
* [DA_PORT] level_Load: шейдер 295/370 [def_shaders\def_vertex] / [trees\trees_bark_a_02]
* [DA_PORT] level_Load: шейдер 296/370 [def_shaders\def_vertex] / [mtl\mtl_truba_ql02]
* [DA_PORT] level_Load: шейдер 297/370 [def_shaders\def_vertex] / [roof\roof_smola]
* [DA_PORT] level_Load: шейдер 298/370 [def_shaders\def_vertex] / [mtl\mtl_rja_blue]
* [DA_PORT] level_Load: шейдер 299/370 [def_shaders\def_vertex] / [mtl\mtl_truba_ch]
* [DA_PORT] level_Load: шейдер 300/370 [def_shaders\def_vertex] / [mtl\mtl_truba_factory]
* [DA_PORT] level_Load: шейдер 301/370 [def_shaders\def_vertex] / [prop\prop_dangerbox]
* [DA_PORT] level_Load: шейдер 302/370 [def_shaders\def_vertex] / [prop\prop_electroengine1]
* [DA_PORT] level_Load: шейдер 303/370 [def_shaders\def_vertex] / [mtl\mtl_arm_2]
* [DA_PORT] level_Load: шейдер 304/370 [def_shaders\def_vertex] / [mtl\mtl_ventil_pod_02]
* [DA_PORT] level_Load: шейдер 305/370 [def_shaders\def_vertex] / [prop\prop_elektro]
* [DA_PORT] level_Load: шейдер 306/370 [def_shaders\def_vertex] / [crete\crete_beton_pod_03]
* [DA_PORT] level_Load: шейдер 307/370 [effects\water] / [water\water_water]
* [DA_PORT] level_Load: шейдер 308/370 [def_shaders\def_vertex] / [mtl\mtl_tubes3b]
* [DA_PORT] level_Load: шейдер 309/370 [def_shaders\def_vertex] / [prop\prop_lamppost1b]
* [DA_PORT] level_Load: шейдер 310/370 [def_shaders\def_vertex] / [grnd\grnd_rocks_01]
* [DA_PORT] level_Load: шейдер 311/370 [def_shaders\def_vertex] / [fx\fx_wood_fire]
* [DA_PORT] level_Load: шейдер 312/370 [def_shaders\def_vertex] / [mtl\mtl_bochka_06]
* [DA_PORT] level_Load: шейдер 313/370 [def_shaders\def_vertex] / [mtl\mtl_bochka_04a]
* [DA_PORT] level_Load: шейдер 314/370 [def_shaders\def_vertex] / [prop\prop_provod_01]
* [DA_PORT] level_Load: шейдер 315/370 [def_shaders\def_vertex] / [mtl\mtl_barrel_big]
* [DA_PORT] level_Load: шейдер 316/370 [def_shaders\def_vertex] / [mtl\mtl_truba_ch_02]
* [DA_PORT] level_Load: шейдер 317/370 [def_shaders\def_vertex] / [mtl\mtl_truba_pod_02]
* [DA_PORT] level_Load: шейдер 318/370 [def_shaders\def_vertex] / [prop\prop_projektor]
* [DA_PORT] level_Load: шейдер 319/370 [levels\yantar_asfalt] / [terrain\terrain_yantar,terrain\terrain_yantar_lm]
* [DA_PORT] level_Load: шейдер 320/370 [def_shaders\def_vertex] / [grnd\grnd_rocks_06]
* [DA_PORT] level_Load: шейдер 321/370 [def_shaders\def_vertex] / [prop\prop_fake_nosun]
* [DA_PORT] level_Load: шейдер 322/370 [levels\yantar_earth] / [terrain\terrain_yantar,terrain\terrain_yantar_lm]
* [DA_PORT] level_Load: шейдер 323/370 [flora\trunk_wave] / [trees\trees_bark_a_01]
* [DA_PORT] level_Load: шейдер 324/370 [flora\trunk_wave] / [trees\trees_spil]
* [DA_PORT] level_Load: шейдер 325/370 [flora\leaf_wave] / [trees\trees_atp_oak_frond3]
* [DA_PORT] level_Load: шейдер 326/370 [flora\leaf_wave] / [trees\trees_atp_cherry_branch_sm2]
* [DA_PORT] level_Load: шейдер 327/370 [flora\leaf_wave] / [trees\trees_atp_cherry_branch_sm1]
* [DA_PORT] level_Load: шейдер 328/370 [details\lod] / [level_lods]
* [DA_PORT] level_Load: шейдер 329/370 [flora\trunk_wave] / [trees\trees_dub_bark]
* [DA_PORT] level_Load: шейдер 330/370 [flora\leaf_wave] / [trees\trees_atp_oak_branch_sm2]
* [DA_PORT] level_Load: шейдер 331/370 [flora\leaf_wave] / [trees\trees_atp_oak_branch_sm1]
* [DA_PORT] level_Load: шейдер 332/370 [flora\leaf_wave] / [trees\trees_dub]
* [DA_PORT] level_Load: шейдер 333/370 [flora\leaf_wave] / [trees\trees_vetkagreen3]
* [DA_PORT] level_Load: шейдер 334/370 [flora\leaf_wave] / [trees\trees_vetkagreen5]
* [DA_PORT] level_Load: шейдер 335/370 [flora\trunk_wave] / [trees\trees_atp_birch_bark2]
* [DA_PORT] level_Load: шейдер 336/370 [flora\leaf_wave] / [trees\trees_atp_birch_branch]
* [DA_PORT] level_Load: шейдер 337/370 [flora\trunk_wave] / [trees\trees_bark_sux_mox]
* [DA_PORT] level_Load: шейдер 338/370 [flora\trunk_wave] / [trees\trees_bark_a_02]
* [DA_PORT] level_Load: шейдер 339/370 [flora\leaf_wave] / [trees\trees_atp_oak_branch_sm2]
* [DA_PORT] level_Load: шейдер 340/370 [flora\leaf_wave] / [trees\trees_atp_oak_branch_sm1]
* [DA_PORT] level_Load: шейдер 341/370 [flora\leaf_wave] / [trees\trees_atp_b01_frond]
* [DA_PORT] level_Load: шейдер 342/370 [flora\leaf_wave] / [trees\trees_atp_poplar_branch]
* [DA_PORT] level_Load: шейдер 343/370 [def_shaders\def_objects_lod] / [act\act_corp_stalker]
* [DA_PORT] level_Load: шейдер 344/370 [def_shaders\def_objects_lod] / [veh\veh_kamaz_u_br]
* [DA_PORT] level_Load: шейдер 345/370 [def_shaders\def_objects_lod] / [veh\veh_gaz66]
* [DA_PORT] level_Load: шейдер 346/370 [def_shaders\def_objects_lod] / [veh\veh_buldozer]
* [DA_PORT] level_Load: шейдер 347/370 [def_shaders\def_objects_lod] / [veh\veh_buldozer_kovsh]
* [DA_PORT] level_Load: шейдер 348/370 [flora\leaf_wave] / [trees\trees_vetkasux2]
* [DA_PORT] level_Load: шейдер 349/370 [flora\trunk_wave] / [wood\wood_collect]
* [DA_PORT] level_Load: шейдер 350/370 [flora\trunk_wave] / [trees\trees_atp_spruce_bark]
* [DA_PORT] level_Load: шейдер 351/370 [flora\trunk_wave] / [trees\trees_atp_spruce_cap]
* [DA_PORT] level_Load: шейдер 352/370 [flora\leaf_wave] / [trees\trees_atp_spruce_frond]
* [DA_PORT] level_Load: шейдер 353/370 [flora\leaf_wave] / [trees\trees_atp_spruce_branch]
* [DA_PORT] level_Load: шейдер 354/370 [flora\leaf_wave] / [trees\trees_atp_spruce_branch_dry]
* [DA_PORT] level_Load: шейдер 355/370 [def_shaders\def_objects_lod] / [veh\veh_avtobus_laz]
* [DA_PORT] level_Load: шейдер 356/370 [def_shaders\def_objects_lod] / [veh\veh_zil_fire]
* [DA_PORT] level_Load: шейдер 357/370 [flora\leaf_wave] / [trees\trees_kamish_big_01]
* [DA_PORT] level_Load: шейдер 358/370 [def_shaders\def_objects_lod] / [veh\veh_kuchnya]
* [DA_PORT] level_Load: шейдер 359/370 [def_shaders\def_objects_lod] / [veh\veh_uazik]
* [DA_PORT] level_Load: шейдер 360/370 [def_shaders\def_objects_lod] / [act\act_corp_military]
* [DA_PORT] level_Load: шейдер 361/370 [flora\leaf_wave] / [trees\trees_vetkabig]
* [DA_PORT] level_Load: шейдер 362/370 [def_shaders\def_objects_lod] / [veh\veh_zil_130]
* [DA_PORT] level_Load: шейдер 363/370 [def_shaders\def_objects_lod] / [veh\veh_zaz968]
* [DA_PORT] level_Load: шейдер 364/370 [flora\leaf_wave] / [trees\trees_atp_willow_branch2]
* [DA_PORT] level_Load: шейдер 365/370 [flora\leaf_wave] / [trees\trees_atp_willow_branch1]
* [DA_PORT] level_Load: шейдер 366/370 [flora\leaf_wave] / [trees\trees_kamysh]
* [DA_PORT] level_Load: шейдер 367/370 [flora\leaf_wave] / [trees\trees_atp_alder_branch_sm2]
* [DA_PORT] level_Load: шейдер 368/370 [flora\leaf_wave] / [trees\trees_atp_alder_branch_sm1]
* [DA_PORT] level_Load: шейдер 369/370 [flora\leaf_wave] / [trees\trees_atp_spruce_branch_dry]
* [DA_PORT] level_Load: следы и детали | ссылок на устройство: 10032
* [DA_PORT] level_Load: геометрия | ссылок на устройство: 10032
* phase time: 134 ms
* phase cmem: 3562140 K
* [Loading VB] 65531 verts, 2047 Kb
* [Loading VB] 65531 verts, 2047 Kb
* [Loading VB] 65523 verts, 2047 Kb
* [Loading VB] 65460 verts, 2045 Kb
* [Loading VB] 65392 verts, 2043 Kb
* [Loading VB] 32980 verts, 1030 Kb
* [Loading VB] 65533 verts, 2047 Kb
* [Loading VB] 65533 verts, 2047 Kb
* [Loading VB] 65535 verts, 2047 Kb
* [Loading VB] 65526 verts, 2047 Kb
* [Loading VB] 65534 verts, 2047 Kb
* [Loading VB] 65533 verts, 2047 Kb
* [Loading VB] 65530 verts, 2047 Kb
* [Loading VB] 65532 verts, 2047 Kb
* [Loading VB] 65535 verts, 2047 Kb
* [Loading VB] 65532 verts, 2047 Kb
* [Loading VB] 65535 verts, 2047 Kb
* [Loading VB] 28520 verts, 891 Kb
* [Loading VB] 65530 verts, 2047 Kb
* [Loading VB] 64877 verts, 2027 Kb
* [Loading IB] 1048575 indices, 2047 Kb
* [Loading IB] 1048575 indices, 2047 Kb
* [Loading IB] 1048572 indices, 2047 Kb
* [Loading IB] 1048572 indices, 2047 Kb
* [Loading IB] 1048572 indices, 2047 Kb
* [Loading IB] 1048575 indices, 2047 Kb
* [Loading IB] 1048575 indices, 2047 Kb
* [Loading IB] 1048572 indices, 2047 Kb
* [Loading IB] 378318 indices, 738 Kb
* [Loading VB] 65535 verts, 767 Kb
* [Loading VB] 65534 verts, 767 Kb
* [Loading VB] 65534 verts, 767 Kb
* [Loading VB] 65534 verts, 767 Kb
* [Loading VB] 65532 verts, 767 Kb
* [Loading VB] 65534 verts, 767 Kb
* [Loading VB] 49384 verts, 578 Kb
* [Loading IB] 1048572 indices, 2047 Kb
* [Loading IB] 1048575 indices, 2047 Kb
* [Loading IB] 1048575 indices, 2047 Kb
* [Loading IB] 1048572 indices, 2047 Kb
* [Loading IB] 502755 indices, 981 Kb
* [DA_PORT] level_Load: визуалы | ссылок на устройство: 10073
* phase time: 78 ms
* phase cmem: 3710104 K
* [DA_PORT] level_Load: детальные объекты | ссылок на устройство: 10073
* phase time: 42 ms
* phase cmem: 3712324 K
* [DETAILS] VertexConsts(256), Batch(61)
* [DETAILS] 667 v(20), 432 p
* [DETAILS] Batch(61), VB(13K), IB(2K)
* [DA_PORT] level_Load: секторы и порталы | ссылок на устройство: 10097
* phase time: 41 ms
* phase cmem: 3713844 K
* [DA_PORT] level_Load: HOM | ссылок на устройство: 10097
* Loading HOM: d:\dead air\dead air\gamedata\levels\l08_yantar\level.hom
* Loaded HOM cache (appdata\cdb_cache\l08_yantar\hom.bin)...
* [DA_PORT] level_Load: источники света | ссылок на устройство: 10097
* phase time: 34 ms
* phase cmem: 3713844 K
* [DA_PORT] level_Load: готово | ссылок на устройство: 10097
* [DA_PORT] прожектор фонаря прогрет: r2\accum_spot_internal\torch1
* [DA] манифест шейдеров сохранён: 287 записей (из них 76 подхвачено из прежнего) -> appdata\shaders_cache_oxr\warmup.list
* phase time: 36 ms
* phase cmem: 3714064 K
~ [DA_PORT] ввод захвачен, приёмников 2: 13DummyReceiver <= ВЕРХ 6CLevel
* phase time: 66 ms
* phase cmem: 3714012 K
* phase time: 66 ms
* phase cmem: 3714012 K
* t-report - base: 1409, 838318 K
* t-report - lmap: 8, 8193 K
* WARNING: player not logged in
PS new version, 1
! Can't find texture 'ui_ingame2_pda_buttons_background_e'
* phase time: 452 ms
* phase cmem: 4530220 K
[LUA]  ! utils.load_var [brainwashed]: no actor
[LUA]  ! utils.load_var [brainwashed]: no actor
[LUA]  ! utils.load_var [brainwashed]: no actor
~ [DA_WPN] wpn_gsh18: маска поломок 0 -> 5054480 (объект появился в мире)
~ [DA_WPN] wpn_svt40: маска поломок 0 -> 10754419 (объект появился в мире)
~ [DA_WPN] wpn_kiparis: маска поломок 0 -> 676182211 (объект появился в мире)
~ [DA_WPN] wpn_m4a1: маска поломок 0 -> 677756415 (объект появился в мире)
[LUA]  ! utils.load_var [brainwashed]: no actor
[LUA]  ! utils.load_var [brainwashed]: no actor
~ [DA_WPN] wpn_gsh18: маска поломок 0 -> 6405492 (объект появился в мире)
~ [DA_WPN] wpn_spas12: маска поломок 0 -> 4794658 (объект появился в мире)
~ [DA_WPN] wpn_gsh18: маска поломок 0 -> 264224 (объект появился в мире)
[LUA]  ! utils.load_var [brainwashed]: no actor
[LUA]  ! utils.load_var [brainwashed]: no actor
[LUA]  ! utils.load_var [brainwashed]: no actor
! Can't find texture 'water\water_pool1_000'
! Can't find texture 'water\water_pool1_001'
! Can't find texture 'water\water_pool1_002'
! Can't find texture 'water\water_pool1_003'
! Can't find texture 'water\water_pool1_004'
! Can't find texture 'water\water_pool1_005'
! Can't find texture 'water\water_pool1_006'
! Can't find texture 'water\water_pool1_007'
! Can't find texture 'water\water_pool1_008'
! Can't find texture 'water\water_pool1_009'
! Can't find texture 'water\water_pool1_010'
! Can't find texture 'water\water_pool1_011'
! Can't find texture 'water\water_pool1_012'
! Can't find texture 'water\water_pool1_013'
! Can't find texture 'water\water_pool1_014'
! Can't find texture 'water\water_pool1_015'
! Can't find texture 'water\water_pool1_016'
! Can't find texture 'water\water_pool1_017'
! Can't find texture 'water\water_pool1_018'
! Can't find texture 'water\water_pool1_019'
! Can't find texture 'water\water_pool1_020'
! Can't find texture 'water\water_pool1_021'
! Can't find texture 'water\water_pool1_022'
! Can't find texture 'water\water_pool1_023'
! Can't find texture 'water\water_pool1_024'
! Can't find texture 'water\water_pool1_025'
! Can't find texture 'water\water_pool1_026'
! Can't find texture 'water\water_pool1_027'
! Can't find texture 'water\water_pool1_028'
! Can't find texture 'water\water_pool1_029'
! Can't find texture 'water\water_pool1_030'
! Can't find texture 'water\water_pool1_031'
! Can't find texture 'water\water_pool1_032'
! Can't find texture 'water\water_pool1_033'
! Can't find texture 'water\water_pool1_034'
! Can't find texture 'water\water_pool1_035'
! Can't find texture 'water\water_pool1_036'
! Can't find texture 'water\water_pool1_037'
! Can't find texture 'water\water_pool1_038'
! Can't find texture 'water\water_pool1_039'
! Can't find texture 'water\water_pool1_040'
! Can't find texture 'water\water_pool1_041'
! Can't find texture 'water\water_pool1_042'
! Can't find texture 'water\water_pool1_043'
! Can't find texture 'water\water_pool1_044'
! Can't find texture 'water\water_pool1_045'
! Can't find texture 'water\water_pool1_046'
! Can't find texture 'water\water_pool1_047'
! Can't find texture 'water\water_pool1_048'
! Can't find texture 'water\water_pool1_049'
[LUA]  ! utils.load_var [drx_sl_quest_stash_3_id]: no actor
[LUA]  task_functor.under_faction_control_target_id is nil
[LUA]  task_functor.under_faction_control_target_id is nil
[LUA]  ! utils.load_var [drx_sl_quest_stash_2_id]: no actor
[LUA]  ! utils.load_var [drx_sl_quest_stash_3_id]: no actor
[LUA]  task_functor.under_faction_control_target_id is nil
[LUA]  weather= atmosfear_clear
[LUA]  DRX DA: Dynamic anomalies already spawned on this level
* [DA_PORT] mem_compact: 4542 -> 4542 МБ (вернулось 0 МБ) за 0.1 мс
* [DA_VRAM] до пересоздания буферов: занято 1238 МБ из 15227 МБ (8%), пик 1238 МБ, вытеснено в ОЗУ 50 МБ
* [DA_VRAM] после пересоздания буферов: занято 1238 МБ из 15227 МБ (8%), пик 1238 МБ, вытеснено в ОЗУ 50 МБ
* DVB created: 4096K
* DIB created: 512K
* [DA_PORT] render targets: output 1920x1080, scene 1920x1080
* [DA_PORT] MSAA: off
[2026-08-16 21:05:02] [NGXSafeInitializeLog:148] App logging hooks successfully initialized
[2026-08-16 21:05:02] [NGXSafeInitializeLog:133] App logging hooks successfully initialized
[2026-08-16 21:05:02] [NGXGetPathUsingQAI:512] Path to driverStore found using QAI: C:\WINDOWS\System32\DriverStore\FileRepository\nv_dispi.inf_amd64_7840b4313191ae17
[2026-08-16 21:05:02] [NGXGetPath:980] using path for models: C:\ProgramData/NVIDIA/NGX/models/
[2026-08-16 21:05:02] [NGXGetPath:980] using path for models: C:\ProgramData/NVIDIA/NGX/models/
[2026-08-16 21:05:02] [ModifyExistingFolderDACL:211] updated access control list for NGX cache (NGX cache should now be usable by all authenticated users)
[2026-08-16 21:05:02] [NGXCreateModelsFolder:1081] model folder created: C:\ProgramData/NVIDIA/NGX/models/
[2026-08-16 21:05:02] [NGXLoadConfig:1153] [sl_sdk_0]
[2026-08-16 21:05:02] [NGXLoadConfig:1159] app_E658703=2.11.0
[2026-08-16 21:05:02] [NGXLoadConfig:1153] [sl_common_0]
[2026-08-16 21:05:02] [NGXLoadConfig:1159] app_E658703=2.11.0
[2026-08-16 21:05:02] [NGXLoadConfig:1153] [sl_deepdvc_0]
[2026-08-16 21:05:02] [NGXLoadConfig:1159] app_E658703=2.11.0
[2026-08-16 21:05:02] [NGXLoadConfig:1153] [sl_dlss_0]
[2026-08-16 21:05:02] [NGXLoadConfig:1159] app_E658703=2.11.0
[2026-08-16 21:05:02] [NGXLoadConfig:1153] [sl_dlss_d_0]
[2026-08-16 21:05:02] [NGXLoadConfig:1159] app_E658703=2.11.0
[2026-08-16 21:05:02] [NGXLoadConfig:1153] [sl_dlss_g_0]
[2026-08-16 21:05:02] [NGXLoadConfig:1159] app_E658703=2.11.0
[2026-08-16 21:05:02] [NGXLoadConfig:1153] [sl_nis_0]
[2026-08-16 21:05:02] [NGXLoadConfig:1159] app_E658703=2.11.0
[2026-08-16 21:05:02] [NGXLoadConfig:1153] [sl_nvperf_0]
[2026-08-16 21:05:02] [NGXLoadConfig:1159] app_E658703=2.11.0
[2026-08-16 21:05:02] [NGXLoadConfig:1153] [sl_pcl_0]
[2026-08-16 21:05:02] [NGXLoadConfig:1159] app_E658703=2.11.0
[2026-08-16 21:05:02] [NGXLoadConfig:1153] [sl_reflex_0]
[2026-08-16 21:05:02] [NGXLoadConfig:1159] app_E658703=2.11.0
[2026-08-16 21:05:02] [NGXLoadConfig:1153] [dlss_override]
[2026-08-16 21:05:02] [NGXLoadConfig:1159] app_E658700=310.6.0
[2026-08-16 21:05:02] [NGXLoadConfig:1153] [dlss]
[2026-08-16 21:05:02] [NGXLoadConfig:1159] app_E658700=310.6.0
[2026-08-16 21:05:02] [NGXLoadConfig:1153] [dlssg]
[2026-08-16 21:05:02] [NGXLoadConfig:1159] app_E658700=310.6.0
[2026-08-16 21:05:02] [NGXLoadConfig:1153] [dlssd]
[2026-08-16 21:05:02] [NGXLoadConfig:1159] app_E658700=310.6.0
[2026-08-16 21:05:02] [`anonymous-namespace'::LoadMappingFileData:268] listItem.engineVersion .* listItem.genericCMSId 86aa7b4
[2026-08-16 21:05:02] [`anonymous-namespace'::LoadMappingFileData:282]  project id 3F9D696D4363312194B0ECB2671E899F cms id B9FBD50
[2026-08-16 21:05:02] [`anonymous-namespace'::LoadMappingFileData:268] listItem.engineVersion .* listItem.genericCMSId 8618954
[2026-08-16 21:05:02] [`anonymous-namespace'::LoadMappingFileData:268] listItem.engineVersion .* listItem.genericCMSId b9b05cc
[2026-08-16 21:05:02] [`anonymous-namespace'::LoadMappingFileData:268] listItem.engineVersion .* listItem.genericCMSId 876232c
[2026-08-16 21:05:02] [MapProjectId:1914] Found cms id 876232c for engine: custom engineVersion 1.0 projectID a1b2c3d4-5e6f-4a0b-9c8d-7e6f5a4b3c2d
[2026-08-16 21:05:02] [NGXDRSInit:341] DRS PROFILE FOUND : ProfileName "S.T.A.L.K.E.R.: Call of Pripyat", AppName "xrengine.exe"
[2026-08-16 21:05:02] [NGXInitContext:241] called from module da_ngx.dll at D:\Dead Air\Dead Air\bin_heapguard
[2026-08-16 21:05:02] [`anonymous-namespace'::SnippetLocationInfo::load:677] NGXLoadFromPath failed: -1160773628
[2026-08-16 21:05:02] [`anonymous-namespace'::SnippetLocationInfo::load:677] NGXLoadFromPath failed: -1160773628
[2026-08-16 21:05:02] [NGXReportStatusFeedback:1042] Override shared memory was opened successfully
[2026-08-16 21:05:02] [NGXReportStatusFeedback:1054] Override shared memory was mapped successfully
[2026-08-16 21:05:02] [`anonymous-namespace'::SnippetLocationInfo::load:677] NGXLoadFromPath failed: -1160773628
[2026-08-16 21:05:02] [NGXSecureLoadFeature:1311] Feature dlss failed to load (cmsid 141959980) from cache (location: C:\ProgramData/NVIDIA/NGX/models/dlss\versions\0\files, name: 160_876232C.bin)
[2026-08-16 21:05:02] [`anonymous-namespace'::SnippetLocationInfo::load:677] NGXLoadFromPath failed: -1160773628
[2026-08-16 21:05:02] [NGXSecureLoadFeature:1311] Feature dlss failed to load (cmsid 241534723) from cache (location: C:\ProgramData/NVIDIA/NGX/models/dlss\versions\0\files, name: 160_E658703.bin)
[2026-08-16 21:05:02] [`anonymous-namespace'::SnippetLocationInfo::load:677] NGXLoadFromPath failed: -1160773628
[2026-08-16 21:05:02] [NGXSecureLoadFeature:1427] app 876232C feature dlss snippet: D:\Dead Air\Dead Air\bin_heapguard/nvngx_dlss.dll version: 310.7.0
[2026-08-16 21:05:02] [`anonymous-namespace'::SnippetLocationInfo::load:677] NGXLoadFromPath failed: -1160773628
[2026-08-16 21:05:02] [`anonymous-namespace'::SnippetLocationInfo::load:677] NGXLoadFromPath failed: -1160773628
[2026-08-16 21:05:02] [`anonymous-namespace'::SnippetLocationInfo::load:677] NGXLoadFromPath failed: -1160773628
[2026-08-16 21:05:02] [`anonymous-namespace'::SnippetLocationInfo::load:677] NGXLoadFromPath failed: -1160773628
[2026-08-16 21:05:02] [`anonymous-namespace'::SnippetLocationInfo::load:677] NGXLoadFromPath failed: -1160773628
[2026-08-16 21:05:02] [`anonymous-namespace'::SnippetLocationInfo::load:677] NGXLoadFromPath failed: -1160773628
[2026-08-16 21:05:02] [`anonymous-namespace'::SnippetLocationInfo::load:677] NGXLoadFromPath failed: -1160773628
[2026-08-16 21:05:02] [`anonymous-namespace'::SnippetLocationInfo::load:677] NGXLoadFromPath failed: -1160773628
[2026-08-16 21:05:02] [`anonymous-namespace'::SnippetLocationInfo::load:677] NGXLoadFromPath failed: -1160773628
[2026-08-16 21:05:02] [`anonymous-namespace'::SnippetLocationInfo::load:677] NGXLoadFromPath failed: -1160773628
[2026-08-16 21:05:02] [`anonymous-namespace'::SnippetLocationInfo::load:677] NGXLoadFromPath failed: -1160773628
[2026-08-16 21:05:02] [`anonymous-namespace'::SnippetLocationInfo::load:677] NGXLoadFromPath failed: -1160773628
[2026-08-16 21:05:02] [`anonymous-namespace'::SnippetLocationInfo::load:677] NGXLoadFromPath failed: -1160773628
[2026-08-16 21:05:02] [`anonymous-namespace'::SnippetLocationInfo::load:677] NGXLoadFromPath failed: -1160773628
[2026-08-16 21:05:02] [`anonymous-namespace'::SnippetLocationInfo::load:677] NGXLoadFromPath failed: -1160773628
[2026-08-16 21:05:02] [`anonymous-namespace'::SnippetLocationInfo::load:677] NGXLoadFromPath failed: -1160773628
[2026-08-16 21:05:02] [`anonymous-namespace'::SnippetLocationInfo::load:677] NGXLoadFromPath failed: -1160773628
[2026-08-16 21:05:02] [`anonymous-namespace'::SnippetLocationInfo::load:677] NGXLoadFromPath failed: -1160773628
[2026-08-16 21:05:02] [`anonymous-namespace'::SnippetLocationInfo::load:677] NGXLoadFromPath failed: -1160773628
[2026-08-16 21:05:02] [`anonymous-namespace'::SnippetLocationInfo::load:677] NGXLoadFromPath failed: -1160773628
[2026-08-16 21:05:02] [`anonymous-namespace'::SnippetLocationInfo::load:677] NGXLoadFromPath failed: -1160773628
[2026-08-16 21:05:02] [`anonymous-namespace'::SnippetLocationInfo::load:677] NGXLoadFromPath failed: -1160773628
[2026-08-16 21:05:02] [`anonymous-namespace'::SnippetLocationInfo::load:677] NGXLoadFromPath failed: -1160773628
[2026-08-16 21:05:02] [`anonymous-namespace'::SnippetLocationInfo::load:677] NGXLoadFromPath failed: -1160773628
[2026-08-16 21:05:02] [`anonymous-namespace'::SnippetLocationInfo::load:677] NGXLoadFromPath failed: -1160773628
[2026-08-16 21:05:02] [`anonymous-namespace'::SnippetLocationInfo::load:677] NGXLoadFromPath failed: -1160773628
[2026-08-16 21:05:02] [`anonymous-namespace'::SnippetLocationInfo::load:677] NGXLoadFromPath failed: -1160773628
[2026-08-16 21:05:02] [`anonymous-namespace'::SnippetLocationInfo::load:677] NGXLoadFromPath failed: -1160773628
[2026-08-16 21:05:02] [`anonymous-namespace'::SnippetLocationInfo::load:677] NGXLoadFromPath failed: -1160773628
[2026-08-16 21:05:02] [`anonymous-namespace'::SnippetLocationInfo::load:677] NGXLoadFromPath failed: -1160773628
[2026-08-16 21:05:03] [tid:43824][NGXInitLog:232] App logging hooks successfully initialized
[2026-08-16 21:05:03] [tid:43824][NGXInitLog:238] Build v310.7.0 CL 37997616
[2026-08-16 21:05:03] [tid:43824][NGXInitLog:240] Built with APP_NAME = default
[2026-08-16 21:05:03] [tid:43824][NGXInitLog:246] Loaded from path "D:\Dead Air\Dead Air\bin_heapguard/xrEngine.exe"
[2026-08-16 21:05:03] [tid:43824][NGXCubinD3D11::Init:223] Enabling texmode_raw
[2026-08-16 21:05:03] [tid:43824][NGXCubinD3D11::Init:227] ID3D11Device::GetCreationFlags() = 0x0
[2026-08-16 21:05:03] [tid:43824][NGXCubinKernelMap::InitCubins:42] Loading NGXCubin kernels
[2026-08-16 21:05:03] [tid:43824][NGXCubinGeneric::SetGPUArch:400] SetGPUArch:: Gpu count = 1, luid: 0x13387
[2026-08-16 21:05:03] [tid:43824][NGXCubinGeneric::SetGPUArch:460] m_gpuArch = 0x1b0
[2026-08-16 21:05:03] [tid:43824][NGXCubinGeneric::genericPostInit:164] Fast UAV clear: supported
[2026-08-16 21:05:03] [tid:43824][DLSSCubinKernelMap::InitCubins:303] Setting DLAA Cubins
[2026-08-16 21:05:03] [tid:43824][DLSSCubinKernelMap::InitCubins:303] Setting DLSS Debug Cubins
[2026-08-16 21:05:03] [tid:43824][DLSSCubinKernelMap::InitCubins:303] Setting DLTSS Engine Cubins
[2026-08-16 21:05:03] [tid:43824][DLSSCubinKernelMap::InitCubins:303] Setting DLTSS NW Cubins
[2026-08-16 21:05:03] [tid:43824][DLSSCubinKernelMap::InitCubins:303] Setting DLTSS NW E5M3_SKIP Cubins
[2026-08-16 21:05:03] [tid:43824][DLSSCubinKernelMap::InitCubins:303] Setting DLTSS NW Cubins
[2026-08-16 21:05:03] [tid:43824][DldnCubinKernelMap::InitCubins:138] Setting DLDN Engine Pre / Post Cubins
[2026-08-16 21:05:03] [NVSDK_NGX_CreateFeature_Validate:715] app id is 141959980 
[2026-08-16 21:05:03] [tid:43824][NgxRayReconstruction::FillCreationParams::<lambda_f9f2c9f56f0e182de455533d6fb5b27e>::operator ():1733] Info: (DLAA) Using Default Overriden Preset Preset_D
[2026-08-16 21:05:03] [tid:43824][NgxRayReconstruction::FillCreationParams::<lambda_f9f2c9f56f0e182de455533d6fb5b27e>::operator ():1733] Info: (Quality) Using Default Overriden Preset Preset_D
[2026-08-16 21:05:03] [tid:43824][NgxRayReconstruction::FillCreationParams::<lambda_f9f2c9f56f0e182de455533d6fb5b27e>::operator ():1733] Info: (Balanced) Using Default Overriden Preset Preset_D
[2026-08-16 21:05:03] [tid:43824][NgxRayReconstruction::FillCreationParams::<lambda_f9f2c9f56f0e182de455533d6fb5b27e>::operator ():1733] Info: (Perf) Using Default Overriden Preset Preset_D
[2026-08-16 21:05:03] [tid:43824][NgxRayReconstruction::FillCreationParams::<lambda_f9f2c9f56f0e182de455533d6fb5b27e>::operator ():1733] Info: (UltraPerf) Using Default Overriden Preset Preset_D
[2026-08-16 21:05:03] [tid:43824][NgxRayReconstruction::FillCreationParams::<lambda_f9f2c9f56f0e182de455533d6fb5b27e>::operator ():1733] Info: (UltraQuality) Using Default Overriden Preset Preset_D
[2026-08-16 21:05:03] [tid:43824][NgxDltss::FillCreationParams::<lambda_d31d19bbceb87a1ef50839b36c9d0cdf>::operator ():2876] Info: (DLAA) App hint Preset Unspecified or Overridden, using title default Preset K
[2026-08-16 21:05:03] [tid:43824][NgxDltss::FillCreationParams::<lambda_d31d19bbceb87a1ef50839b36c9d0cdf>::operator ():2876] Info: (Quality) App hint Preset Unspecified or Overridden, using title default Preset K
[2026-08-16 21:05:03] [tid:43824][NgxDltss::FillCreationParams::<lambda_d31d19bbceb87a1ef50839b36c9d0cdf>::operator ():2876] Info: (Balanced) App hint Preset Unspecified or Overridden, using title default Preset K
[2026-08-16 21:05:03] [tid:43824][NgxDltss::FillCreationParams::<lambda_d31d19bbceb87a1ef50839b36c9d0cdf>::operator ():2876] Info: (Perf) App hint Preset Unspecified or Overridden, using title default Preset M
[2026-08-16 21:05:03] [tid:43824][NgxDltss::FillCreationParams::<lambda_d31d19bbceb87a1ef50839b36c9d0cdf>::operator ():2876] Info: (UltraPerf) App hint Preset Unspecified or Overridden, using title default Preset L
[2026-08-16 21:05:03] [tid:43824][NgxDltss::FillCreationParams::<lambda_d31d19bbceb87a1ef50839b36c9d0cdf>::operator ():2876] Info: (UltraQuality) App hint Preset Unspecified or Overridden, using title default Preset K
[2026-08-16 21:05:03] [tid:43824][PaddedWindowNetwork::CreatePaddedWindowNetwork:399] Container0Tensor: 10 MiB allocated
[2026-08-16 21:05:03] [tid:43824][PaddedWindowNetwork::CreatePaddedWindowNetwork:403] Container1Tensor: 12 MiB aliased
[2026-08-16 21:05:03] [tid:43824][PaddedWindowNetwork::CreatePaddedWindowNetwork:407] Container2Tensor: 8 MiB aliased
* [DLSS] ready: 1920x1080 -> 1920x1080, quality mode 6
* [DA] теневой атлас статики выделен: 12288x12288 (рабочий 4096x4096), ~576 МБ видеопамяти
* RM_Dump: textures  : 1643
* RM_Dump: rtargets  : 34
* RM_Dump: vs        : 96
* RM_Dump: ps        : 124
* RM_Dump: gs        : 4
* RM_Dump: cs        : 1
* RM_Dump: hs        : 1
* RM_Dump: ds        : 1
* RM_Dump: dcl       : 21
* RM_Dump: states    : 94
* RM_Dump: tex_list  : 1526
* RM_Dump: matrices  : 0
* RM_Dump: lst_constants: 0
* RM_Dump: v_passes  : 2083
* RM_Dump: v_elements: 2084
* RM_Dump: v_shaders : 1062
* GPU shading: vs(0/5.0/50), ps(0/5.0/50)
* GPU vertex cache: unrecognized, 24
*** RESET [984200 ms]
* [DA_PORT] mem_compact: 4813 -> 4813 МБ (вернулось 0 МБ) за 0.0 мс
[LUA]  -FLUSH-
* Log file has been saved successfully!
* [DA_PORT] лампа: луч 0, рассеянная 0 (torch1 0, torch2 0, предмет 0), дальность 12.0, цвет 1.00/1.00/0.90, аниматор 0
* [DA_PORT] фонарь: состояние скрипта сброшено в выключено
~ [DA_WPN] wpn_gsh18: маска поломок 0 -> 7184728 (объект появился в мире)
~ [DA_WPN] wpn_ak101: маска поломок 0 -> 671359179 (объект появился в мире)
~ [DA_WPN] wpn_vz61: маска поломок 0 -> 141409587 (объект появился в мире)
~ [DA_WPN] wpn_gsh18: маска поломок 0 -> 334856 (объект появился в мире)
~ [DA_WPN] wpn_fort: маска поломок 0 -> 544027996 (объект появился в мире)
~ [DA_WPN] wpn_ak74u: маска поломок 0 -> 2364906 (объект появился в мире)
~ [DA_WPN] wpn_beretta: маска поломок 0 -> 4274180 (объект появился в мире)
~ [DA_WPN] wpn_mosin_short: маска поломок 0 -> 1024 (объект появился в мире)
* [DA_PORT] фонарь: выкл, луч налобный, дальность 12.0, конус 95, цвет 1.00/1.00/0.90, дин.свет 1, текстура internal\torch1
[LUA]  [DA] zone_fog: l08_yantar -- площадных/всего по семействам: chem 3/24 fire 13/23 radio 12/12 electro 28/28 gravi 0/47 psy 3/3 (в игре всего 6777, пропущено с негодной графовой вершиной 0)
[LUA]  collectgarbage before=42167339Kb
[LUA]  collectgarbage after=33166123Kb
* [DA_PORT] лампа: луч 0, рассеянная 0 (torch1 1, torch2 0, предмет 0), дальность 12.0, цвет 1.00/1.00/0.90, аниматор 0
~ [DA_LUA1] обёртка get_hud построена заново, адрес [000000014f5604b0]
* [DA] graph engine for worker 10: живых экземпляров 2, вершин в графе 153746
* [DA] graph engine for worker 7: живых экземпляров 3, вершин в графе 153746
~ [DA_CFORM_MT] проверка луча по скелету: НОВЫЙ поток [43824], всего разных потоков 1
* [DA] graph engine for worker 13: живых экземпляров 4, вершин в графе 153746
* [DA_PORT] шаги по лужам: материал воды найден (индекс 52)
* [DA] graph engine for worker 12: живых экземпляров 5, вершин в графе 153746
* [DA] graph engine for worker 3: живых экземпляров 6, вершин в графе 153746
* [DA] graph engine for worker 4: живых экземпляров 7, вершин в графе 153746
* [DA] graph engine for worker 9: живых экземпляров 8, вершин в графе 153746
* [DA] graph engine for worker 2: живых экземпляров 9, вершин в графе 153746
* [DA] graph engine for worker 14: живых экземпляров 10, вершин в графе 153746
* [DA] graph engine for worker 11: живых экземпляров 11, вершин в графе 153746
* [DA] graph engine for worker 5: живых экземпляров 12, вершин в графе 153746
* [DA] graph engine for worker 6: живых экземпляров 13, вершин в графе 153746
* [DA] graph engine for worker 15: живых экземпляров 14, вершин в графе 153746
* [DA] graph engine for worker 1: живых экземпляров 15, вершин в графе 153746
* [DA] graph engine for worker 8: живых экземпляров 16, вершин в графе 153746
~ [DA_SQUAD] скрипт спросил командира у МЁРТВОГО отряда — отвечаю «нет», всего 1
~ [DA_SQUAD] скрипт спросил командира у МЁРТВОГО отряда — отвечаю «нет», всего 2
~ [DA_SQUAD] скрипт спросил командира у МЁРТВОГО отряда — отвечаю «нет», всего 3
~ [DA_SQUAD] скрипт спросил командира у МЁРТВОГО отряда — отвечаю «нет», всего 4
~ [DA_SQUAD] скрипт спросил командира у МЁРТВОГО отряда — отвечаю «нет», всего 5
~ [DA_SQUAD] скрипт спросил командира у МЁРТВОГО отряда — отвечаю «нет», всего 6
~ [DA_WPN] wpn_spas12: маска поломок 0 -> 141399507 (скрипт)
~ [DA_WPN] wpn_spas12: маска 141399507 записана и в серверный объект id[29981]
! SV:ge_destroy: [29982] not found on server
! SV:ge_destroy: [29983] not found on server
~ [DA_WPN] wpn_gsh18: маска поломок 0 -> 2111500 (скрипт)
~ [DA_WPN] wpn_gsh18: маска 2111500 записана и в серверный объект id[29957]
~ [DA_WPN] wpn_tt33: маска поломок 0 -> 6892924 (скрипт)
~ [DA_WPN] wpn_tt33: маска 6892924 записана и в серверный объект id[29977]
! SV:ge_destroy: [29976] not found on server
~ [DA_WPN] wpn_gsh18: маска поломок 0 -> 2200952 (скрипт)
~ [DA_WPN] wpn_gsh18: маска 2200952 записана и в серверный объект id[41753]
~ [DA_WPN] wpn_g36: маска поломок 0 -> 140808520 (скрипт)
~ [DA_WPN] wpn_g36: маска 140808520 записана и в серверный объект id[41751]
! SV:ge_destroy: [41752] not found on server
~ [DA_WPN] wpn_m4a1: маска поломок 0 -> 141369612 (скрипт)
~ [DA_WPN] wpn_m4a1: маска 141369612 записана и в серверный объект id[41757]
~ [DA_WPN] wpn_fort: маска поломок 0 -> 543228028 (скрипт)
~ [DA_WPN] wpn_fort: маска 543228028 записана и в серверный объект id[41759]
! SV:ge_destroy: [41758] not found on server
~ [DA_WPN] wpn_fort: маска поломок 0 -> 543791368 (скрипт)
~ [DA_WPN] wpn_fort: маска 543791368 записана и в серверный объект id[41747]
~ [DA_WPN] wpn_gsh18: маска поломок 0 -> 2463828 (скрипт)
~ [DA_WPN] wpn_gsh18: маска 2463828 записана и в серверный объект id[41745]
! SV:ge_destroy: [41748] not found on server
~ [DA_WPN] wpn_fort: маска поломок 0 -> 539600140 (скрипт)
~ [DA_WPN] wpn_fort: маска 539600140 записана и в серверный объект id[29465]
~ [DA_WPN] wpn_groza: маска поломок 0 -> 4269073 (скрипт)
~ [DA_WPN] wpn_groza: маска 4269073 записана и в серверный объект id[29463]
! SV:ge_destroy: [29464] not found on server
~ [DA_WPN] wpn_gsh18: маска поломок 0 -> 7152952 (скрипт)
~ [DA_WPN] wpn_gsh18: маска 7152952 записана и в серверный объект id[29459]
! SV:ge_destroy: [29460] not found on server
* [DA_PORT] лампа: луч 0, рассеянная 0 (torch1 0, torch2 0, предмет 0), дальность 12.0, цвет 0.20/0.20/0.18, аниматор 0
* [DA_PORT] фонарь: выкл, луч налобный, дальность 12.0, конус 95, цвет 0.20/0.20/0.18, дин.свет 1, текстура internal\torch1
[LUA]  releasing object [m_crow35714]
[LUA]  releasing object [m_crow30734]
[LUA]  releasing object [m_crow29702]
[LUA]  releasing object [m_crow29447]
[LUA]  releasing object [m_crow35714]
[LUA]  releasing object [m_crow29702]
[LUA]  releasing object [m_crow29447]
[LUA]  releasing object [m_crow30734]
[LUA]  releasing object [m_crow28940]
[LUA]  releasing object [m_crow31507]
[LUA]  releasing object [m_crow31006]
[LUA]  releasing object [m_crow31006]
[LUA]  releasing object [m_crow28940]
[LUA]  releasing object [m_crow31507]
! Setting rank to 0. Cannot find rank for: [wpn_m4a1]
! Setting rank to 0. Cannot find rank for: [wpn_gsh18]
[LUA]  weather= atmosfear_clear
~ [DA_AFTER] выполняю: vid_restart
* [DA_PORT] mem_compact: 5226 -> 5224 МБ (вернулось 1 МБ) за 0.1 мс
* [DA_VRAM] до пересоздания буферов: занято 1581 МБ из 15227 МБ (10%), пик 1581 МБ, вытеснено в ОЗУ 34 МБ
* [DA_VRAM] после пересоздания буферов: занято 1581 МБ из 15227 МБ (10%), пик 1581 МБ, вытеснено в ОЗУ 34 МБ
* DVB created: 4096K
* DIB created: 512K
* [DA_PORT] render targets: output 1920x1080, scene 1920x1080
* [DA_PORT] MSAA: off
[2026-08-16 21:05:20] [NGXSafeInitializeLog:148] App logging hooks successfully initialized
[2026-08-16 21:05:21] [NGXSafeInitializeLog:133] App logging hooks successfully initialized
[2026-08-16 21:05:21] [NGXGetPathUsingQAI:512] Path to driverStore found using QAI: C:\WINDOWS\System32\DriverStore\FileRepository\nv_dispi.inf_amd64_7840b4313191ae17
[2026-08-16 21:05:21] [NGXGetPath:980] using path for models: C:\ProgramData/NVIDIA/NGX/models/
[2026-08-16 21:05:21] [NGXGetPath:980] using path for models: C:\ProgramData/NVIDIA/NGX/models/
[2026-08-16 21:05:21] [ModifyExistingFolderDACL:211] updated access control list for NGX cache (NGX cache should now be usable by all authenticated users)
[2026-08-16 21:05:21] [NGXCreateModelsFolder:1081] model folder created: C:\ProgramData/NVIDIA/NGX/models/
[2026-08-16 21:05:21] [NGXLoadConfig:1153] [sl_sdk_0]
[2026-08-16 21:05:21] [NGXLoadConfig:1159] app_E658703=2.11.0
[2026-08-16 21:05:21] [NGXLoadConfig:1153] [sl_common_0]
[2026-08-16 21:05:21] [NGXLoadConfig:1159] app_E658703=2.11.0
[2026-08-16 21:05:21] [NGXLoadConfig:1153] [sl_deepdvc_0]
[2026-08-16 21:05:21] [NGXLoadConfig:1159] app_E658703=2.11.0
[2026-08-16 21:05:21] [NGXLoadConfig:1153] [sl_dlss_0]
[2026-08-16 21:05:21] [NGXLoadConfig:1159] app_E658703=2.11.0
[2026-08-16 21:05:21] [NGXLoadConfig:1153] [sl_dlss_d_0]
[2026-08-16 21:05:21] [NGXLoadConfig:1159] app_E658703=2.11.0
[2026-08-16 21:05:21] [NGXLoadConfig:1153] [sl_dlss_g_0]
[2026-08-16 21:05:21] [NGXLoadConfig:1159] app_E658703=2.11.0
[2026-08-16 21:05:21] [NGXLoadConfig:1153] [sl_nis_0]
[2026-08-16 21:05:21] [NGXLoadConfig:1159] app_E658703=2.11.0
[2026-08-16 21:05:21] [NGXLoadConfig:1153] [sl_nvperf_0]
[2026-08-16 21:05:21] [NGXLoadConfig:1159] app_E658703=2.11.0
[2026-08-16 21:05:21] [NGXLoadConfig:1153] [sl_pcl_0]
[2026-08-16 21:05:21] [NGXLoadConfig:1159] app_E658703=2.11.0
[2026-08-16 21:05:21] [NGXLoadConfig:1153] [sl_reflex_0]
[2026-08-16 21:05:21] [NGXLoadConfig:1159] app_E658703=2.11.0
[2026-08-16 21:05:21] [NGXLoadConfig:1153] [dlss_override]
[2026-08-16 21:05:21] [NGXLoadConfig:1159] app_E658700=310.6.0
[2026-08-16 21:05:21] [NGXLoadConfig:1153] [dlss]
[2026-08-16 21:05:21] [NGXLoadConfig:1159] app_E658700=310.6.0
[2026-08-16 21:05:21] [NGXLoadConfig:1153] [dlssg]
[2026-08-16 21:05:21] [NGXLoadConfig:1159] app_E658700=310.6.0
[2026-08-16 21:05:21] [NGXLoadConfig:1153] [dlssd]
[2026-08-16 21:05:21] [NGXLoadConfig:1159] app_E658700=310.6.0
[2026-08-16 21:05:21] [`anonymous-namespace'::LoadMappingFileData:268] listItem.engineVersion .* listItem.genericCMSId 86aa7b4
[2026-08-16 21:05:21] [`anonymous-namespace'::LoadMappingFileData:282]  project id 3F9D696D4363312194B0ECB2671E899F cms id B9FBD50
[2026-08-16 21:05:21] [`anonymous-namespace'::LoadMappingFileData:268] listItem.engineVersion .* listItem.genericCMSId 8618954
[2026-08-16 21:05:21] [`anonymous-namespace'::LoadMappingFileData:268] listItem.engineVersion .* listItem.genericCMSId b9b05cc
[2026-08-16 21:05:21] [`anonymous-namespace'::LoadMappingFileData:268] listItem.engineVersion .* listItem.genericCMSId 876232c
[2026-08-16 21:05:21] [MapProjectId:1914] Found cms id 876232c for engine: custom engineVersion 1.0 projectID a1b2c3d4-5e6f-4a0b-9c8d-7e6f5a4b3c2d
[2026-08-16 21:05:21] [NGXDRSInit:341] DRS PROFILE FOUND : ProfileName "S.T.A.L.K.E.R.: Call of Pripyat", AppName "xrengine.exe"
[2026-08-16 21:05:21] [NGXInitContext:241] called from module da_ngx.dll at D:\Dead Air\Dead Air\bin_heapguard
[2026-08-16 21:05:21] [`anonymous-namespace'::SnippetLocationInfo::load:677] NGXLoadFromPath failed: -1160773628
[2026-08-16 21:05:21] [`anonymous-namespace'::SnippetLocationInfo::load:677] NGXLoadFromPath failed: -1160773628
[2026-08-16 21:05:21] [NGXReportStatusFeedback:1042] Override shared memory was opened successfully
[2026-08-16 21:05:21] [NGXReportStatusFeedback:1054] Override shared memory was mapped successfully
[2026-08-16 21:05:21] [`anonymous-namespace'::SnippetLocationInfo::load:677] NGXLoadFromPath failed: -1160773628
[2026-08-16 21:05:21] [NGXSecureLoadFeature:1311] Feature dlss failed to load (cmsid 141959980) from cache (location: C:\ProgramData/NVIDIA/NGX/models/dlss\versions\0\files, name: 160_876232C.bin)
[2026-08-16 21:05:21] [`anonymous-namespace'::SnippetLocationInfo::load:677] NGXLoadFromPath failed: -1160773628
[2026-08-16 21:05:21] [NGXSecureLoadFeature:1311] Feature dlss failed to load (cmsid 241534723) from cache (location: C:\ProgramData/NVIDIA/NGX/models/dlss\versions\0\files, name: 160_E658703.bin)
[2026-08-16 21:05:21] [`anonymous-namespace'::SnippetLocationInfo::load:677] NGXLoadFromPath failed: -1160773628
[2026-08-16 21:05:21] [NGXSecureLoadFeature:1427] app 876232C feature dlss snippet: D:\Dead Air\Dead Air\bin_heapguard/nvngx_dlss.dll version: 310.7.0
[2026-08-16 21:05:21] [`anonymous-namespace'::SnippetLocationInfo::load:677] NGXLoadFromPath failed: -1160773628
[2026-08-16 21:05:21] [`anonymous-namespace'::SnippetLocationInfo::load:677] NGXLoadFromPath failed: -1160773628
[2026-08-16 21:05:21] [`anonymous-namespace'::SnippetLocationInfo::load:677] NGXLoadFromPath failed: -1160773628
[2026-08-16 21:05:21] [`anonymous-namespace'::SnippetLocationInfo::load:677] NGXLoadFromPath failed: -1160773628
[2026-08-16 21:05:21] [`anonymous-namespace'::SnippetLocationInfo::load:677] NGXLoadFromPath failed: -1160773628
[2026-08-16 21:05:21] [`anonymous-namespace'::SnippetLocationInfo::load:677] NGXLoadFromPath failed: -1160773628
[2026-08-16 21:05:21] [`anonymous-namespace'::SnippetLocationInfo::load:677] NGXLoadFromPath failed: -1160773628
[2026-08-16 21:05:21] [`anonymous-namespace'::SnippetLocationInfo::load:677] NGXLoadFromPath failed: -1160773628
[2026-08-16 21:05:21] [`anonymous-namespace'::SnippetLocationInfo::load:677] NGXLoadFromPath failed: -1160773628
[2026-08-16 21:05:21] [`anonymous-namespace'::SnippetLocationInfo::load:677] NGXLoadFromPath failed: -1160773628
[2026-08-16 21:05:21] [`anonymous-namespace'::SnippetLocationInfo::load:677] NGXLoadFromPath failed: -1160773628
[2026-08-16 21:05:21] [`anonymous-namespace'::SnippetLocationInfo::load:677] NGXLoadFromPath failed: -1160773628
[2026-08-16 21:05:21] [`anonymous-namespace'::SnippetLocationInfo::load:677] NGXLoadFromPath failed: -1160773628
[2026-08-16 21:05:21] [`anonymous-namespace'::SnippetLocationInfo::load:677] NGXLoadFromPath failed: -1160773628
[2026-08-16 21:05:21] [`anonymous-namespace'::SnippetLocationInfo::load:677] NGXLoadFromPath failed: -1160773628
[2026-08-16 21:05:21] [`anonymous-namespace'::SnippetLocationInfo::load:677] NGXLoadFromPath failed: -1160773628
[2026-08-16 21:05:21] [`anonymous-namespace'::SnippetLocationInfo::load:677] NGXLoadFromPath failed: -1160773628
[2026-08-16 21:05:21] [`anonymous-namespace'::SnippetLocationInfo::load:677] NGXLoadFromPath failed: -1160773628
[2026-08-16 21:05:21] [`anonymous-namespace'::SnippetLocationInfo::load:677] NGXLoadFromPath failed: -1160773628
[2026-08-16 21:05:21] [`anonymous-namespace'::SnippetLocationInfo::load:677] NGXLoadFromPath failed: -1160773628
[2026-08-16 21:05:21] [`anonymous-namespace'::SnippetLocationInfo::load:677] NGXLoadFromPath failed: -1160773628
[2026-08-16 21:05:21] [`anonymous-namespace'::SnippetLocationInfo::load:677] NGXLoadFromPath failed: -1160773628
[2026-08-16 21:05:21] [`anonymous-namespace'::SnippetLocationInfo::load:677] NGXLoadFromPath failed: -1160773628
[2026-08-16 21:05:21] [`anonymous-namespace'::SnippetLocationInfo::load:677] NGXLoadFromPath failed: -1160773628
[2026-08-16 21:05:21] [`anonymous-namespace'::SnippetLocationInfo::load:677] NGXLoadFromPath failed: -1160773628
[2026-08-16 21:05:21] [`anonymous-namespace'::SnippetLocationInfo::load:677] NGXLoadFromPath failed: -1160773628
[2026-08-16 21:05:21] [`anonymous-namespace'::SnippetLocationInfo::load:677] NGXLoadFromPath failed: -1160773628
[2026-08-16 21:05:21] [`anonymous-namespace'::SnippetLocationInfo::load:677] NGXLoadFromPath failed: -1160773628
[2026-08-16 21:05:21] [`anonymous-namespace'::SnippetLocationInfo::load:677] NGXLoadFromPath failed: -1160773628
[2026-08-16 21:05:21] [`anonymous-namespace'::SnippetLocationInfo::load:677] NGXLoadFromPath failed: -1160773628
[2026-08-16 21:05:21] [tid:43824][NGXInitLog:232] App logging hooks successfully initialized
[2026-08-16 21:05:21] [tid:43824][NGXInitLog:238] Build v310.7.0 CL 37997616
[2026-08-16 21:05:21] [tid:43824][NGXInitLog:240] Built with APP_NAME = default
[2026-08-16 21:05:21] [tid:43824][NGXInitLog:246] Loaded from path "D:\Dead Air\Dead Air\bin_heapguard/xrEngine.exe"
[2026-08-16 21:05:21] [tid:43824][NGXCubinD3D11::Init:223] Enabling texmode_raw
[2026-08-16 21:05:21] [tid:43824][NGXCubinD3D11::Init:227] ID3D11Device::GetCreationFlags() = 0x0
[2026-08-16 21:05:21] [tid:43824][NGXCubinKernelMap::InitCubins:42] Loading NGXCubin kernels
[2026-08-16 21:05:21] [tid:43824][NGXCubinGeneric::SetGPUArch:400] SetGPUArch:: Gpu count = 1, luid: 0x13387
[2026-08-16 21:05:21] [tid:43824][NGXCubinGeneric::SetGPUArch:460] m_gpuArch = 0x1b0
[2026-08-16 21:05:21] [tid:43824][NGXCubinGeneric::genericPostInit:164] Fast UAV clear: supported
[2026-08-16 21:05:21] [tid:43824][DLSSCubinKernelMap::InitCubins:303] Setting DLAA Cubins
[2026-08-16 21:05:21] [tid:43824][DLSSCubinKernelMap::InitCubins:303] Setting DLSS Debug Cubins
[2026-08-16 21:05:21] [tid:43824][DLSSCubinKernelMap::InitCubins:303] Setting DLTSS Engine Cubins
[2026-08-16 21:05:21] [tid:43824][DLSSCubinKernelMap::InitCubins:303] Setting DLTSS NW Cubins
[2026-08-16 21:05:21] [tid:43824][DLSSCubinKernelMap::InitCubins:303] Setting DLTSS NW E5M3_SKIP Cubins
[2026-08-16 21:05:21] [tid:43824][DLSSCubinKernelMap::InitCubins:303] Setting DLTSS NW Cubins
[2026-08-16 21:05:21] [tid:43824][DldnCubinKernelMap::InitCubins:138] Setting DLDN Engine Pre / Post Cubins
[2026-08-16 21:05:21] [NVSDK_NGX_CreateFeature_Validate:715] app id is 141959980 
[2026-08-16 21:05:21] [tid:43824][NgxRayReconstruction::FillCreationParams::<lambda_f9f2c9f56f0e182de455533d6fb5b27e>::operator ():1733] Info: (DLAA) Using Default Overriden Preset Preset_D
[2026-08-16 21:05:21] [tid:43824][NgxRayReconstruction::FillCreationParams::<lambda_f9f2c9f56f0e182de455533d6fb5b27e>::operator ():1733] Info: (Quality) Using Default Overriden Preset Preset_D
[2026-08-16 21:05:21] [tid:43824][NgxRayReconstruction::FillCreationParams::<lambda_f9f2c9f56f0e182de455533d6fb5b27e>::operator ():1733] Info: (Balanced) Using Default Overriden Preset Preset_D
[2026-08-16 21:05:21] [tid:43824][NgxRayReconstruction::FillCreationParams::<lambda_f9f2c9f56f0e182de455533d6fb5b27e>::operator ():1733] Info: (Perf) Using Default Overriden Preset Preset_D
[2026-08-16 21:05:21] [tid:43824][NgxRayReconstruction::FillCreationParams::<lambda_f9f2c9f56f0e182de455533d6fb5b27e>::operator ():1733] Info: (UltraPerf) Using Default Overriden Preset Preset_D
[2026-08-16 21:05:21] [tid:43824][NgxRayReconstruction::FillCreationParams::<lambda_f9f2c9f56f0e182de455533d6fb5b27e>::operator ():1733] Info: (UltraQuality) Using Default Overriden Preset Preset_D
[2026-08-16 21:05:21] [tid:43824][NgxDltss::FillCreationParams::<lambda_d31d19bbceb87a1ef50839b36c9d0cdf>::operator ():2876] Info: (DLAA) App hint Preset Unspecified or Overridden, using title default Preset K
[2026-08-16 21:05:21] [tid:43824][NgxDltss::FillCreationParams::<lambda_d31d19bbceb87a1ef50839b36c9d0cdf>::operator ():2876] Info: (Quality) App hint Preset Unspecified or Overridden, using title default Preset K
[2026-08-16 21:05:21] [tid:43824][NgxDltss::FillCreationParams::<lambda_d31d19bbceb87a1ef50839b36c9d0cdf>::operator ():2876] Info: (Balanced) App hint Preset Unspecified or Overridden, using title default Preset K
[2026-08-16 21:05:21] [tid:43824][NgxDltss::FillCreationParams::<lambda_d31d19bbceb87a1ef50839b36c9d0cdf>::operator ():2876] Info: (Perf) App hint Preset Unspecified or Overridden, using title default Preset M
[2026-08-16 21:05:21] [tid:43824][NgxDltss::FillCreationParams::<lambda_d31d19bbceb87a1ef50839b36c9d0cdf>::operator ():2876] Info: (UltraPerf) App hint Preset Unspecified or Overridden, using title default Preset L
[2026-08-16 21:05:21] [tid:43824][NgxDltss::FillCreationParams::<lambda_d31d19bbceb87a1ef50839b36c9d0cdf>::operator ():2876] Info: (UltraQuality) App hint Preset Unspecified or Overridden, using title default Preset K
[2026-08-16 21:05:21] [tid:43824][PaddedWindowNetwork::CreatePaddedWindowNetwork:399] Container0Tensor: 10 MiB allocated
[2026-08-16 21:05:21] [tid:43824][PaddedWindowNetwork::CreatePaddedWindowNetwork:403] Container1Tensor: 12 MiB aliased
[2026-08-16 21:05:21] [tid:43824][PaddedWindowNetwork::CreatePaddedWindowNetwork:407] Container2Tensor: 8 MiB aliased
* [DLSS] ready: 1920x1080 -> 1920x1080, quality mode 6
* [DA] теневой атлас статики выделен: 12288x12288 (рабочий 4096x4096), ~576 МБ видеопамяти
* RM_Dump: textures  : 1816
* RM_Dump: rtargets  : 34
* RM_Dump: vs        : 98
* RM_Dump: ps        : 125
* RM_Dump: gs        : 4
* RM_Dump: cs        : 1
* RM_Dump: hs        : 1
* RM_Dump: ds        : 1
* RM_Dump: dcl       : 21
* RM_Dump: states    : 94
* RM_Dump: tex_list  : 1626
* RM_Dump: matrices  : 0
* RM_Dump: lst_constants: 0
* RM_Dump: v_passes  : 2276
* RM_Dump: v_elements: 2277
* RM_Dump: v_shaders : 1173
* GPU shading: vs(0/5.0/50), ps(0/5.0/50)
* GPU vertex cache: unrecognized, 24
*** RESET [1041817 ms]
* [DA_PORT] mem_compact: 5167 -> 5167 МБ (вернулось 0 МБ) за 0.0 мс
cannot make saved game because actor is dead :(
[LUA]  task_manager: ERROR: TASK ALREADY EXISTS!!!
! task [hide_from_surge] already inprocess
[LUA]  releasing object [m_crow43522]
[LUA]  releasing object [m_crow42004]
[LUA]  releasing object [m_crow42265]
[LUA]  releasing object [m_crow43266]
[LUA]  releasing object [m_crow43777]
[LUA]  releasing object [m_crow42753]
[LUA]  releasing object [m_crow43012]
[LUA]  releasing object [m_crow42496]
[LUA]  releasing object [m_crow43522]
[LUA]  releasing object [m_crow42004]
[LUA]  releasing object [m_crow42265]
[LUA]  releasing object [m_crow43266]
[LUA]  releasing object [m_crow43777]
[LUA]  releasing object [m_crow42753]
[LUA]  releasing object [m_crow43012]
[LUA]  releasing object [m_crow42496]
! [DA] пространственная база: нечисловые координаты (nan,nan,nan) или радиус 10.994134 — на учёт не берём (случаев 1)
! [DA] пространственная база: нечисловые координаты (nan,nan,nan) или радиус 10.994134 — на учёт не берём (случаев 2)
[LUA]  weather= atmosfear_clear
cannot make saved game because actor is dead :(
! [DA] пространственная база: нечисловые координаты (nan,nan,nan) или радиус 10.994134 — на учёт не берём (случаев 3)
[LUA]  task_manager: ERROR: TASK ALREADY EXISTS!!!
! task [hide_from_surge] already inprocess
[LUA]  releasing object [m_crow46337]
[LUA]  releasing object [m_crow46849]
[LUA]  releasing object [m_crow44973]
[LUA]  releasing object [m_crow45315]
[LUA]  releasing object [m_crow46081]
[LUA]  releasing object [m_crow45834]
[LUA]  releasing object [m_crow45572]
[LUA]  releasing object [m_crow46593]
[LUA]  releasing object [m_crow46337]
[LUA]  releasing object [m_crow46849]
[LUA]  releasing object [m_crow44973]
[LUA]  releasing object [m_crow45315]
[LUA]  releasing object [m_crow46081]
[LUA]  releasing object [m_crow45834]
[LUA]  releasing object [m_crow45572]
[LUA]  releasing object [m_crow46593]
[LUA]  task_manager: ERROR: TASK ALREADY EXISTS!!!
! task [hide_from_psi_storm] already inprocess
! [DA] пространственная база: нечисловые координаты (nan,nan,nan) или радиус 10.994134 — на учёт не берём (случаев 4)
[LUA]  weather= atmosfear_clear
cannot make saved game because actor is dead :(
[LUA]  task_manager: ERROR: TASK ALREADY EXISTS!!!
! task [hide_from_surge] already inprocess
[LUA]  releasing object [m_crow49153]
[LUA]  releasing object [m_crow48464]
[LUA]  releasing object [m_crow48897]
[LUA]  releasing object [m_crow49409]
[LUA]  releasing object [m_crow49923]
[LUA]  releasing object [m_crow48641]
[LUA]  releasing object [m_crow50177]
[LUA]  releasing object [m_crow49665]
[LUA]  releasing object [m_crow49153]
[LUA]  releasing object [m_crow48464]
[LUA]  releasing object [m_crow48897]
[LUA]  releasing object [m_crow49409]
[LUA]  releasing object [m_crow49923]
[LUA]  releasing object [m_crow48641]
[LUA]  releasing object [m_crow50177]
[LUA]  releasing object [m_crow49665]
! [DA] пространственная база: нечисловые координаты (nan,nan,nan) или радиус 10.994134 — на учёт не берём (случаев 5)
[LUA]  weather= atmosfear_clear
[LUA]  task_manager: ERROR: TASK ALREADY EXISTS!!!
! task [hide_from_surge] already inprocess
[LUA]  releasing object [m_crow51969]
[LUA]  releasing object [m_crow52481]
[LUA]  releasing object [m_crow53249]
[LUA]  releasing object [m_crow51713]
[LUA]  releasing object [m_crow52737]
[LUA]  releasing object [m_crow52992]
[LUA]  releasing object [m_crow52225]
[LUA]  releasing object [m_crow51457]
cannot make saved game because actor is dead :(
[LUA]  releasing object [m_crow51969]
[LUA]  releasing object [m_crow52481]
[LUA]  releasing object [m_crow53249]
[LUA]  releasing object [m_crow51713]
[LUA]  releasing object [m_crow52737]
[LUA]  releasing object [m_crow52992]
[LUA]  releasing object [m_crow52225]
[LUA]  releasing object [m_crow51457]
[LUA]  task_manager: ERROR: TASK ALREADY EXISTS!!!
! task [hide_from_psi_storm] already inprocess
[LUA]  task_manager: ERROR: TASK ALREADY EXISTS!!!
! task [hide_from_surge] already inprocess
[LUA]  weather= atmosfear_clear
[LUA]  releasing object [m_crow54531]
[LUA]  releasing object [m_crow56065]
[LUA]  releasing object [m_crow55553]
[LUA]  releasing object [m_crow54325]
[LUA]  releasing object [m_crow55297]
[LUA]  releasing object [m_crow55809]
[LUA]  releasing object [m_crow54785]
[LUA]  releasing object [m_crow55042]
[LUA]  releasing object [m_crow54531]
[LUA]  releasing object [m_crow56065]
[LUA]  releasing object [m_crow55553]
[LUA]  releasing object [m_crow54325]
[LUA]  releasing object [m_crow55297]
[LUA]  releasing object [m_crow55809]
[LUA]  releasing object [m_crow54785]
[LUA]  releasing object [m_crow55042]
cannot make saved game because actor is dead :(
[LUA]  task_manager: ERROR: TASK ALREADY EXISTS!!!
! task [hide_from_surge] already inprocess
[LUA]  releasing object [m_crow58625]
[LUA]  releasing object [m_crow57089]
[LUA]  releasing object [m_crow58113]
[LUA]  releasing object [m_crow58368]
[LUA]  releasing object [m_crow56886]
[LUA]  releasing object [m_crow57345]
[LUA]  releasing object [m_crow57858]
[LUA]  releasing object [m_crow57601]
[LUA]  releasing object [m_crow58625]
[LUA]  releasing object [m_crow57089]
[LUA]  releasing object [m_crow58113]
[LUA]  releasing object [m_crow58368]
[LUA]  releasing object [m_crow56886]
[LUA]  releasing object [m_crow57345]
[LUA]  releasing object [m_crow57858]
[LUA]  releasing object [m_crow57601]
[LUA]  task_manager: ERROR: TASK ALREADY EXISTS!!!
! task [hide_from_psi_storm] already inprocess
[LUA]  weather= atmosfear_clear
cannot make saved game because actor is dead :(
[LUA]  task_manager: ERROR: TASK ALREADY EXISTS!!!
! task [hide_from_surge] already inprocess
[LUA]  releasing object [m_crow60929]
[LUA]  releasing object [m_crow60417]
[LUA]  releasing object [m_crow60673]
[LUA]  releasing object [m_crow61185]
[LUA]  releasing object [m_crow59483]
[LUA]  releasing object [m_crow60169]
[LUA]  releasing object [m_crow59905]
[LUA]  releasing object [m_crow59658]
[LUA]  releasing object [m_crow60929]
[LUA]  releasing object [m_crow60417]
[LUA]  releasing object [m_crow60673]
[LUA]  releasing object [m_crow61185]
[LUA]  releasing object [m_crow59483]
[LUA]  releasing object [m_crow60169]
[LUA]  releasing object [m_crow59905]
[LUA]  releasing object [m_crow59658]
[LUA]  task_manager: ERROR: TASK ALREADY EXISTS!!!
! task [hide_from_psi_storm] already inprocess
[LUA]  weather= atmosfear_clear
! [DA] поиск пути упёрся в потолок da_path_max_nodes 12288: [rat_normal26726] из (-6.3, 1.9, -144.2) в вершину 55364 (-25.2, -18.3, -121.8)
cannot make saved game because actor is dead :(
[LUA]  task_manager: ERROR: TASK ALREADY EXISTS!!!
! task [hide_from_surge] already inprocess
[LUA]  releasing object [m_crow62977]
[LUA]  releasing object [m_crow62465]
[LUA]  releasing object [m_crow62209]
[LUA]  releasing object [m_crow63489]
[LUA]  releasing object [m_crow62724]
[LUA]  releasing object [m_crow61953]
[LUA]  releasing object [m_crow63233]
[LUA]  releasing object [m_crow61895]
[LUA]  releasing object [m_crow62977]
[LUA]  releasing object [m_crow62465]
[LUA]  releasing object [m_crow62209]
[LUA]  releasing object [m_crow63489]
[LUA]  releasing object [m_crow62724]
[LUA]  releasing object [m_crow61953]
[LUA]  releasing object [m_crow63233]
[LUA]  releasing object [m_crow61895]
! [DA] поиск пути упёрся в потолок da_path_max_nodes 12288: [snork_weak33799] из (-2.8, -0.1, -77.7) в вершину 60008 (-14.0, -18.6, -97.3)
[LUA]  task_manager: ERROR: TASK ALREADY EXISTS!!!
! task [hide_from_psi_storm] already inprocess
[LUA]  task_manager: ERROR: TASK ALREADY EXISTS!!!
! task [hide_from_surge] already inprocess
[LUA]  releasing object [m_crow65281]
[LUA]  releasing object [m_crow65025]
[LUA]  releasing object [m_crow64231]
[LUA]  releasing object [m_crow64769]
[LUA]  releasing object [m_crow18617]
[LUA]  releasing object [m_crow31753]
[LUA]  releasing object [m_crow64513]
[LUA]  releasing object [m_crow64257]
[LUA]  releasing object [m_crow65281]
[LUA]  releasing object [m_crow65025]
[LUA]  releasing object [m_crow64231]
[LUA]  releasing object [m_crow64769]
[LUA]  releasing object [m_crow18617]
[LUA]  releasing object [m_crow31753]
[LUA]  releasing object [m_crow64513]
[LUA]  releasing object [m_crow64257]
[LUA]  weather= atmosfear_clear
~ [DA_CFORM] запрос застал объект в уничтожении, срабатывание 1
! [DA] поиск пути упёрся в потолок da_path_max_nodes 12288: [rat_normal35333] из (-7.7, -0.2, -127.4) в вершину 55944 (-23.8, -18.4, -108.5)
cannot make saved game because actor is dead :(
[LUA]  task_manager: ERROR: TASK ALREADY EXISTS!!!
! task [hide_from_surge] already inprocess
[LUA]  releasing object [m_crow35162]
[LUA]  releasing object [m_crow35841]
[LUA]  releasing object [m_crow36609]
[LUA]  releasing object [m_crow32708]
[LUA]  releasing object [m_crow37123]
[LUA]  releasing object [m_crow36359]
[LUA]  releasing object [m_crow33027]
[LUA]  releasing object [m_crow34824]
[LUA]  releasing object [m_crow35162]
[LUA]  releasing object [m_crow35841]
[LUA]  releasing object [m_crow36609]
[LUA]  releasing object [m_crow32708]
[LUA]  releasing object [m_crow37123]
[LUA]  releasing object [m_crow36359]
[LUA]  releasing object [m_crow33027]
[LUA]  releasing object [m_crow34824]
[LUA]  weather= atmosfear_clear
cannot make saved game because actor is dead :(
[LUA]  task_manager: ERROR: TASK ALREADY EXISTS!!!
! task [hide_from_surge] already inprocess
[LUA]  releasing object [m_crow30734]
[LUA]  releasing object [m_crow39949]
[LUA]  releasing object [m_crow29447]
[LUA]  releasing object [m_crow40210]
[LUA]  releasing object [m_crow40709]
[LUA]  releasing object [m_crow41794]
[LUA]  releasing object [m_crow45112]
[LUA]  releasing object [m_crow37379]
[LUA]  releasing object [m_crow30734]
[LUA]  releasing object [m_crow39949]
[LUA]  releasing object [m_crow29447]
[LUA]  releasing object [m_crow40210]
[LUA]  releasing object [m_crow40709]
[LUA]  releasing object [m_crow41794]
[LUA]  releasing object [m_crow45112]
[LUA]  releasing object [m_crow37379]
[LUA]  task_manager: ERROR: TASK ALREADY EXISTS!!!
! task [hide_from_psi_storm] already inprocess
[LUA]  weather= atmosfear_clear
cannot make saved game because actor is dead :(
[LUA]  task_manager: ERROR: TASK ALREADY EXISTS!!!
! task [hide_from_surge] already inprocess
[LUA]  releasing object [m_crow42753]
[LUA]  releasing object [m_crow34414]
[LUA]  releasing object [m_crow42004]
[LUA]  releasing object [m_crow42502]
[LUA]  releasing object [m_crow43777]
[LUA]  releasing object [m_crow43522]
[LUA]  releasing object [m_crow43012]
[LUA]  releasing object [m_crow42265]
[LUA]  releasing object [m_crow42753]
[LUA]  releasing object [m_crow34414]
[LUA]  releasing object [m_crow42004]
[LUA]  releasing object [m_crow42502]
[LUA]  releasing object [m_crow43777]
[LUA]  releasing object [m_crow43522]
[LUA]  releasing object [m_crow43012]
[LUA]  releasing object [m_crow42265]
[LUA]  task_manager: ERROR: TASK ALREADY EXISTS!!!
! task [hide_from_psi_storm] already inprocess
[LUA]  weather= atmosfear_clear
cannot make saved game because actor is dead :(
