archive,name,bytes,width,height,mips,format
textures.xdb0,textures/$alphadxt1.dds,2176,64,64,0,DXT1
textures.xdb0,textures/$alphadxt1.thm,138,,,,
textures.xdb0,textures/$noalphadxt5.dds,4224,64,64,0,DXT5
textures.xdb0,textures/$noalphadxt5.thm,138,,,,
textures.xdb0,textures/$shadertest.dds,65664,256,256,0,DXT5
textures.xdb0,textures/$shadertest.thm,138,,,,
textures.xdb0,textures/body.dds,6272,32,32,0,DXT5
textures.xdb0,textures/bump#.dds,192,8,8,0,DXT5
textures.xdb0,textures/none#small.dds,65664,256,256,0,DXT5
textures.xdb0,textures/none.dds,192,8,8,0,DXT5
textures.xdb0,textures/parts.dds,6272,32,32,0,DXT5
textures.xdb0,textures/sunmask.dds,1398229,1024,1024,11,RGB
textures.xdb0,textures/aa/aa___grid.dds,174904,512,512,10,DXT1
textures.xdb0,textures/aa/aa_af_aac.dds,174888,512,512,8,DXT1
textures.xdb0,textures/aa/aa_af_aam.dds,174888,512,512,8,DXT1
textures.xdb0,textures/aa/aa_af_iam.dds,174888,512,512,8,DXT1
textures.xdb0,textures/aa/aa_camelbak.dds,174888,512,512,8,DXT1
textures.xdb0,textures/aa/aa_cooler.dds,174888,512,512,8,DXT1
textures.xdb0,textures/aa/aa_frames.dds,174888,512,512,8,DXT1
textures.xdb0,textures/aa/aa_freon.dds,87528,512,256,10,DXT1
textures.xdb0,textures/aa/aa_kevlar.dds,174888,512,512,8,DXT1
textures.xdb0,textures/aa/aa_plates.dds,174904,512,512,10,DXT1
textures.xdb0,textures/aa/aa_surge.dds,174904,512,512,10,DXT1
textures.xdb0,textures/act/act_antigas.dds,174848,512,512,6,DXT1
textures.xdb0,textures/act/act_antigas.thm,158,,,,
textures.xdb0,textures/act/act_antigas_bump#.dds,349568,512,512,6,DXT5
textures.xdb0,textures/act/act_antigas_bump#.thm,138,,,,
textures.xdb0,textures/act/act_antigas_bump.dds,349568,512,512,6,DXT5
textures.xdb0,textures/act/act_antigas_bump.thm,138,,,,
textures.xdb0,textures/act/act_arm_1.dds,349664,512,1024,10,DXT1
textures.xdb0,textures/act/act_arm_1.thm,156,,,,
textures.xdb0,textures/act/act_arm_1_bump#.dds,699200,512,1024,10,DXT5
textures.xdb0,textures/act/act_arm_1_bump#.thm,25094,,,,
textures.xdb0,textures/act/act_arm_1_bump.dds,699200,512,1024,10,DXT5
textures.xdb0,textures/act/act_arm_1_bump.thm,156,,,,
textures.xdb0,textures/act/act_arm_1_exo.dds,174904,512,512,10,DXT1
textures.xdb0,textures/act/act_arm_1_exo.thm,160,,,,
textures.xdb0,textures/act/act_arm_1_exo_bump#.dds,349680,512,512,10,DXT5
textures.xdb0,textures/act/act_arm_1_exo_bump#.thm,138,,,,
textures.xdb0,textures/act/act_arm_1_exo_bump.dds,349680,512,512,10,DXT5
textures.xdb0,textures/act/act_arm_1_exo_bump.thm,160,,,,
textures.xdb0,textures/act/act_arm_3_exo.dds,524416,1024,1024,1,DXT1
textures.xdb0,textures/act/act_arm_3_exo.thm,160,,,,
textures.xdb0,textures/act/act_arm_bandit.dds,699200,1024,512,10,DXT5
textures.xdb0,textures/act/act_arm_bandit.thm,161,,,,
textures.xdb0,textures/act/act_arm_bandit_2.dds,699200,1024,512,10,DXT5
textures.xdb0,textures/act/act_arm_bandit_2.thm,163,,,,
textures.xdb0,textures/act/act_arm_bandit_2_bump#.dds,524416,1024,512,0,DXT5
textures.xdb0,textures/act/act_arm_bandit_2_bump#.thm,138,,,,
textures.xdb0,textures/act/act_arm_bandit_2_bump.dds,524416,1024,512,0,DXT5
textures.xdb0,textures/act/act_arm_bandit_2_bump.thm,162,,,,
textures.xdb0,textures/act/act_arm_bandit_bump#.dds,524416,1024,512,0,DXT5
textures.xdb0,textures/act/act_arm_bandit_bump#.thm,138,,,,
textures.xdb0,textures/act/act_arm_bandit_bump.dds,524416,1024,512,0,DXT5
textures.xdb0,textures/act/act_arm_bandit_bump.thm,160,,,,
textures.xdb0,textures/act/act_arm_bdtnov.dds,699200,1024,512,10,DXT5
textures.xdb0,textures/act/act_arm_bdtnov.thm,161,,,,
textures.xdb0,textures/act/act_arm_berill.dds,699200,1024,512,10,DXT5
textures.xdb0,textures/act/act_arm_berill.thm,161,,,,
textures.xdb0,textures/act/act_arm_berill_bump#.dds,524416,1024,512,0,DXT5
textures.xdb0,textures/act/act_arm_berill_bump#.thm,138,,,,
textures.xdb0,textures/act/act_arm_berill_bump.dds,524416,1024,512,0,DXT5
textures.xdb0,textures/act/act_arm_berill_bump.thm,160,,,,
textures.xdb0,textures/act/act_arm_clearsky_3.dds,699216,1024,512,11,DXT5
textures.xdb0,textures/act/act_arm_clearsky_3.thm,165,,,,
textures.xdb0,textures/act/act_arm_clearsky_3_bump#.dds,524416,1024,512,0,DXT5
textures.xdb0,textures/act/act_arm_clearsky_3_bump#.thm,138,,,,
textures.xdb0,textures/act/act_arm_clearsky_3_bump.dds,524416,1024,512,0,DXT5
textures.xdb0,textures/act/act_arm_clearsky_3_bump.thm,164,,,,
textures.xdb0,textures/act/act_arm_cloak_brown.dds,1048704,2048,1024,1,DXT1
textures.xdb0,textures/act/act_arm_cloak_brown.thm,166,,,,
textures.xdb0,textures/act/act_arm_cloak_brown_bump#.dds,2795648,2048,1024,6,DXT5
textures.xdb0,textures/act/act_arm_cloak_brown_bump.dds,2795648,2048,1024,6,DXT5
textures.xdb0,textures/act/act_arm_cloak_brown_bump.thm,165,,,,
textures.xdb0,textures/act/act_arm_cloak_leather.dds,1048704,2048,1024,1,DXT1
textures.xdb0,textures/act/act_arm_cloak_leather.thm,168,,,,
textures.xdb0,textures/act/act_arm_cloak_leather_bump#.dds,2795648,2048,1024,6,DXT5
textures.xdb0,textures/act/act_arm_cloak_leather_bump.dds,2795648,2048,1024,6,DXT5
textures.xdb0,textures/act/act_arm_cloak_leather_bump.thm,167,,,,
textures.xdb0,textures/act/act_arm_cs1suit.dds,699216,1024,512,11,DXT5
textures.xdb0,textures/act/act_arm_cs1suit.thm,162,,,,
textures.xdb0,textures/act/act_arm_cs2suit_hands.dds,699216,1024,512,11,DXT5
textures.xdb0,textures/act/act_arm_cs2suit_hands.thm,168,,,,
textures.xdb0,textures/act/act_arm_cs3b_0.dds,699216,1024,512,11,DXT5
textures.xdb0,textures/act/act_arm_cs3b_0.thm,161,,,,
textures.xdb0,textures/act/act_arm_csnovo.dds,699216,1024,512,11,DXT5
textures.xdb0,textures/act/act_arm_csnovo.thm,161,,,,
textures.xdb0,textures/act/act_arm_d_exo.dds,699192,1024,1024,11,DXT1
textures.xdb0,textures/act/act_arm_d_exo.thm,160,,,,
textures.xdb0,textures/act/act_arm_d_exo_bump#.dds,1398256,1024,1024,11,DXT5
textures.xdb0,textures/act/act_arm_d_exo_bump.dds,1398256,1024,1024,11,DXT5
textures.xdb0,textures/act/act_arm_d_exo_bump.thm,162,,,,
textures.xdb0,textures/act/act_arm_dutnov.dds,262272,1024,512,1,DXT1
textures.xdb0,textures/act/act_arm_dutnov.thm,161,,,,
textures.xdb0,textures/act/act_arm_duty.dds,699216,1024,512,11,DXT3
textures.xdb0,textures/act/act_arm_duty.thm,159,,,,
textures.xdb0,textures/act/act_arm_duty_1.dds,262272,1024,512,1,DXT1
textures.xdb0,textures/act/act_arm_duty_1.thm,161,,,,
textures.xdb0,textures/act/act_arm_duty_2.dds,262272,1024,512,1,DXT1
textures.xdb0,textures/act/act_arm_duty_2.thm,161,,,,
textures.xdb0,textures/act/act_arm_duty_2_bump#.dds,524416,1024,512,0,DXT5
textures.xdb0,textures/act/act_arm_duty_2_bump#.thm,138,,,,
textures.xdb0,textures/act/act_arm_duty_2_bump.dds,524416,1024,512,0,DXT5
textures.xdb0,textures/act/act_arm_duty_2_bump.thm,160,,,,
textures.xdb0,textures/act/act_arm_ecolog_blues.dds,2097280,2048,1024,1,DXT5
textures.xdb0,textures/act/act_arm_ecolog_blues.thm,161,,,,
textures.xdb0,textures/act/act_arm_ecolog_bump#.dds,524416,1024,512,0,DXT5
textures.xdb0,textures/act/act_arm_ecolog_bump#.thm,138,,,,
textures.xdb0,textures/act/act_arm_ecolog_bump.dds,699200,1024,512,10,DXT5
textures.xdb0,textures/act/act_arm_ecolog_bump.thm,160,,,,
textures.xdb0,textures/act/act_arm_ecolog_gre.dds,349672,1024,512,11,DXT1
textures.xdb0,textures/act/act_arm_ecolog_gre.thm,161,,,,
textures.xdb0,textures/act/act_arm_ecolog_green.dds,699200,1024,512,10,DXT5
textures.xdb0,textures/act/act_arm_ecolog_green.thm,161,,,,
textures.xdb0,textures/act/act_arm_ecolog_red.dds,349664,1024,512,10,DXT1
textures.xdb0,textures/act/act_arm_ecolog_red.thm,161,,,,
textures.xdb0,textures/act/act_arm_ecolog_whi.dds,2097280,2048,1024,1,DXT5
textures.xdb0,textures/act/act_arm_ecolog_whi.thm,161,,,,
textures.xdb0,textures/act/act_arm_ecologists.dds,262272,1024,512,1,DXT1
textures.xdb0,textures/act/act_arm_ecologists.thm,165,,,,
textures.xdb0,textures/act/act_arm_exo_a.dds,349680,512,512,10,DXT5
textures.xdb0,textures/act/act_arm_exo_a.thm,160,,,,
textures.xdb0,textures/act/act_arm_exo_b.dds,349680,512,512,10,DXT5
textures.xdb0,textures/act/act_arm_exo_b.thm,160,,,,
textures.xdb0,textures/act/act_arm_exo_f.dds,349680,512,512,10,DXT5
textures.xdb0,textures/act/act_arm_exo_f.thm,160,,,,
textures.xdb0,textures/act/act_arm_exo_k.dds,349680,512,512,10,DXT5
textures.xdb0,textures/act/act_arm_exo_k.thm,160,,,,
textures.xdb0,textures/act/act_arm_exo_m.dds,349680,512,512,10,DXT5
textures.xdb0,textures/act/act_arm_exo_m.thm,160,,,,
textures.xdb0,textures/act/act_arm_exo_rad1.dds,2097280,2048,2048,1,DXT1
textures.xdb0,textures/act/act_arm_exo_rad1.thm,160,,,,
textures.xdb0,textures/act/act_arm_exo_rad2.dds,2097280,2048,2048,1,DXT1
textures.xdb0,textures/act/act_arm_exo_rad2.thm,160,,,,
textures.xdb0,textures/act/act_arm_exo_rad3.dds,2097280,2048,2048,1,DXT1
textures.xdb0,textures/act/act_arm_exo_rad3.thm,160,,,,
textures.xdb0,textures/act/act_arm_exo_rad4.dds,2097280,2048,2048,1,DXT1
textures.xdb0,textures/act/act_arm_exo_rad4.thm,160,,,,
textures.xdb0,textures/act/act_arm_exo_rad5.dds,2097280,2048,2048,1,DXT1
textures.xdb0,textures/act/act_arm_exo_rad5.thm,160,,,,
textures.xdb0,textures/act/act_arm_fdmnov.dds,699200,1024,512,10,DXT5
textures.xdb0,textures/act/act_arm_fdmnov.thm,161,,,,
textures.xdb0,textures/act/act_arm_free_g.dds,699216,1024,512,11,DXT3
textures.xdb0,textures/act/act_arm_free_g.thm,161,,,,
textures.xdb0,textures/act/act_arm_frse.dds,699216,1024,512,11,DXT3
textures.xdb0,textures/act/act_arm_frse.thm,159,,,,
textures.xdb0,textures/act/act_arm_merb.dds,699200,1024,512,10,DXT5
textures.xdb0,textures/act/act_arm_merb.thm,159,,,,
textures.xdb0,textures/act/act_arm_merc.dds,262272,1024,512,1,DXT1
textures.xdb0,textures/act/act_arm_merc.thm,159,,,,
textures.xdb0,textures/act/act_arm_merc_bump#.dds,524416,1024,512,0,DXT5
textures.xdb0,textures/act/act_arm_merc_bump#.thm,138,,,,
textures.xdb0,textures/act/act_arm_merc_bump.dds,524416,1024,512,0,DXT5
textures.xdb0,textures/act/act_arm_merc_bump.thm,158,,,,
textures.xdb0,textures/act/act_arm_mese.dds,262272,1024,512,1,DXT1
textures.xdb0,textures/act/act_arm_mese.thm,159,,,,
textures.xdb0,textures/act/act_arm_milnov.dds,699216,1024,512,11,DXT3
textures.xdb0,textures/act/act_arm_milnov.thm,161,,,,
textures.xdb0,textures/act/act_arm_mntnov.dds,699216,1024,512,11,DXT3
textures.xdb0,textures/act/act_arm_mntnov.thm,161,,,,
textures.xdb0,textures/act/act_arm_mono_1.dds,699200,1024,512,10,DXT5
textures.xdb0,textures/act/act_arm_mono_1.thm,161,,,,
textures.xdb0,textures/act/act_arm_mono_1_bump#.dds,524416,1024,512,0,DXT5
textures.xdb0,textures/act/act_arm_mono_1_bump#.thm,138,,,,
textures.xdb0,textures/act/act_arm_mono_1_bump.dds,524416,1024,512,0,DXT5
textures.xdb0,textures/act/act_arm_mono_1_bump.thm,160,,,,
textures.xdb0,textures/act/act_arm_mono_glove.dds,349680,512,512,10,DXT5
textures.xdb0,textures/act/act_arm_mono_glove.thm,165,,,,
textures.xdb0,textures/act/act_arm_mono_glove_bump#.dds,262272,512,512,0,DXT5
textures.xdb0,textures/act/act_arm_mono_glove_bump#.thm,138,,,,
textures.xdb0,textures/act/act_arm_mono_glove_bump.dds,262272,512,512,0,DXT5
textures.xdb0,textures/act/act_arm_mono_glove_bump.thm,164,,,,
textures.xdb0,textures/act/act_arm_mose.dds,699216,1024,512,11,DXT3
textures.xdb0,textures/act/act_arm_mose.thm,159,,,,
textures.xdb0,textures/act/act_arm_mrcnov.dds,262272,1024,512,1,DXT1
textures.xdb0,textures/act/act_arm_mrcnov.thm,161,,,,
textures.xdb0,textures/act/act_arm_nbcsuit_ao3_2x.dds,2097280,2048,2048,1,DXT1
textures.xdb0,textures/act/act_arm_nbcsuit_ao3_2x.thm,169,,,,
textures.xdb0,textures/act/act_arm_nbcsuit_ao3_2x_bump#.dds,5591168,2048,2048,6,DXT5
textures.xdb0,textures/act/act_arm_nbcsuit_ao3_2x_bump.dds,5591168,2048,2048,6,DXT5
textures.xdb0,textures/act/act_arm_nbcsuit_ao3_2x_bump.thm,168,,,,
textures.xdb0,textures/act/act_arm_novice.dds,699200,1024,512,10,DXT5
textures.xdb0,textures/act/act_arm_novice.thm,161,,,,
textures.xdb0,textures/act/act_arm_novice_bump#.dds,524416,1024,512,0,DXT5
textures.xdb0,textures/act/act_arm_novice_bump#.thm,138,,,,
textures.xdb0,textures/act/act_arm_novice_bump.dds,524416,1024,512,0,DXT5
textures.xdb0,textures/act/act_arm_novice_bump.thm,160,,,,
textures.xdb0,textures/act/act_arm_seva.dds,262272,1024,512,1,DXT1
textures.xdb0,textures/act/act_arm_seva.thm,159,,,,
textures.xdb0,textures/act/act_arm_skat_9.dds,699216,1024,512,11,DXT3
textures.xdb0,textures/act/act_arm_skat_9.thm,161,,,,
textures.xdb0,textures/act/act_arm_stalker.dds,699200,1024,512,10,DXT5
textures.xdb0,textures/act/act_arm_stalker.thm,162,,,,
textures.xdb0,textures/act/act_arm_stalker_bump#.dds,524416,1024,512,0,DXT5
textures.xdb0,textures/act/act_arm_stalker_bump#.thm,138,,,,
textures.xdb0,textures/act/act_arm_stalker_bump.dds,524416,1024,512,0,DXT5
textures.xdb0,textures/act/act_arm_stalker_bump.thm,161,,,,
textures.xdb0,textures/act/act_arm_sviter_1.dds,349680,512,512,10,DXT5
textures.xdb0,textures/act/act_arm_sviter_1.thm,163,,,,
textures.xdb0,textures/act/act_arm_sviter_1_bump#.dds,1048704,1024,1024,0,DXT5
textures.xdb0,textures/act/act_arm_sviter_1_bump#.thm,138,,,,
textures.xdb0,textures/act/act_arm_sviter_1_bump.dds,1048704,1024,1024,0,DXT5
textures.xdb0,textures/act/act_arm_sviter_1_bump.thm,162,,,,
textures.xdb0,textures/act/act_arm_svoboda_light_bump#.dds,524416,1024,512,0,DXT5
textures.xdb0,textures/act/act_arm_svoboda_light_bump#.thm,138,,,,
textures.xdb0,textures/act/act_arm_svoboda_light_bump.dds,524416,1024,512,0,DXT5
textures.xdb0,textures/act/act_arm_svoboda_light_bump.thm,167,,,,
textures.xdb0,textures/act/act_arm_svoboda_middle.dds,349680,512,512,10,DXT5
textures.xdb0,textures/act/act_arm_svoboda_middle.thm,169,,,,
textures.xdb0,textures/act/act_arm_svoboda_middle_bump#.dds,1048704,1024,1024,0,DXT5
textures.xdb0,textures/act/act_arm_svoboda_middle_bump#.thm,138,,,,
textures.xdb0,textures/act/act_arm_svoboda_middle_bump.dds,1048704,1024,1024,0,DXT5
textures.xdb0,textures/act/act_arm_svoboda_middle_bump.thm,168,,,,
textures.xdb0,textures/act/act_arm_windfrd.dds,262272,1024,512,1,DXT1
textures.xdb0,textures/act/act_arm_windfrd.thm,162,,,,
textures.xdb0,textures/act/act_b2_tech_face.dds,174848,512,512,6,DXT1
textures.xdb0,textures/act/act_b2_tech_face.thm,163,,,,
textures.xdb0,textures/act/act_b2_tech_face_bump#.dds,349568,512,512,6,DXT5
textures.xdb0,textures/act/act_b2_tech_face_bump#.thm,138,,,,
textures.xdb0,textures/act/act_b2_tech_face_bump.dds,349568,512,512,6,DXT5
textures.xdb0,textures/act/act_b2_tech_face_bump.thm,165,,,,
textures.xdb0,textures/act/act_bandit2a.dds,699008,1024,1024,6,DXT1
textures.xdb0,textures/act/act_bandit2a.thm,168,,,,
textures.xdb0,textures/act/act_bure2.dds,699008,1024,1024,6,DXT1
textures.xdb0,textures/act/act_bure2.thm,156,,,,
textures.xdb0,textures/act/act_bure3.dds,699008,1024,1024,6,DXT1
textures.xdb0,textures/act/act_bure3.thm,156,,,,
textures.xdb0,textures/act/act_bure4.dds,699008,1024,1024,6,DXT1
textures.xdb0,textures/act/act_bure4.thm,156,,,,
textures.xdb0,textures/act/act_burer.dds,174904,512,512,10,DXT1
textures.xdb0,textures/act/act_burer.thm,156,,,,
textures.xdb0,textures/act/act_burer_bump#.dds,349680,512,512,10,DXT5
textures.xdb0,textures/act/act_burer_bump#.thm,138,,,,
textures.xdb0,textures/act/act_burer_bump.dds,349680,512,512,10,DXT5
textures.xdb0,textures/act/act_burer_bump.thm,156,,,,
textures.xdb0,textures/act/act_ca1.dds,349568,512,512,6,DXT5
textures.xdb0,textures/act/act_ca1.thm,174,,,,
textures.xdb0,textures/act/act_ca2.dds,699008,1024,1024,6,DXT1
textures.xdb0,textures/act/act_ca2.thm,174,,,,
textures.xdb0,textures/act/act_ca3.dds,699008,1024,1024,6,DXT1
textures.xdb0,textures/act/act_ca3.thm,174,,,,
textures.xdb0,textures/act/act_ca4.dds,699008,1024,1024,6,DXT1
textures.xdb0,textures/act/act_ca4.thm,174,,,,
textures.xdb0,textures/act/act_cat.dds,174904,512,512,10,DXT1
textures.xdb0,textures/act/act_cat.thm,174,,,,
textures.xdb0,textures/act/act_cat2.dds,699008,1024,1024,6,DXT1
textures.xdb0,textures/act/act_cat2.thm,174,,,,
textures.xdb0,textures/act/act_cat_bump#.dds,349680,512,512,10,DXT5
textures.xdb0,textures/act/act_cat_bump#.thm,138,,,,
textures.xdb0,textures/act/act_cat_bump.dds,349680,512,512,10,DXT5
textures.xdb0,textures/act/act_cat_bump.thm,138,,,,
textures.xdb0,textures/act/act_cat_soc.dds,699008,1024,1024,6,DXT1
textures.xdb0,textures/act/act_cat_soc.thm,174,,,,
textures.xdb0,textures/act/act_controlle2.dds,699008,1024,1024,6,DXT1
textures.xdb0,textures/act/act_controlle2.thm,181,,,,
textures.xdb0,textures/act/act_controller.dds,174904,512,512,10,DXT1
textures.xdb0,textures/act/act_controller.thm,181,,,,
textures.xdb0,textures/act/act_controller2.dds,174904,512,512,10,DXT1
textures.xdb0,textures/act/act_controller2.thm,182,,,,
textures.xdb0,textures/act/act_controller2_bump#.dds,349680,512,512,10,DXT5
textures.xdb0,textures/act/act_controller2_bump#.thm,138,,,,
textures.xdb0,textures/act/act_controller2_bump.dds,349680,512,512,10,DXT5
textures.xdb0,textures/act/act_controller2_bump.thm,138,,,,
textures.xdb0,textures/act/act_controller_bump#.dds,349680,512,512,10,DXT5
textures.xdb0,textures/act/act_controller_bump#.thm,138,,,,
textures.xdb0,textures/act/act_controller_bump.dds,349680,512,512,10,DXT5
textures.xdb0,textures/act/act_controller_bump.thm,161,,,,
textures.xdb0,textures/act/act_controller_hit.dds,87536,256,256,9,DXT5
textures.xdb0,textures/act/act_controller_hit.thm,138,,,,
textures.xdb0,textures/act/act_controller_hit1.dds,87536,256,256,9,DXT5
textures.xdb0,textures/act/act_controller_hit1.thm,138,,,,
textures.xdb0,textures/act/act_corp_military.dds,174904,512,512,10,DXT1
textures.xdb0,textures/act/act_corp_military.thm,164,,,,
textures.xdb0,textures/act/act_corp_military_bump#.dds,349680,512,512,10,DXT5
textures.xdb0,textures/act/act_corp_military_bump#.thm,138,,,,
textures.xdb0,textures/act/act_corp_military_bump.dds,349680,512,512,10,DXT5
textures.xdb0,textures/act/act_corp_military_bump.thm,138,,,,
textures.xdb0,textures/act/act_corp_monolit.dds,174904,512,512,10,DXT1
textures.xdb0,textures/act/act_corp_monolit.thm,163,,,,
textures.xdb0,textures/act/act_corp_monolit_bump#.dds,349680,512,512,10,DXT5
textures.xdb0,textures/act/act_corp_monolit_bump#.thm,138,,,,
textures.xdb0,textures/act/act_corp_monolit_bump.dds,349680,512,512,10,DXT5
textures.xdb0,textures/act/act_corp_monolit_bump.thm,138,,,,
textures.xdb0,textures/act/act_corp_specnaz.dds,87528,256,512,10,DXT1
textures.xdb0,textures/act/act_corp_specnaz.thm,163,,,,
textures.xdb0,textures/act/act_corp_specnaz_bump#.dds,174928,256,512,10,DXT5
textures.xdb0,textures/act/act_corp_specnaz_bump#.thm,138,,,,
textures.xdb0,textures/act/act_corp_specnaz_bump.dds,699216,512,1024,11,DXT5
textures.xdb0,textures/act/act_corp_specnaz_bump.thm,138,,,,
textures.xdb0,textures/act/act_corp_stalker.dds,174904,512,512,10,DXT1
textures.xdb0,textures/act/act_corp_stalker.thm,163,,,,
textures.xdb0,textures/act/act_corp_stalker_bump#.dds,349680,512,512,10,DXT5
textures.xdb0,textures/act/act_corp_stalker_bump#.thm,138,,,,
textures.xdb0,textures/act/act_corp_stalker_bump.dds,349680,512,512,10,DXT5
textures.xdb0,textures/act/act_corp_stalker_bump.thm,138,,,,
textures.xdb0,textures/act/act_crow.dds,131200,512,512,0,DXT1
textures.xdb0,textures/act/act_crow.thm,138,,,,
textures.xdb0,textures/act/act_cskysun2.dds,699008,1024,1024,6,DXT1
textures.xdb0,textures/act/act_cskysun2.thm,168,,,,
textures.xdb0,textures/act/act_dog_noy_0.dds,131200,512,512,0,DXT1
textures.xdb0,textures/act/act_dog_noy_0.thm,180,,,,
textures.xdb0,textures/act/act_dog_red.dds,174904,512,512,10,DXT1
textures.xdb0,textures/act/act_dog_red.thm,178,,,,
textures.xdb0,textures/act/act_dog_red_bump#.dds,349680,512,512,10,DXT5
textures.xdb0,textures/act/act_dog_red_bump#.thm,138,,,,
textures.xdb0,textures/act/act_dog_red_bump.dds,349680,512,512,10,DXT5
textures.xdb0,textures/act/act_dog_red_bump.thm,158,,,,
textures.xdb0,textures/act/act_dog_red_teeth.dds,11088,128,64,8,DXT5
textures.xdb0,textures/act/act_dog_red_teeth.thm,164,,,,
textures.xdb0,textures/act/act_dog_red_teeth_bump#.dds,11088,128,64,8,DXT5
textures.xdb0,textures/act/act_dog_red_teeth_bump#.thm,138,,,,
textures.xdb0,textures/act/act_dog_red_teeth_bump.dds,11088,128,64,8,DXT5
textures.xdb0,textures/act/act_dog_red_teeth_bump.thm,138,,,,
textures.xdb0,textures/act/act_dogs_big.dds,174904,512,512,10,DXT1
textures.xdb0,textures/act/act_dogs_big.thm,179,,,,
textures.xdb0,textures/act/act_dogs_big_bump#.dds,349680,512,512,10,DXT5
textures.xdb0,textures/act/act_dogs_big_bump#.thm,138,,,,
textures.xdb0,textures/act/act_dogs_big_bump.dds,349680,512,512,10,DXT5
textures.xdb0,textures/act/act_dogs_big_bump.thm,159,,,,
textures.xdb0,textures/act/act_dogs_black.dds,174848,512,512,6,DXT1
textures.xdb0,textures/act/act_dogs_black.thm,181,,,,
textures.xdb0,textures/act/act_dogs_brown.dds,174904,512,512,10,DXT1
textures.xdb0,textures/act/act_dogs_brown.thm,181,,,,
textures.xdb0,textures/act/act_dogs_brown_bump#.dds,349680,512,512,10,DXT5
textures.xdb0,textures/act/act_dogs_brown_bump#.thm,138,,,,
textures.xdb0,textures/act/act_dogs_brown_bump.dds,349680,512,512,10,DXT5
textures.xdb0,textures/act/act_dogs_brown_bump.thm,161,,,,
textures.xdb0,textures/act/act_dogs_brown_soc.dds,174848,512,512,6,DXT1
textures.xdb0,textures/act/act_dogs_brown_soc.thm,185,,,,
textures.xdb0,textures/act/act_dogs_brown_soc_bump#.dds,349568,512,512,6,DXT5
textures.xdb0,textures/act/act_dogs_brown_soc_bump#.thm,138,,,,
textures.xdb0,textures/act/act_dogs_brown_soc_bump.dds,349680,512,512,10,DXT5
textures.xdb0,textures/act/act_dogs_brown_soc_bump.thm,138,,,,
textures.xdb0,textures/act/act_dogs_bulterer.dds,174904,512,512,10,DXT1
textures.xdb0,textures/act/act_dogs_bulterer.thm,184,,,,
textures.xdb0,textures/act/act_dogs_bulterer_bump#.dds,349680,512,512,10,DXT5
textures.xdb0,textures/act/act_dogs_bulterer_bump#.thm,138,,,,
textures.xdb0,textures/act/act_dogs_bulterer_bump.dds,349680,512,512,10,DXT5
textures.xdb0,textures/act/act_dogs_bulterer_bump.thm,164,,,,
textures.xdb0,textures/act/act_dol2aold.dds,699008,1024,1024,6,DXT1
textures.xdb0,textures/act/act_dol2aold.thm,165,,,,
textures.xdb0,textures/act/act_dolg2old.dds,699008,1024,1024,6,DXT1
textures.xdb0,textures/act/act_dolg2old.thm,165,,,,
textures.xdb0,textures/act/act_ecologt.dds,699192,1024,1024,11,DXT1
textures.xdb0,textures/act/act_ecologt.thm,158,,,,
textures.xdb0,textures/act/act_ecologt_bump#.dds,87536,256,256,9,DXT5
textures.xdb0,textures/act/act_ecologt_bump.dds,1398256,1024,1024,11,DXT5
textures.xdb0,textures/act/act_ekolog.dds,699192,1024,1024,11,DXT1
textures.xdb0,textures/act/act_ekolog.thm,164,,,,
textures.xdb0,textures/act/act_ekologt.dds,699192,1024,1024,11,DXT1
textures.xdb0,textures/act/act_ekologt.thm,164,,,,
textures.xdb0,textures/act/act_exoskeleton.dds,349568,512,512,6,DXT5
textures.xdb0,textures/act/act_exoskeleton.thm,162,,,,
textures.xdb0,textures/act/act_exoskeleton_bump#.dds,87488,256,256,6,DXT5
textures.xdb0,textures/act/act_exoskeleton_bump.dds,349568,512,512,6,DXT5
textures.xdb0,textures/act/act_exoskeleton_bump.thm,138,,,,
textures.xdb0,textures/act/act_face_01.dds,349568,1024,512,6,DXT1
textures.xdb0,textures/act/act_face_01.thm,158,,,,
textures.xdb0,textures/act/act_face_01_bump#.dds,699008,1024,512,6,DXT5
textures.xdb0,textures/act/act_face_01_bump#.thm,23035,,,,
textures.xdb0,textures/act/act_face_01_bump.dds,699008,1024,512,6,DXT5
textures.xdb0,textures/act/act_face_01_bump.thm,138,,,,
textures.xdb0,textures/act/act_face_02.dds,349672,1024,512,11,DXT1
textures.xdb0,textures/act/act_face_02.thm,158,,,,
textures.xdb0,textures/act/act_face_02_bump#.dds,699216,1024,512,11,DXT5
textures.xdb0,textures/act/act_face_02_bump.dds,699216,1024,512,11,DXT5
textures.xdb0,textures/act/act_face_02_bump.thm,138,,,,
textures.xdb0,textures/act/act_face_04.dds,349568,1024,512,6,DXT1
textures.xdb0,textures/act/act_face_04.thm,158,,,,
textures.xdb0,textures/act/act_face_04_bump#.dds,699216,1024,512,11,DXT5
textures.xdb0,textures/act/act_face_04_bump#.thm,138,,,,
textures.xdb0,textures/act/act_face_04_bump.dds,699216,1024,512,11,DXT5
textures.xdb0,textures/act/act_face_04_bump.thm,138,,,,
textures.xdb0,textures/act/act_face_10.dds,174848,512,512,6,DXT1
textures.xdb0,textures/act/act_face_10.thm,158,,,,
textures.xdb0,textures/act/act_face_10_bump#.dds,349568,512,512,6,DXT5
textures.xdb0,textures/act/act_face_10_bump#.thm,138,,,,
textures.xdb0,textures/act/act_face_10_bump.dds,349680,512,512,10,DXT5
textures.xdb0,textures/act/act_face_10_bump.thm,138,,,,
textures.xdb0,textures/act/act_face_26.dds,174848,512,512,6,DXT1
textures.xdb0,textures/act/act_face_26.thm,158,,,,
textures.xdb0,textures/act/act_face_26_bump#.dds,349568,512,512,6,DXT5
textures.xdb0,textures/act/act_face_26_bump#.thm,138,,,,
textures.xdb0,textures/act/act_face_26_bump.dds,349568,512,512,6,DXT5
textures.xdb0,textures/act/act_face_26_bump.thm,138,,,,
textures.xdb0,textures/act/act_face_holod.dds,349568,1024,512,6,DXT1
textures.xdb0,textures/act/act_face_holod.thm,161,,,,
textures.xdb0,textures/act/act_face_holod_bump#.dds,699216,1024,512,11,DXT5
textures.xdb0,textures/act/act_face_holod_bump#.thm,138,,,,
textures.xdb0,textures/act/act_face_holod_bump.dds,699216,1024,512,11,DXT5
textures.xdb0,textures/act/act_face_holod_bump.thm,161,,,,
textures.xdb0,textures/act/act_face_mask_01.dds,349568,1024,512,6,DXT1
textures.xdb0,textures/act/act_face_mask_01.thm,163,,,,
textures.xdb0,textures/act/act_face_mask_01_bump#.dds,699216,1024,512,11,DXT5
textures.xdb0,textures/act/act_face_mask_01_bump#.thm,138,,,,
textures.xdb0,textures/act/act_face_mask_01_bump.dds,699216,1024,512,11,DXT5
textures.xdb0,textures/act/act_face_mask_01_bump.thm,138,,,,
textures.xdb0,textures/act/act_face_mask_02.dds,349568,1024,512,6,DXT1
textures.xdb0,textures/act/act_face_mask_02.thm,163,,,,
textures.xdb0,textures/act/act_face_mask_02_bump#.dds,699216,1024,512,11,DXT5
textures.xdb0,textures/act/act_face_mask_02_bump#.thm,138,,,,
textures.xdb0,textures/act/act_face_mask_02_bump.dds,699216,1024,512,11,DXT5
textures.xdb0,textures/act/act_face_mask_02_bump.thm,138,,,,
textures.xdb0,textures/act/act_face_mask_03.dds,349568,1024,512,6,DXT1
textures.xdb0,textures/act/act_face_mask_03.thm,163,,,,
textures.xdb0,textures/act/act_face_mask_03_bump#.dds,699216,1024,512,11,DXT5
textures.xdb0,textures/act/act_face_mask_03_bump#.thm,138,,,,
textures.xdb0,textures/act/act_face_mask_03_bump.dds,699216,1024,512,11,DXT5
textures.xdb0,textures/act/act_face_mask_03_bump.thm,138,,,,
textures.xdb0,textures/act/act_face_mask_04.dds,349568,1024,512,6,DXT1
textures.xdb0,textures/act/act_face_mask_04.thm,163,,,,
textures.xdb0,textures/act/act_face_mask_04_bump#.dds,699216,1024,512,11,DXT5
textures.xdb0,textures/act/act_face_mask_04_bump#.thm,138,,,,
textures.xdb0,textures/act/act_face_mask_04_bump.dds,699216,1024,512,11,DXT5
textures.xdb0,textures/act/act_face_mask_04_bump.thm,138,,,,
textures.xdb0,textures/act/act_face_mask_05.dds,349568,1024,512,6,DXT1
textures.xdb0,textures/act/act_face_mask_05.thm,165,,,,
textures.xdb0,textures/act/act_face_mask_06.dds,349568,1024,512,6,DXT1
textures.xdb0,textures/act/act_face_mask_06.thm,165,,,,
textures.xdb0,textures/act/act_face_mask_07.dds,349568,1024,512,6,DXT1
textures.xdb0,textures/act/act_face_mask_07.thm,138,,,,
textures.xdb0,textures/act/act_face_mask_08.dds,349568,1024,512,6,DXT1
textures.xdb0,textures/act/act_face_mask_08.thm,138,,,,
textures.xdb0,textures/act/act_face_mask_09.dds,349568,1024,512,6,DXT1
textures.xdb0,textures/act/act_face_mask_09.thm,158,,,,
textures.xdb0,textures/act/act_face_novikov.dds,699008,1024,1024,6,DXT1
textures.xdb0,textures/act/act_face_novikov.thm,163,,,,
textures.xdb0,textures/act/act_face_novikov_bump#.dds,349680,512,512,10,DXT5
textures.xdb0,textures/act/act_face_novikov_bump#.thm,138,,,,
textures.xdb0,textures/act/act_face_novikov_bump.dds,1398256,1024,1024,11,DXT5
textures.xdb0,textures/act/act_face_novikov_bump.thm,163,,,,
textures.xdb0,textures/act/act_face_soldier_01.dds,174848,512,512,6,DXT1
textures.xdb0,textures/act/act_face_soldier_01.thm,138,,,,
textures.xdb0,textures/act/act_face_soldier_01_bump#.dds,349568,512,512,6,DXT5
textures.xdb0,textures/act/act_face_soldier_01_bump#.thm,138,,,,
textures.xdb0,textures/act/act_face_soldier_01_bump.dds,349680,512,512,10,DXT5
textures.xdb0,textures/act/act_face_soldier_01_bump.thm,138,,,,
textures.xdb0,textures/act/act_face_soldier_02.dds,174848,512,512,6,DXT1
textures.xdb0,textures/act/act_face_soldier_02.thm,166,,,,
textures.xdb0,textures/act/act_face_soldier_02_bump#.dds,349568,512,512,6,DXT5
textures.xdb0,textures/act/act_face_soldier_02_bump#.thm,138,,,,
textures.xdb0,textures/act/act_face_soldier_02_bump.dds,349680,512,512,10,DXT5
textures.xdb0,textures/act/act_face_soldier_02_bump.thm,138,,,,
textures.xdb0,textures/act/act_face_soldier_03.dds,174848,512,512,6,DXT1
textures.xdb0,textures/act/act_face_soldier_03.thm,166,,,,
textures.xdb0,textures/act/act_face_soldier_04.dds,174848,512,512,6,DXT1
textures.xdb0,textures/act/act_face_soldier_04.thm,166,,,,
textures.xdb0,textures/act/act_face_soldier_04_bump#.dds,349568,512,512,6,DXT5
textures.xdb0,textures/act/act_face_soldier_04_bump#.thm,138,,,,
textures.xdb0,textures/act/act_face_soldier_04_bump.dds,349680,512,512,10,DXT5
textures.xdb0,textures/act/act_face_soldier_04_bump.thm,138,,,,
textures.xdb0,textures/act/act_face_soldier_05_bump#.dds,349568,512,512,6,DXT5
textures.xdb0,textures/act/act_face_soldier_05_bump#.thm,138,,,,
textures.xdb0,textures/act/act_face_soldier_05_bump.dds,349568,512,512,6,DXT5
textures.xdb0,textures/act/act_face_soldier_05_bump.thm,138,,,,
textures.xdb0,textures/act/act_face_soldier_06_bump#.dds,349680,512,512,10,DXT5
textures.xdb0,textures/act/act_face_soldier_06_bump.dds,349680,512,512,10,DXT5
textures.xdb0,textures/act/act_face_soldier_06_bump.thm,138,,,,
textures.xdb0,textures/act/act_face_soldier_07.dds,174848,512,512,6,DXT1
textures.xdb0,textures/act/act_face_soldier_07.thm,138,,,,
textures.xdb0,textures/act/act_face_soldier_08.dds,174848,512,512,6,DXT1
textures.xdb0,textures/act/act_face_soldier_08.thm,166,,,,
textures.xdb0,textures/act/act_face_soldier_09.dds,174848,512,512,6,DXT1
textures.xdb0,textures/act/act_face_soldier_09.thm,166,,,,
textures.xdb0,textures/act/act_face_soldier_10.dds,174848,512,512,6,DXT1
textures.xdb0,textures/act/act_face_soldier_10.thm,166,,,,
textures.xdb0,textures/act/act_face_soldier_11.dds,174904,512,512,10,DXT1
textures.xdb0,textures/act/act_face_soldier_11.thm,166,,,,
textures.xdb0,textures/act/act_face_soldier_11_bump#.dds,87536,256,256,9,DXT5
textures.xdb0,textures/act/act_face_soldier_11_bump.dds,349680,512,512,10,DXT5
textures.xdb0,textures/act/act_face_soldier_11_bump.thm,138,,,,
textures.xdb0,textures/act/act_face_soldier_12.dds,174848,512,512,6,DXT1
textures.xdb0,textures/act/act_face_soldier_12.thm,166,,,,
textures.xdb0,textures/act/act_face_soldier_12_bump#.dds,349568,512,512,6,DXT5
textures.xdb0,textures/act/act_face_soldier_12_bump#.thm,138,,,,
textures.xdb0,textures/act/act_face_soldier_12_bump.dds,349680,512,512,10,DXT5
textures.xdb0,textures/act/act_face_soldier_12_bump.thm,138,,,,
textures.xdb0,textures/act/act_face_soldier_13.dds,174848,512,512,6,DXT1
textures.xdb0,textures/act/act_face_soldier_13.thm,166,,,,
textures.xdb0,textures/act/act_face_soldier_13_bump#.dds,349568,512,512,6,DXT5
textures.xdb0,textures/act/act_face_soldier_13_bump#.thm,138,,,,
textures.xdb0,textures/act/act_face_soldier_13_bump.dds,349680,512,512,10,DXT5
textures.xdb0,textures/act/act_face_soldier_13_bump.thm,138,,,,
textures.xdb0,textures/act/act_face_soldier_14.dds,174848,512,512,6,DXT1
textures.xdb0,textures/act/act_face_soldier_14.thm,166,,,,
textures.xdb0,textures/act/act_face_soldier_14_bump#.dds,349568,512,512,6,DXT5
textures.xdb0,textures/act/act_face_soldier_14_bump#.thm,138,,,,
textures.xdb0,textures/act/act_face_soldier_14_bump.dds,349680,512,512,10,DXT5
textures.xdb0,textures/act/act_face_soldier_14_bump.thm,138,,,,
textures.xdb0,textures/act/act_face_soldier_15.dds,174848,512,512,6,DXT1
textures.xdb0,textures/act/act_face_soldier_15.thm,166,,,,
textures.xdb0,textures/act/act_face_soldier_15_bump#.dds,349568,512,512,6,DXT5
textures.xdb0,textures/act/act_face_soldier_15_bump#.thm,138,,,,
textures.xdb0,textures/act/act_face_soldier_15_bump.dds,349680,512,512,10,DXT5
textures.xdb0,textures/act/act_face_soldier_15_bump.thm,138,,,,
textures.xdb0,textures/act/act_face_soldier_16.dds,174848,512,512,6,DXT1
textures.xdb0,textures/act/act_face_soldier_16.thm,166,,,,
textures.xdb0,textures/act/act_face_soldier_16_bump#.dds,349568,512,512,6,DXT5
textures.xdb0,textures/act/act_face_soldier_16_bump#.thm,138,,,,
textures.xdb0,textures/act/act_face_soldier_16_bump.dds,349680,512,512,10,DXT5
textures.xdb0,textures/act/act_face_soldier_16_bump.thm,138,,,,
textures.xdb0,textures/act/act_face_soldier_17.dds,174848,512,512,6,DXT1
textures.xdb0,textures/act/act_face_soldier_17.thm,166,,,,
textures.xdb0,textures/act/act_face_soldier_17_bump#.dds,349568,512,512,6,DXT5
textures.xdb0,textures/act/act_face_soldier_17_bump#.thm,138,,,,
textures.xdb0,textures/act/act_face_soldier_17_bump.dds,174928,256,512,10,DXT5
textures.xdb0,textures/act/act_face_soldier_17_bump.thm,138,,,,
textures.xdb0,textures/act/act_face_soldier_20.dds,174904,512,512,10,DXT1
textures.xdb0,textures/act/act_face_soldier_20.thm,166,,,,
textures.xdb0,textures/act/act_face_soldier_21.dds,174848,512,512,6,DXT1
textures.xdb0,textures/act/act_face_soldier_21.thm,166,,,,
textures.xdb0,textures/act/act_face_soldier_22.dds,174848,512,512,6,DXT1
textures.xdb0,textures/act/act_face_soldier_22.thm,166,,,,
textures.xdb0,textures/act/act_face_soldier_23.dds,174848,512,512,6,DXT1
textures.xdb0,textures/act/act_face_soldier_23.thm,166,,,,
textures.xdb0,textures/act/act_face_zombie_01.dds,349568,1024,512,6,DXT1
textures.xdb0,textures/act/act_face_zombie_01.thm,165,,,,
textures.xdb0,textures/act/act_face_zombie_01_bump#.dds,699216,1024,512,11,DXT5
textures.xdb0,textures/act/act_face_zombie_01_bump#.thm,138,,,,
textures.xdb0,textures/act/act_face_zombie_01_bump.dds,699216,1024,512,11,DXT5
textures.xdb0,textures/act/act_face_zombie_01_bump.thm,138,,,,
textures.xdb0,textures/act/act_face_zombie_02.dds,349568,1024,512,6,DXT1
textures.xdb0,textures/act/act_face_zombie_02.thm,165,,,,
textures.xdb0,textures/act/act_face_zombie_02_bump#.dds,524416,1024,512,0,DXT5
textures.xdb0,textures/act/act_face_zombie_02_bump#.thm,138,,,,
textures.xdb0,textures/act/act_face_zombie_02_bump.dds,699216,1024,512,11,DXT5
textures.xdb0,textures/act/act_face_zombie_02_bump.thm,138,,,,
textures.xdb0,textures/act/act_face_zombie_03.dds,349568,1024,512,6,DXT1
textures.xdb0,textures/act/act_face_zombie_03.thm,163,,,,
textures.xdb0,textures/act/act_faces_1_01.dds,349568,1024,512,6,DXT1
textures.xdb0,textures/act/act_faces_1_01.thm,161,,,,
textures.xdb0,textures/act/act_faces_1_01_bump#.dds,699216,1024,512,11,DXT5
textures.xdb0,textures/act/act_faces_1_01_bump#.thm,138,,,,
textures.xdb0,textures/act/act_faces_1_01_bump.dds,699216,1024,512,11,DXT5
textures.xdb0,textures/act/act_faces_1_01_bump.thm,161,,,,
textures.xdb0,textures/act/act_faces_1_02.dds,349568,1024,512,6,DXT1
textures.xdb0,textures/act/act_faces_1_02.thm,161,,,,
textures.xdb0,textures/act/act_faces_1_02_bump#.dds,699216,1024,512,11,DXT5
textures.xdb0,textures/act/act_faces_1_02_bump#.thm,138,,,,
textures.xdb0,textures/act/act_faces_1_02_bump.dds,699216,1024,512,11,DXT5
textures.xdb0,textures/act/act_faces_1_02_bump.thm,161,,,,
textures.xdb0,textures/act/act_faces_1_03.dds,349568,1024,512,6,DXT1
textures.xdb0,textures/act/act_faces_1_03.thm,161,,,,
textures.xdb0,textures/act/act_faces_1_03_bump#.dds,699216,1024,512,11,DXT5
textures.xdb0,textures/act/act_faces_1_03_bump#.thm,138,,,,
textures.xdb0,textures/act/act_faces_1_03_bump.dds,699216,1024,512,11,DXT5
textures.xdb0,textures/act/act_faces_1_03_bump.thm,161,,,,
textures.xdb0,textures/act/act_faces_1_04.dds,349568,1024,512,6,DXT1
textures.xdb0,textures/act/act_faces_1_04.thm,161,,,,
textures.xdb0,textures/act/act_faces_1_04_bump#.dds,699216,1024,512,11,DXT5
textures.xdb0,textures/act/act_faces_1_04_bump#.thm,138,,,,
textures.xdb0,textures/act/act_faces_1_04_bump.dds,699216,1024,512,11,DXT5
textures.xdb0,textures/act/act_faces_1_04_bump.thm,161,,,,
textures.xdb0,textures/act/act_faces_1_05.dds,349568,1024,512,6,DXT1
textures.xdb0,textures/act/act_faces_1_05.thm,161,,,,
textures.xdb0,textures/act/act_faces_1_05_bump#.dds,699216,1024,512,11,DXT5
textures.xdb0,textures/act/act_faces_1_05_bump#.thm,138,,,,
textures.xdb0,textures/act/act_faces_1_05_bump.dds,699216,1024,512,11,DXT5
textures.xdb0,textures/act/act_faces_1_05_bump.thm,161,,,,
textures.xdb0,textures/act/act_faces_1_06.dds,349568,1024,512,6,DXT1
textures.xdb0,textures/act/act_faces_1_06.thm,161,,,,
textures.xdb0,textures/act/act_faces_1_06_bump#.dds,699216,1024,512,11,DXT5
textures.xdb0,textures/act/act_faces_1_06_bump#.thm,138,,,,
textures.xdb0,textures/act/act_faces_1_06_bump.dds,699216,1024,512,11,DXT5
textures.xdb0,textures/act/act_faces_1_06_bump.thm,161,,,,
textures.xdb0,textures/act/act_faces_1_07.dds,349568,1024,512,6,DXT1
textures.xdb0,textures/act/act_faces_1_07.thm,161,,,,
textures.xdb0,textures/act/act_faces_1_07_bump#.dds,699216,1024,512,11,DXT5
textures.xdb0,textures/act/act_faces_1_07_bump#.thm,138,,,,
textures.xdb0,textures/act/act_faces_1_07_bump.dds,699216,1024,512,11,DXT5
textures.xdb0,textures/act/act_faces_1_07_bump.thm,161,,,,
textures.xdb0,textures/act/act_faces_1_08.dds,349568,1024,512,6,DXT1
textures.xdb0,textures/act/act_faces_1_08.thm,161,,,,
textures.xdb0,textures/act/act_faces_1_08_bump#.dds,699216,1024,512,11,DXT5
textures.xdb0,textures/act/act_faces_1_08_bump#.thm,138,,,,
textures.xdb0,textures/act/act_faces_1_08_bump.dds,699216,1024,512,11,DXT5
textures.xdb0,textures/act/act_faces_1_08_bump.thm,161,,,,
textures.xdb0,textures/act/act_faces_2_01.dds,349568,1024,512,6,DXT1
textures.xdb0,textures/act/act_faces_2_01.thm,161,,,,
textures.xdb0,textures/act/act_faces_2_01_bump#.dds,699216,1024,512,11,DXT5
textures.xdb0,textures/act/act_faces_2_01_bump#.thm,138,,,,
textures.xdb0,textures/act/act_faces_2_01_bump.dds,699216,1024,512,11,DXT5
textures.xdb0,textures/act/act_faces_2_01_bump.thm,161,,,,
textures.xdb0,textures/act/act_faces_2_02.dds,349568,1024,512,6,DXT1
textures.xdb0,textures/act/act_faces_2_02.thm,161,,,,
textures.xdb0,textures/act/act_faces_2_02_bump#.dds,699216,1024,512,11,DXT5
textures.xdb0,textures/act/act_faces_2_02_bump#.thm,138,,,,
textures.xdb0,textures/act/act_faces_2_02_bump.dds,699216,1024,512,11,DXT5
textures.xdb0,textures/act/act_faces_2_02_bump.thm,161,,,,
textures.xdb0,textures/act/act_faces_2_03.dds,349568,1024,512,6,DXT1
textures.xdb0,textures/act/act_faces_2_03.thm,161,,,,
textures.xdb0,textures/act/act_faces_2_03_bump#.dds,699216,1024,512,11,DXT5
textures.xdb0,textures/act/act_faces_2_03_bump#.thm,138,,,,
textures.xdb0,textures/act/act_faces_2_03_bump.dds,699216,1024,512,11,DXT5
textures.xdb0,textures/act/act_faces_2_03_bump.thm,161,,,,
textures.xdb0,textures/act/act_faces_2_04.dds,349568,1024,512,6,DXT1
textures.xdb0,textures/act/act_faces_2_04.thm,161,,,,
textures.xdb0,textures/act/act_faces_2_04_bump#.dds,699216,1024,512,11,DXT5
textures.xdb0,textures/act/act_faces_2_04_bump#.thm,138,,,,
textures.xdb0,textures/act/act_faces_2_04_bump.dds,699216,1024,512,11,DXT5
textures.xdb0,textures/act/act_faces_2_04_bump.thm,161,,,,
textures.xdb0,textures/act/act_faces_2_05.dds,349568,1024,512,6,DXT1
textures.xdb0,textures/act/act_faces_2_05.thm,161,,,,
textures.xdb0,textures/act/act_faces_2_05_bump#.dds,699216,1024,512,11,DXT5
textures.xdb0,textures/act/act_faces_2_05_bump#.thm,138,,,,
textures.xdb0,textures/act/act_faces_2_05_bump.dds,699216,1024,512,11,DXT5
textures.xdb0,textures/act/act_faces_2_05_bump.thm,161,,,,
textures.xdb0,textures/act/act_faces_2_06.dds,349568,1024,512,6,DXT1
textures.xdb0,textures/act/act_faces_2_06.thm,161,,,,
textures.xdb0,textures/act/act_faces_2_06_bump#.dds,699216,1024,512,11,DXT5
textures.xdb0,textures/act/act_faces_2_06_bump#.thm,138,,,,
textures.xdb0,textures/act/act_faces_2_06_bump.dds,699216,1024,512,11,DXT5
textures.xdb0,textures/act/act_faces_2_06_bump.thm,161,,,,
textures.xdb0,textures/act/act_faces_2_07.dds,349568,1024,512,6,DXT1
textures.xdb0,textures/act/act_faces_2_07.thm,161,,,,
textures.xdb0,textures/act/act_faces_2_07_bump#.dds,699216,1024,512,11,DXT5
textures.xdb0,textures/act/act_faces_2_07_bump#.thm,138,,,,
textures.xdb0,textures/act/act_faces_2_07_bump.dds,699216,1024,512,11,DXT5
textures.xdb0,textures/act/act_faces_2_07_bump.thm,161,,,,
textures.xdb0,textures/act/act_faces_2_08.dds,349568,1024,512,6,DXT1
textures.xdb0,textures/act/act_faces_2_08.thm,161,,,,
textures.xdb0,textures/act/act_faces_2_08_bump#.dds,699216,1024,512,11,DXT5
textures.xdb0,textures/act/act_faces_2_08_bump#.thm,138,,,,
textures.xdb0,textures/act/act_faces_2_08_bump.dds,699216,1024,512,11,DXT5
textures.xdb0,textures/act/act_faces_2_08_bump.thm,161,,,,
textures.xdb0,textures/act/act_faces_2_09.dds,349568,1024,512,6,DXT1
textures.xdb0,textures/act/act_faces_2_09.thm,161,,,,
textures.xdb0,textures/act/act_faces_2_09_bump#.dds,699216,1024,512,11,DXT5
textures.xdb0,textures/act/act_faces_2_09_bump#.thm,138,,,,
textures.xdb0,textures/act/act_faces_2_09_bump.dds,699216,1024,512,11,DXT5
textures.xdb0,textures/act/act_faces_2_09_bump.thm,161,,,,
textures.xdb0,textures/act/act_faces_3_01.dds,349568,1024,512,6,DXT1
textures.xdb0,textures/act/act_faces_3_01.thm,161,,,,
textures.xdb0,textures/act/act_faces_3_01_bump#.dds,699216,1024,512,11,DXT5
textures.xdb0,textures/act/act_faces_3_01_bump#.thm,138,,,,
textures.xdb0,textures/act/act_faces_3_01_bump.dds,699216,1024,512,11,DXT5
textures.xdb0,textures/act/act_faces_3_01_bump.thm,161,,,,
textures.xdb0,textures/act/act_faces_3_02.dds,349568,1024,512,6,DXT1
textures.xdb0,textures/act/act_faces_3_02.thm,161,,,,
textures.xdb0,textures/act/act_faces_3_02_bump#.dds,699216,1024,512,11,DXT5
textures.xdb0,textures/act/act_faces_3_02_bump#.thm,138,,,,
textures.xdb0,textures/act/act_faces_3_02_bump.dds,699216,1024,512,11,DXT5
textures.xdb0,textures/act/act_faces_3_02_bump.thm,184,,,,
textures.xdb0,textures/act/act_faces_3_03.dds,349568,1024,512,6,DXT1
textures.xdb0,textures/act/act_faces_3_03.thm,161,,,,
textures.xdb0,textures/act/act_faces_3_03_bump#.dds,699216,1024,512,11,DXT5
textures.xdb0,textures/act/act_faces_3_03_bump#.thm,138,,,,
textures.xdb0,textures/act/act_faces_3_03_bump.dds,699216,1024,512,11,DXT5
textures.xdb0,textures/act/act_faces_3_03_bump.thm,161,,,,
textures.xdb0,textures/act/act_faces_3_04.dds,349568,1024,512,6,DXT1
textures.xdb0,textures/act/act_faces_3_04.thm,161,,,,
textures.xdb0,textures/act/act_faces_3_04_bump#.dds,699216,1024,512,11,DXT5
textures.xdb0,textures/act/act_faces_3_04_bump#.thm,138,,,,
textures.xdb0,textures/act/act_faces_3_04_bump.dds,699216,1024,512,11,DXT5
textures.xdb0,textures/act/act_faces_3_04_bump.thm,161,,,,
textures.xdb0,textures/act/act_faces_3_05.dds,349672,1024,512,11,DXT1
textures.xdb0,textures/act/act_faces_3_05.thm,161,,,,
textures.xdb0,textures/act/act_faces_3_05_bump#.dds,699216,1024,512,11,DXT5
textures.xdb0,textures/act/act_faces_3_05_bump.dds,699216,1024,512,11,DXT5
textures.xdb0,textures/act/act_faces_3_05_bump.thm,161,,,,
textures.xdb0,textures/act/act_faces_3_06.dds,349568,1024,512,6,DXT1
textures.xdb0,textures/act/act_faces_3_06.thm,161,,,,
textures.xdb0,textures/act/act_faces_3_06_bump#.dds,699216,1024,512,11,DXT5
textures.xdb0,textures/act/act_faces_3_06_bump#.thm,138,,,,
textures.xdb0,textures/act/act_faces_3_06_bump.dds,699216,1024,512,11,DXT5
textures.xdb0,textures/act/act_faces_3_06_bump.thm,161,,,,
textures.xdb0,textures/act/act_faces_3_07.dds,349672,1024,512,11,DXT1
textures.xdb0,textures/act/act_faces_3_07.thm,161,,,,
textures.xdb0,textures/act/act_faces_3_07_bump#.dds,699216,1024,512,11,DXT5
textures.xdb0,textures/act/act_faces_3_07_bump.dds,699216,1024,512,11,DXT5
textures.xdb0,textures/act/act_faces_3_07_bump.thm,161,,,,
textures.xdb0,textures/act/act_faces_3_08.dds,349568,1024,512,6,DXT1
textures.xdb0,textures/act/act_faces_3_08.thm,161,,,,
textures.xdb0,textures/act/act_faces_3_08_bump#.dds,699216,1024,512,11,DXT5
textures.xdb0,textures/act/act_faces_3_08_bump#.thm,138,,,,
textures.xdb0,textures/act/act_faces_3_08_bump.dds,699216,1024,512,11,DXT5
textures.xdb0,textures/act/act_faces_3_08_bump.thm,161,,,,
textures.xdb0,textures/act/act_faces_4_01.dds,349568,1024,512,6,DXT1
textures.xdb0,textures/act/act_faces_4_01.thm,161,,,,
textures.xdb0,textures/act/act_faces_4_01_bump#.dds,699216,1024,512,11,DXT5
textures.xdb0,textures/act/act_faces_4_01_bump#.thm,138,,,,
textures.xdb0,textures/act/act_faces_4_01_bump.dds,699216,1024,512,11,DXT5
textures.xdb0,textures/act/act_faces_4_01_bump.thm,161,,,,
textures.xdb0,textures/act/act_faces_4_02.dds,349568,1024,512,6,DXT1
textures.xdb0,textures/act/act_faces_4_02.thm,161,,,,
textures.xdb0,textures/act/act_faces_4_02_bump#.dds,699216,1024,512,11,DXT5
textures.xdb0,textures/act/act_faces_4_02_bump#.thm,138,,,,
textures.xdb0,textures/act/act_faces_4_02_bump.dds,699216,1024,512,11,DXT5
textures.xdb0,textures/act/act_faces_4_02_bump.thm,161,,,,
textures.xdb0,textures/act/act_faces_4_03.dds,349568,1024,512,6,DXT1
textures.xdb0,textures/act/act_faces_4_03.thm,161,,,,
textures.xdb0,textures/act/act_faces_4_03_bump#.dds,699216,1024,512,11,DXT5
textures.xdb0,textures/act/act_faces_4_03_bump#.thm,138,,,,
textures.xdb0,textures/act/act_faces_4_03_bump.dds,699216,1024,512,11,DXT5
textures.xdb0,textures/act/act_faces_4_03_bump.thm,161,,,,
textures.xdb0,textures/act/act_faces_4_04.dds,349568,1024,512,6,DXT1
textures.xdb0,textures/act/act_faces_4_04.thm,161,,,,
textures.xdb0,textures/act/act_faces_4_04_bump#.dds,699216,1024,512,11,DXT5
textures.xdb0,textures/act/act_faces_4_04_bump#.thm,138,,,,
textures.xdb0,textures/act/act_faces_4_04_bump.dds,699216,1024,512,11,DXT5
textures.xdb0,textures/act/act_faces_4_04_bump.thm,161,,,,
textures.xdb0,textures/act/act_faces_5_01.dds,349568,1024,512,6,DXT1
textures.xdb0,textures/act/act_faces_5_01.thm,161,,,,
textures.xdb0,textures/act/act_faces_5_01_bump.thm,161,,,,
textures.xdb0,textures/act/act_faces_merc.dds,699008,1024,1024,6,DXT1
textures.xdb0,textures/act/act_faces_merc.thm,161,,,,
textures.xdb0,textures/act/act_faces_merc_bump#.dds,1397888,1024,1024,6,DXT5
textures.xdb0,textures/act/act_faces_merc_bump#.thm,138,,,,
textures.xdb0,textures/act/act_faces_merc_bump.dds,699216,512,1024,11,DXT5
textures.xdb0,textures/act/act_faces_merc_bump.thm,138,,,,
textures.xdb0,textures/act/act_faction_badges_tfw.dds,349680,512,512,10,DXT5
textures.xdb0,textures/act/act_faction_badges_tfw.thm,138,,,,
textures.xdb0,textures/act/act_fre2aold.dds,699008,1024,1024,6,DXT1
textures.xdb0,textures/act/act_fre2aold.thm,168,,,,
textures.xdb0,textures/act/act_fre2bold.dds,699008,1024,1024,6,DXT1
textures.xdb0,textures/act/act_fre2bold.thm,168,,,,
textures.xdb0,textures/act/act_free2old.dds,699008,1024,1024,6,DXT1
textures.xdb0,textures/act/act_free2old.thm,168,,,,
textures.xdb0,textures/act/act_gasmas2.dds,699008,1024,1024,6,DXT1
textures.xdb0,textures/act/act_gasmas2.thm,158,,,,
textures.xdb0,textures/act/act_gasmas3.dds,699008,1024,1024,6,DXT1
textures.xdb0,textures/act/act_gasmas3.thm,158,,,,
textures.xdb0,textures/act/act_gasmas4.dds,699008,1024,1024,6,DXT1
textures.xdb0,textures/act/act_gasmas4.thm,158,,,,
textures.xdb0,textures/act/act_gasmas5.dds,699008,1024,1024,6,DXT1
textures.xdb0,textures/act/act_gasmas5.thm,158,,,,
textures.xdb0,textures/act/act_gasmas6.dds,699008,1024,1024,6,DXT1
textures.xdb0,textures/act/act_gasmas6.thm,158,,,,
textures.xdb0,textures/act/act_gasmask.dds,174904,512,512,10,DXT1
textures.xdb0,textures/act/act_gasmask.thm,158,,,,
textures.xdb0,textures/act/act_gasmask_bump#.dds,349680,512,512,10,DXT5
textures.xdb0,textures/act/act_gasmask_bump#.thm,138,,,,
textures.xdb0,textures/act/act_gasmask_bump.dds,349680,512,512,10,DXT5
textures.xdb0,textures/act/act_gasmask_bump.thm,158,,,,
textures.xdb0,textures/act/act_glass_universal.dds,22000,128,128,8,DXT5
textures.xdb0,textures/act/act_glass_universal.thm,166,,,,
textures.xdb0,textures/act/act_glass_universal_bump#.dds,21968,128,128,6,DXT5
textures.xdb0,textures/act/act_glass_universal_bump#.thm,138,,,,
textures.xdb0,textures/act/act_glass_universal_bump.dds,21968,128,128,6,DXT5
textures.xdb0,textures/act/act_glass_universal_bump.thm,138,,,,
textures.xdb0,textures/act/act_glasses.dds,11064,128,128,8,DXT1
textures.xdb0,textures/act/act_glasses.thm,138,,,,
textures.xdb0,textures/act/act_green_stalker1.dds,699192,1024,1024,11,DXT1
textures.xdb0,textures/act/act_green_stalker1.thm,164,,,,
textures.xdb0,textures/act/act_green_stalker2.dds,699008,1024,1024,6,DXT1
textures.xdb0,textures/act/act_green_stalker2.thm,164,,,,
textures.xdb0,textures/act/act_green_stalker_bump#.dds,1397888,1024,1024,6,DXT5
textures.xdb0,textures/act/act_green_stalker_bump#.thm,138,,,,
textures.xdb0,textures/act/act_green_stalker_bump.dds,1397888,1024,1024,6,DXT5
textures.xdb0,textures/act/act_green_stalker_bump.thm,138,,,,
textures.xdb0,textures/act/act_green_stalker_head_2.dds,174848,512,512,6,DXT1
textures.xdb0,textures/act/act_green_stalker_head_2.thm,171,,,,
textures.xdb0,textures/act/act_green_stalker_head_2_bump#.dds,349568,512,512,6,DXT5
textures.xdb0,textures/act/act_green_stalker_head_2_bump#.thm,138,,,,
textures.xdb0,textures/act/act_green_stalker_head_2_bump.dds,349680,512,512,10,DXT5
textures.xdb0,textures/act/act_green_stalker_head_2_bump.thm,138,,,,
textures.xdb0,textures/act/act_green_stalker_head_3.dds,174848,512,512,6,DXT1
textures.xdb0,textures/act/act_green_stalker_head_3.thm,171,,,,
textures.xdb0,textures/act/act_green_stalker_head_3_bump#.dds,349568,512,512,6,DXT5
textures.xdb0,textures/act/act_green_stalker_head_3_bump#.thm,138,,,,
textures.xdb0,textures/act/act_green_stalker_head_3_bump.dds,349680,512,512,10,DXT5
textures.xdb0,textures/act/act_green_stalker_head_3_bump.thm,138,,,,
textures.xdb0,textures/act/act_green_stalker_head_3_mask.dds,174848,512,512,6,DXT1
textures.xdb0,textures/act/act_green_stalker_head_3_mask.thm,138,,,,
textures.xdb0,textures/act/act_green_stalker_head_3_mask_b.dds,349680,512,512,10,DXT5
textures.xdb0,textures/act/act_green_stalker_head_3_mask_b.thm,138,,,,
textures.xdb0,textures/act/act_head1.dds,174848,512,512,6,DXT1
textures.xdb0,textures/act/act_head1.thm,156,,,,
textures.xdb0,textures/act/act_head1_bump#.dds,349568,512,512,6,DXT5
textures.xdb0,textures/act/act_head1_bump#.thm,138,,,,
textures.xdb0,textures/act/act_head1_bump.dds,349680,512,512,10,DXT5
textures.xdb0,textures/act/act_head1_bump.thm,138,,,,
textures.xdb0,textures/act/act_head2.dds,174848,512,512,6,DXT1
textures.xdb0,textures/act/act_head2.thm,156,,,,
textures.xdb0,textures/act/act_head2_bump#.dds,349568,512,512,6,DXT5
textures.xdb0,textures/act/act_head2_bump#.thm,138,,,,
textures.xdb0,textures/act/act_head2_bump.dds,349680,512,512,10,DXT5
textures.xdb0,textures/act/act_head2_bump.thm,138,,,,
textures.xdb0,textures/act/act_head3.dds,174848,512,512,6,DXT1
textures.xdb0,textures/act/act_head3.thm,156,,,,
textures.xdb0,textures/act/act_head3_bump#.dds,349680,512,512,10,DXT5
textures.xdb0,textures/act/act_head3_bump#.thm,138,,,,
textures.xdb0,textures/act/act_head3_bump.dds,349680,512,512,10,DXT5
textures.xdb0,textures/act/act_head3_bump.thm,138,,,,
textures.xdb0,textures/act/act_head4_bump#.dds,349568,512,512,6,DXT5
textures.xdb0,textures/act/act_head4_bump#.thm,138,,,,
textures.xdb0,textures/act/act_head4_bump.dds,349680,512,512,10,DXT5
textures.xdb0,textures/act/act_head4_bump.thm,138,,,,
textures.xdb0,textures/act/act_head_mask.dds,174848,512,512,6,DXT1
textures.xdb0,textures/act/act_head_mask.thm,160,,,,
textures.xdb0,textures/act/act_head_mask_bump#.dds,349568,512,512,6,DXT5
textures.xdb0,textures/act/act_head_mask_bump#.thm,138,,,,
textures.xdb0,textures/act/act_head_mask_bump.dds,349680,512,512,10,DXT5
textures.xdb0,textures/act/act_head_mask_bump.thm,138,,,,
textures.xdb0,textures/act/act_head_prizrak.dds,174848,512,512,6,DXT1
textures.xdb0,textures/act/act_head_prizrak.thm,156,,,,
textures.xdb0,textures/act/act_himer2.dds,699008,1024,1024,6,DXT1
textures.xdb0,textures/act/act_himer2.thm,177,,,,
textures.xdb0,textures/act/act_himer3.dds,699008,1024,1024,6,DXT1
textures.xdb0,textures/act/act_himer3.thm,177,,,,
textures.xdb0,textures/act/act_himer4.dds,699008,1024,1024,6,DXT1
textures.xdb0,textures/act/act_himer4.thm,177,,,,
textures.xdb0,textures/act/act_himera.dds,174904,512,512,10,DXT1
textures.xdb0,textures/act/act_himera.thm,177,,,,
textures.xdb0,textures/act/act_himera_bump#.dds,349680,512,512,10,DXT5
textures.xdb0,textures/act/act_himera_bump#.thm,138,,,,
textures.xdb0,textures/act/act_himera_bump.dds,349680,512,512,10,DXT5
textures.xdb0,textures/act/act_himera_bump.thm,157,,,,
textures.xdb0,textures/act/act_himera_soc.dds,699008,1024,1024,6,DXT1
textures.xdb0,textures/act/act_himera_soc.thm,181,,,,
textures.xdb0,textures/act/act_himera_soc_bump#.dds,1397888,1024,1024,6,DXT5
textures.xdb0,textures/act/act_himera_soc_bump#.thm,138,,,,
textures.xdb0,textures/act/act_himera_soc_bump.dds,1398256,1024,1024,11,DXT5
textures.xdb0,textures/act/act_himera_soc_bump.thm,138,,,,
textures.xdb0,textures/act/act_human_corps_01.dds,174848,512,512,6,DXT1
textures.xdb0,textures/act/act_human_corps_01.thm,165,,,,
textures.xdb0,textures/act/act_human_corps_01_bump#.dds,240,8,8,4,DXT5
textures.xdb0,textures/act/act_human_corps_01_bump.dds,262272,512,512,1,DXT5
textures.xdb0,textures/act/act_izlam.dds,699008,1024,1024,6,DXT1
textures.xdb0,textures/act/act_izlam.thm,156,,,,
textures.xdb0,textures/act/act_izlam_bump#.dds,1397888,1024,1024,6,DXT5
textures.xdb0,textures/act/act_izlam_bump#.thm,138,,,,
textures.xdb0,textures/act/act_izlam_bump.dds,1397888,1024,1024,6,DXT5
textures.xdb0,textures/act/act_izlam_bump.thm,138,,,,
textures.xdb0,textures/act/act_izlem.dds,699008,1024,1024,6,DXT1
textures.xdb0,textures/act/act_izlem.thm,156,,,,
textures.xdb0,textures/act/act_izlim.dds,699008,1024,1024,6,DXT1
textures.xdb0,textures/act/act_izlim.thm,156,,,,
textures.xdb0,textures/act/act_izlom.dds,174904,512,512,10,DXT1
textures.xdb0,textures/act/act_izlom.thm,45466,,,,
textures.xdb0,textures/act/act_izlom_bump#.dds,349680,512,512,10,DXT5
textures.xdb0,textures/act/act_izlom_bump#.thm,22491,,,,
textures.xdb0,textures/act/act_izlom_bump.dds,349680,512,512,10,DXT5
textures.xdb0,textures/act/act_izlom_bump.thm,45721,,,,
textures.xdb0,textures/act/act_izlum.dds,699008,1024,1024,6,DXT1
textures.xdb0,textures/act/act_izlum.thm,156,,,,
textures.xdb0,textures/act/act_jeffry_glass.dds,87488,256,256,6,DXT5
textures.xdb0,textures/act/act_jeffry_glass.thm,163,,,,
textures.xdb0,textures/act/act_jeffry_glass_bump#.dds,87488,256,256,6,DXT5
textures.xdb0,textures/act/act_jeffry_glass_bump#.thm,138,,,,
textures.xdb0,textures/act/act_jeffry_glass_bump.dds,87488,256,256,6,DXT5
textures.xdb0,textures/act/act_jeffry_glass_bump.thm,138,,,,
textures.xdb0,textures/act/act_jimmy_face.dds,174848,512,512,6,DXT1
textures.xdb0,textures/act/act_jimmy_face.thm,161,,,,
textures.xdb0,textures/act/act_jimmy_face_bump#.dds,349568,512,512,6,DXT5
textures.xdb0,textures/act/act_jimmy_face_bump#.thm,138,,,,
textures.xdb0,textures/act/act_jimmy_face_bump.dds,349680,512,512,10,DXT5
textures.xdb0,textures/act/act_jimmy_face_bump.thm,138,,,,
textures.xdb0,textures/act/act_jimmy_glaz.dds,11048,128,128,6,DXT1
textures.xdb0,textures/act/act_jimmy_glaz.thm,138,,,,
textures.xdb0,textures/act/act_karlik_blue.dds,174848,512,512,6,DXT1
textures.xdb0,textures/act/act_karlik_blue.thm,157,,,,
textures.xdb0,textures/act/act_karlik_bump#.dds,87488,256,256,6,DXT5
textures.xdb0,textures/act/act_karlik_bump.dds,87488,256,256,6,DXT5
textures.xdb0,textures/act/act_karlik_bump.thm,138,,,,
textures.xdb0,textures/act/act_karlik_green.dds,174848,512,512,6,DXT1
textures.xdb0,textures/act/act_karlik_green.thm,157,,,,
textures.xdb0,textures/act/act_karlik_grey.dds,174848,512,512,6,DXT1
textures.xdb0,textures/act/act_karlik_grey.thm,157,,,,
textures.xdb0,textures/act/act_karlik_orange.dds,174848,512,512,6,DXT1
textures.xdb0,textures/act/act_karlik_orange.thm,157,,,,
textures.xdb0,textures/act/act_killer_nauchniy.dds,699008,1024,1024,6,DXT1
textures.xdb0,textures/act/act_killer_nauchniy.thm,166,,,,
textures.xdb0,textures/act/act_killer_nauchniy_bump#.dds,1397888,1024,1024,6,DXT5
textures.xdb0,textures/act/act_killer_nauchniy_bump#.thm,138,,,,
textures.xdb0,textures/act/act_killer_nauchniy_bump.dds,1397888,1024,1024,6,DXT5
textures.xdb0,textures/act/act_killer_nauchniy_bump.thm,138,,,,
textures.xdb0,textures/act/act_kontroller.dds,699008,1024,1024,6,DXT1
textures.xdb0,textures/act/act_kontroller.thm,181,,,,
textures.xdb0,textures/act/act_kontroller_bump#.dds,1397888,1024,1024,6,DXT5
textures.xdb0,textures/act/act_kontroller_bump#.thm,138,,,,
textures.xdb0,textures/act/act_kontroller_bump.dds,1397888,1024,1024,6,DXT5
textures.xdb0,textures/act/act_kontroller_bump.thm,161,,,,
textures.xdb0,textures/act/act_krovosos_1.dds,174904,512,512,10,DXT1
textures.xdb0,textures/act/act_krovosos_1.thm,181,,,,
textures.xdb0,textures/act/act_krovosos_1_bump#.dds,349680,512,512,10,DXT5
textures.xdb0,textures/act/act_krovosos_1_bump#.thm,138,,,,
textures.xdb0,textures/act/act_krovosos_1_bump.dds,349680,512,512,10,DXT5
textures.xdb0,textures/act/act_krovosos_1_bump.thm,161,,,,
textures.xdb0,textures/act/act_krovosos_1_soc.dds,699008,1024,1024,6,DXT1
textures.xdb0,textures/act/act_krovosos_1_soc.thm,181,,,,
textures.xdb0,textures/act/act_krovosos_2.dds,699008,1024,1024,6,DXT1
textures.xdb0,textures/act/act_krovosos_2.thm,181,,,,
textures.xdb0,textures/act/act_krovosos_2_soc.dds,699008,1024,1024,6,DXT1
textures.xdb0,textures/act/act_krovosos_2_soc.thm,181,,,,
textures.xdb0,textures/act/act_krovosos_3.dds,174904,512,512,10,DXT1
textures.xdb0,textures/act/act_krovosos_3.thm,181,,,,
textures.xdb0,textures/act/act_krovosos_3_bump#.dds,349680,512,512,10,DXT5
textures.xdb0,textures/act/act_krovosos_3_bump.dds,349680,512,512,10,DXT5
textures.xdb0,textures/act/act_krovosos_3_bump.thm,161,,,,
textures.xdb0,textures/act/act_krovosos_4.dds,349680,512,512,10,DXT5
textures.xdb0,textures/act/act_krovosos_4.thm,181,,,,
textures.xdb0,textures/act/act_krovosos_4_bump#.dds,349680,512,512,10,DXT5
textures.xdb0,textures/act/act_krovosos_4_bump.dds,349680,512,512,10,DXT5
textures.xdb0,textures/act/act_krovosos_4_bump.thm,161,,,,
textures.xdb0,textures/act/act_krovosos_new1.dds,349680,512,512,10,DXT5
textures.xdb0,textures/act/act_krovosos_new1.thm,161,,,,
textures.xdb0,textures/act/act_lenin.dds,174848,512,512,6,DXT1
textures.xdb0,textures/act/act_lenin.thm,156,,,,
textures.xdb0,textures/act/act_lenin01.dds,43808,256,256,6,DXT1
textures.xdb0,textures/act/act_lenin01.thm,138,,,,
textures.xdb0,textures/act/act_lenin02.dds,11048,128,128,6,DXT1
textures.xdb0,textures/act/act_lenin02.thm,156,,,,
textures.xdb0,textures/act/act_lenin_bump#.dds,349568,512,512,6,DXT5
textures.xdb0,textures/act/act_lenin_bump#.thm,138,,,,
textures.xdb0,textures/act/act_lenin_bump.dds,349568,512,512,6,DXT5
textures.xdb0,textures/act/act_lenin_bump.thm,138,,,,
textures.xdb0,textures/act/act_leningips.dds,22000,128,128,8,DXT5
textures.xdb0,textures/act/act_leningips.thm,184,,,,
textures.xdb0,textures/act/act_leningips_bump#.dds,192,8,8,0,DXT5
textures.xdb0,textures/act/act_leningips_bump.dds,349680,512,512,10,DXT5
textures.xdb0,textures/act/act_mercsun2.dds,699008,1024,1024,6,DXT1
textures.xdb0,textures/act/act_mercsun2.thm,158,,,,
textures.xdb0,textures/act/act_mogila.dds,21968,128,256,6,DXT1
textures.xdb0,textures/act/act_monolit.dds,349680,512,512,10,DXT5
textures.xdb0,textures/act/act_monolit.thm,158,,,,
textures.xdb0,textures/act/act_monolit_corp.dds,174848,512,512,6,DXT1
textures.xdb0,textures/act/act_monolit_corp.thm,163,,,,
textures.xdb0,textures/act/act_monoold1.dds,699008,1024,1024,6,DXT1
textures.xdb0,textures/act/act_monoold1.thm,158,,,,
textures.xdb0,textures/act/act_monoold2.dds,699008,1024,1024,6,DXT1
textures.xdb0,textures/act/act_monoold2.thm,158,,,,
textures.xdb0,textures/act/act_monoold3.dds,699008,1024,1024,6,DXT1
textures.xdb0,textures/act/act_monoold3.thm,158,,,,
textures.xdb0,textures/act/act_monster_bor.dds,524416,1024,1024,0,DXT1
textures.xdb0,textures/act/act_monster_bor.thm,162,,,,
textures.xdb0,textures/act/act_monster_bor_bump#.dds,1048704,1024,1024,0,DXT5
textures.xdb0,textures/act/act_monster_bor_bump#.thm,138,,,,
textures.xdb0,textures/act/act_monster_bor_bump.dds,1048704,1024,1024,0,DXT5
textures.xdb0,textures/act/act_monster_bor_bump.thm,164,,,,
textures.xdb0,textures/act/act_mutant_boar.dds,699192,1024,1024,11,DXT1
textures.xdb0,textures/act/act_mutant_boar.thm,162,,,,
textures.xdb0,textures/act/act_mutant_boar_bump#.dds,1398256,1024,1024,11,DXT5
textures.xdb0,textures/act/act_mutant_boar_bump#.thm,138,,,,
textures.xdb0,textures/act/act_mutant_boar_bump.dds,1398256,1024,1024,11,DXT5
textures.xdb0,textures/act/act_mutant_boar_bump.thm,162,,,,
textures.xdb0,textures/act/act_mutant_boar_fur.dds,174928,256,512,10,DXT5
textures.xdb0,textures/act/act_mutant_boar_fur.thm,138,,,,
textures.xdb0,textures/act/act_mutant_boar_fur_u.dds,174928,256,512,10,DXT5
textures.xdb0,textures/act/act_mutant_boar_fur_u.thm,138,,,,
textures.xdb0,textures/act/act_mutant_boar_grill.dds,349672,512,1024,11,DXT1
textures.xdb0,textures/act/act_mutant_boar_grill.thm,168,,,,
textures.xdb0,textures/act/act_mutant_boar_grill_bump#.dds,699216,512,1024,11,DXT5
textures.xdb0,textures/act/act_mutant_boar_grill_bump#.thm,138,,,,
textures.xdb0,textures/act/act_mutant_boar_grill_bump.dds,699216,512,1024,11,DXT5
textures.xdb0,textures/act/act_mutant_boar_grill_bump.thm,138,,,,
textures.xdb0,textures/act/act_mutant_boar_leg.dds,174904,512,512,10,DXT1
textures.xdb0,textures/act/act_mutant_boar_leg.thm,166,,,,
textures.xdb0,textures/act/act_mutant_boar_leg_bump#.dds,349680,512,512,10,DXT5
textures.xdb0,textures/act/act_mutant_boar_leg_bump.dds,349680,512,512,10,DXT5
textures.xdb0,textures/act/act_mutant_boar_leg_bump.thm,162,,,,
textures.xdb0,textures/act/act_mutant_boar_n.dds,699192,1024,1024,11,DXT1
textures.xdb0,textures/act/act_mutant_boar_n.thm,162,,,,
textures.xdb0,textures/act/act_mutant_boar_soc.dds,699008,1024,1024,6,DXT1
textures.xdb0,textures/act/act_mutant_boar_soc.thm,186,,,,
textures.xdb0,textures/act/act_mutant_boar_soc_bump#.dds,1397888,1024,1024,6,DXT5
textures.xdb0,textures/act/act_mutant_boar_soc_bump#.thm,138,,,,
textures.xdb0,textures/act/act_mutant_boar_soc_bump.dds,1398256,1024,1024,11,DXT5
textures.xdb0,textures/act/act_mutant_boar_soc_bump.thm,138,,,,
textures.xdb0,textures/act/act_mutant_boar_u.dds,699192,1024,1024,11,DXT1
textures.xdb0,textures/act/act_mutant_boar_u.thm,184,,,,
textures.xdb0,textures/act/act_mutant_boar_u_bump#.dds,1398256,1024,1024,11,DXT5
textures.xdb0,textures/act/act_mutant_boar_u_bump.dds,1398256,1024,1024,11,DXT5
textures.xdb0,textures/act/act_mutant_boar_u_bump.thm,164,,,,
textures.xdb0,textures/act/act_nauchniy_monolit.dds,699008,1024,1024,6,DXT1
textures.xdb0,textures/act/act_nauchniy_monolit.thm,166,,,,
textures.xdb0,textures/act/act_neboa3.dds,174904,512,512,10,DXT1
textures.xdb0,textures/act/act_neutra2a.dds,699008,1024,1024,6,DXT1
textures.xdb0,textures/act/act_neutra2a.thm,158,,,,
textures.xdb0,textures/act/act_neutra2b.dds,699008,1024,1024,6,DXT1
textures.xdb0,textures/act/act_neutra2b.thm,158,,,,
textures.xdb0,textures/act/act_neutra2c.dds,699008,1024,1024,6,DXT1
textures.xdb0,textures/act/act_neutra2c.thm,168,,,,
textures.xdb0,textures/act/act_neutra2d.dds,699008,1024,1024,6,DXT1
textures.xdb0,textures/act/act_neutra2d.thm,158,,,,
textures.xdb0,textures/act/act_neutra2e.dds,699008,1024,1024,6,DXT1
textures.xdb0,textures/act/act_neutra2e.thm,158,,,,
textures.xdb0,textures/act/act_neutra2f.dds,699008,1024,1024,6,DXT1
textures.xdb0,textures/act/act_neutra2f.thm,158,,,,
textures.xdb0,textures/act/act_neutra2g.dds,699008,1024,1024,6,DXT1
textures.xdb0,textures/act/act_neutra2g.thm,158,,,,
textures.xdb0,textures/act/act_neutral2.dds,699008,1024,1024,6,DXT1
textures.xdb0,textures/act/act_neutral2.thm,158,,,,
textures.xdb0,textures/act/act_new_details_01.dds,699192,1024,1024,11,DXT1
textures.xdb0,textures/act/act_new_details_01.thm,160,,,,
textures.xdb0,textures/act/act_newdetail_bump#.dds,1397888,1024,1024,6,DXT5
textures.xdb0,textures/act/act_newdetail_bump#.thm,138,,,,
textures.xdb0,textures/act/act_newdetail_bump.dds,1397888,1024,1024,6,DXT5
textures.xdb0,textures/act/act_newdetail_bump.thm,138,,,,
textures.xdb0,textures/act/act_osoznanie_ryukzak.dds,174848,512,512,6,DXT1
textures.xdb0,textures/act/act_osoznanie_ryukzak.thm,158,,,,
textures.xdb0,textures/act/act_part_1.dds,699008,1024,1024,6,DXT1
textures.xdb0,textures/act/act_part_1.thm,138,,,,
textures.xdb0,textures/act/act_plot.dds,174904,512,512,10,DXT1
textures.xdb0,textures/act/act_plot.thm,175,,,,
textures.xdb0,textures/act/act_plot_bump#.dds,349680,512,512,10,DXT5
textures.xdb0,textures/act/act_plot_bump#.thm,138,,,,
textures.xdb0,textures/act/act_plot_bump.dds,349680,512,512,10,DXT5
textures.xdb0,textures/act/act_plot_bump.thm,155,,,,
textures.xdb0,textures/act/act_plot_soc.dds,699008,1024,1024,6,DXT1
textures.xdb0,textures/act/act_plot_soc.thm,179,,,,
textures.xdb0,textures/act/act_plot_soc_bump#.dds,1397888,1024,1024,6,DXT5
textures.xdb0,textures/act/act_plot_soc_bump#.thm,138,,,,
textures.xdb0,textures/act/act_plot_soc_bump.dds,1397888,1024,1024,6,DXT5
textures.xdb0,textures/act/act_plot_soc_bump.thm,138,,,,
textures.xdb0,textures/act/act_plot_u.dds,174904,512,512,10,DXT1
textures.xdb0,textures/act/act_plot_u.thm,177,,,,
textures.xdb0,textures/act/act_plot_u_bump#.dds,349680,512,512,10,DXT5
textures.xdb0,textures/act/act_plot_u_bump#.thm,138,,,,
textures.xdb0,textures/act/act_plot_u_bump.dds,349680,512,512,10,DXT5
textures.xdb0,textures/act/act_plot_u_bump.thm,157,,,,
textures.xdb0,textures/act/act_poltergeyst.dds,174904,512,512,10,DXT1
textures.xdb0,textures/act/act_poltergeyst.thm,182,,,,
textures.xdb0,textures/act/act_poltergeyst_bump#.dds,349680,512,512,10,DXT5
textures.xdb0,textures/act/act_poltergeyst_bump#.thm,138,,,,
textures.xdb0,textures/act/act_poltergeyst_bump.dds,349680,512,512,10,DXT5
textures.xdb0,textures/act/act_poltergeyst_bump.thm,138,,,,
textures.xdb0,textures/act/act_pseudodo1.dds,174904,512,512,10,DXT1
textures.xdb0,textures/act/act_pseudodo1.thm,180,,,,
textures.xdb0,textures/act/act_pseudodo1_bump#.dds,349680,512,512,10,DXT5
textures.xdb0,textures/act/act_pseudodo1_bump.dds,349680,512,512,10,DXT5
textures.xdb0,textures/act/act_pseudodo1_bump.thm,138,,,,
textures.xdb0,textures/act/act_pseudodog.dds,174904,512,512,10,DXT1
textures.xdb0,textures/act/act_pseudodog.thm,180,,,,
textures.xdb0,textures/act/act_pseudodog1.dds,174904,512,512,10,DXT1
textures.xdb0,textures/act/act_pseudodog1.thm,181,,,,
textures.xdb0,textures/act/act_pseudodog1_bump#.dds,349680,512,512,10,DXT5
textures.xdb0,textures/act/act_pseudodog1_bump.dds,349680,512,512,10,DXT5
textures.xdb0,textures/act/act_pseudodog1_bump.thm,161,,,,
textures.xdb0,textures/act/act_pseudodog_bump#.dds,349680,512,512,10,DXT5
textures.xdb0,textures/act/act_pseudodog_bump#.thm,138,,,,
textures.xdb0,textures/act/act_pseudodog_bump.dds,349680,512,512,10,DXT5
textures.xdb0,textures/act/act_pseudodog_bump.thm,160,,,,
textures.xdb0,textures/act/act_pseudodog_fur.dds,43856,256,128,9,DXT5
textures.xdb0,textures/act/act_pseudodog_fur.thm,138,,,,
textures.xdb0,textures/act/act_pseudodog_fur1.dds,43856,256,128,9,DXT5
textures.xdb0,textures/act/act_pseudodog_fur1.thm,138,,,,
textures.xdb0,textures/act/act_pseudodog_soc.dds,174848,512,512,6,DXT1
textures.xdb0,textures/act/act_pseudodog_soc.thm,184,,,,
textures.xdb0,textures/act/act_pseudodog_soc_bump#.dds,349568,512,512,6,DXT5
textures.xdb0,textures/act/act_pseudodog_soc_bump#.thm,138,,,,
textures.xdb0,textures/act/act_pseudodog_soc_bump.dds,349680,512,512,10,DXT5
textures.xdb0,textures/act/act_pseudodog_soc_bump.thm,138,,,,
textures.xdb0,textures/act/act_psevdogigant.dds,699168,1024,1024,8,DXT1
textures.xdb0,textures/act/act_psevdogigant.thm,163,,,,
textures.xdb0,textures/act/act_psevdogigant_bump#.dds,1398256,1024,1024,11,DXT5
textures.xdb0,textures/act/act_psevdogigant_bump#.thm,138,,,,
textures.xdb0,textures/act/act_psevdogigant_bump.dds,1398256,1024,1024,11,DXT5
textures.xdb0,textures/act/act_psevdogigant_bump.thm,163,,,,
textures.xdb0,textures/act/act_psevdogigant_teeth.dds,22000,128,128,8,DXT5
textures.xdb0,textures/act/act_psevdogigant_teeth.thm,138,,,,
textures.xdb0,textures/act/act_psevdogigant_u.dds,699192,1024,1024,11,DXT1
textures.xdb0,textures/act/act_psevdogigant_u.thm,163,,,,
textures.xdb0,textures/act/act_puh.dds,699216,512,1024,11,DXT5
textures.xdb0,textures/act/act_puh.thm,138,,,,
textures.xdb0,textures/act/act_rat.dds,43832,256,256,9,DXT1
textures.xdb0,textures/act/act_rat.thm,174,,,,
textures.xdb0,textures/act/act_rat01.dds,174848,512,512,6,DXT1
textures.xdb0,textures/act/act_rat01.thm,174,,,,
textures.xdb0,textures/act/act_rat_1.dds,43832,256,256,9,DXT1
textures.xdb0,textures/act/act_rat_1.thm,174,,,,
textures.xdb0,textures/act/act_rat_2.dds,43832,256,256,9,DXT1
textures.xdb0,textures/act/act_rat_2.thm,174,,,,
textures.xdb0,textures/act/act_rat_3.dds,43832,256,256,9,DXT1
textures.xdb0,textures/act/act_rat_3.thm,174,,,,
textures.xdb0,textures/act/act_rat_4.dds,43832,256,256,9,DXT1
textures.xdb0,textures/act/act_rat_4.thm,174,,,,
textures.xdb0,textures/act/act_rat_bump#.dds,87536,256,256,9,DXT5
textures.xdb0,textures/act/act_rat_bump#.thm,138,,,,
textures.xdb0,textures/act/act_rat_bump.dds,87536,256,256,9,DXT5
textures.xdb0,textures/act/act_rat_bump.thm,138,,,,
textures.xdb0,textures/act/act_rat_s.dds,43832,256,256,9,DXT1
textures.xdb0,textures/act/act_rat_s.thm,174,,,,
textures.xdb0,textures/act/act_ratn1.dds,174848,512,512,6,DXT1
textures.xdb0,textures/act/act_ratn1.thm,174,,,,
textures.xdb0,textures/act/act_ratn2.dds,174848,512,512,6,DXT1
textures.xdb0,textures/act/act_ratn2.thm,174,,,,
textures.xdb0,textures/act/act_ratn3.dds,174848,512,512,6,DXT1
textures.xdb0,textures/act/act_ratn3.thm,174,,,,
textures.xdb0,textures/act/act_ryukzaa.dds,131200,512,512,0,DXT1
textures.xdb0,textures/act/act_ryukzaa.thm,158,,,,
textures.xdb0,textures/act/act_ryukzab.dds,131200,512,512,0,DXT1
textures.xdb0,textures/act/act_ryukzab.thm,158,,,,
textures.xdb0,textures/act/act_ryukzac.dds,131200,512,512,0,DXT1
textures.xdb0,textures/act/act_ryukzac.thm,158,,,,
textures.xdb0,textures/act/act_ryukzad.dds,131200,512,512,0,DXT1
textures.xdb0,textures/act/act_ryukzad.thm,158,,,,
textures.xdb0,textures/act/act_ryukzae.dds,131200,512,512,0,DXT1
textures.xdb0,textures/act/act_ryukzae.thm,158,,,,
textures.xdb0,textures/act/act_ryukzaf.dds,174848,512,512,6,DXT1
textures.xdb0,textures/act/act_ryukzaf.thm,158,,,,
textures.xdb0,textures/act/act_ryukzag.dds,174848,512,512,6,DXT1
textures.xdb0,textures/act/act_ryukzag.thm,158,,,,
textures.xdb0,textures/act/act_ryukzak.dds,174904,512,512,10,DXT1
textures.xdb0,textures/act/act_ryukzak.thm,158,,,,
textures.xdb0,textures/act/act_ryukzak_1.dds,174848,512,512,6,DXT1
textures.xdb0,textures/act/act_ryukzak_1.thm,158,,,,
textures.xdb0,textures/act/act_ryukzak_2.dds,174848,512,512,6,DXT1
textures.xdb0,textures/act/act_ryukzak_2.thm,158,,,,
textures.xdb0,textures/act/act_ryukzak_black.dds,174904,512,512,10,DXT1
textures.xdb0,textures/act/act_ryukzak_black.thm,158,,,,
textures.xdb0,textures/act/act_ryukzak_bump#.dds,262272,512,512,0,DXT5
textures.xdb0,textures/act/act_ryukzak_bump#.thm,138,,,,
textures.xdb0,textures/act/act_ryukzak_bump.dds,349680,512,512,10,DXT5
textures.xdb0,textures/act/act_ryukzak_bump.thm,138,,,,
textures.xdb0,textures/act/act_scientist.dds,174904,512,512,10,DXT1
textures.xdb0,textures/act/act_scientist.thm,160,,,,
textures.xdb0,textures/act/act_scientist_bump#.dds,349680,512,512,10,DXT5
textures.xdb0,textures/act/act_scientist_bump#.thm,138,,,,
textures.xdb0,textures/act/act_scientist_bump.dds,349680,512,512,10,DXT5
textures.xdb0,textures/act/act_scientist_bump.thm,138,,,,
textures.xdb0,textures/act/act_scientist_head1.dds,174848,512,512,6,DXT1
textures.xdb0,textures/act/act_scientist_head1.thm,166,,,,
textures.xdb0,textures/act/act_scientist_head1_bump#.dds,349680,512,512,10,DXT5
textures.xdb0,textures/act/act_scientist_head1_bump#.thm,138,,,,
textures.xdb0,textures/act/act_scientist_head1_bump.dds,349680,512,512,10,DXT5
textures.xdb0,textures/act/act_scientist_head1_bump.thm,138,,,,
textures.xdb0,textures/act/act_scientist_head2_holo.dds,43808,256,256,6,DXT1
textures.xdb0,textures/act/act_scientist_head2_holo.thm,138,,,,
textures.xdb0,textures/act/act_scientist_head3.dds,174848,512,512,6,DXT1
textures.xdb0,textures/act/act_scientist_head3.thm,166,,,,
textures.xdb0,textures/act/act_scientist_head3_bump#.dds,349568,512,512,6,DXT5
textures.xdb0,textures/act/act_scientist_head3_bump#.thm,138,,,,
textures.xdb0,textures/act/act_scientist_head3_bump.dds,349680,512,512,10,DXT5
textures.xdb0,textures/act/act_scientist_head3_bump.thm,138,,,,
textures.xdb0,textures/act/act_scientist_head4.dds,174848,512,512,6,DXT1
textures.xdb0,textures/act/act_scientist_head4.thm,166,,,,
textures.xdb0,textures/act/act_scientist_head4_bump#.dds,349568,512,512,6,DXT5
textures.xdb0,textures/act/act_scientist_head4_bump#.thm,138,,,,
textures.xdb0,textures/act/act_scientist_head4_bump.dds,349680,512,512,10,DXT5
textures.xdb0,textures/act/act_scientist_head4_bump.thm,138,,,,
textures.xdb0,textures/act/act_scientist_head5.dds,174848,512,512,6,DXT1
textures.xdb0,textures/act/act_scientist_head5.thm,166,,,,
textures.xdb0,textures/act/act_scientist_head5_bump#.dds,349568,512,512,6,DXT5
textures.xdb0,textures/act/act_scientist_head5_bump#.thm,138,,,,
textures.xdb0,textures/act/act_scientist_head5_bump.dds,349680,512,512,10,DXT5
textures.xdb0,textures/act/act_scientist_head5_bump.thm,138,,,,
textures.xdb0,textures/act/act_scientist_holo.dds,174848,512,512,6,DXT1
textures.xdb0,textures/act/act_scientist_holo.thm,160,,,,
textures.xdb0,textures/act/act_scientist_suit_blues.dds,699008,1024,1024,6,DXT1
textures.xdb0,textures/act/act_scientist_suit_blues.thm,165,,,,
textures.xdb0,textures/act/act_scientist_suit_brown.dds,699008,1024,1024,6,DXT1
textures.xdb0,textures/act/act_scientist_suit_brown.thm,165,,,,
textures.xdb0,textures/act/act_scientist_suit_bump#.dds,349680,512,512,10,DXT5
textures.xdb0,textures/act/act_scientist_suit_bump#.thm,138,,,,
textures.xdb0,textures/act/act_scientist_suit_bump.dds,349680,512,512,10,DXT5
textures.xdb0,textures/act/act_scientist_suit_bump.thm,165,,,,
textures.xdb0,textures/act/act_scientist_suit_green.dds,349680,512,512,10,DXT5
textures.xdb0,textures/act/act_scientist_suit_green.thm,165,,,,
textures.xdb0,textures/act/act_scientist_suit_orang.dds,349680,512,512,10,DXT5
textures.xdb0,textures/act/act_scientist_suit_red.dds,349680,512,512,10,DXT5
textures.xdb0,textures/act/act_scientist_suit_red.thm,165,,,,
textures.xdb0,textures/act/act_scientist_suit_red1_bump#.dds,349680,512,512,10,DXT5
textures.xdb0,textures/act/act_scientist_suit_red1_bump.dds,349680,512,512,10,DXT5
textures.xdb0,textures/act/act_scientist_suit_red1_bump.thm,165,,,,
textures.xdb0,textures/act/act_scientist_suit_white.dds,699008,1024,1024,6,DXT1
textures.xdb0,textures/act/act_scientist_suit_white.thm,165,,,,
textures.xdb0,textures/act/act_scientist_suit_yello.dds,699008,1024,1024,6,DXT1
textures.xdb0,textures/act/act_scientist_suit_yello.thm,165,,,,
textures.xdb0,textures/act/act_skeleton.dds,174904,512,512,10,DXT1
textures.xdb0,textures/act/act_skeleton.thm,179,,,,
textures.xdb0,textures/act/act_skeleton_bump#.dds,349680,512,512,10,DXT5
textures.xdb0,textures/act/act_skeleton_bump#.thm,138,,,,
textures.xdb0,textures/act/act_skeleton_bump.dds,349680,512,512,10,DXT5
textures.xdb0,textures/act/act_skeleton_bump.thm,138,,,,
textures.xdb0,textures/act/act_skeleton_fresh.dds,174904,512,512,10,DXT1
textures.xdb0,textures/act/act_skeleton_fresh.thm,179,,,,
textures.xdb0,textures/act/act_sold_bandan_head_1.dds,174848,512,512,6,DXT1
textures.xdb0,textures/act/act_sold_bandan_head_1.thm,169,,,,
textures.xdb0,textures/act/act_sold_bandan_head_3.dds,174848,512,512,6,DXT1
textures.xdb0,textures/act/act_sold_bandan_head_3.thm,169,,,,
textures.xdb0,textures/act/act_sold_bandan_head_3_bump#.dds,349568,512,512,6,DXT5
textures.xdb0,textures/act/act_sold_bandan_head_3_bump#.thm,138,,,,
textures.xdb0,textures/act/act_sold_bandan_head_3_bump.dds,349680,512,512,10,DXT5
textures.xdb0,textures/act/act_sold_bandan_head_3_bump.thm,138,,,,
textures.xdb0,textures/act/act_sold_bandan_head_4.thm,169,,,,
textures.xdb0,textures/act/act_sold_bandan_head_4_bump.thm,138,,,,
textures.xdb0,textures/act/act_sold_bandan_head_6.dds,174848,512,512,6,DXT1
textures.xdb0,textures/act/act_sold_bandan_head_6.thm,169,,,,
textures.xdb0,textures/act/act_sold_bandan_head_6_bump#.dds,349568,512,512,6,DXT5
textures.xdb0,textures/act/act_sold_bandan_head_6_bump#.thm,138,,,,
textures.xdb0,textures/act/act_sold_bandan_head_6_bump.dds,349680,512,512,10,DXT5
textures.xdb0,textures/act/act_sold_bandan_head_6_bump.thm,138,,,,
textures.xdb0,textures/act/act_sold_bandan_head_7.dds,174904,512,512,10,DXT1
textures.xdb0,textures/act/act_sold_bandan_head_7_bump#.dds,349680,512,512,10,DXT5
textures.xdb0,textures/act/act_sold_bandan_head_7_bump#.thm,138,,,,
textures.xdb0,textures/act/act_sold_bandan_head_7_bump.dds,349680,512,512,10,DXT5
textures.xdb0,textures/act/act_sold_bandan_head_7_bump.thm,138,,,,
textures.xdb0,textures/act/act_sold_bandan_head_8.thm,169,,,,
textures.xdb0,textures/act/act_sold_bandan_head_8_bump.thm,138,,,,
textures.xdb0,textures/act/act_soldier_bump#.dds,699008,512,1024,6,DXT5
textures.xdb0,textures/act/act_soldier_bump#.thm,138,,,,
textures.xdb0,textures/act/act_soldier_bump.dds,699008,512,1024,6,DXT5
textures.xdb0,textures/act/act_soldier_bump.thm,138,,,,
textures.xdb0,textures/act/act_soldier_head.dds,174848,512,512,6,DXT1
textures.xdb0,textures/act/act_soldier_head.thm,163,,,,
textures.xdb0,textures/act/act_soldier_head1.dds,174904,512,512,10,DXT1
textures.xdb0,textures/act/act_soldier_head1_bump#.dds,349680,512,512,10,DXT5
textures.xdb0,textures/act/act_soldier_head1_bump.dds,349680,512,512,10,DXT5
textures.xdb0,textures/act/act_soldier_head_bump#.dds,349568,512,512,6,DXT5
textures.xdb0,textures/act/act_soldier_head_bump#.thm,138,,,,
textures.xdb0,textures/act/act_soldier_head_bump.dds,349680,512,512,10,DXT5
textures.xdb0,textures/act/act_soldier_head_bump.thm,138,,,,
textures.xdb0,textures/act/act_specnaz_corp.dds,87488,256,512,6,DXT1
textures.xdb0,textures/act/act_specnaz_corp.thm,163,,,,
textures.xdb0,textures/act/act_specnaz_glass.dds,22000,128,128,8,DXT5
textures.xdb0,textures/act/act_specnaz_glass.thm,164,,,,
textures.xdb0,textures/act/act_specnaz_glass_bump#.dds,87536,256,256,9,DXT5
textures.xdb0,textures/act/act_specnaz_glass_bump#.thm,138,,,,
textures.xdb0,textures/act/act_specnaz_glass_bump.dds,87536,256,256,9,DXT5
textures.xdb0,textures/act/act_specnaz_glass_bump.thm,138,,,,
textures.xdb0,textures/act/act_st_exoskel_tank_dolg.dds,699008,1024,1024,6,DXT1
textures.xdb0,textures/act/act_st_exoskel_tank_dolg.thm,170,,,,
textures.xdb0,textures/act/act_st_exoskeleton_tank.dds,699008,1024,1024,6,DXT1
textures.xdb0,textures/act/act_st_exoskeleton_tank.thm,170,,,,
textures.xdb0,textures/act/act_st_exoskeleton_tank_bump#.dds,1397888,1024,1024,6,DXT5
textures.xdb0,textures/act/act_st_exoskeleton_tank_bump#.thm,138,,,,
textures.xdb0,textures/act/act_st_exoskeleton_tank_bump.dds,1397888,1024,1024,6,DXT5
textures.xdb0,textures/act/act_st_exoskeleton_tank_bump.thm,138,,,,
textures.xdb0,textures/act/act_stalker.dds,699008,1024,1024,6,DXT1
textures.xdb0,textures/act/act_stalker.thm,168,,,,
textures.xdb0,textures/act/act_stalker_band2a.dds,174904,512,512,10,DXT1
textures.xdb0,textures/act/act_stalker_band2a.thm,167,,,,
textures.xdb0,textures/act/act_stalker_band_2.dds,174904,512,512,10,DXT1
textures.xdb0,textures/act/act_stalker_band_2.thm,167,,,,
textures.xdb0,textures/act/act_stalker_bandit1a.dds,174904,512,512,10,DXT1
textures.xdb0,textures/act/act_stalker_bandit1a.thm,163,,,,
textures.xdb0,textures/act/act_stalker_bandit1az.dds,174904,512,512,10,DXT1
textures.xdb0,textures/act/act_stalker_bandit1az.thm,163,,,,
textures.xdb0,textures/act/act_stalker_bandit1b.dds,174904,512,512,10,DXT1
textures.xdb0,textures/act/act_stalker_bandit1b.thm,163,,,,
textures.xdb0,textures/act/act_stalker_bandit1bz.dds,174904,512,512,10,DXT1
textures.xdb0,textures/act/act_stalker_bandit1bz.thm,163,,,,
textures.xdb0,textures/act/act_stalker_bandit1c.dds,174904,512,512,10,DXT1
textures.xdb0,textures/act/act_stalker_bandit1c.thm,163,,,,
textures.xdb0,textures/act/act_stalker_bandit1cz.dds,174904,512,512,10,DXT1
textures.xdb0,textures/act/act_stalker_bandit1cz.thm,163,,,,
textures.xdb0,textures/act/act_stalker_bandit2a.dds,174904,512,512,10,DXT1
textures.xdb0,textures/act/act_stalker_bandit2a.thm,167,,,,
textures.xdb0,textures/act/act_stalker_bandit3a.dds,174904,512,512,10,DXT1
textures.xdb0,textures/act/act_stalker_bandit3a.thm,167,,,,
textures.xdb0,textures/act/act_stalker_bandit3b.dds,174904,512,512,10,DXT1
textures.xdb0,textures/act/act_stalker_bandit3b.thm,167,,,,
textures.xdb0,textures/act/act_stalker_bandit3c.dds,174904,512,512,10,DXT1
textures.xdb0,textures/act/act_stalker_bandit3c.thm,167,,,,
textures.xdb0,textures/act/act_stalker_bandit_1.dds,174904,512,512,10,DXT1
textures.xdb0,textures/act/act_stalker_bandit_1.thm,163,,,,
textures.xdb0,textures/act/act_stalker_bandit_1z.dds,174904,512,512,10,DXT1
textures.xdb0,textures/act/act_stalker_bandit_1z.thm,163,,,,
textures.xdb0,textures/act/act_stalker_bandit_2.dds,174904,512,512,10,DXT1
textures.xdb0,textures/act/act_stalker_bandit_2.thm,167,,,,
textures.xdb0,textures/act/act_stalker_bandit_2_bump#.dds,349680,512,512,10,DXT5
textures.xdb0,textures/act/act_stalker_bandit_2_bump#.thm,138,,,,
textures.xdb0,textures/act/act_stalker_bandit_2_bump.dds,349680,512,512,10,DXT5
textures.xdb0,textures/act/act_stalker_bandit_2_bump.thm,138,,,,
textures.xdb0,textures/act/act_stalker_bandit_2a.dds,699008,1024,1024,6,DXT1
textures.xdb0,textures/act/act_stalker_bandit_2a.thm,168,,,,
textures.xdb0,textures/act/act_stalker_bandit_2a_bump#.dds,1397888,1024,1024,6,DXT5
textures.xdb0,textures/act/act_stalker_bandit_2a_bump#.thm,138,,,,
textures.xdb0,textures/act/act_stalker_bandit_2a_bump.dds,1397888,1024,1024,6,DXT5
textures.xdb0,textures/act/act_stalker_bandit_2a_bump.thm,138,,,,
textures.xdb0,textures/act/act_stalker_bandit_2s.dds,699008,1024,1024,6,DXT1
textures.xdb0,textures/act/act_stalker_bandit_2s.thm,167,,,,
textures.xdb0,textures/act/act_stalker_bandit_3.dds,174904,512,512,10,DXT1
textures.xdb0,textures/act/act_stalker_bandit_3.thm,167,,,,
textures.xdb0,textures/act/act_stalker_bandit_3_bump#.dds,349680,512,512,10,DXT5
textures.xdb0,textures/act/act_stalker_bandit_3_bump#.thm,138,,,,
textures.xdb0,textures/act/act_stalker_bandit_3_bump.dds,349680,512,512,10,DXT5
textures.xdb0,textures/act/act_stalker_bandit_3_bump.thm,138,,,,
textures.xdb0,textures/act/act_stalker_bandit_3a.dds,174904,512,512,10,DXT1
textures.xdb0,textures/act/act_stalker_bandit_3a.thm,168,,,,
textures.xdb0,textures/act/act_stalker_bandit_3a_bump#.dds,349680,512,512,10,DXT5
textures.xdb0,textures/act/act_stalker_bandit_3a_bump#.thm,138,,,,
textures.xdb0,textures/act/act_stalker_bandit_3a_bump.dds,349680,512,512,10,DXT5
textures.xdb0,textures/act/act_stalker_bandit_3a_bump.thm,138,,,,
textures.xdb0,textures/act/act_stalker_bandit_4a.dds,174904,512,512,10,DXT1
textures.xdb0,textures/act/act_stalker_bandit_4a.thm,168,,,,
textures.xdb0,textures/act/act_stalker_bandit_4b.dds,174904,512,512,10,DXT1
textures.xdb0,textures/act/act_stalker_bandit_4b.thm,168,,,,
textures.xdb0,textures/act/act_stalker_bandit_4c.dds,174904,512,512,10,DXT1
textures.xdb0,textures/act/act_stalker_bandit_4c.thm,168,,,,
textures.xdb0,textures/act/act_stalker_bandit_5a.dds,174904,512,512,10,DXT1
textures.xdb0,textures/act/act_stalker_bandit_5a.thm,168,,,,
textures.xdb0,textures/act/act_stalker_bandit_5a_bump#.dds,349680,512,512,10,DXT5
textures.xdb0,textures/act/act_stalker_bandit_5a_bump#.thm,138,,,,
textures.xdb0,textures/act/act_stalker_bandit_5a_bump.dds,349680,512,512,10,DXT5
textures.xdb0,textures/act/act_stalker_bandit_5a_bump.thm,138,,,,
textures.xdb0,textures/act/act_stalker_bandit_5b.dds,174904,512,512,10,DXT1
textures.xdb0,textures/act/act_stalker_bandit_5b.thm,168,,,,
textures.xdb0,textures/act/act_stalker_bandit_5c.dds,174904,512,512,10,DXT1
textures.xdb0,textures/act/act_stalker_bandit_5c.thm,168,,,,
textures.xdb0,textures/act/act_stalker_bandit_5d.dds,174904,512,512,10,DXT1
textures.xdb0,textures/act/act_stalker_bandit_5d.thm,168,,,,
textures.xdb0,textures/act/act_stalker_banditexo.dds,699008,1024,1024,6,DXT1
textures.xdb0,textures/act/act_stalker_banditexo.thm,170,,,,
textures.xdb0,textures/act/act_stalker_banditt_5.dds,524416,512,1024,0,DXT5
textures.xdb0,textures/act/act_stalker_banditt_5.thm,168,,,,
textures.xdb0,textures/act/act_stalker_black.dds,699008,1024,1024,6,DXT1
textures.xdb0,textures/act/act_stalker_black.thm,165,,,,
textures.xdb0,textures/act/act_stalker_body_invisible.dds,1397888,1024,1024,6,DXT5
textures.xdb0,textures/act/act_stalker_body_invisible.thm,138,,,,
textures.xdb0,textures/act/act_stalker_bump#.dds,1397888,1024,1024,6,DXT5
textures.xdb0,textures/act/act_stalker_bump#.thm,138,,,,
textures.xdb0,textures/act/act_stalker_bump.dds,1397888,1024,1024,6,DXT5
textures.xdb0,textures/act/act_stalker_bump.thm,138,,,,
textures.xdb0,textures/act/act_stalker_commander.dds,699008,1024,1024,6,DXT1
textures.xdb0,textures/act/act_stalker_commander.thm,167,,,,
textures.xdb0,textures/act/act_stalker_corp.dds,174848,512,512,6,DXT1
textures.xdb0,textures/act/act_stalker_corp.thm,163,,,,
textures.xdb0,textures/act/act_stalker_cskysun_2.dds,699008,1024,1024,6,DXT1
textures.xdb0,textures/act/act_stalker_cskysun_2.thm,168,,,,
textures.xdb0,textures/act/act_stalker_doctor.dds,699008,1024,1024,6,DXT1
textures.xdb0,textures/act/act_stalker_doctor.thm,165,,,,
textures.xdb0,textures/act/act_stalker_doctor_bump#.dds,1397888,1024,1024,6,DXT5
textures.xdb0,textures/act/act_stalker_doctor_bump#.thm,138,,,,
textures.xdb0,textures/act/act_stalker_doctor_bump.dds,1398256,1024,1024,11,DXT5
textures.xdb0,textures/act/act_stalker_doctor_bump.thm,138,,,,
textures.xdb0,textures/act/act_stalker_dolg1a.dds,174904,512,512,10,DXT1
textures.xdb0,textures/act/act_stalker_dolg1a.thm,165,,,,
textures.xdb0,textures/act/act_stalker_dolg1b.dds,174904,512,512,10,DXT1
textures.xdb0,textures/act/act_stalker_dolg1b.thm,165,,,,
textures.xdb0,textures/act/act_stalker_dolg1c.dds,174904,512,512,10,DXT1
textures.xdb0,textures/act/act_stalker_dolg1c.thm,165,,,,
textures.xdb0,textures/act/act_stalker_dolg1d.dds,699008,1024,1024,6,DXT1
textures.xdb0,textures/act/act_stalker_dolg1d.thm,165,,,,
textures.xdb0,textures/act/act_stalker_dolg2a.dds,174904,512,512,10,DXT1
textures.xdb0,textures/act/act_stalker_dolg2a.thm,165,,,,
textures.xdb0,textures/act/act_stalker_dolg3a.dds,174904,512,512,10,DXT1
textures.xdb0,textures/act/act_stalker_dolg3a.thm,165,,,,
textures.xdb0,textures/act/act_stalker_dolg3b.dds,174904,512,512,10,DXT1
textures.xdb0,textures/act/act_stalker_dolg3b.thm,165,,,,
textures.xdb0,textures/act/act_stalker_dolg3b_bump#.dds,349568,512,512,6,DXT5
textures.xdb0,textures/act/act_stalker_dolg3b_bump#.thm,138,,,,
textures.xdb0,textures/act/act_stalker_dolg3b_bump.dds,1397888,1024,1024,6,DXT5
textures.xdb0,textures/act/act_stalker_dolg3b_bump.thm,138,,,,
textures.xdb0,textures/act/act_stalker_dolg4a.dds,174904,512,512,10,DXT1
textures.xdb0,textures/act/act_stalker_dolg4a.thm,165,,,,
textures.xdb0,textures/act/act_stalker_dolg4b.dds,174904,512,512,10,DXT1
textures.xdb0,textures/act/act_stalker_dolg4b.thm,165,,,,
textures.xdb0,textures/act/act_stalker_dolg4c.dds,174904,512,512,10,DXT1
textures.xdb0,textures/act/act_stalker_dolg4c.thm,165,,,,
textures.xdb0,textures/act/act_stalker_dolg_1.dds,174904,512,512,10,DXT1
textures.xdb0,textures/act/act_stalker_dolg_1.thm,165,,,,
textures.xdb0,textures/act/act_stalker_dolg_1_bump#.dds,349680,512,512,10,DXT5
textures.xdb0,textures/act/act_stalker_dolg_1_bump#.thm,138,,,,
textures.xdb0,textures/act/act_stalker_dolg_1_bump.dds,349680,512,512,10,DXT5
textures.xdb0,textures/act/act_stalker_dolg_1_bump.thm,138,,,,
textures.xdb0,textures/act/act_stalker_dolg_2.dds,174904,512,512,10,DXT1
textures.xdb0,textures/act/act_stalker_dolg_2.thm,165,,,,
textures.xdb0,textures/act/act_stalker_dolg_2_bump#.dds,349680,512,512,10,DXT5
textures.xdb0,textures/act/act_stalker_dolg_2_bump#.thm,138,,,,
textures.xdb0,textures/act/act_stalker_dolg_2_bump.dds,349680,512,512,10,DXT5
textures.xdb0,textures/act/act_stalker_dolg_2_bump.thm,138,,,,
textures.xdb0,textures/act/act_stalker_dolg_3.dds,174904,512,512,10,DXT1
textures.xdb0,textures/act/act_stalker_dolg_3.thm,165,,,,
textures.xdb0,textures/act/act_stalker_dolg_3_bump#.dds,349680,512,512,10,DXT5
textures.xdb0,textures/act/act_stalker_dolg_3_bump#.thm,138,,,,
textures.xdb0,textures/act/act_stalker_dolg_3_bump.dds,349680,512,512,10,DXT5
textures.xdb0,textures/act/act_stalker_dolg_3_bump.thm,138,,,,
textures.xdb0,textures/act/act_stalker_dolg_4.dds,174904,512,512,10,DXT1
textures.xdb0,textures/act/act_stalker_dolg_4.thm,165,,,,
textures.xdb0,textures/act/act_stalker_dolg_4_bump#.dds,349680,512,512,10,DXT5
textures.xdb0,textures/act/act_stalker_dolg_4_bump#.thm,138,,,,
textures.xdb0,textures/act/act_stalker_dolg_4_bump.dds,349680,512,512,10,DXT5
textures.xdb0,textures/act/act_stalker_dolg_4_bump.thm,138,,,,
textures.xdb0,textures/act/act_stalker_dolg___0.dds,699008,1024,1024,6,DXT1
textures.xdb0,textures/act/act_stalker_dolg___0.thm,163,,,,
textures.xdb0,textures/act/act_stalker_dolgexo4a.dds,174904,512,512,10,DXT1
textures.xdb0,textures/act/act_stalker_dolgexo4a.thm,165,,,,
textures.xdb0,textures/act/act_stalker_dolgexo4b.dds,174904,512,512,10,DXT1
textures.xdb0,textures/act/act_stalker_dolgexo4b.thm,165,,,,
textures.xdb0,textures/act/act_stalker_dolgexo4c.dds,174904,512,512,10,DXT1
textures.xdb0,textures/act/act_stalker_dolgexo4c.thm,165,,,,
textures.xdb0,textures/act/act_stalker_dolgexo_4.dds,174904,512,512,10,DXT1
textures.xdb0,textures/act/act_stalker_dolgexo_4.thm,165,,,,
textures.xdb0,textures/act/act_stalker_dolggas2a.dds,174904,512,512,10,DXT1
textures.xdb0,textures/act/act_stalker_dolggas2a.thm,165,,,,
textures.xdb0,textures/act/act_stalker_dolggas_2.dds,699008,1024,1024,6,DXT1
textures.xdb0,textures/act/act_stalker_dolggas_2.thm,165,,,,
textures.xdb0,textures/act/act_stalker_dolgzom2a.dds,174904,512,512,10,DXT1
textures.xdb0,textures/act/act_stalker_dolgzom2a.thm,165,,,,
textures.xdb0,textures/act/act_stalker_dolgzom_2.dds,174904,512,512,10,DXT1
textures.xdb0,textures/act/act_stalker_dolgzom_2.thm,165,,,,
textures.xdb0,textures/act/act_stalker_ecologb_1.dds,699008,1024,1024,6,DXT1
textures.xdb0,textures/act/act_stalker_ecologb_1.thm,168,,,,
textures.xdb0,textures/act/act_stalker_ecologb_1_bump#.dds,1397888,1024,1024,6,DXT5
textures.xdb0,textures/act/act_stalker_ecologb_1_bump#.thm,138,,,,
textures.xdb0,textures/act/act_stalker_ecologb_1_bump.dds,1397888,1024,1024,6,DXT5
textures.xdb0,textures/act/act_stalker_ecologb_1_bump.thm,138,,,,
textures.xdb0,textures/act/act_stalker_exo.dds,349680,512,512,10,DXT5
textures.xdb0,textures/act/act_stalker_exo.thm,165,,,,
textures.xdb0,textures/act/act_stalker_face.dds,174848,512,512,6,DXT1
textures.xdb0,textures/act/act_stalker_face.thm,163,,,,
textures.xdb0,textures/act/act_stalker_face1.dds,174848,512,512,6,DXT1
textures.xdb0,textures/act/act_stalker_face1.thm,164,,,,
textures.xdb0,textures/act/act_stalker_face1_bump#.dds,349680,512,512,10,DXT5
textures.xdb0,textures/act/act_stalker_face1_bump#.thm,138,,,,
textures.xdb0,textures/act/act_stalker_face1_bump.dds,349680,512,512,10,DXT5
textures.xdb0,textures/act/act_stalker_face1_bump.thm,138,,,,
textures.xdb0,textures/act/act_stalker_face_0001.dds,174904,512,512,10,DXT1
textures.xdb0,textures/act/act_stalker_face_0001.thm,168,,,,
textures.xdb0,textures/act/act_stalker_face_0001_bump#.dds,87536,256,256,9,DXT5
textures.xdb0,textures/act/act_stalker_face_0001_bump.dds,349680,512,512,10,DXT5
textures.xdb0,textures/act/act_stalker_face_0001_bump.thm,138,,,,
textures.xdb0,textures/act/act_stalker_face_0002.dds,174904,512,512,10,DXT1
textures.xdb0,textures/act/act_stalker_face_0002.thm,168,,,,
textures.xdb0,textures/act/act_stalker_face_0002_bump#.dds,87536,256,256,9,DXT5
textures.xdb0,textures/act/act_stalker_face_0002_bump.dds,349680,512,512,10,DXT5
textures.xdb0,textures/act/act_stalker_face_0002_bump.thm,138,,,,
textures.xdb0,textures/act/act_stalker_face_0003.dds,174904,512,512,10,DXT1
textures.xdb0,textures/act/act_stalker_face_0003.thm,168,,,,
textures.xdb0,textures/act/act_stalker_face_0003_bump#.dds,87536,256,256,9,DXT5
textures.xdb0,textures/act/act_stalker_face_0003_bump.dds,349680,512,512,10,DXT5
textures.xdb0,textures/act/act_stalker_face_0003_bump.thm,138,,,,
textures.xdb0,textures/act/act_stalker_face_0004.dds,174904,512,512,10,DXT1
textures.xdb0,textures/act/act_stalker_face_0004.thm,168,,,,
textures.xdb0,textures/act/act_stalker_face_0004_bump#.dds,87536,256,256,9,DXT5
textures.xdb0,textures/act/act_stalker_face_0004_bump.dds,349680,512,512,10,DXT5
textures.xdb0,textures/act/act_stalker_face_0004_bump.thm,138,,,,
textures.xdb0,textures/act/act_stalker_face_0005.dds,174904,512,512,10,DXT1
textures.xdb0,textures/act/act_stalker_face_0005.thm,168,,,,
textures.xdb0,textures/act/act_stalker_face_0005_bump#.dds,87536,256,256,9,DXT5
textures.xdb0,textures/act/act_stalker_face_0005_bump.dds,349680,512,512,10,DXT5
textures.xdb0,textures/act/act_stalker_face_0005_bump.thm,138,,,,
textures.xdb0,textures/act/act_stalker_face_0006.dds,174904,512,512,10,DXT1
textures.xdb0,textures/act/act_stalker_face_0006.thm,168,,,,
textures.xdb0,textures/act/act_stalker_face_0006_bump#.dds,87536,256,256,9,DXT5
textures.xdb0,textures/act/act_stalker_face_0006_bump.dds,349680,512,512,10,DXT5
textures.xdb0,textures/act/act_stalker_face_0006_bump.thm,138,,,,
textures.xdb0,textures/act/act_stalker_face_0007.dds,174904,512,512,10,DXT1
textures.xdb0,textures/act/act_stalker_face_0007.thm,168,,,,
textures.xdb0,textures/act/act_stalker_face_0007_bump#.dds,87536,256,256,9,DXT5
textures.xdb0,textures/act/act_stalker_face_0007_bump.dds,349680,512,512,10,DXT5
textures.xdb0,textures/act/act_stalker_face_0007_bump.thm,138,,,,
textures.xdb0,textures/act/act_stalker_face_0008.dds,174904,512,512,10,DXT1
textures.xdb0,textures/act/act_stalker_face_0008.thm,168,,,,
textures.xdb0,textures/act/act_stalker_face_0008_bump#.dds,87536,256,256,9,DXT5
textures.xdb0,textures/act/act_stalker_face_0008_bump.dds,349680,512,512,10,DXT5
textures.xdb0,textures/act/act_stalker_face_0008_bump.thm,138,,,,
textures.xdb0,textures/act/act_stalker_face_0009.dds,174904,512,512,10,DXT1
textures.xdb0,textures/act/act_stalker_face_0009.thm,168,,,,
textures.xdb0,textures/act/act_stalker_face_0009_bump#.dds,87536,256,256,9,DXT5
textures.xdb0,textures/act/act_stalker_face_0009_bump.dds,349680,512,512,10,DXT5
textures.xdb0,textures/act/act_stalker_face_0009_bump.thm,138,,,,
textures.xdb0,textures/act/act_stalker_face_0010.dds,174904,512,512,10,DXT1
textures.xdb0,textures/act/act_stalker_face_0010.thm,168,,,,
textures.xdb0,textures/act/act_stalker_face_0010_bump.thm,138,,,,
textures.xdb0,textures/act/act_stalker_face_0011.dds,174904,512,512,10,DXT1
textures.xdb0,textures/act/act_stalker_face_0011.thm,168,,,,
textures.xdb0,textures/act/act_stalker_face_0011_bump#.dds,87536,256,256,9,DXT5
textures.xdb0,textures/act/act_stalker_face_0011_bump.dds,349680,512,512,10,DXT5
textures.xdb0,textures/act/act_stalker_face_0011_bump.thm,138,,,,
textures.xdb0,textures/act/act_stalker_face_0012.dds,174904,512,512,10,DXT1
textures.xdb0,textures/act/act_stalker_face_0012.thm,168,,,,
textures.xdb0,textures/act/act_stalker_face_0012_bump#.dds,87536,256,256,9,DXT5
textures.xdb0,textures/act/act_stalker_face_0012_bump.dds,349680,512,512,10,DXT5
textures.xdb0,textures/act/act_stalker_face_0012_bump.thm,138,,,,
textures.xdb0,textures/act/act_stalker_face_0013.dds,174904,512,512,10,DXT1
textures.xdb0,textures/act/act_stalker_face_0013.thm,168,,,,
textures.xdb0,textures/act/act_stalker_face_0013_bump.thm,138,,,,
textures.xdb0,textures/act/act_stalker_face_0014.dds,174904,512,512,10,DXT1
textures.xdb0,textures/act/act_stalker_face_0014.thm,168,,,,
textures.xdb0,textures/act/act_stalker_face_0015.dds,174904,512,512,10,DXT1
textures.xdb0,textures/act/act_stalker_face_0015.thm,168,,,,
textures.xdb0,textures/act/act_stalker_face_0015_bump.thm,138,,,,
textures.xdb0,textures/act/act_stalker_face_0016.dds,174904,512,512,10,DXT1
textures.xdb0,textures/act/act_stalker_face_0016.thm,168,,,,
textures.xdb0,textures/act/act_stalker_face_0017.dds,174904,512,512,10,DXT1
textures.xdb0,textures/act/act_stalker_face_0017.thm,168,,,,
textures.xdb0,textures/act/act_stalker_face_0018.dds,174904,512,512,10,DXT1
textures.xdb0,textures/act/act_stalker_face_0018.thm,168,,,,
textures.xdb0,textures/act/act_stalker_face_0019.dds,174904,512,512,10,DXT1
textures.xdb0,textures/act/act_stalker_face_0019.thm,168,,,,
textures.xdb0,textures/act/act_stalker_face_0020.dds,174904,512,512,10,DXT1
textures.xdb0,textures/act/act_stalker_face_0020.thm,160,,,,
textures.xdb0,textures/act/act_stalker_face_0021.dds,174904,512,512,10,DXT1
textures.xdb0,textures/act/act_stalker_face_0021.thm,160,,,,
textures.xdb0,textures/act/act_stalker_face_0022.dds,174904,512,512,10,DXT1
textures.xdb0,textures/act/act_stalker_face_0022.thm,160,,,,
textures.xdb0,textures/act/act_stalker_face_0023.dds,174904,512,512,10,DXT1
textures.xdb0,textures/act/act_stalker_face_0023.thm,160,,,,
textures.xdb0,textures/act/act_stalker_face_0024.dds,174904,512,512,10,DXT1
textures.xdb0,textures/act/act_stalker_face_0024.thm,168,,,,
textures.xdb0,textures/act/act_stalker_face_0024_bump#.dds,87536,256,256,9,DXT5
textures.xdb0,textures/act/act_stalker_face_0024_bump.dds,349680,512,512,10,DXT5
textures.xdb0,textures/act/act_stalker_face_0025.dds,174904,512,512,10,DXT1
textures.xdb0,textures/act/act_stalker_face_0025.thm,168,,,,
textures.xdb0,textures/act/act_stalker_face_bump#.dds,349568,512,512,6,DXT5
textures.xdb0,textures/act/act_stalker_face_bump#.thm,138,,,,
textures.xdb0,textures/act/act_stalker_face_bump.dds,349680,512,512,10,DXT5
textures.xdb0,textures/act/act_stalker_face_bump.thm,138,,,,
textures.xdb0,textures/act/act_stalker_face_invisible.dds,349568,512,512,6,DXT5
textures.xdb0,textures/act/act_stalker_face_invisible.thm,138,,,,
textures.xdb0,textures/act/act_stalker_free0a.dds,349680,512,512,10,DXT5
textures.xdb0,textures/act/act_stalker_free0a.thm,165,,,,
textures.xdb0,textures/act/act_stalker_free_0.dds,174904,512,512,10,DXT1
textures.xdb0,textures/act/act_stalker_free_0.thm,165,,,,
textures.xdb0,textures/act/act_stalker_freedom0.dds,699008,1024,1024,6,DXT1
textures.xdb0,textures/act/act_stalker_freedom0.thm,163,,,,
textures.xdb0,textures/act/act_stalker_freedom1a.dds,699008,1024,1024,6,DXT1
textures.xdb0,textures/act/act_stalker_freedom1a.thm,168,,,,
textures.xdb0,textures/act/act_stalker_freedom1a_bump#.dds,1397888,1024,1024,6,DXT5
textures.xdb0,textures/act/act_stalker_freedom1a_bump#.thm,138,,,,
textures.xdb0,textures/act/act_stalker_freedom1a_bump.dds,1397888,1024,1024,6,DXT5
textures.xdb0,textures/act/act_stalker_freedom1a_bump.thm,168,,,,
textures.xdb0,textures/act/act_stalker_freedom2a.dds,174904,512,512,10,DXT1
textures.xdb0,textures/act/act_stalker_freedom2a.thm,168,,,,
textures.xdb0,textures/act/act_stalker_freedom2b.dds,174904,512,512,10,DXT1
textures.xdb0,textures/act/act_stalker_freedom2b.thm,168,,,,
textures.xdb0,textures/act/act_stalker_freedom2b_bump#.dds,349680,512,512,10,DXT5
textures.xdb0,textures/act/act_stalker_freedom2b_bump#.thm,138,,,,
textures.xdb0,textures/act/act_stalker_freedom2b_bump.dds,349680,512,512,10,DXT5
textures.xdb0,textures/act/act_stalker_freedom2b_bump.thm,138,,,,
textures.xdb0,textures/act/act_stalker_freedom3a.dds,262272,512,1024,0,DXT1
textures.xdb0,textures/act/act_stalker_freedom3a.thm,168,,,,
textures.xdb0,textures/act/act_stalker_freedom4a.dds,174904,512,512,10,DXT1
textures.xdb0,textures/act/act_stalker_freedom4a.thm,165,,,,
textures.xdb0,textures/act/act_stalker_freedom4b.dds,174904,512,512,10,DXT1
textures.xdb0,textures/act/act_stalker_freedom4b.thm,165,,,,
textures.xdb0,textures/act/act_stalker_freedom_1.dds,174904,512,512,10,DXT1
textures.xdb0,textures/act/act_stalker_freedom_1.thm,168,,,,
textures.xdb0,textures/act/act_stalker_freedom_1_bump#.dds,349680,512,512,10,DXT5
textures.xdb0,textures/act/act_stalker_freedom_1_bump#.thm,138,,,,
textures.xdb0,textures/act/act_stalker_freedom_1_bump.dds,349680,512,512,10,DXT5
textures.xdb0,textures/act/act_stalker_freedom_1_bump.thm,138,,,,
textures.xdb0,textures/act/act_stalker_freedom_2.dds,174904,512,512,10,DXT1
textures.xdb0,textures/act/act_stalker_freedom_2.thm,168,,,,
textures.xdb0,textures/act/act_stalker_freedom_2_bump#.dds,349680,512,512,10,DXT5
textures.xdb0,textures/act/act_stalker_freedom_2_bump#.thm,138,,,,
textures.xdb0,textures/act/act_stalker_freedom_2_bump.dds,349680,512,512,10,DXT5
textures.xdb0,textures/act/act_stalker_freedom_2_bump.thm,138,,,,
textures.xdb0,textures/act/act_stalker_freedom_3.dds,349672,512,1024,11,DXT1
textures.xdb0,textures/act/act_stalker_freedom_3.thm,168,,,,
textures.xdb0,textures/act/act_stalker_freedom_4.dds,174904,512,512,10,DXT1
textures.xdb0,textures/act/act_stalker_freedom_4.thm,165,,,,
textures.xdb0,textures/act/act_stalker_freedom_5.dds,699008,1024,1024,6,DXT1
textures.xdb0,textures/act/act_stalker_freedom_5.thm,165,,,,
textures.xdb0,textures/act/act_stalker_freehe.dds,699008,1024,1024,6,DXT1
textures.xdb0,textures/act/act_stalker_freehe.thm,168,,,,
textures.xdb0,textures/act/act_stalker_head_antigas_2.dds,174904,512,512,8,DXT1
textures.xdb0,textures/act/act_stalker_head_antigas_2.thm,173,,,,
textures.xdb0,textures/act/act_stalker_head_antigas_2_bump#.dds,262272,512,512,0,DXT5
textures.xdb0,textures/act/act_stalker_head_antigas_2_bump#.thm,138,,,,
textures.xdb0,textures/act/act_stalker_head_antigas_2_bump.dds,349680,512,512,10,DXT5
textures.xdb0,textures/act/act_stalker_head_antigas_2_bump.thm,138,,,,
textures.xdb0,textures/act/act_stalker_head_glass.dds,43832,256,256,8,DXT1
textures.xdb0,textures/act/act_stalker_head_glass.thm,169,,,,
textures.xdb0,textures/act/act_stalker_head_glass_01.dds,87536,256,256,9,DXT5
textures.xdb0,textures/act/act_stalker_head_glass_01.thm,138,,,,
textures.xdb0,textures/act/act_stalker_head_glass_02.dds,11064,128,128,8,DXT1
textures.xdb0,textures/act/act_stalker_head_glass_02.thm,138,,,,
textures.xdb0,textures/act/act_stalker_head_glass_bump#.dds,87536,256,256,9,DXT5
textures.xdb0,textures/act/act_stalker_head_glass_bump#.thm,138,,,,
textures.xdb0,textures/act/act_stalker_head_glass_bump.dds,87536,256,256,9,DXT5
textures.xdb0,textures/act/act_stalker_head_glass_bump.thm,138,,,,
textures.xdb0,textures/act/act_stalker_head_mask.dds,174848,512,512,6,DXT1
textures.xdb0,textures/act/act_stalker_head_mask.thm,168,,,,
textures.xdb0,textures/act/act_stalker_head_mask_bump#.dds,349680,512,512,10,DXT5
textures.xdb0,textures/act/act_stalker_head_mask_bump#.thm,138,,,,
textures.xdb0,textures/act/act_stalker_head_mask_bump.dds,349680,512,512,10,DXT5
textures.xdb0,textures/act/act_stalker_head_mask_bump.thm,138,,,,
textures.xdb0,textures/act/act_stalker_headmask2.dds,174848,512,512,6,DXT1
textures.xdb0,textures/act/act_stalker_headmask2.thm,168,,,,
textures.xdb0,textures/act/act_stalker_hero.dds,699192,1024,1024,11,DXT1
textures.xdb0,textures/act/act_stalker_hero.thm,163,,,,
textures.xdb0,textures/act/act_stalker_hero_bump#.dds,1398256,1024,1024,11,DXT5
textures.xdb0,textures/act/act_stalker_hero_bump#.thm,138,,,,
textures.xdb0,textures/act/act_stalker_hero_bump.dds,1398256,1024,1024,11,DXT5
textures.xdb0,textures/act/act_stalker_hero_bump.thm,138,,,,
textures.xdb0,textures/act/act_stalker_lesnik.dds,174904,512,512,10,DXT1
textures.xdb0,textures/act/act_stalker_lesnik.thm,165,,,,
textures.xdb0,textures/act/act_stalker_lesnik_bump#.dds,349680,512,512,10,DXT5
textures.xdb0,textures/act/act_stalker_lesnik_bump#.thm,138,,,,
textures.xdb0,textures/act/act_stalker_lesnik_bump.dds,1398256,1024,1024,11,DXT5
textures.xdb0,textures/act/act_stalker_lesnik_bump.thm,165,,,,
textures.xdb0,textures/act/act_stalker_merc2a.dds,174904,512,512,10,DXT1
textures.xdb0,textures/act/act_stalker_merc2a.thm,167,,,,
textures.xdb0,textures/act/act_stalker_merc2b.dds,174904,512,512,10,DXT1
textures.xdb0,textures/act/act_stalker_merc2b.thm,167,,,,
textures.xdb0,textures/act/act_stalker_merc2c.dds,174904,512,512,10,DXT1
textures.xdb0,textures/act/act_stalker_merc2c.thm,167,,,,
textures.xdb0,textures/act/act_stalker_merc4a.dds,174904,512,512,10,DXT1
textures.xdb0,textures/act/act_stalker_merc4a.thm,165,,,,
textures.xdb0,textures/act/act_stalker_merc_2.dds,174904,512,512,10,DXT1
textures.xdb0,textures/act/act_stalker_merc_2.thm,167,,,,
textures.xdb0,textures/act/act_stalker_merc_4.dds,174904,512,512,10,DXT1
textures.xdb0,textures/act/act_stalker_merc_4.thm,165,,,,
textures.xdb0,textures/act/act_stalker_merc_5.dds,699008,1024,1024,6,DXT1
textures.xdb0,textures/act/act_stalker_merc_5.thm,165,,,,
textures.xdb0,textures/act/act_stalker_merc_sun1.dds,174904,512,512,10,DXT1
textures.xdb0,textures/act/act_stalker_merc_sun1.thm,169,,,,
textures.xdb0,textures/act/act_stalker_merc_suns1_bump#.dds,1397888,1024,1024,6,DXT5
textures.xdb0,textures/act/act_stalker_merc_suns1_bump#.thm,138,,,,
textures.xdb0,textures/act/act_stalker_merc_suns1_bump.dds,1397888,1024,1024,6,DXT5
textures.xdb0,textures/act/act_stalker_merc_suns1_bump.thm,138,,,,
textures.xdb0,textures/act/act_stalker_mercen2a.dds,174904,512,512,10,DXT1
textures.xdb0,textures/act/act_stalker_mercen2a.thm,167,,,,
textures.xdb0,textures/act/act_stalker_mercen2b.dds,699008,1024,1024,6,DXT1
textures.xdb0,textures/act/act_stalker_mercen2b.thm,167,,,,
textures.xdb0,textures/act/act_stalker_mercen2c.dds,174904,512,512,10,DXT1
textures.xdb0,textures/act/act_stalker_mercen2c.thm,167,,,,
textures.xdb0,textures/act/act_stalker_mercen_2.dds,174904,512,512,10,DXT1
textures.xdb0,textures/act/act_stalker_mercen_2.thm,167,,,,
textures.xdb0,textures/act/act_stalker_mercenary3.dds,174904,512,512,10,DXT1
textures.xdb0,textures/act/act_stalker_mercenary3.thm,169,,,,
textures.xdb0,textures/act/act_stalker_mercenary3_bump#.dds,349680,512,512,10,DXT5
textures.xdb0,textures/act/act_stalker_mercenary3_bump#.thm,138,,,,
textures.xdb0,textures/act/act_stalker_mercenary3_bump.dds,349680,512,512,10,DXT5
textures.xdb0,textures/act/act_stalker_mercenary3_bump.thm,138,,,,
textures.xdb0,textures/act/act_stalker_mercenary4.dds,174904,512,512,10,DXT1
textures.xdb0,textures/act/act_stalker_mercenary4.thm,169,,,,
textures.xdb0,textures/act/act_stalker_mercexo4a.dds,174904,512,512,10,DXT1
textures.xdb0,textures/act/act_stalker_mercexo4a.thm,165,,,,
textures.xdb0,textures/act/act_stalker_mercexo_4.dds,174904,512,512,10,DXT1
textures.xdb0,textures/act/act_stalker_mercexo_4.thm,165,,,,
textures.xdb0,textures/act/act_stalker_mercsuit1.dds,699008,1024,1024,6,DXT1
textures.xdb0,textures/act/act_stalker_mercsuit1.thm,138,,,,
textures.xdb0,textures/act/act_stalker_military_1.dds,699008,1024,1024,6,DXT1
textures.xdb0,textures/act/act_stalker_military_1.thm,165,,,,
textures.xdb0,textures/act/act_stalker_military_bump#.dds,1397888,1024,1024,6,DXT5
textures.xdb0,textures/act/act_stalker_military_bump#.thm,138,,,,
textures.xdb0,textures/act/act_stalker_military_bump.dds,1397888,1024,1024,6,DXT5
textures.xdb0,textures/act/act_stalker_military_bump.thm,138,,,,
textures.xdb0,textures/act/act_stalker_military_corp.dds,174848,512,512,6,DXT1
textures.xdb0,textures/act/act_stalker_military_corp.thm,165,,,,
textures.xdb0,textures/act/act_stalker_monolith0.dds,699008,1024,1024,6,DXT1
textures.xdb0,textures/act/act_stalker_monolith0.thm,169,,,,
textures.xdb0,textures/act/act_stalker_monolith1.dds,174904,512,512,10,DXT1
textures.xdb0,textures/act/act_stalker_monolith1.thm,168,,,,
textures.xdb0,textures/act/act_stalker_monolith2.dds,174904,512,512,10,DXT1
textures.xdb0,textures/act/act_stalker_monolith2.thm,168,,,,
textures.xdb0,textures/act/act_stalker_monolith4a.dds,174904,512,512,10,DXT1
textures.xdb0,textures/act/act_stalker_monolith4a.thm,165,,,,
textures.xdb0,textures/act/act_stalker_monolith4b.dds,174904,512,512,10,DXT1
textures.xdb0,textures/act/act_stalker_monolith4b.thm,165,,,,
textures.xdb0,textures/act/act_stalker_monolith_1.dds,174904,512,512,10,DXT1
textures.xdb0,textures/act/act_stalker_monolith_1.thm,169,,,,
textures.xdb0,textures/act/act_stalker_monolith_1_bump#.dds,349680,512,512,10,DXT5
textures.xdb0,textures/act/act_stalker_monolith_1_bump#.thm,138,,,,
textures.xdb0,textures/act/act_stalker_monolith_1_bump.dds,349680,512,512,10,DXT5
textures.xdb0,textures/act/act_stalker_monolith_1_bump.thm,138,,,,
textures.xdb0,textures/act/act_stalker_monolith_2.dds,174904,512,512,10,DXT1
textures.xdb0,textures/act/act_stalker_monolith_2.thm,169,,,,
textures.xdb0,textures/act/act_stalker_monolith_2_bump#.dds,349680,512,512,10,DXT5
textures.xdb0,textures/act/act_stalker_monolith_2_bump#.thm,138,,,,
textures.xdb0,textures/act/act_stalker_monolith_2_bump.dds,349680,512,512,10,DXT5
textures.xdb0,textures/act/act_stalker_monolith_2_bump.thm,138,,,,
textures.xdb0,textures/act/act_stalker_monolith_3.dds,174904,512,512,10,DXT1
textures.xdb0,textures/act/act_stalker_monolith_3.thm,165,,,,
textures.xdb0,textures/act/act_stalker_monolith_4.dds,174904,512,512,10,DXT1
textures.xdb0,textures/act/act_stalker_monolith_4.thm,165,,,,
textures.xdb0,textures/act/act_stalker_monoliths.dds,699008,1024,1024,6,DXT1
textures.xdb0,textures/act/act_stalker_monoliths.thm,169,,,,
textures.xdb0,textures/act/act_stalker_nauch_glass.dds,87536,256,256,9,DXT5
textures.xdb0,textures/act/act_stalker_nauch_glass.thm,169,,,,
textures.xdb0,textures/act/act_stalker_nebo2a.dds,174904,512,512,10,DXT1
textures.xdb0,textures/act/act_stalker_nebo2a.thm,165,,,,
textures.xdb0,textures/act/act_stalker_nebo2a_bump.thm,165,,,,
textures.xdb0,textures/act/act_stalker_nebo2b.dds,174904,512,512,10,DXT1
textures.xdb0,textures/act/act_stalker_nebo2b.thm,165,,,,
textures.xdb0,textures/act/act_stalker_nebo2b_bump.thm,165,,,,
textures.xdb0,textures/act/act_stalker_nebo3a.dds,174904,512,512,10,DXT1
textures.xdb0,textures/act/act_stalker_nebo3a.thm,165,,,,
textures.xdb0,textures/act/act_stalker_nebo3a_bump.thm,165,,,,
textures.xdb0,textures/act/act_stalker_nebo3b.dds,174904,512,512,10,DXT1
textures.xdb0,textures/act/act_stalker_nebo3b.thm,165,,,,
textures.xdb0,textures/act/act_stalker_nebo3b_bump.thm,165,,,,
textures.xdb0,textures/act/act_stalker_nebo_1.dds,349680,512,512,10,DXT5
textures.xdb0,textures/act/act_stalker_nebo_1.thm,165,,,,
textures.xdb0,textures/act/act_stalker_nebo_1_bump#.dds,349680,512,512,10,DXT5
textures.xdb0,textures/act/act_stalker_nebo_1_bump#.thm,138,,,,
textures.xdb0,textures/act/act_stalker_nebo_1_bump.dds,349680,512,512,10,DXT5
textures.xdb0,textures/act/act_stalker_nebo_1_bump.thm,165,,,,
textures.xdb0,textures/act/act_stalker_nebo_2.dds,349680,512,512,10,DXT5
textures.xdb0,textures/act/act_stalker_nebo_2.thm,165,,,,
textures.xdb0,textures/act/act_stalker_nebo_2_bump#.dds,349680,512,512,10,DXT5
textures.xdb0,textures/act/act_stalker_nebo_2_bump#.thm,138,,,,
textures.xdb0,textures/act/act_stalker_nebo_2_bump.dds,349680,512,512,10,DXT5
textures.xdb0,textures/act/act_stalker_nebo_2_bump.thm,165,,,,
textures.xdb0,textures/act/act_stalker_nebo_3.dds,349680,512,512,10,DXT5
textures.xdb0,textures/act/act_stalker_nebo_3.thm,165,,,,
textures.xdb0,textures/act/act_stalker_nebo_3_bump#.dds,349680,512,512,10,DXT5
textures.xdb0,textures/act/act_stalker_nebo_3_bump#.thm,138,,,,
textures.xdb0,textures/act/act_stalker_nebo_3_bump.dds,349680,512,512,10,DXT5
textures.xdb0,textures/act/act_stalker_nebo_3_bump.thm,165,,,,
textures.xdb0,textures/act/act_stalker_nebo_4.dds,349680,512,512,10,DXT5
textures.xdb0,textures/act/act_stalker_nebo_4.thm,165,,,,
textures.xdb0,textures/act/act_stalker_nebo_4_bump#.dds,349680,512,512,10,DXT5
textures.xdb0,textures/act/act_stalker_nebo_4_bump.dds,349680,512,512,10,DXT5
textures.xdb0,textures/act/act_stalker_nebo_4_bump.thm,165,,,,
textures.xdb0,textures/act/act_stalker_nebo_5.dds,349680,512,512,10,DXT5
textures.xdb0,textures/act/act_stalker_nebo_5_black.dds,174904,512,512,10,DXT1
textures.xdb0,textures/act/act_stalker_nebo_a.dds,349680,512,512,10,DXT5
textures.xdb0,textures/act/act_stalker_nebo_a.thm,165,,,,
textures.xdb0,textures/act/act_stalker_nebo_a_bump#.dds,349680,512,512,10,DXT5
textures.xdb0,textures/act/act_stalker_nebo_a_bump#.thm,138,,,,
textures.xdb0,textures/act/act_stalker_nebo_a_bump.dds,349680,512,512,10,DXT5
textures.xdb0,textures/act/act_stalker_nebo_a_bump.thm,165,,,,
textures.xdb0,textures/act/act_stalker_nebo_b.dds,349680,512,512,10,DXT5
textures.xdb0,textures/act/act_stalker_nebo_b.thm,165,,,,
textures.xdb0,textures/act/act_stalker_nebo_b_bump#.dds,349680,512,512,10,DXT5
textures.xdb0,textures/act/act_stalker_nebo_b_bump#.thm,138,,,,
textures.xdb0,textures/act/act_stalker_nebo_b_bump.dds,349680,512,512,10,DXT5
textures.xdb0,textures/act/act_stalker_nebo_b_bump.thm,165,,,,
textures.xdb0,textures/act/act_stalker_nebo_exo1.dds,174904,512,512,10,DXT1
textures.xdb0,textures/act/act_stalker_nebo_exo1.thm,165,,,,
textures.xdb0,textures/act/act_stalker_nebo_rok1.dds,174904,512,512,10,DXT1
textures.xdb0,textures/act/act_stalker_nebo_rok1.thm,163,,,,
textures.xdb0,textures/act/act_stalker_neboa2.dds,174904,512,512,10,DXT1
textures.xdb0,textures/act/act_stalker_neboa2.thm,165,,,,
textures.xdb0,textures/act/act_stalker_nebob2.dds,174904,512,512,10,DXT1
textures.xdb0,textures/act/act_stalker_nebob2.thm,165,,,,
textures.xdb0,textures/act/act_stalker_nebob2_bump.thm,165,,,,
textures.xdb0,textures/act/act_stalker_nebos2_bump#.dds,349680,512,512,10,DXT5
textures.xdb0,textures/act/act_stalker_nebos2_bump#.thm,138,,,,
textures.xdb0,textures/act/act_stalker_nebos2_bump.dds,349680,512,512,10,DXT5
textures.xdb0,textures/act/act_stalker_nebos2_bump.thm,165,,,,
textures.xdb0,textures/act/act_stalker_neboseva1.dds,174904,512,512,10,DXT1
textures.xdb0,textures/act/act_stalker_neboseva1.thm,169,,,,
textures.xdb0,textures/act/act_stalker_neboseva2.dds,174904,512,512,10,DXT1
textures.xdb0,textures/act/act_stalker_neboseva2.thm,165,,,,
textures.xdb0,textures/act/act_stalker_neboseva_1_bump#.dds,349680,512,512,10,DXT5
textures.xdb0,textures/act/act_stalker_neboseva_1_bump#.thm,138,,,,
textures.xdb0,textures/act/act_stalker_neboseva_1_bump.dds,349680,512,512,10,DXT5
textures.xdb0,textures/act/act_stalker_neboseva_1_bump.thm,138,,,,
textures.xdb0,textures/act/act_stalker_neutral1a.dds,174904,512,512,10,DXT1
textures.xdb0,textures/act/act_stalker_neutral1a.thm,163,,,,
textures.xdb0,textures/act/act_stalker_neutral1b.dds,174904,512,512,10,DXT1
textures.xdb0,textures/act/act_stalker_neutral1b.thm,163,,,,
textures.xdb0,textures/act/act_stalker_neutral1c.dds,174904,512,512,10,DXT1
textures.xdb0,textures/act/act_stalker_neutral1c.thm,163,,,,
textures.xdb0,textures/act/act_stalker_neutral1d.dds,174904,512,512,10,DXT1
textures.xdb0,textures/act/act_stalker_neutral1d.thm,163,,,,
textures.xdb0,textures/act/act_stalker_neutral1e.dds,174904,512,512,10,DXT1
textures.xdb0,textures/act/act_stalker_neutral1e.thm,163,,,,
textures.xdb0,textures/act/act_stalker_neutral1f.dds,174904,512,512,10,DXT1
textures.xdb0,textures/act/act_stalker_neutral1f.thm,163,,,,
textures.xdb0,textures/act/act_stalker_neutral2a.dds,174904,512,512,10,DXT1
textures.xdb0,textures/act/act_stalker_neutral2a.thm,168,,,,
textures.xdb0,textures/act/act_stalker_neutral2b.dds,174904,512,512,10,DXT1
textures.xdb0,textures/act/act_stalker_neutral2b.thm,168,,,,
textures.xdb0,textures/act/act_stalker_neutral2c.dds,174904,512,512,10,DXT1
textures.xdb0,textures/act/act_stalker_neutral2c.thm,168,,,,
textures.xdb0,textures/act/act_stalker_neutral2d.dds,174904,512,512,10,DXT1
textures.xdb0,textures/act/act_stalker_neutral2d.thm,168,,,,
textures.xdb0,textures/act/act_stalker_neutral2e.dds,699008,1024,1024,6,DXT1
textures.xdb0,textures/act/act_stalker_neutral2e.thm,168,,,,
textures.xdb0,textures/act/act_stalker_neutral2f.dds,699008,1024,1024,6,DXT1
textures.xdb0,textures/act/act_stalker_neutral2f.thm,168,,,,
textures.xdb0,textures/act/act_stalker_neutral2g.dds,699008,1024,1024,6,DXT1
textures.xdb0,textures/act/act_stalker_neutral2g.thm,168,,,,
textures.xdb0,textures/act/act_stalker_neutral3a.dds,699008,1024,1024,6,DXT1
textures.xdb0,textures/act/act_stalker_neutral3a.thm,168,,,,
textures.xdb0,textures/act/act_stalker_neutral3a_bump#.dds,1397888,1024,1024,6,DXT5
textures.xdb0,textures/act/act_stalker_neutral3a_bump#.thm,138,,,,
textures.xdb0,textures/act/act_stalker_neutral3a_bump.dds,1397888,1024,1024,6,DXT5
textures.xdb0,textures/act/act_stalker_neutral3a_bump.thm,138,,,,
textures.xdb0,textures/act/act_stalker_neutral3b.dds,699008,1024,1024,6,DXT1
textures.xdb0,textures/act/act_stalker_neutral3b.thm,168,,,,
textures.xdb0,textures/act/act_stalker_neutral3c.dds,699008,1024,1024,6,DXT1
textures.xdb0,textures/act/act_stalker_neutral3c.thm,168,,,,
textures.xdb0,textures/act/act_stalker_neutral3c_bump#.dds,1397888,1024,1024,6,DXT5
textures.xdb0,textures/act/act_stalker_neutral3c_bump#.thm,138,,,,
textures.xdb0,textures/act/act_stalker_neutral3c_bump.dds,1397888,1024,1024,6,DXT5
textures.xdb0,textures/act/act_stalker_neutral3c_bump.thm,138,,,,
textures.xdb0,textures/act/act_stalker_neutral4a.dds,699008,1024,1024,6,DXT1
textures.xdb0,textures/act/act_stalker_neutral4a.thm,165,,,,
textures.xdb0,textures/act/act_stalker_neutral4b.dds,699008,1024,1024,6,DXT1
textures.xdb0,textures/act/act_stalker_neutral4b.thm,165,,,,
textures.xdb0,textures/act/act_stalker_neutral_1.dds,699008,1024,1024,6,DXT1
textures.xdb0,textures/act/act_stalker_neutral_1.thm,163,,,,
textures.xdb0,textures/act/act_stalker_neutral_2.dds,174904,512,512,10,DXT1
textures.xdb0,textures/act/act_stalker_neutral_2.thm,168,,,,
textures.xdb0,textures/act/act_stalker_neutral_2_bump#.dds,349680,512,512,10,DXT5
textures.xdb0,textures/act/act_stalker_neutral_2_bump#.thm,138,,,,
textures.xdb0,textures/act/act_stalker_neutral_2_bump.dds,262272,512,512,1,DXT5
textures.xdb0,textures/act/act_stalker_neutral_2_bump.thm,138,,,,
textures.xdb0,textures/act/act_stalker_neutral_3.dds,174904,512,512,10,DXT1
textures.xdb0,textures/act/act_stalker_neutral_3.thm,165,,,,
textures.xdb0,textures/act/act_stalker_neutral_3_bump#.dds,1397888,1024,1024,6,DXT5
textures.xdb0,textures/act/act_stalker_neutral_3_bump.dds,349680,512,512,10,DXT5
textures.xdb0,textures/act/act_stalker_neutral_4.dds,174904,512,512,10,DXT1
textures.xdb0,textures/act/act_stalker_neutral_4.thm,165,,,,
textures.xdb0,textures/act/act_stalker_osoznanie_1.dds,699008,1024,1024,6,DXT1
textures.xdb0,textures/act/act_stalker_osoznanie_1.thm,138,,,,
textures.xdb0,textures/act/act_stalker_osoznanie_exo_skeleton.dds,699008,1024,1024,6,DXT1
textures.xdb0,textures/act/act_stalker_osoznanie_exo_skeleton.thm,138,,,,
textures.xdb0,textures/act/act_stalker_osoznanie_head_gloss.dds,21968,128,128,6,DXT5
textures.xdb0,textures/act/act_stalker_osoznanie_head_gloss.thm,138,,,,
textures.xdb0,textures/act/act_stalker_osoznanie_nauchniy.dds,699008,1024,1024,6,DXT1
textures.xdb0,textures/act/act_stalker_osoznanie_nauchniy.thm,138,,,,
textures.xdb0,textures/act/act_stalker_seva_1.dds,699008,1024,1024,6,DXT1
textures.xdb0,textures/act/act_stalker_seva_1.thm,138,,,,
textures.xdb0,textures/act/act_stalker_soldier4a.dds,699008,1024,1024,6,DXT1
textures.xdb0,textures/act/act_stalker_soldier4a.thm,165,,,,
textures.xdb0,textures/act/act_stalker_soldier_1.dds,349672,512,1024,11,DXT1
textures.xdb0,textures/act/act_stalker_soldier_1.thm,168,,,,
textures.xdb0,textures/act/act_stalker_soldier_1_bump#.dds,524416,512,1024,0,DXT5
textures.xdb0,textures/act/act_stalker_soldier_1_bump#.thm,138,,,,
textures.xdb0,textures/act/act_stalker_soldier_1_bump.dds,699216,512,1024,11,DXT5
textures.xdb0,textures/act/act_stalker_soldier_1_bump.thm,138,,,,
textures.xdb0,textures/act/act_stalker_soldier_2.dds,349672,512,1024,11,DXT1
textures.xdb0,textures/act/act_stalker_soldier_2.thm,168,,,,
textures.xdb0,textures/act/act_stalker_soldier_2_bump#.dds,699200,512,1024,10,DXT5
textures.xdb0,textures/act/act_stalker_soldier_2_bump#.thm,138,,,,
textures.xdb0,textures/act/act_stalker_soldier_2_bump.dds,699216,512,1024,11,DXT5
textures.xdb0,textures/act/act_stalker_soldier_2_bump.thm,138,,,,
textures.xdb0,textures/act/act_stalker_soldier_3.dds,349672,512,1024,11,DXT1
textures.xdb0,textures/act/act_stalker_soldier_3.thm,168,,,,
textures.xdb0,textures/act/act_stalker_soldier_4.dds,174904,512,512,10,DXT1
textures.xdb0,textures/act/act_stalker_soldier_4.thm,165,,,,
textures.xdb0,textures/act/act_stalker_soldier_4_bump#.dds,349680,512,512,10,DXT5
textures.xdb0,textures/act/act_stalker_soldier_4_bump.dds,349680,512,512,10,DXT5
textures.xdb0,textures/act/act_stalker_soldier_5.dds,349568,512,1024,6,DXT1
textures.xdb0,textures/act/act_stalker_soldier_5.thm,158,,,,
textures.xdb0,textures/act/act_stalker_specnaz.dds,349680,512,512,10,DXT5
textures.xdb0,textures/act/act_stalker_specnaz.thm,166,,,,
textures.xdb0,textures/act/act_stalker_specnaz2.dds,699008,1024,1024,6,DXT1
textures.xdb0,textures/act/act_stalker_specnaz2.thm,166,,,,
textures.xdb0,textures/act/act_stalker_specnaz3.dds,699008,1024,1024,6,DXT1
textures.xdb0,textures/act/act_stalker_specnaz3.thm,166,,,,
textures.xdb0,textures/act/act_stalker_specnaz_1.dds,699008,1024,1024,6,DXT1
textures.xdb0,textures/act/act_stalker_specnaz_1.thm,168,,,,
textures.xdb0,textures/act/act_stalker_specnaz_1_bump#.dds,1397888,1024,1024,6,DXT5
textures.xdb0,textures/act/act_stalker_specnaz_1_bump.dds,1397888,1024,1024,6,DXT5
textures.xdb0,textures/act/act_stalker_specnaz_1_bump.thm,138,,,,
textures.xdb0,textures/act/act_stalker_specnaz_bump#.dds,1397888,1024,1024,6,DXT5
textures.xdb0,textures/act/act_stalker_specnaz_bump#.thm,138,,,,
textures.xdb0,textures/act/act_stalker_specnaz_bump.dds,1397888,1024,1024,6,DXT5
textures.xdb0,textures/act/act_stalker_specnaz_bump.thm,138,,,,
textures.xdb0,textures/act/act_stalker_specnaz_us.dds,699008,1024,1024,6,DXT1
textures.xdb0,textures/act/act_stalker_specnaz_us.thm,169,,,,
textures.xdb0,textures/act/act_stalker_specnaz_us_bump#.dds,1397888,1024,1024,6,DXT5
textures.xdb0,textures/act/act_stalker_specnaz_us_bump.dds,1397888,1024,1024,6,DXT5
textures.xdb0,textures/act/act_stalker_specnaz_us_bump.thm,138,,,,
textures.xdb0,textures/act/act_stalker_trader_1.dds,699192,1024,1024,11,DXT1
textures.xdb0,textures/act/act_stalker_trader_1.thm,167,,,,
textures.xdb0,textures/act/act_stalker_trader_1_bump#.dds,349680,512,512,10,DXT5
textures.xdb0,textures/act/act_stalker_trader_1_bump#.thm,138,,,,
textures.xdb0,textures/act/act_stalker_trader_1_bump.dds,1398256,1024,1024,11,DXT5
textures.xdb0,textures/act/act_stalker_trader_1_bump.thm,167,,,,
textures.xdb0,textures/act/act_stalker_voyak_exo.dds,699008,1024,1024,6,DXT1
textures.xdb0,textures/act/act_stalker_voyak_exo.thm,138,,,,
textures.xdb0,textures/act/act_stalker_zombie_2_3.dds,174904,512,512,10,DXT1
textures.xdb0,textures/act/act_stalker_zombie_2_3.thm,168,,,,
textures.xdb0,textures/act/act_stalker_zombie_2_3_bump#.dds,176,4,4,3,DXT5
textures.xdb0,textures/act/act_stalker_zombie_2_3_bump.dds,349680,512,512,10,DXT5
textures.xdb0,textures/act/act_stalker_zombie_2_3_bump.thm,138,,,,
textures.xdb0,textures/act/act_stalker_zombie_2_4.dds,174904,512,512,10,DXT1
textures.xdb0,textures/act/act_stalker_zombie_2_4.thm,168,,,,
textures.xdb0,textures/act/act_stalker_zombie_3_5.dds,349672,512,1024,11,DXT1
textures.xdb0,textures/act/act_stalker_zombie_3_5.thm,168,,,,
textures.xdb0,textures/act/act_stalker_zombie_3_5_bump#.dds,176,4,4,3,DXT5
textures.xdb0,textures/act/act_stalker_zombie_3_5_bump.dds,699216,512,1024,11,DXT5
textures.xdb0,textures/act/act_stalker_zombie_3_5_bump.thm,138,,,,
textures.xdb0,textures/act/act_svoboda.dds,174904,512,512,10,DXT1
textures.xdb0,textures/act/act_svoboda.thm,138,,,,
textures.xdb0,textures/act/act_svoboda1.dds,174904,512,512,10,DXT1
textures.xdb0,textures/act/act_svoboda1.thm,138,,,,
textures.xdb0,textures/act/act_tesla_face.dds,174848,512,512,6,DXT1
textures.xdb0,textures/act/act_tesla_face.thm,161,,,,
textures.xdb0,textures/act/act_tesla_face_bump#.dds,87488,256,256,6,DXT5
textures.xdb0,textures/act/act_tesla_face_bump#.thm,138,,,,
textures.xdb0,textures/act/act_tesla_face_bump.dds,87536,256,256,9,DXT5
textures.xdb0,textures/act/act_tesla_face_bump.thm,163,,,,
textures.xdb0,textures/act/act_trader_barman_1.dds,699008,1024,1024,6,DXT1
textures.xdb0,textures/act/act_trader_barman_1.thm,164,,,,
textures.xdb0,textures/act/act_trader_barman_bump#.dds,1397888,1024,1024,6,DXT5
textures.xdb0,textures/act/act_trader_barman_bump#.thm,138,,,,
textures.xdb0,textures/act/act_trader_barman_bump.dds,1398256,1024,1024,11,DXT5
textures.xdb0,textures/act/act_trader_barman_bump.thm,138,,,,
textures.xdb0,textures/act/act_trup.dds,699008,1024,1024,6,DXT1
textures.xdb0,textures/act/act_trup.thm,155,,,,
textures.xdb0,textures/act/act_trup_bump#.dds,349568,512,512,6,DXT5
textures.xdb0,textures/act/act_trup_bump#.thm,138,,,,
textures.xdb0,textures/act/act_trup_bump.dds,349568,512,512,6,DXT5
textures.xdb0,textures/act/act_trup_bump.thm,138,,,,
textures.xdb0,textures/act/act_trupik.dds,174904,512,512,10,DXT1
textures.xdb0,textures/act/act_trupik.thm,159,,,,
textures.xdb0,textures/act/act_zombie_1.dds,174904,512,512,10,DXT1
textures.xdb0,textures/act/act_zombie_1.thm,159,,,,
textures.xdb0,textures/act/act_zombie_1_bump#.dds,349680,512,512,10,DXT5
textures.xdb0,textures/act/act_zombie_1_bump#.thm,138,,,,
textures.xdb0,textures/act/act_zombie_1_bump.dds,349680,512,512,10,DXT5
textures.xdb0,textures/act/act_zombie_1_bump.thm,138,,,,
textures.xdb0,textures/act/act_zombie_2.dds,174904,512,512,10,DXT1
textures.xdb0,textures/act/act_zombie_2.thm,159,,,,
textures.xdb0,textures/act/act_zombie_2_bump#.dds,349568,512,512,6,DXT5
textures.xdb0,textures/act/act_zombie_2_bump#.thm,138,,,,
textures.xdb0,textures/act/act_zombie_2_bump.dds,349568,512,512,6,DXT5
textures.xdb0,textures/act/act_zombie_2_bump.thm,138,,,,
textures.xdb0,textures/act/act_zombie_3.dds,174904,512,512,10,DXT1
textures.xdb0,textures/act/act_zombie_3.thm,159,,,,
textures.xdb0,textures/act/act_zombie_4.dds,174904,512,512,10,DXT1
textures.xdb0,textures/act/act_zombie_4.thm,159,,,,
textures.xdb0,textures/act/act_zombie_5.dds,174904,512,512,10,DXT1
textures.xdb0,textures/act/act_zombie_5.thm,159,,,,
textures.xdb0,textures/act/act_zombie_6.dds,174904,512,512,10,DXT1
textures.xdb0,textures/act/act_zombie_6.thm,159,,,,
textures.xdb0,textures/act/act_zwitter.dds,699192,1024,1024,11,DXT1
textures.xdb0,textures/act/act_zwitter.thm,158,,,,
textures.xdb0,textures/act/act_zwitter_bump#.dds,192,8,8,1,DXT5
textures.xdb0,textures/act/act_zwitter_bump#.thm,29500,,,,
textures.xdb0,textures/act/act_zwitter_bump.dds,5592560,2048,2048,12,DXT5
textures.xdb0,textures/act/act_zwitter_bump.thm,138,,,,
textures.xdb0,textures/act/rep_ryukzak.dds,174904,512,512,10,DXT1
textures.xdb0,textures/act/rep_ryukzak.thm,158,,,,
textures.xdb0,textures/act/sub_stalker_neutral_2.dds,699008,1024,1024,6,DXT1
textures.xdb0,textures/act/sub_stalker_neutral_2.thm,168,,,,
textures.xdb0,textures/act/eye/act_eye_ball.dds,349568,512,512,6,DXT5
textures.xdb0,textures/act/eye/act_eye_ball.thm,138,,,,
textures.xdb0,textures/act/face/act_face_risovalshik.dds,1397888,1024,1024,6,DXT5
textures.xdb0,textures/act/face/act_face_risovalshik.thm,192,,,,
textures.xdb0,textures/act/face/act_face_risovalshik_bump#.dds,1397888,1024,1024,6,DXT5
textures.xdb0,textures/act/face/act_face_risovalshik_bump#.thm,138,,,,
textures.xdb0,textures/act/face/act_face_risovalshik_bump.dds,1397888,1024,1024,6,DXT5
textures.xdb0,textures/act/face/act_face_risovalshik_bump.thm,138,,,,
textures.xdb0,textures/act/variation mod/act_neutral/gas_mask_glass.dds,87488,256,256,6,DXT5
textures.xdb0,textures/act/variation mod/act_neutral/gas_mask_glass.thm,138,,,,
textures.xdb0,textures/act/variation mod/act_neutral/gp5a.dds,131200,512,512,0,DXT1
textures.xdb0,textures/act/variation mod/act_neutral/gp5a.thm,138,,,,
textures.xdb0,textures/act/variation mod/act_neutral/pockets_1a.dds,699008,1024,512,6,DXT5
textures.xdb0,textures/act/variation mod/act_neutral/pockets_1a.thm,138,,,,
textures.xdb0,textures/act/variation mod/act_neutral/pockets_1b.dds,699008,1024,512,6,DXT5
textures.xdb0,textures/act/variation mod/act_neutral/pockets_1b.thm,138,,,,
textures.xdb0,textures/act/variation mod/act_neutral/pockets_1c.dds,699008,1024,512,6,DXT5
textures.xdb0,textures/act/variation mod/act_neutral/pockets_1c.thm,138,,,,
textures.xdb0,textures/act/variation mod/act_neutral/pockets_1d.dds,699008,1024,512,6,DXT5
textures.xdb0,textures/act/variation mod/act_neutral/pockets_1d.thm,138,,,,
textures.xdb0,textures/act/variation mod/act_neutral/pockets_1e.dds,699008,1024,512,6,DXT5
textures.xdb0,textures/act/variation mod/act_neutral/pockets_1e.thm,138,,,,
textures.xdb0,textures/alpha/addons/acog/upg_acog1.dds,524416,1024,512,0,DXT5
textures.xdb0,textures/alpha/addons/zf4/stg44_sk1_d1.dds,349664,1024,512,10,DXT1
textures.xdb0,textures/alpha/wpn/auga1/body.dds,349664,1024,512,10,DXT1
textures.xdb0,textures/alpha/wpn/auga1/body.thm,163,,,,
textures.xdb0,textures/alpha/wpn/auga1/body_bump#.dds,699216,1024,512,11,DXT5
textures.xdb0,textures/alpha/wpn/auga1/body_bump.dds,699216,1024,512,11,DXT5
textures.xdb0,textures/alpha/wpn/auga1/body_bump.thm,138,,,,
textures.xdb0,textures/alpha/wpn/auga1/mag.dds,87528,256,512,10,DXT1
textures.xdb0,textures/alpha/wpn/auga1/mag.thm,162,,,,
textures.xdb0,textures/alpha/wpn/auga1/mag_bump#.dds,174928,256,512,10,DXT5
textures.xdb0,textures/alpha/wpn/auga1/mag_bump.dds,43856,128,256,9,DXT5
textures.xdb0,textures/alpha/wpn/auga1/mag_bump.thm,138,,,,
textures.xdb0,textures/alpha/wpn/auga1/rec.dds,174904,512,512,10,DXT1
textures.xdb0,textures/alpha/wpn/auga1/rec.thm,162,,,,
textures.xdb0,textures/alpha/wpn/auga1/rec_bump#.dds,349680,512,512,10,DXT5
textures.xdb0,textures/alpha/wpn/auga1/rec_bump.dds,349680,512,512,10,DXT5
textures.xdb0,textures/alpha/wpn/auga1/rec_bump.thm,138,,,,
textures.xdb0,textures/alpha/wpn/auga1/sil.dds,174904,512,512,10,DXT1
textures.xdb0,textures/alpha/wpn/auga1/sil.thm,162,,,,
textures.xdb0,textures/alpha/wpn/auga1/sil_bump#.dds,87536,256,256,9,DXT5
textures.xdb0,textures/alpha/wpn/auga1/sil_bump.dds,87536,256,256,9,DXT5
textures.xdb0,textures/alpha/wpn/auga1/sil_bump.thm,138,,,,
textures.xdb0,textures/alpha/wpn/famas/famas_p3_sk1_d1.dds,349680,512,512,10,DXT5
textures.xdb0,textures/alpha/wpn/famas/famas_p3_sk1_d1.thm,174,,,,
textures.xdb0,textures/alpha/wpn/famas/famas_p3_sk1_d1_bump#.dds,240,8,8,4,DXT5
textures.xdb0,textures/alpha/wpn/famas/famas_p3_sk1_d1_bump.dds,349680,512,512,10,DXT5
textures.xdb0,textures/alpha/wpn/famas/famas_p3_sk1_d1_bump.thm,138,,,,
textures.xdb0,textures/alpha/wpn/famas/famas_p3_sk1_d2.dds,524416,1024,512,0,DXT5
textures.xdb0,textures/alpha/wpn/famas/famas_p3_sk1_d2.thm,174,,,,
textures.xdb0,textures/alpha/wpn/famas/famas_p3_sk1_d2_bump#.dds,208,8,4,4,DXT5
textures.xdb0,textures/alpha/wpn/famas/famas_p3_sk1_d2_bump.dds,699216,1024,512,11,DXT5
textures.xdb0,textures/alpha/wpn/famas/famas_p3_sk1_d2_bump.thm,138,,,,
textures.xdb0,textures/alpha/wpn/famas/famas_p3_sk1_d3.dds,349680,512,512,10,DXT5
textures.xdb0,textures/alpha/wpn/famas/famas_p3_sk1_d3.thm,174,,,,
textures.xdb0,textures/alpha/wpn/famas/famas_p3_sk1_d3_bump#.dds,240,8,8,4,DXT5
textures.xdb0,textures/alpha/wpn/famas/famas_p3_sk1_d3_bump.dds,349680,512,512,10,DXT5
textures.xdb0,textures/alpha/wpn/famas/famas_p3_sk1_d3_bump.thm,138,,,,
textures.xdb0,textures/alpha/wpn/famas/upg_acog1.dds,699216,1024,512,8,DXT5
textures.xdb0,textures/alpha/wpn/famas/upg_acog1.thm,168,,,,
textures.xdb0,textures/alpha/wpn/famas/upg_acog1_bump#.dds,208,8,4,4,DXT5
textures.xdb0,textures/alpha/wpn/famas/upg_acog1_bump.dds,699216,1024,512,11,DXT5
textures.xdb0,textures/alpha/wpn/famas/upg_acog1_bump.thm,138,,,,
textures.xdb0,textures/alpha/wpn/famas/upg_sil_556ar.dds,349680,512,512,8,DXT5
textures.xdb0,textures/alpha/wpn/famas/upg_sil_556ar.thm,172,,,,
textures.xdb0,textures/alpha/wpn/famas/upg_sil_556ar_bump#.dds,240,8,8,4,DXT5
textures.xdb0,textures/alpha/wpn/famas/upg_sil_556ar_bump.dds,349680,512,512,10,DXT5
textures.xdb0,textures/alpha/wpn/famas/upg_sil_556ar_bump.thm,138,,,,
textures.xdb0,textures/alpha/wpn/galil/galil_ar_sk1_d1.dds,174888,512,512,8,DXT1
textures.xdb0,textures/alpha/wpn/galil/galil_ar_sk1_d1.thm,174,,,,
textures.xdb0,textures/alpha/wpn/galil/galil_ar_sk1_d1_bump#.dds,240,8,8,4,DXT5
textures.xdb0,textures/alpha/wpn/galil/galil_ar_sk1_d1_bump.dds,349680,512,512,10,DXT5
textures.xdb0,textures/alpha/wpn/galil/galil_ar_sk1_d1_bump.thm,138,,,,
textures.xdb0,textures/alpha/wpn/galil/galil_ar_sk1_d2.dds,174888,512,512,8,DXT1
textures.xdb0,textures/alpha/wpn/galil/galil_ar_sk1_d2.thm,174,,,,
textures.xdb0,textures/alpha/wpn/galil/galil_ar_sk1_d2_bump#.dds,240,8,8,4,DXT5
textures.xdb0,textures/alpha/wpn/galil/galil_ar_sk1_d2_bump.dds,349680,512,512,10,DXT5
textures.xdb0,textures/alpha/wpn/galil/galil_ar_sk1_d2_bump.thm,138,,,,
textures.xdb0,textures/alpha/wpn/galil/galil_ar_sk1_d3.dds,174904,512,512,10,DXT1
textures.xdb0,textures/alpha/wpn/galil/galil_ar_sk1_d3.thm,174,,,,
textures.xdb0,textures/alpha/wpn/galil/galil_ar_sk1_d3_bump#.dds,240,8,8,4,DXT5
textures.xdb0,textures/alpha/wpn/galil/galil_ar_sk1_d3_bump.dds,349680,512,512,10,DXT5
textures.xdb0,textures/alpha/wpn/galil/galil_ar_sk1_d3_bump.thm,138,,,,
textures.xdb0,textures/alpha/wpn/galil/upg_acog1.dds,349648,1024,512,8,DXT1
textures.xdb0,textures/alpha/wpn/galil/upg_acog1.thm,168,,,,
textures.xdb0,textures/alpha/wpn/galil/upg_acog1_bump#.dds,208,8,4,4,DXT5
textures.xdb0,textures/alpha/wpn/galil/upg_acog1_bump.dds,699216,1024,512,11,DXT5
textures.xdb0,textures/alpha/wpn/galil/upg_acog1_bump.thm,138,,,,
textures.xdb0,textures/alpha/wpn/galil/upg_plank3.dds,174888,512,512,8,DXT1
textures.xdb0,textures/alpha/wpn/galil/upg_plank3.thm,169,,,,
textures.xdb0,textures/alpha/wpn/galil/upg_plank3_bump#.dds,240,8,8,4,DXT5
textures.xdb0,textures/alpha/wpn/galil/upg_plank3_bump.dds,349680,512,512,10,DXT5
textures.xdb0,textures/alpha/wpn/galil/upg_plank3_bump.thm,138,,,,
textures.xdb0,textures/alpha/wpn/galil/upg_sil_556ar.dds,174888,512,512,8,DXT1
textures.xdb0,textures/alpha/wpn/galil/upg_sil_556ar.thm,172,,,,
textures.xdb0,textures/alpha/wpn/galil/upg_sil_556ar_bump#.dds,240,8,8,4,DXT5
textures.xdb0,textures/alpha/wpn/galil/upg_sil_556ar_bump.dds,349680,512,512,10,DXT5
textures.xdb0,textures/alpha/wpn/galil/upg_sil_556ar_bump.thm,138,,,,
textures.xdb0,textures/alpha/wpn/galil/upgrades1.dds,349680,512,512,10,DXT5
textures.xdb0,textures/alpha/wpn/m16a1/556x45_clip_ar15.dds,174904,512,512,10,DXT1
textures.xdb0,textures/alpha/wpn/m16a1/556x45_clip_ar15.thm,175,,,,
textures.xdb0,textures/alpha/wpn/m16a1/556x45_clip_ar15_bump#.dds,240,8,8,4,DXT5
textures.xdb0,textures/alpha/wpn/m16a1/556x45_clip_ar15_bump.dds,349680,512,512,10,DXT5
textures.xdb0,textures/alpha/wpn/m16a1/556x45_clip_ar15_bump.thm,138,,,,
textures.xdb0,textures/alpha/wpn/m16a1/m16a1_sk1_d1.dds,174904,512,512,10,DXT1
textures.xdb0,textures/alpha/wpn/m16a1/m16a1_sk1_d1.thm,171,,,,
textures.xdb0,textures/alpha/wpn/m16a1/m16a1_sk1_d1_bump#.dds,240,8,8,4,DXT5
textures.xdb0,textures/alpha/wpn/m16a1/m16a1_sk1_d1_bump.dds,349680,512,512,10,DXT5
textures.xdb0,textures/alpha/wpn/m16a1/m16a1_sk1_d1_bump.thm,138,,,,
textures.xdb0,textures/alpha/wpn/m16a1/m16a1_sk1_d2.dds,174904,512,512,10,DXT1
textures.xdb0,textures/alpha/wpn/m16a1/m16a1_sk1_d2.thm,171,,,,
textures.xdb0,textures/alpha/wpn/m16a1/m16a1_sk1_d2_bump#.dds,240,8,8,4,DXT5
textures.xdb0,textures/alpha/wpn/m16a1/m16a1_sk1_d2_bump.dds,349680,512,512,10,DXT5
textures.xdb0,textures/alpha/wpn/m16a1/m16a1_sk1_d2_bump.thm,138,,,,
textures.xdb0,textures/alpha/wpn/m16a1/upg_scope1_d1.dds,174904,512,512,10,DXT1
textures.xdb0,textures/alpha/wpn/m16a1/upg_scope1_d1.thm,172,,,,
textures.xdb0,textures/alpha/wpn/m16a1/upg_scope1_d1_bump#.dds,240,8,8,4,DXT5
textures.xdb0,textures/alpha/wpn/m16a1/upg_scope1_d1_bump.dds,349680,512,512,10,DXT5
textures.xdb0,textures/alpha/wpn/m16a1/upg_scope1_d1_bump.thm,138,,,,
textures.xdb0,textures/alpha/wpn/m16a1/upg_scope1_d2.dds,174904,512,512,10,DXT1
textures.xdb0,textures/alpha/wpn/m16a1/upg_scope1_d2.thm,172,,,,
textures.xdb0,textures/alpha/wpn/m16a1/upg_scope1_d2_bump#.dds,240,8,8,4,DXT5
textures.xdb0,textures/alpha/wpn/m16a1/upg_scope1_d2_bump.dds,349680,512,512,10,DXT5
textures.xdb0,textures/alpha/wpn/m16a1/upg_scope1_d2_bump.thm,138,,,,
textures.xdb0,textures/alpha/wpn/m16a1/upg_sil_556ar.dds,174904,512,512,10,DXT1
textures.xdb0,textures/alpha/wpn/m16a1/upg_sil_556ar.thm,172,,,,
textures.xdb0,textures/alpha/wpn/m16a1/upg_sil_556ar_bump#.dds,240,8,8,4,DXT5
textures.xdb0,textures/alpha/wpn/m16a1/upg_sil_556ar_bump.dds,349680,512,512,10,DXT5
textures.xdb0,textures/alpha/wpn/m16a1/upg_sil_556ar_bump.thm,138,,,,
textures.xdb0,textures/alpha/wpn/m24/bipod.dds,174896,1024,256,8,DXT1
textures.xdb0,textures/alpha/wpn/m24/c3a1_2.dds,174888,512,512,8,DXT1
textures.xdb0,textures/alpha/wpn/m24/lens.dds,174888,512,512,8,DXT1
textures.xdb0,textures/alpha/wpn/m24/lens.thm,161,,,,
textures.xdb0,textures/alpha/wpn/m24/lens_bump#.dds,240,8,8,4,DXT5
textures.xdb0,textures/alpha/wpn/m24/lens_bump.dds,349680,512,512,10,DXT5
textures.xdb0,textures/alpha/wpn/m24/lens_bump.thm,138,,,,
textures.xdb0,textures/alpha/wpn/m24/m24(2).dds,174904,512,512,10,DXT1
textures.xdb0,textures/alpha/wpn/m24/m24(2).thm,163,,,,
textures.xdb0,textures/alpha/wpn/m24/m24(2)_bump#.dds,240,8,8,4,DXT5
textures.xdb0,textures/alpha/wpn/m24/m24(2)_bump.dds,349680,512,512,10,DXT5
textures.xdb0,textures/alpha/wpn/m24/m24(2)_bump.thm,138,,,,
textures.xdb0,textures/alpha/wpn/m24/m241.dds,174888,512,512,8,DXT1
textures.xdb0,textures/alpha/wpn/m24/m241.thm,161,,,,
textures.xdb0,textures/alpha/wpn/m24/m241_bump#.dds,240,8,8,4,DXT5
textures.xdb0,textures/alpha/wpn/m24/m241_bump.dds,349680,512,512,10,DXT5
textures.xdb0,textures/alpha/wpn/m24/m241_bump.thm,138,,,,
textures.xdb0,textures/alpha/wpn/m24/map1.dds,174904,512,512,10,DXT1
textures.xdb0,textures/alpha/wpn/m24/map1.thm,161,,,,
textures.xdb0,textures/alpha/wpn/m24/map1_bump#.dds,240,8,8,4,DXT5
textures.xdb0,textures/alpha/wpn/m24/map1_bump.dds,349680,512,512,10,DXT5
textures.xdb0,textures/alpha/wpn/m24/map1_bump.thm,138,,,,
textures.xdb0,textures/alpha/wpn/m24/mueller.dds,349648,1024,512,8,DXT1
textures.xdb0,textures/alpha/wpn/m24/scope.dds,349648,1024,512,8,DXT1
textures.xdb0,textures/alpha/wpn/m24/scope.thm,162,,,,
textures.xdb0,textures/alpha/wpn/m24/scope_bump#.dds,208,8,4,4,DXT5
textures.xdb0,textures/alpha/wpn/m24/scope_bump.dds,699216,1024,512,11,DXT5
textures.xdb0,textures/alpha/wpn/m24/scope_bump.thm,138,,,,
textures.xdb0,textures/alpha/wpn/remington1858/map1.dds,174904,512,512,10,DXT1
textures.xdb0,textures/alpha/wpn/remington1858/map2.dds,174904,512,512,10,DXT1
textures.xdb0,textures/alpha/wpn/remington1858/map3.dds,87528,512,256,10,DXT1
textures.xdb0,textures/alpha/wpn/remington1858/wpn_remi_1.dds,174904,512,512,10,DXT1
textures.xdb0,textures/alpha/wpn/remington1858/wpn_remi_3.dds,174904,512,512,10,DXT1
textures.xdb0,textures/alpha/wpn/remington1858/wpn_remi_4.dds,174904,512,512,10,DXT1
textures.xdb0,textures/alpha/wpn/s&w 629/sw629_maps_wooden.dds,174904,512,512,10,DXT1
textures.xdb0,textures/alpha/wpn/s&w 629/wpn_sw629_1.dds,174904,512,512,10,DXT1
textures.xdb0,textures/alpha/wpn/s&w 629/wpn_sw629_3.dds,174904,512,512,10,DXT1
textures.xdb0,textures/alpha/wpn/s&w 629/wpn_sw629_4.dds,174904,512,512,10,DXT1
textures.xdb0,textures/alpha/wpn/scorpion/mag.dds,87512,256,512,8,DXT1
textures.xdb0,textures/alpha/wpn/scorpion/mag.thm,165,,,,
textures.xdb0,textures/alpha/wpn/scorpion/mag_bump#.dds,336,8,16,5,DXT5
textures.xdb0,textures/alpha/wpn/scorpion/mag_bump.dds,174928,256,512,10,DXT5
textures.xdb0,textures/alpha/wpn/scorpion/mag_bump.thm,138,,,,
textures.xdb0,textures/alpha/wpn/scorpion/part2.dds,174888,512,512,8,DXT1
textures.xdb0,textures/alpha/wpn/scorpion/part2.thm,167,,,,
textures.xdb0,textures/alpha/wpn/scorpion/parts.dds,174888,512,512,8,DXT1
textures.xdb0,textures/alpha/wpn/scorpion/parts.thm,167,,,,
textures.xdb0,textures/alpha/wpn/scorpion/parts_bump#.dds,240,8,8,4,DXT5
textures.xdb0,textures/alpha/wpn/scorpion/parts_bump.dds,349680,512,512,10,DXT5
textures.xdb0,textures/alpha/wpn/scorpion/parts_bump.thm,138,,,,
textures.xdb0,textures/alpha/wpn/scorpion/re2.dds,174904,512,512,10,DXT1
textures.xdb0,textures/alpha/wpn/scorpion/re2.thm,165,,,,
textures.xdb0,textures/alpha/wpn/scorpion/rec.dds,174888,512,512,8,DXT1
textures.xdb0,textures/alpha/wpn/scorpion/rec.thm,165,,,,
textures.xdb0,textures/alpha/wpn/scorpion/rec_bump#.dds,240,8,8,4,DXT5
textures.xdb0,textures/alpha/wpn/scorpion/rec_bump.dds,349680,512,512,10,DXT5
textures.xdb0,textures/alpha/wpn/scorpion/rec_bump.thm,138,,,,
textures.xdb0,textures/alpha/wpn/scorpion/stock.dds,87536,1024,128,8,DXT1
textures.xdb0,textures/alpha/wpn/scorpion/stock.thm,167,,,,
textures.xdb0,textures/alpha/wpn/scorpion/stock_bump#.dds,208,8,1,4,DXT5
textures.xdb0,textures/alpha/wpn/scorpion/stock_bump.dds,174992,1024,128,11,DXT5
textures.xdb0,textures/alpha/wpn/scorpion/stock_bump.thm,138,,,,
textures.xdb0,textures/alpha/wpn/sig552/bitsandbobs.dds,174888,512,512,8,DXT1
textures.xdb0,textures/alpha/wpn/sig552/bitsandbobs.thm,171,,,,
textures.xdb0,textures/alpha/wpn/sig552/bitsandbobs_bump#.dds,240,8,8,4,DXT5
textures.xdb0,textures/alpha/wpn/sig552/bitsandbobs_bump.dds,349680,512,512,10,DXT5
textures.xdb0,textures/alpha/wpn/sig552/bitsandbobs_bump.thm,138,,,,
textures.xdb0,textures/alpha/wpn/sig552/bullet.dds,174888,512,512,8,DXT1
textures.xdb0,textures/alpha/wpn/sig552/dot.dds,349680,512,512,10,DXT5
textures.xdb0,textures/alpha/wpn/sig552/dot.thm,138,,,,
textures.xdb0,textures/alpha/wpn/sig552/lens.dds,262272,512,512,1,DXT5
textures.xdb0,textures/alpha/wpn/sig552/mag.dds,174904,512,512,10,DXT1
textures.xdb0,textures/alpha/wpn/sig552/mag.thm,163,,,,
textures.xdb0,textures/alpha/wpn/sig552/mag_bump#.dds,240,8,8,4,DXT5
textures.xdb0,textures/alpha/wpn/sig552/mag_bump.dds,349680,512,512,10,DXT5
textures.xdb0,textures/alpha/wpn/sig552/mag_bump.thm,138,,,,
textures.xdb0,textures/alpha/wpn/sig552/map2.dds,349680,512,512,10,DXT5
textures.xdb0,textures/alpha/wpn/sig552/reciever.dds,174904,512,512,10,DXT1
textures.xdb0,textures/alpha/wpn/sig552/reciever.thm,168,,,,
textures.xdb0,textures/alpha/wpn/sig552/reciever_bump#.dds,240,8,8,4,DXT5
textures.xdb0,textures/alpha/wpn/sig552/reciever_bump.dds,349680,512,512,10,DXT5
textures.xdb0,textures/alpha/wpn/sig552/reciever_bump.thm,138,,,,
textures.xdb0,textures/alpha/wpn/sig552/sight.dds,174904,512,512,10,DXT1
textures.xdb0,textures/alpha/wpn/sig552/sight.thm,165,,,,
textures.xdb0,textures/alpha/wpn/sig552/sight_bump#.dds,240,8,8,4,DXT5
textures.xdb0,textures/alpha/wpn/sig552/sight_bump.dds,349680,512,512,10,DXT5
textures.xdb0,textures/alpha/wpn/sig552/sight_bump.thm,138,,,,
textures.xdb0,textures/alpha/wpn/sig552/silencer.dds,349672,1024,512,11,DXT1
textures.xdb0,textures/alpha/wpn/sig552/silencer.thm,168,,,,
textures.xdb0,textures/alpha/wpn/sig552/silencer_bump#.dds,208,8,4,4,DXT5
textures.xdb0,textures/alpha/wpn/sig552/silencer_bump.dds,699216,1024,512,11,DXT5
textures.xdb0,textures/alpha/wpn/sig552/silencer_bump.thm,138,,,,
textures.xdb0,textures/alpha/wpn/sig552/spring.dds,43848,512,128,10,DXT1
textures.xdb0,textures/alpha/wpn/sig552/spring.thm,166,,,,
textures.xdb0,textures/alpha/wpn/sig552/spring_bump#.dds,208,8,2,4,DXT5
textures.xdb0,textures/alpha/wpn/sig552/spring_bump.dds,87568,512,128,10,DXT5
textures.xdb0,textures/alpha/wpn/sig552/spring_bump.thm,138,,,,
textures.xdb0,textures/alpha/wpn/stg44/stg44_sk1_d1.dds,349664,1024,512,10,DXT1
textures.xdb0,textures/alpha/wpn/stg44/stg44_sk1_d1.thm,174,,,,
textures.xdb0,textures/alpha/wpn/stg44/stg44_sk1_da.dds,349664,1024,512,10,DXT1
textures.xdb0,textures/alpha/wpn/stg44/stg44_sk1_da.thm,174,,,,
textures.xdb0,textures/alpha/wpn/stg44/stg44_sk1_db.dds,349664,1024,512,10,DXT1
textures.xdb0,textures/alpha/wpn/stg44/stg44_sk1_db.thm,174,,,,
textures.xdb0,textures/alpha/wpn/stg44/stg44_sk1_dc.dds,349664,1024,512,10,DXT1
textures.xdb0,textures/alpha/wpn/stg44/stg44_sk1_dc.thm,174,,,,
textures.xdb0,textures/alpha/wpn/stg44/stg44_sk1_dd.dds,349664,1024,512,10,DXT1
textures.xdb0,textures/alpha/wpn/stg44/stg44_sk1_dd.thm,174,,,,
textures.xdb0,textures/alpha/wpn/stg44/upgrades1.dds,349680,512,512,10,DXT5
textures.xdb0,textures/alpha/wpn/stg44/upgrades1.thm,168,,,,
textures.xdb0,textures/alpha/wpn/stg44/upgrades1_bump#.dds,240,8,8,4,DXT5
textures.xdb0,textures/alpha/wpn/stg44/upgrades1_bump.dds,349680,512,512,10,DXT5
textures.xdb0,textures/alpha/wpn/stg44/upgrades1_bump.thm,138,,,,
textures.xdb0,textures/alpha/wpn/stg44/wpn_stg44_sk1_d1.dds,349664,1024,512,10,DXT1
textures.xdb0,textures/alpha/wpn/stg44/wpn_stg44_sk1_d1.thm,174,,,,
textures.xdb0,textures/alpha/wpn/stg44/wpn_stg44_sk1_d1_bump.dds,524416,1024,512,0,DXT5
textures.xdb0,textures/alpha/wpn/stg44/wpn_stg44_sk1_d_bump#.dds,208,8,4,4,DXT5
textures.xdb0,textures/alpha/wpn/stg44/wpn_stg44_sk1_d_bump.dds,699200,1024,512,10,DXT5
textures.xdb0,textures/alpha/wpn/stg44/wpn_stg44_sk1_d_bump.thm,138,,,,
textures.xdb0,textures/amik/anomaly/electric_radial.dds,43852,256,256,9,DXT1
textures.xdb0,textures/amik/explosions/anim_dirtexp_3.dds,349680,512,512,10,DXT5
textures.xdb0,textures/amik/explosions/boom_0.dds,699216,1024,512,11,DXT5
textures.xdb0,textures/amik/explosions/boom_1.dds,699216,1024,512,11,DXT5
textures.xdb0,textures/amik/explosions/boom_2.dds,699216,1024,512,11,DXT5
textures.xdb0,textures/amik/explosions/decal_concrete.dds,349680,512,512,10,DXT5
textures.xdb0,textures/amik/explosions/dustcloud01.dds,87536,256,256,9,DXT5
textures.xdb0,textures/amik/explosions/explo_end.dds,349680,512,512,10,DXT5
textures.xdb0,textures/amik/explosions/explosion_flash_atlas.dds,262272,512,512,1,DXT5
textures.xdb0,textures/amik/explosions/explosion_smoke01.dds,349680,512,512,10,DXT5
textures.xdb0,textures/amik/explosions/explosion_smoke02.dds,87536,256,256,9,DXT5
textures.xdb0,textures/amik/explosions/explosion_smoke03.dds,349680,512,512,10,DXT5
textures.xdb0,textures/amik/explosions/explosionflash01.dds,349680,512,512,10,DXT5
textures.xdb0,textures/amik/explosions/final_expl.dds,349680,512,512,10,DXT5
textures.xdb0,textures/amik/explosions/firesmokeparticle.dds,22000,128,128,8,DXT5
textures.xdb0,textures/amik/explosions/ring_grey.dds,87568,256,256,9,RGB
textures.xdb0,textures/amik/explosions/smoke128_3w.dds,21976,128,128,6,DXT5
textures.xdb0,textures/amik/explosions/smoke2.dds,87536,256,256,9,DXT5
textures.xdb0,textures/amik/explosions/smoke6.dds,87536,256,256,9,DXT5
textures.xdb0,textures/amik/explosions/smoke_cannon.dds,174928,512,256,10,DXT5
textures.xdb0,textures/amik/explosions/smoke_massive_black5_optim.dds,87568,256,256,9,DXT5
textures.xdb0,textures/amik/explosions/smoke_white_tiled3.dds,349712,512,512,10,DXT5
textures.xdb0,textures/amik/explosions/smokeex7.dds,87536,256,256,9,DXT5
textures.xdb0,textures/amik/explosions/trail.dds,11080,64,256,9,DXT1
textures.xdb0,textures/amik/explosions/explosion_dynamite/explosion_din.dds,349664,1024,512,10,DXT1
textures.xdb0,textures/amik/explosions/explosion_dynamite/flashlight.dds,349680,512,512,10,DXT5
textures.xdb0,textures/amik/explosions/explosion_dynamite/smoke.dds,349712,1024,256,11,DXT5
textures.xdb0,textures/amik/explosions/explosion_fuelcan/boom_1.dds,524416,1024,512,0,DXT5
textures.xdb0,textures/amik/explosions/explosion_fuelcan/boom_3.dds,349680,512,512,10,DXT5
textures.xdb0,textures/amik/explosions/explosion_fuelcan/grey_xpl.dds,349680,512,512,10,DXT5
textures.xdb0,textures/amik/fly/fly.dds,2176,32,64,1,DXT3
textures.xdb0,textures/amik/fly/fly1.dds,1152,32,32,0,DXT3
textures.xdb0,textures/amik/fly/fly2.dds,1152,32,32,0,DXT3
textures.xdb0,textures/amik/hit_fx/blood/962e6155.dds,16512,128,128,0,DXT5
textures.xdb0,textures/amik/hit_fx/blood/blood.dds,262272,512,512,0,DXT5
textures.xdb0,textures/amik/hit_fx/blood/m.dds,21888,128,128,4,DXT5
textures.xdb0,textures/amik/hit_fx/water_splash/decal_water.dds,349680,512,512,10,DXT5
textures.xdb0,textures/amik/hit_fx/water_splash/splash_circular.dds,5616,64,64,7,DXT5
textures.xdb0,textures/amik/hit_fx/water_splash/water_splash.dds,65664,256,256,0,DXT5
textures.xdb0,textures/amik/hit_fx/water_splash/water_splash_amik.dds,174928,512,256,10,DXT3
textures.xdb0,textures/amik/hit_fx/water_splash/water_splash_anim.dds,349680,512,512,10,DXT5
textures.xdb0,textures/amik/hit_fx/water_splash/water_spurt.dds,43856,128,256,9,DXT5
textures.xdb0,textures/amik/mine/_mine.dds,87520,256,256,8,DXT5
textures.xdb0,textures/amik/mine/mine.dds,32896,256,256,0,DXT1
textures.xdb0,textures/amik/nature/groza1.dds,43832,256,256,9,DXT1
textures.xdb0,textures/amik/nature/lightning.dds,65664,512,256,1,DXT1
textures.xdb0,textures/amik/nature/lightning_atlas.dds,174904,512,512,10,DXT1
textures.xdb0,textures/amik/nature/list.dds,22032,64,256,9,DXT5
textures.xdb0,textures/amik/nature/na_0014_24.dds,22032,64,256,9,DXT5
textures.xdb0,textures/amik/nature/na_0015_24.dds,22032,64,256,9,DXT5
textures.xdb0,textures/amik/nature/snow.dds,262272,512,512,1,DXT5
textures.xdb0,textures/amik/nature/snow1.dds,384,16,16,0,DXT5
textures.xdb0,textures/amik/nature/snow2.dds,384,16,16,0,DXT5
textures.xdb0,textures/amik/nature/snow3.dds,384,16,16,0,DXT5
textures.xdb0,textures/amik/nature/snow4.dds,384,16,16,0,DXT5
textures.xdb0,textures/amik/nature/stonedebris1.dds,22000,128,128,8,DXT5
textures.xdb0,textures/amik/nature/stonedebris2.dds,22000,128,128,8,DXT5
textures.xdb0,textures/amik/nature/wood_part.dds,22032,64,256,9,DXT5
textures.xdb0,textures/amik/static/gas_light/flame_zippo.dds,65664,512,256,1,DXT1
textures.xdb0,textures/amik/weapons/00.dds,524416,1024,512,0,DXT5
textures.xdb0,textures/amik/weapons/01.dds,131200,512,256,0,DXT5
textures.xdb0,textures/amik/weapons/02.dds,131200,512,256,0,DXT5
textures.xdb0,textures/amik/weapons/12x70.dds,174928,512,256,10,DXT3
textures.xdb0,textures/amik/weapons/6ways1.dds,43852,256,256,9,DXT1
textures.xdb0,textures/amik/weapons/6ways2.dds,22012,256,128,9,DXT1
textures.xdb0,textures/amik/weapons/9x39.dds,174208,512,256,4,DXT5
textures.xdb0,textures/amik/weapons/dtk_2.dds,87424,256,256,5,DXT5
textures.xdb0,textures/amik/weapons/dtk_3.dds,11084,128,128,8,DXT1
textures.xdb0,textures/amik/weapons/dtk_4.dds,43852,256,256,9,DXT1
textures.xdb0,textures/amik/weapons/dtk_4_1.dds,87556,256,256,9,DXT5
textures.xdb0,textures/amik/weapons/dtk_5.dds,43832,256,256,9,DXT1
textures.xdb0,textures/amik/weapons/dtk_5_1.dds,174936,512,512,10,DXT1
textures.xdb0,textures/amik/weapons/dtk_6.dds,65664,256,256,0,DXT5
textures.xdb0,textures/amik/weapons/dtk_8.dds,65664,256,256,0,DXT5
textures.xdb0,textures/amik/weapons/flash_00.dds,65664,256,256,0,DXT5
textures.xdb0,textures/amik/weapons/flash_01.dds,65664,256,256,0,DXT5
textures.xdb0,textures/amik/weapons/flash_02.dds,65664,256,256,0,DXT5
textures.xdb0,textures/amik/weapons/flash_03.dds,262272,512,512,0,DXT5
textures.xdb0,textures/amik/weapons/flash_04.dds,65664,256,256,0,DXT5
textures.xdb0,textures/amik/weapons/flash_05.dds,65664,256,256,0,DXT5
textures.xdb0,textures/amik/weapons/mg42out.dds,16512,128,256,1,DXT1
textures.xdb0,textures/amik/weapons/shells_12x70.dds,174928,512,256,10,DXT3
textures.xdb0,textures/amik/weapons/shells_ak-1.dds,131200,512,256,0,DXT5
textures.xdb0,textures/amik/weapons/shells_ak.dds,524416,1024,512,0,DXT5
textures.xdb0,textures/amik/weapons/shells_ak_01.dds,131200,512,256,0,DXT5
textures.xdb0,textures/amik/weapons/smokeshoot_0  êîïèÿ.dds,131200,512,256,1,DXT5
textures.xdb0,textures/amik/weapons/smokeshoot_0.dds,174928,512,256,10,DXT5
textures.xdb0,textures/amik/weapons/smokeshoot_1  êîïèÿ.dds,1398256,1024,1024,11,DXT5
textures.xdb0,textures/amik/weapons/smokeshoot_1.dds,349680,512,512,10,DXT5
textures.xdb0,textures/amik/weapons/trace.dds,16512,128,256,1,DXT1
textures.xdb0,textures/amik/weapons/trace_01.dds,11064,128,128,8,DXT1
textures.xdb0,textures/amik/weapons/btr/muzzle 6ways1.dds,43852,256,256,9,DXT1
textures.xdb0,textures/amik/weapons/btr/muzzle 6ways2.dds,22012,256,128,9,DXT1
textures.xdb0,textures/amik/weapons/flame/flameshoot_1.dds,349680,512,512,10,DXT5
textures.xdb0,textures/amik/weapons/flame/flameshoot_2.dds,349680,512,512,10,DXT5
textures.xdb0,textures/amik/weapons/flame/flameshoot_3.dds,174928,512,256,10,DXT5
textures.xdb0,textures/amik/weapons/flame/flameshoot_4.dds,174928,256,512,10,DXT5
textures.xdb0,textures/amik/weapons/flame/flameshoot_5.dds,174928,512,256,10,DXT5
textures.xdb0,textures/amik/weapons/flame/mg42out.dds,16512,128,256,1,DXT1
textures.xdb0,textures/amik/weapons/flame/trace.dds,16512,128,256,1,DXT1
textures.xdb0,textures/amik/weapons/flame/trace_01.dds,11064,128,128,8,DXT1
textures.xdb0,textures/amik/weapons/flame/trail.dds,22032,64,256,9,DXT5
textures.xdb0,textures/amik/weapons/grishik/357mag.dds,131200,512,256,0,DXT3
textures.xdb0,textures/amik/weapons/grishik/45-1.dds,131200,512,256,0,DXT3
textures.xdb0,textures/amik/weapons/grishik/45.dds,524416,1024,512,0,DXT5
textures.xdb0,textures/amik/weapons/grishik/50_ae.dds,131200,512,256,0,DXT3
textures.xdb0,textures/amik/weapons/grishik/5x45x39.dds,131200,512,256,0,DXT3
textures.xdb0,textures/amik/weapons/grishik/5x45x39_00.dds,131200,512,256,0,DXT3
textures.xdb0,textures/amik/weapons/grishik/5x45x39_01.dds,131200,512,256,0,DXT3
textures.xdb0,textures/amik/weapons/grishik/5x56x45.dds,131200,512,256,0,DXT3
textures.xdb0,textures/amik/weapons/grishik/5x56x45_00.dds,131200,512,256,0,DXT3
textures.xdb0,textures/amik/weapons/grishik/5x7x28.dds,131200,512,256,0,DXT3
textures.xdb0,textures/amik/weapons/grishik/6x5x50.dds,131200,512,256,0,DXT3
textures.xdb0,textures/amik/weapons/grishik/7x62x25_0.dds,131200,512,256,0,DXT3
textures.xdb0,textures/amik/weapons/grishik/7x62x25_1.dds,131200,512,256,0,DXT3
textures.xdb0,textures/amik/weapons/grishik/7x62x25_2.dds,131200,512,256,0,DXT3
textures.xdb0,textures/amik/weapons/grishik/7x62x25_3.dds,131200,512,256,0,DXT3
textures.xdb0,textures/amik/weapons/grishik/7x62x25_4.dds,131200,512,256,0,DXT3
textures.xdb0,textures/amik/weapons/grishik/7x62x39_00.dds,131200,512,256,0,DXT3
textures.xdb0,textures/amik/weapons/grishik/7x62x39_01.dds,131200,512,256,0,DXT3
textures.xdb0,textures/amik/weapons/grishik/7x62x39_02.dds,131200,512,256,0,DXT5
textures.xdb0,textures/amik/weapons/grishik/7x62x39_03.dds,131200,512,256,0,DXT3
textures.xdb0,textures/amik/weapons/grishik/7x62x51_1.dds,131200,512,256,0,DXT3
textures.xdb0,textures/amik/weapons/grishik/7x62x51_2.dds,131200,512,256,0,DXT3
textures.xdb0,textures/amik/weapons/grishik/7x62x54.dds,131200,512,256,0,DXT5
textures.xdb0,textures/amik/weapons/grishik/7x7x57.dds,131200,512,256,0,DXT3
textures.xdb0,textures/amik/weapons/grishik/7x92x57.dds,131200,512,256,0,DXT3
textures.xdb0,textures/amik/weapons/grishik/9x18_1.dds,131200,512,256,0,DXT3
textures.xdb0,textures/amik/weapons/grishik/9x18_2.dds,131200,512,256,0,DXT3
textures.xdb0,textures/amik/weapons/grishik/9x18_3.dds,131200,512,256,0,DXT5
textures.xdb0,textures/amik/weapons/grishik/9x39.dds,131200,512,256,0,DXT5
textures.xdb0,textures/arsenal_mod/ammo/357_jhp.dds,32896,256,256,1,DXT1
textures.xdb0,textures/arsenal_mod/ammo/50_ae.dds,32896,256,256,0,DXT1
textures.xdb0,textures/arsenal_mod/ammo/65x50_ap.dds,65664,512,256,0,DXT1
textures.xdb0,textures/arsenal_mod/ammo/65x50_fmj.dds,65664,512,256,0,DXT1
textures.xdb0,textures/arsenal_mod/ammo/762x25_p.dds,32896,256,256,0,DXT1
textures.xdb0,textures/arsenal_mod/ammo/762x25_ps.dds,32896,256,256,0,DXT1
textures.xdb0,textures/arsenal_mod/ammo/762x39_ap.dds,65664,512,256,0,DXT1
textures.xdb0,textures/arsenal_mod/ammo/762x39_fmj.dds,65664,512,256,0,DXT1
textures.xdb0,textures/arsenal_mod/ammo/762x51_ap.dds,65664,512,256,0,DXT1
textures.xdb0,textures/arsenal_mod/ammo/762x51_fmj.dds,65664,512,256,0,DXT1
textures.xdb0,textures/arsenal_mod/ammo/77x57_ap.dds,65664,512,256,0,DXT1
textures.xdb0,textures/arsenal_mod/ammo/77x57_fmj.dds,65664,512,256,0,DXT1
textures.xdb0,textures/arsenal_mod/ammo/77x57_fmj_bump#.dds,208,8,4,4,DXT5
textures.xdb0,textures/arsenal_mod/ammo/77x57_fmj_bump.dds,174928,512,256,10,DXT5
textures.xdb0,textures/arsenal_mod/ammo/792x33_ap.dds,65664,512,256,0,DXT1
textures.xdb0,textures/arsenal_mod/ammo/792x33_fmj.dds,65664,512,256,0,DXT1
textures.xdb0,textures/arsenal_mod/ammo/792x57_ap.dds,65664,512,256,0,DXT1
textures.xdb0,textures/arsenal_mod/ammo/792x57_fmj.dds,131200,512,256,0,DXT5
textures.xdb0,textures/artifact/artifact_anim_dist.dds,824,32,32,6,DXT1
textures.xdb0,textures/artifact/artifact_anim_dist.seq,482,,,,
textures.xdb0,textures/artifact/artifact_anim_dist.thm,138,,,,
textures.xdb0,textures/artifact/artifact_anim_dist_01.dds,824,32,32,6,DXT1
textures.xdb0,textures/artifact/artifact_anim_dist_01.thm,138,,,,
textures.xdb0,textures/artifact/artifact_anim_dist_02.dds,824,32,32,6,DXT1
textures.xdb0,textures/artifact/artifact_anim_dist_02.thm,138,,,,
textures.xdb0,textures/artifact/artifact_anim_dist_03.dds,824,32,32,6,DXT1
textures.xdb0,textures/artifact/artifact_anim_dist_03.thm,138,,,,
textures.xdb0,textures/artifact/artifact_anim_dist_04.dds,824,32,32,6,DXT1
textures.xdb0,textures/artifact/artifact_anim_dist_04.thm,138,,,,
textures.xdb0,textures/artifact/artifact_anim_dist_05.dds,824,32,32,6,DXT1
textures.xdb0,textures/artifact/artifact_anim_dist_05.thm,138,,,,
textures.xdb0,textures/artifact/artifact_anim_dist_06.dds,824,32,32,6,DXT1
textures.xdb0,textures/artifact/artifact_anim_dist_06.thm,138,,,,
textures.xdb0,textures/artifact/artifact_anim_dist_07.dds,824,32,32,6,DXT1
textures.xdb0,textures/artifact/artifact_anim_dist_07.thm,138,,,,
textures.xdb0,textures/artifact/artifact_anim_dist_08.dds,824,32,32,6,DXT1
textures.xdb0,textures/artifact/artifact_anim_dist_08.thm,138,,,,
textures.xdb0,textures/artifact/artifact_anim_dist_09.dds,824,32,32,6,DXT1
textures.xdb0,textures/artifact/artifact_anim_dist_09.thm,138,,,,
textures.xdb0,textures/artifact/artifact_anim_dist_10.dds,824,32,32,6,DXT1
textures.xdb0,textures/artifact/artifact_anim_dist_10.thm,138,,,,
textures.xdb0,textures/artifact/artifact_anim_dist_11.dds,824,32,32,6,DXT1
textures.xdb0,textures/artifact/artifact_anim_dist_11.thm,138,,,,
textures.xdb0,textures/artifact/artifact_anim_dist_12.dds,824,32,32,6,DXT1
textures.xdb0,textures/artifact/artifact_anim_dist_12.thm,138,,,,
textures.xdb0,textures/artifact/artifact_anim_dist_13.dds,824,32,32,6,DXT1
textures.xdb0,textures/artifact/artifact_anim_dist_13.thm,138,,,,
textures.xdb0,textures/artifact/artifact_anim_dist_14.dds,824,32,32,6,DXT1
textures.xdb0,textures/artifact/artifact_anim_dist_14.thm,138,,,,
textures.xdb0,textures/artifact/artifact_anim_dist_15.dds,824,32,32,6,DXT1
textures.xdb0,textures/artifact/artifact_anim_dist_15.thm,138,,,,
textures.xdb0,textures/artifact/artifact_anim_lightning.dds,2880,32,64,6,DXT5
textures.xdb0,textures/artifact/artifact_anim_lightning.seq,374,,,,
textures.xdb0,textures/artifact/artifact_anim_lightning.thm,138,,,,
textures.xdb0,textures/artifact/artifact_anim_lightning_01.dds,2880,32,64,6,DXT5
textures.xdb0,textures/artifact/artifact_anim_lightning_01.thm,138,,,,
textures.xdb0,textures/artifact/artifact_anim_lightning_02.dds,2880,32,64,6,DXT5
textures.xdb0,textures/artifact/artifact_anim_lightning_02.thm,138,,,,
textures.xdb0,textures/artifact/artifact_anim_lightning_03.dds,2880,32,64,6,DXT5
textures.xdb0,textures/artifact/artifact_anim_lightning_03.thm,138,,,,
textures.xdb0,textures/artifact/artifact_anim_lightning_04.dds,2880,32,64,6,DXT5
textures.xdb0,textures/artifact/artifact_anim_lightning_04.thm,138,,,,
textures.xdb0,textures/artifact/artifact_anim_lightning_05.dds,2880,32,64,6,DXT5
textures.xdb0,textures/artifact/artifact_anim_lightning_05.thm,138,,,,
textures.xdb0,textures/artifact/artifact_anim_lightning_06.dds,2880,32,64,6,DXT5
textures.xdb0,textures/artifact/artifact_anim_lightning_06.thm,138,,,,
textures.xdb0,textures/artifact/artifact_anim_lightning_07.dds,2880,32,64,6,DXT5
textures.xdb0,textures/artifact/artifact_anim_lightning_07.thm,138,,,,
textures.xdb0,textures/artifact/artifact_anim_lightning_08.dds,2880,32,64,6,DXT5
textures.xdb0,textures/artifact/artifact_anim_lightning_08.thm,138,,,,
textures.xdb0,textures/artifact/artifact_anim_lightning_09.dds,2880,32,64,6,DXT5
textures.xdb0,textures/artifact/artifact_anim_lightning_09.thm,138,,,,
textures.xdb0,textures/artifact/artifact_anim_lightning_10.dds,2880,32,64,6,DXT5
textures.xdb0,textures/artifact/artifact_anim_lightning_10.thm,138,,,,
textures.xdb0,textures/artifact/artifact_blood.dds,43808,256,256,6,DXT1
textures.xdb0,textures/artifact/artifact_blood.thm,138,,,,
textures.xdb0,textures/artifact/artifact_bolt.dds,43808,256,256,6,DXT1
textures.xdb0,textures/artifact/artifact_bolt.thm,138,,,,
textures.xdb0,textures/artifact/artifact_cristall.dds,87488,256,256,6,DXT5
textures.xdb0,textures/artifact/artifact_cristall.thm,160,,,,
textures.xdb0,textures/artifact/artifact_cristall_green.dds,87488,256,256,6,DXT5
textures.xdb0,textures/artifact/artifact_cristall_green.thm,138,,,,
textures.xdb0,textures/artifact/artifact_cristall_green_grnd.dds,87488,256,256,6,DXT5
textures.xdb0,textures/artifact/artifact_cristall_green_grnd.thm,138,,,,
textures.xdb0,textures/artifact/artifact_eye.dds,5592,128,64,6,DXT1
textures.xdb0,textures/artifact/artifact_eye.thm,138,,,,
textures.xdb0,textures/artifact/artifact_fire.dds,87488,256,256,6,DXT5
textures.xdb0,textures/artifact/artifact_fire.thm,138,,,,
textures.xdb0,textures/artifact/artifact_fire_light.dds,43808,256,128,6,DXT5
textures.xdb0,textures/artifact/artifact_fire_light.thm,138,,,,
textures.xdb0,textures/artifact/artifact_g-glaz.dds,43808,256,256,6,DXT1
textures.xdb0,textures/artifact/artifact_g-glaz.thm,138,,,,
textures.xdb0,textures/artifact/artifact_glaz.dds,87488,256,256,6,DXT5
textures.xdb0,textures/artifact/artifact_glaz.thm,138,,,,
textures.xdb0,textures/artifact/artifact_glaz2.dds,43808,256,256,6,DXT1
textures.xdb0,textures/artifact/artifact_glaz2.thm,138,,,,
textures.xdb0,textures/artifact/artifact_glaz3.dds,43808,256,256,6,DXT1
textures.xdb0,textures/artifact/artifact_glaz3.thm,138,,,,
textures.xdb0,textures/artifact/artifact_glow.dds,5600,64,64,6,DXT5
textures.xdb0,textures/artifact/artifact_glow.thm,138,,,,
textures.xdb0,textures/artifact/artifact_glow2.dds,87488,256,256,6,DXT5
textures.xdb0,textures/artifact/artifact_glow2.thm,138,,,,
textures.xdb0,textures/artifact/artifact_hell1.dds,87488,256,256,6,DXT5
textures.xdb0,textures/artifact/artifact_hell1.seq,322,,,,
textures.xdb0,textures/artifact/artifact_hell1.thm,138,,,,
textures.xdb0,textures/artifact/artifact_hell1_00.dds,87488,256,256,6,DXT5
textures.xdb0,textures/artifact/artifact_hell1_00.thm,138,,,,
textures.xdb0,textures/artifact/artifact_hell1_01.dds,87488,256,256,6,DXT5
textures.xdb0,textures/artifact/artifact_hell1_01.thm,138,,,,
textures.xdb0,textures/artifact/artifact_hell1_02.dds,87488,256,256,6,DXT5
textures.xdb0,textures/artifact/artifact_hell1_02.thm,138,,,,
textures.xdb0,textures/artifact/artifact_hell1_03.dds,87488,256,256,6,DXT5
textures.xdb0,textures/artifact/artifact_hell1_03.thm,138,,,,
textures.xdb0,textures/artifact/artifact_hell1_04.dds,87488,256,256,6,DXT5
textures.xdb0,textures/artifact/artifact_hell1_04.thm,138,,,,
textures.xdb0,textures/artifact/artifact_hell1_05.dds,87488,256,256,6,DXT5
textures.xdb0,textures/artifact/artifact_hell1_05.thm,138,,,,
textures.xdb0,textures/artifact/artifact_hell1_06.dds,87488,256,256,6,DXT5
textures.xdb0,textures/artifact/artifact_hell1_06.thm,138,,,,
textures.xdb0,textures/artifact/artifact_hell1_07.dds,87488,256,256,6,DXT5
textures.xdb0,textures/artifact/artifact_hell1_07.thm,138,,,,
textures.xdb0,textures/artifact/artifact_hell1_08.dds,87488,256,256,6,DXT5
textures.xdb0,textures/artifact/artifact_hell1_08.thm,138,,,,
textures.xdb0,textures/artifact/artifact_hell1_09.dds,87488,256,256,6,DXT5
textures.xdb0,textures/artifact/artifact_hell1_09.thm,138,,,,
textures.xdb0,textures/artifact/artifact_lava.dds,2864,64,64,6,DXT1
textures.xdb0,textures/artifact/artifact_lava.seq,515,,,,
textures.xdb0,textures/artifact/artifact_lava.thm,138,,,,
textures.xdb0,textures/artifact/artifact_lava_01.dds,2864,64,64,6,DXT1
textures.xdb0,textures/artifact/artifact_lava_01.thm,138,,,,
textures.xdb0,textures/artifact/artifact_lava_02.dds,2864,64,64,6,DXT1
textures.xdb0,textures/artifact/artifact_lava_02.thm,138,,,,
textures.xdb0,textures/artifact/artifact_lava_03.dds,2864,64,64,6,DXT1
textures.xdb0,textures/artifact/artifact_lava_03.thm,138,,,,
textures.xdb0,textures/artifact/artifact_lava_04.dds,2864,64,64,6,DXT1
textures.xdb0,textures/artifact/artifact_lava_04.thm,138,,,,
textures.xdb0,textures/artifact/artifact_lava_05.dds,2864,64,64,6,DXT1
textures.xdb0,textures/artifact/artifact_lava_05.thm,138,,,,
textures.xdb0,textures/artifact/artifact_lava_06.dds,2864,64,64,6,DXT1
textures.xdb0,textures/artifact/artifact_lava_06.thm,138,,,,
textures.xdb0,textures/artifact/artifact_lava_07.dds,2864,64,64,6,DXT1
textures.xdb0,textures/artifact/artifact_lava_07.thm,138,,,,
textures.xdb0,textures/artifact/artifact_lava_08.dds,2864,64,64,6,DXT1
textures.xdb0,textures/artifact/artifact_lava_08.thm,138,,,,
textures.xdb0,textures/artifact/artifact_lava_09.dds,2864,64,64,6,DXT1
textures.xdb0,textures/artifact/artifact_lava_09.thm,138,,,,
textures.xdb0,textures/artifact/artifact_lava_10.dds,2864,64,64,6,DXT1
textures.xdb0,textures/artifact/artifact_lava_10.thm,138,,,,
textures.xdb0,textures/artifact/artifact_lava_11.dds,2864,64,64,6,DXT1
textures.xdb0,textures/artifact/artifact_lava_11.thm,138,,,,
textures.xdb0,textures/artifact/artifact_lava_12.dds,2864,64,64,6,DXT1
textures.xdb0,textures/artifact/artifact_lava_12.thm,138,,,,
textures.xdb0,textures/artifact/artifact_lava_13.dds,2864,64,64,6,DXT1
textures.xdb0,textures/artifact/artifact_lava_13.thm,138,,,,
textures.xdb0,textures/artifact/artifact_lava_14.dds,2864,64,64,6,DXT1
textures.xdb0,textures/artifact/artifact_lava_14.thm,138,,,,
textures.xdb0,textures/artifact/artifact_lava_15.dds,2864,64,64,6,DXT1
textures.xdb0,textures/artifact/artifact_lava_15.thm,138,,,,
textures.xdb0,textures/artifact/artifact_lava_16.dds,2864,64,64,6,DXT1
textures.xdb0,textures/artifact/artifact_lava_16.thm,138,,,,
textures.xdb0,textures/artifact/artifact_lava_17.dds,2864,64,64,6,DXT1
textures.xdb0,textures/artifact/artifact_lava_17.thm,138,,,,
textures.xdb0,textures/artifact/artifact_lava_18.dds,2864,64,64,6,DXT1
textures.xdb0,textures/artifact/artifact_lava_18.thm,138,,,,
textures.xdb0,textures/artifact/artifact_lava_19.dds,2864,64,64,6,DXT1
textures.xdb0,textures/artifact/artifact_lava_19.thm,138,,,,
textures.xdb0,textures/artifact/artifact_lavahell1.dds,43808,256,256,6,DXT1
textures.xdb0,textures/artifact/artifact_lavahell1.seq,364,,,,
textures.xdb0,textures/artifact/artifact_lavahell1.thm,138,,,,
textures.xdb0,textures/artifact/artifact_lavahell1_00.dds,43808,256,256,6,DXT1
textures.xdb0,textures/artifact/artifact_lavahell1_00.thm,138,,,,
textures.xdb0,textures/artifact/artifact_lavahell1_01.dds,43808,256,256,6,DXT1
textures.xdb0,textures/artifact/artifact_lavahell1_01.thm,138,,,,
textures.xdb0,textures/artifact/artifact_lavahell1_02.dds,43808,256,256,6,DXT1
textures.xdb0,textures/artifact/artifact_lavahell1_02.thm,138,,,,
textures.xdb0,textures/artifact/artifact_lavahell1_03.dds,43808,256,256,6,DXT1
textures.xdb0,textures/artifact/artifact_lavahell1_03.thm,138,,,,
textures.xdb0,textures/artifact/artifact_lavahell1_04.dds,43808,256,256,6,DXT1
textures.xdb0,textures/artifact/artifact_lavahell1_04.thm,138,,,,
textures.xdb0,textures/artifact/artifact_lavahell1_05.dds,43808,256,256,6,DXT1
textures.xdb0,textures/artifact/artifact_lavahell1_05.thm,138,,,,
textures.xdb0,textures/artifact/artifact_lavahell1_06.dds,43808,256,256,6,DXT1
textures.xdb0,textures/artifact/artifact_lavahell1_06.thm,138,,,,
textures.xdb0,textures/artifact/artifact_lavahell1_07.dds,43808,256,256,6,DXT1
textures.xdb0,textures/artifact/artifact_lavahell1_07.thm,138,,,,
textures.xdb0,textures/artifact/artifact_lavahell1_08.dds,43808,256,256,6,DXT1
textures.xdb0,textures/artifact/artifact_lavahell1_08.thm,138,,,,
textures.xdb0,textures/artifact/artifact_lavahell1_09.dds,43808,256,256,6,DXT1
textures.xdb0,textures/artifact/artifact_lavahell1_09.thm,138,,,,
textures.xdb0,textures/artifact/artifact_liana2.dds,43856,256,128,9,DXT5
textures.xdb0,textures/artifact/artifact_liana2.thm,138,,,,
textures.xdb0,textures/artifact/artifact_lighting.dds,87488,256,256,6,DXT5
textures.xdb0,textures/artifact/artifact_lighting.thm,138,,,,
textures.xdb0,textures/artifact/artifact_magnit.dds,87488,256,256,6,DXT5
textures.xdb0,textures/artifact/artifact_magnit.thm,138,,,,
textures.xdb0,textures/artifact/artifact_mincer_meat.dds,43808,256,256,6,DXT1
textures.xdb0,textures/artifact/artifact_mincer_meat.thm,138,,,,
textures.xdb0,textures/artifact/artifact_mp_green.dds,43808,256,256,6,DXT1
textures.xdb0,textures/artifact/artifact_mp_green.thm,138,,,,
textures.xdb0,textures/artifact/artifact_mutplant.dds,349680,512,512,10,DXT5
textures.xdb0,textures/artifact/artifact_myasorubka1.dds,43808,256,256,6,DXT1
textures.xdb0,textures/artifact/artifact_myasorubka1.thm,138,,,,
textures.xdb0,textures/artifact/artifact_myasorubka2.dds,43808,256,256,6,DXT1
textures.xdb0,textures/artifact/artifact_myasorubka2.thm,138,,,,
textures.xdb0,textures/artifact/artifact_myasorubka3.dds,43808,256,256,6,DXT1
textures.xdb0,textures/artifact/artifact_myasorubka3.thm,138,,,,
textures.xdb0,textures/artifact/artifact_pustishka.dds,87488,256,256,6,DXT5
textures.xdb0,textures/artifact/artifact_pustishka.thm,138,,,,
textures.xdb0,textures/artifact/artifact_simple2.dds,87488,256,256,6,DXT5
textures.xdb0,textures/artifact/artifact_simple2.thm,138,,,,
textures.xdb0,textures/artifact/artifact_simple3.dds,87536,256,256,9,DXT3
textures.xdb0,textures/artifact/artifact_simple3.thm,138,,,,
textures.xdb0,textures/artifact/artifact_sopli.dds,87488,256,256,6,DXT5
textures.xdb0,textures/artifact/artifact_sopli.thm,138,,,,
textures.xdb0,textures/artifact/artifact_sopli2.dds,87488,256,256,6,DXT5
textures.xdb0,textures/artifact/artifact_sopli2.thm,138,,,,
textures.xdb0,textures/briks/briks_big_01.dds,699192,1024,1024,11,DXT1
textures.xdb0,textures/briks/briks_big_01.thm,185,,,,
textures.xdb0,textures/briks/briks_big_01_bump#.dds,1398256,1024,1024,11,DXT5
textures.xdb0,textures/briks/briks_big_01_bump#.thm,138,,,,
textures.xdb0,textures/briks/briks_big_01_bump.dds,1398256,1024,1024,11,DXT5
textures.xdb0,textures/briks/briks_big_01_bump.thm,138,,,,
textures.xdb0,textures/briks/briks_br1.dds,699192,1024,1024,11,DXT1
textures.xdb0,textures/briks/briks_br1.thm,182,,,,
textures.xdb0,textures/briks/briks_br1_bump#.dds,1398256,1024,1024,11,DXT5
textures.xdb0,textures/briks/briks_br1_bump#.thm,138,,,,
textures.xdb0,textures/briks/briks_br1_bump.dds,1398256,1024,1024,11,DXT5
textures.xdb0,textures/briks/briks_br1_bump.thm,138,,,,
textures.xdb0,textures/briks/briks_br2.dds,699192,1024,1024,11,DXT1
textures.xdb0,textures/briks/briks_br2.thm,182,,,,
textures.xdb0,textures/briks/briks_br2_bump#.dds,1398256,1024,1024,11,DXT5
textures.xdb0,textures/briks/briks_br2_bump#.thm,138,,,,
textures.xdb0,textures/briks/briks_br2_bump.dds,1398256,1024,1024,11,DXT5
textures.xdb0,textures/briks/briks_br2_bump.thm,138,,,,
textures.xdb0,textures/briks/briks_br2a.dds,699192,1024,1024,11,DXT1
textures.xdb0,textures/briks/briks_br2a.thm,183,,,,
textures.xdb0,textures/briks/briks_br2a_bump#.dds,1398256,1024,1024,11,DXT5
textures.xdb0,textures/briks/briks_br2a_bump#.thm,138,,,,
textures.xdb0,textures/briks/briks_br2a_bump.dds,1398256,1024,1024,11,DXT5
textures.xdb0,textures/briks/briks_br2a_bump.thm,138,,,,
textures.xdb0,textures/briks/briks_br3.dds,699192,1024,1024,11,DXT1
textures.xdb0,textures/briks/briks_br3.thm,182,,,,
textures.xdb0,textures/briks/briks_br3_bump#.dds,1398256,1024,1024,11,DXT5
textures.xdb0,textures/briks/briks_br3_bump#.thm,138,,,,
textures.xdb0,textures/briks/briks_br3_bump.dds,1398256,1024,1024,11,DXT5
textures.xdb0,textures/briks/briks_br3_bump.thm,138,,,,
textures.xdb0,textures/briks/briks_br4.dds,699192,1024,1024,11,DXT1
textures.xdb0,textures/briks/briks_br4.thm,182,,,,
textures.xdb0,textures/briks/briks_br4_bump#.dds,1398256,1024,1024,11,DXT5
textures.xdb0,textures/briks/briks_br4_bump#.thm,138,,,,
textures.xdb0,textures/briks/briks_br4_bump.dds,1398256,1024,1024,11,DXT5
textures.xdb0,textures/briks/briks_br4_bump.thm,138,,,,
textures.xdb0,textures/briks/briks_br5.dds,699168,1024,1024,8,DXT1
textures.xdb0,textures/briks/briks_br6.dds,2796344,2048,2048,12,DXT1
textures.xdb0,textures/briks/briks_br6.thm,182,,,,
textures.xdb0,textures/briks/briks_br6_bump#.dds,1398256,1024,1024,11,DXT5
textures.xdb0,textures/briks/briks_br6_bump#.thm,138,,,,
textures.xdb0,textures/briks/briks_br6_bump.dds,1398256,1024,1024,11,DXT5
textures.xdb0,textures/briks/briks_br6_bump.thm,138,,,,
textures.xdb0,textures/briks/briks_dirt_01.dds,174848,512,512,6,DXT1
textures.xdb0,textures/briks/briks_dirt_01.thm,186,,,,
textures.xdb0,textures/briks/briks_dirt_01_bump#.dds,1397888,1024,1024,6,DXT5
textures.xdb0,textures/briks/briks_dirt_01_bump#.thm,138,,,,
textures.xdb0,textures/briks/briks_dirt_01_bump.dds,1397888,1024,1024,6,DXT5
textures.xdb0,textures/briks/briks_dirt_01_bump.thm,138,,,,
textures.xdb0,textures/briks/briks_inside_01.dds,174904,512,512,10,DXT1
textures.xdb0,textures/briks/briks_inside_01.thm,188,,,,
textures.xdb0,textures/briks/briks_inside_01_bump#.dds,1398256,1024,1024,11,DXT5
textures.xdb0,textures/briks/briks_inside_01_bump#.thm,138,,,,
textures.xdb0,textures/briks/briks_inside_01_bump.dds,1398256,1024,1024,11,DXT5
textures.xdb0,textures/briks/briks_inside_01_bump.thm,138,,,,
textures.xdb0,textures/briks/briks_inside_02.dds,174904,512,512,10,DXT1
textures.xdb0,textures/briks/briks_inside_02.thm,188,,,,
textures.xdb0,textures/briks/briks_inside_02_bump#.dds,349680,512,512,10,DXT5
textures.xdb0,textures/briks/briks_inside_02_bump#.thm,138,,,,
textures.xdb0,textures/briks/briks_inside_02_bump.dds,349680,512,512,10,DXT5
textures.xdb0,textures/briks/briks_inside_02_bump.thm,138,,,,
textures.xdb0,textures/briks/briks_inside_03.dds,174904,512,512,10,DXT1
textures.xdb0,textures/briks/briks_inside_03.thm,188,,,,
textures.xdb0,textures/briks/briks_inside_03_bump#.dds,349680,512,512,10,DXT5
textures.xdb0,textures/briks/briks_inside_03_bump#.thm,138,,,,
textures.xdb0,textures/briks/briks_inside_03_bump.dds,349680,512,512,10,DXT5
textures.xdb0,textures/briks/briks_inside_03_bump.thm,138,,,,
textures.xdb0,textures/briks/briks_stones_01.dds,174904,512,512,10,DXT1
textures.xdb0,textures/briks/briks_stucco.dds,2796344,2048,2048,12,DXT1
textures.xdb0,textures/briks/briks_stucco.thm,185,,,,
textures.xdb0,textures/briks/briks_stucco_bump#.dds,5592560,2048,2048,12,DXT5
textures.xdb0,textures/briks/briks_stucco_bump#.thm,138,,,,
textures.xdb0,textures/briks/briks_stucco_bump.dds,5592560,2048,2048,12,DXT5
textures.xdb0,textures/briks/briks_stucco_bump.thm,138,,,,
textures.xdb0,textures/briks/briks_tube_01.dds,87528,512,256,10,DXT1
textures.xdb0,textures/briks/briks_tube_01.thm,188,,,,
textures.xdb0,textures/briks/briks_tube_01_bump#.dds,174928,512,256,10,DXT5
textures.xdb0,textures/briks/briks_tube_01_bump#.thm,138,,,,
textures.xdb0,textures/briks/briks_tube_01_bump.dds,174928,512,256,10,DXT5
textures.xdb0,textures/briks/briks_tube_01_bump.thm,138,,,,
textures.xdb0,textures/briks/briks_tube_02.dds,87528,512,256,10,DXT1
textures.xdb0,textures/briks/briks_tube_02.thm,188,,,,
textures.xdb0,textures/briks/briks_tube_02_bump#.dds,174928,512,256,10,DXT5
textures.xdb0,textures/briks/briks_tube_02_bump#.thm,138,,,,
textures.xdb0,textures/briks/briks_tube_02_bump.dds,174928,512,256,10,DXT5
textures.xdb0,textures/briks/briks_tube_02_bump.thm,138,,,,
textures.xdb0,textures/briks/crete_zabor_02.dds,174904,512,512,10,DXT1
textures.xdb0,textures/container/container_artefacts.dds,349680,512,512,10,DXT5
textures.xdb0,textures/container/container_artefacts.thm,172,,,,
textures.xdb0,textures/container/container_artefacts_bump#.dds,349568,512,512,6,DXT5
textures.xdb0,textures/container/container_artefacts_bump#.thm,138,,,,
textures.xdb0,textures/container/container_artefacts_bump.dds,349568,512,512,6,DXT5
textures.xdb0,textures/container/container_artefacts_bump.thm,138,,,,
textures.xdb0,textures/controller/controller_blood_01.dds,349680,512,512,10,DXT5
textures.xdb0,textures/controller/controller_blood_01.thm,138,,,,
textures.xdb0,textures/cooking/cooking_kerosene.dds,131200,512,512,0,DXT1
textures.xdb0,textures/cooking/cooking_kerosene.thm,167,,,,
textures.xdb0,textures/cooking/cooking_kerosene_bump#.dds,262272,512,512,0,DXT5
textures.xdb0,textures/cooking/cooking_kerosene_bump.dds,262272,512,512,0,DXT5
textures.xdb0,textures/cooking/cooking_kerosene_bump.thm,138,,,,
textures.xdb0,textures/cooking/cooking_mfs.dds,131200,512,512,0,DXT1
textures.xdb0,textures/cooking/cooking_mfs.thm,162,,,,
textures.xdb0,textures/cooking/cooking_mfs_bump#.dds,262272,512,512,0,DXT5
textures.xdb0,textures/cooking/cooking_mfs_bump.dds,262272,512,512,0,DXT5
textures.xdb0,textures/cooking/cooking_mfs_bump.thm,138,,,,
textures.xdb0,textures/cooking/cooking_wood_stove.dds,131200,512,512,0,DXT1
textures.xdb0,textures/cooking/cooking_wood_stove.thm,169,,,,
textures.xdb0,textures/cooking/cooking_wood_stove_bump#.dds,262272,512,512,0,DXT5
textures.xdb0,textures/cooking/cooking_wood_stove_bump#.thm,138,,,,
textures.xdb0,textures/cooking/cooking_wood_stove_bump.dds,262272,512,512,0,DXT5
textures.xdb0,textures/cooking/cooking_wood_stove_bump.thm,138,,,,
textures.xdb0,textures/corp/corp_dog.dds,43856,256,128,9,DXT5
textures.xdb0,textures/corp/corp_dog.thm,167,,,,
textures.xdb0,textures/corp/corp_dog_bump.thm,138,,,,
textures.xdb0,textures/corp/corp_human1.dds,174928,256,128,9,DXT1
textures.xdb0,textures/corp/corp_human1.thm,167,,,,
textures.xdb0,textures/corp/corp_human1_bump.thm,138,,,,
textures.xdb0,textures/corp/corp_human2.dds,174928,256,128,9,DXT1
textures.xdb0,textures/corp/corp_human2.thm,167,,,,
textures.xdb0,textures/corp/corp_human2_bump.thm,138,,,,
textures.xdb0,textures/corp/corp_human3.dds,43832,256,256,9,DXT1
textures.xdb0,textures/corp/corp_human3.thm,167,,,,
textures.xdb0,textures/corp/corp_human3_bump.thm,138,,,,
textures.xdb0,textures/corp/corp_korovka.dds,349672,1024,512,11,DXT1
textures.xdb0,textures/corp/corp_korovka.thm,167,,,,
textures.xdb0,textures/corp/corp_korovka_bump.thm,138,,,,
textures.xdb0,textures/corp/corp_rat.dds,43832,256,256,9,DXT1
textures.xdb0,textures/corp/corp_rat.thm,167,,,,
textures.xdb0,textures/corp/corp_rat_bump.thm,138,,,,
textures.xdb0,textures/corp/corp_sold1.dds,699216,512,1024,11,DXT5
textures.xdb0,textures/corp/corp_sold1.thm,168,,,,
textures.xdb0,textures/corp/corp_sold1_bump.thm,138,,,,
textures.xdb0,textures/corp/corp_stalker.dds,174848,512,512,6,DXT1
textures.xdb0,textures/corp/corp_stalker.thm,168,,,,
textures.xdb0,textures/corp/corp_stalker_bump.thm,138,,,,
textures.xdb0,textures/corp/corp_urod.dds,43832,256,256,9,DXT1
textures.xdb0,textures/corp/corp_urod.thm,167,,,,
textures.xdb0,textures/corp/corp_urod_bump.thm,138,,,,
textures.xdb0,textures/corp/corp_zomby1.dds,349680,512,512,10,DXT5
textures.xdb0,textures/corp/corp_zomby1.thm,159,,,,
textures.xdb0,textures/corp/corp_zomby1_bump.thm,138,,,,
textures.xdb0,textures/crete/crete_beton_0.dds,174920,1024,256,11,DXT1
textures.xdb0,textures/crete/crete_beton_0.thm,189,,,,
textures.xdb0,textures/crete/crete_beton_01d.dds,174904,512,512,10,DXT1
textures.xdb0,textures/crete/crete_beton_01d.thm,162,,,,
textures.xdb0,textures/crete/crete_beton_03.dds,43848,512,128,10,DXT1
textures.xdb0,textures/crete/crete_beton_03.thm,165,,,,
textures.xdb0,textures/crete/crete_beton_0_bump#.dds,349568,1024,256,6,DXT5
textures.xdb0,textures/crete/crete_beton_0_bump#.thm,138,,,,
textures.xdb0,textures/crete/crete_beton_0_bump.dds,349712,1024,256,11,DXT5
textures.xdb0,textures/crete/crete_beton_0_bump.thm,138,,,,
textures.xdb0,textures/crete/crete_beton_1.dds,174920,1024,256,11,DXT1
textures.xdb0,textures/crete/crete_beton_1.thm,189,,,,
textures.xdb0,textures/crete/crete_beton_1_bump#.dds,349568,1024,256,6,DXT5
textures.xdb0,textures/crete/crete_beton_1_bump#.thm,138,,,,
textures.xdb0,textures/crete/crete_beton_1_bump.dds,349712,1024,256,11,DXT5
textures.xdb0,textures/crete/crete_beton_1_bump.thm,138,,,,
textures.xdb0,textures/crete/crete_beton_2.dds,174920,1024,256,11,DXT1
textures.xdb0,textures/crete/crete_beton_2.thm,189,,,,
textures.xdb0,textures/crete/crete_beton_2_bump#.dds,349568,1024,256,6,DXT5
textures.xdb0,textures/crete/crete_beton_2_bump#.thm,138,,,,
textures.xdb0,textures/crete/crete_beton_2_bump.dds,349712,1024,256,11,DXT5
textures.xdb0,textures/crete/crete_beton_2_bump.thm,138,,,,
textures.xdb0,textures/crete/crete_beton_3.dds,174904,512,512,10,DXT1
textures.xdb0,textures/crete/crete_beton_3.thm,186,,,,
textures.xdb0,textures/crete/crete_beton_3_bump#.dds,349568,512,512,6,DXT5
textures.xdb0,textures/crete/crete_beton_3_bump#.thm,138,,,,
textures.xdb0,textures/crete/crete_beton_3_bump.dds,349680,512,512,10,DXT5
textures.xdb0,textures/crete/crete_beton_3_bump.thm,138,,,,
textures.xdb0,textures/crete/crete_beton_4.dds,174904,512,512,10,DXT1
textures.xdb0,textures/crete/crete_beton_4.thm,186,,,,
textures.xdb0,textures/crete/crete_beton_4_bump#.dds,1397888,1024,1024,6,DXT5
textures.xdb0,textures/crete/crete_beton_4_bump#.thm,138,,,,
textures.xdb0,textures/crete/crete_beton_4_bump.dds,349680,512,512,10,DXT5
textures.xdb0,textures/crete/crete_beton_4_bump.thm,138,,,,
textures.xdb0,textures/crete/crete_beton_5.dds,174904,512,512,10,DXT1
textures.xdb0,textures/crete/crete_beton_5.thm,186,,,,
textures.xdb0,textures/crete/crete_beton_5_bump#.dds,1397888,1024,1024,6,DXT5
textures.xdb0,textures/crete/crete_beton_5_bump#.thm,138,,,,
textures.xdb0,textures/crete/crete_beton_5_bump.dds,349680,512,512,10,DXT5
textures.xdb0,textures/crete/crete_beton_5_bump.thm,138,,,,
textures.xdb0,textures/crete/crete_beton_6.dds,174904,512,512,10,DXT1
textures.xdb0,textures/crete/crete_beton_6.thm,186,,,,
textures.xdb0,textures/crete/crete_beton_6_bump#.dds,1397888,1024,1024,6,DXT5
textures.xdb0,textures/crete/crete_beton_6_bump#.thm,138,,,,
textures.xdb0,textures/crete/crete_beton_6_bump.dds,349680,512,512,10,DXT5
textures.xdb0,textures/crete/crete_beton_6_bump.thm,138,,,,
textures.xdb0,textures/crete/crete_beton_7.dds,174904,512,512,10,DXT1
textures.xdb0,textures/crete/crete_beton_7.thm,186,,,,
textures.xdb0,textures/crete/crete_beton_7_bump#.dds,1397888,1024,1024,6,DXT5
textures.xdb0,textures/crete/crete_beton_7_bump#.thm,138,,,,
textures.xdb0,textures/crete/crete_beton_7_bump.dds,349680,512,512,10,DXT5
textures.xdb0,textures/crete/crete_beton_7_bump.thm,138,,,,
textures.xdb0,textures/crete/crete_beton_8.dds,174904,512,512,10,DXT1
textures.xdb0,textures/crete/crete_beton_8.thm,186,,,,
textures.xdb0,textures/crete/crete_beton_8_bump#.dds,1397888,1024,1024,6,DXT5
textures.xdb0,textures/crete/crete_beton_8_bump#.thm,138,,,,
textures.xdb0,textures/crete/crete_beton_8_bump.dds,1397888,1024,1024,6,DXT5
textures.xdb0,textures/crete/crete_beton_8_bump.thm,138,,,,
textures.xdb0,textures/crete/crete_beton_ch_03.dds,87528,512,256,10,DXT1
textures.xdb0,textures/crete/crete_beton_ch_06.dds,349672,1024,512,11,DXT1
textures.xdb0,textures/crete/crete_beton_ch_06_glass.dds,349672,1024,512,11,DXT1
textures.xdb0,textures/crete/crete_beton_ch_06_glass.thm,138,,,,
textures.xdb0,textures/crete/crete_beton_ch_13.dds,174904,512,512,10,DXT1
textures.xdb0,textures/crete/crete_beton_ch_13.thm,162,,,,
textures.xdb0,textures/crete/crete_beton_dirt_01.dds,174904,512,512,10,DXT1
textures.xdb0,textures/crete/crete_beton_dirt_01.thm,192,,,,
textures.xdb0,textures/crete/crete_beton_dirt_01_bump#.dds,349568,512,512,6,DXT5
textures.xdb0,textures/crete/crete_beton_dirt_01_bump#.thm,138,,,,
textures.xdb0,textures/crete/crete_beton_dirt_01_bump.dds,349680,512,512,10,DXT5
textures.xdb0,textures/crete/crete_beton_dirt_01_bump.thm,138,,,,
textures.xdb0,textures/crete/crete_beton_lom.dds,699192,1024,1024,11,DXT1
textures.xdb0,textures/crete/crete_beton_lom.thm,164,,,,
textures.xdb0,textures/crete/crete_beton_lom_bump#.dds,1398256,1024,1024,11,DXT5
textures.xdb0,textures/crete/crete_beton_lom_bump#.thm,138,,,,
textures.xdb0,textures/crete/crete_beton_lom_bump.dds,1398256,1024,1024,11,DXT5
textures.xdb0,textures/crete/crete_beton_lom_bump.thm,164,,,,
textures.xdb0,textures/crete/crete_beton_plita.dds,174904,512,512,10,DXT1
textures.xdb0,textures/crete/crete_beton_plita.thm,190,,,,
textures.xdb0,textures/crete/crete_beton_plita_3.dds,174904,512,512,10,DXT1
textures.xdb0,textures/crete/crete_beton_plita_3.thm,192,,,,
textures.xdb0,textures/crete/crete_beton_plita_3_bump#.dds,349568,512,512,6,DXT5
textures.xdb0,textures/crete/crete_beton_plita_3_bump#.thm,138,,,,
textures.xdb0,textures/crete/crete_beton_plita_3_bump.dds,349680,512,512,10,DXT5
textures.xdb0,textures/crete/crete_beton_plita_3_bump.thm,138,,,,
textures.xdb0,textures/crete/crete_beton_plita_bump#.dds,1397888,1024,1024,6,DXT5
textures.xdb0,textures/crete/crete_beton_plita_bump#.thm,138,,,,
textures.xdb0,textures/crete/crete_beton_plita_bump.dds,349680,512,512,10,DXT5
textures.xdb0,textures/crete/crete_beton_plita_bump.thm,138,,,,
textures.xdb0,textures/crete/crete_beton_pod_03.dds,349672,1024,512,11,DXT1
textures.xdb0,textures/crete/crete_beton_pod_03.thm,193,,,,
textures.xdb0,textures/crete/crete_beton_pod_03_bump#.dds,699008,1024,512,6,DXT5
textures.xdb0,textures/crete/crete_beton_pod_03_bump#.thm,138,,,,
textures.xdb0,textures/crete/crete_beton_pod_03_bump.dds,699216,1024,512,11,DXT5
textures.xdb0,textures/crete/crete_beton_pod_03_bump.thm,138,,,,
textures.xdb0,textures/crete/crete_beton_slag.dds,349672,1024,512,11,DXT1
textures.xdb0,textures/crete/crete_beton_slag.thm,191,,,,
textures.xdb0,textures/crete/crete_beton_slag_bump#.dds,699008,1024,512,6,DXT5
textures.xdb0,textures/crete/crete_beton_slag_bump#.thm,138,,,,
textures.xdb0,textures/crete/crete_beton_slag_bump.dds,699216,1024,512,11,DXT5
textures.xdb0,textures/crete/crete_beton_slag_bump.thm,138,,,,
textures.xdb0,textures/crete/crete_border1.dds,174920,1024,256,11,DXT1
textures.xdb0,textures/crete/crete_border1.thm,165,,,,
textures.xdb0,textures/crete/crete_border2.dds,11080,256,64,9,DXT1
textures.xdb0,textures/crete/crete_border2.thm,189,,,,
textures.xdb0,textures/crete/crete_border2_bump#.dds,21984,256,64,6,DXT5
textures.xdb0,textures/crete/crete_border2_bump#.thm,138,,,,
textures.xdb0,textures/crete/crete_border2_bump.dds,22032,256,64,9,DXT5
textures.xdb0,textures/crete/crete_border2_bump.thm,138,,,,
textures.xdb0,textures/crete/crete_border_01.dds,174920,1024,256,11,DXT1
textures.xdb0,textures/crete/crete_border_01.thm,191,,,,
textures.xdb0,textures/crete/crete_border_01_bump#.dds,349568,1024,256,6,DXT5
textures.xdb0,textures/crete/crete_border_01_bump#.thm,138,,,,
textures.xdb0,textures/crete/crete_border_01_bump.dds,349712,1024,256,11,DXT5
textures.xdb0,textures/crete/crete_border_01_bump.thm,138,,,,
textures.xdb0,textures/crete/crete_border_02.dds,174920,1024,256,11,DXT1
textures.xdb0,textures/crete/crete_border_02.thm,191,,,,
textures.xdb0,textures/crete/crete_border_02_bump#.dds,87488,512,128,6,DXT5
textures.xdb0,textures/crete/crete_border_02_bump#.thm,138,,,,
textures.xdb0,textures/crete/crete_border_02_bump.dds,87568,512,128,10,DXT5
textures.xdb0,textures/crete/crete_border_02_bump.thm,138,,,,
textures.xdb0,textures/crete/crete_circle_beton.dds,174904,512,512,10,DXT1
textures.xdb0,textures/crete/crete_circle_beton.thm,191,,,,
textures.xdb0,textures/crete/crete_circle_beton_bump#.dds,349568,512,512,6,DXT5
textures.xdb0,textures/crete/crete_circle_beton_bump#.thm,138,,,,
textures.xdb0,textures/crete/crete_circle_beton_bump.dds,349680,512,512,10,DXT5
textures.xdb0,textures/crete/crete_circle_beton_bump.thm,138,,,,
textures.xdb0,textures/crete/crete_column_01.dds,349672,1024,512,11,DXT1
textures.xdb0,textures/crete/crete_column_01.thm,191,,,,
textures.xdb0,textures/crete/crete_column_01_bump#.dds,699008,1024,512,6,DXT5
textures.xdb0,textures/crete/crete_column_01_bump#.thm,138,,,,
textures.xdb0,textures/crete/crete_column_01_bump.dds,699216,1024,512,11,DXT5
textures.xdb0,textures/crete/crete_column_01_bump.thm,138,,,,
textures.xdb0,textures/crete/crete_column_cap_01.dds,174904,512,512,10,DXT1
textures.xdb0,textures/crete/crete_column_cap_01.thm,193,,,,
textures.xdb0,textures/crete/crete_column_cap_01_bump#.dds,349568,512,512,6,DXT5
textures.xdb0,textures/crete/crete_column_cap_01_bump#.thm,138,,,,
textures.xdb0,textures/crete/crete_column_cap_01_bump.dds,349680,512,512,10,DXT5
textures.xdb0,textures/crete/crete_column_cap_01_bump.thm,138,,,,
textures.xdb0,textures/crete/crete_cupola.dds,174904,512,512,10,DXT1
textures.xdb0,textures/crete/crete_cupola.thm,185,,,,
textures.xdb0,textures/crete/crete_cupola_bump#.dds,1397888,1024,1024,6,DXT5
textures.xdb0,textures/crete/crete_cupola_bump#.thm,138,,,,
textures.xdb0,textures/crete/crete_cupola_bump.dds,349680,512,512,10,DXT5
textures.xdb0,textures/crete/crete_cupola_bump.thm,138,,,,
textures.xdb0,textures/crete/crete_debris_01.dds,174904,512,512,10,DXT1
textures.xdb0,textures/crete/crete_debris_01.thm,188,,,,
textures.xdb0,textures/crete/crete_debris_01_bump#.dds,349680,512,512,10,DXT5
textures.xdb0,textures/crete/crete_debris_01_bump#.thm,138,,,,
textures.xdb0,textures/crete/crete_debris_01_bump.dds,349680,512,512,10,DXT5
textures.xdb0,textures/crete/crete_debris_01_bump.thm,164,,,,
textures.xdb0,textures/crete/crete_decor.dds,174904,512,512,10,DXT1
textures.xdb0,textures/crete/crete_decor.thm,185,,,,
textures.xdb0,textures/crete/crete_decor_bump#.dds,349568,512,512,6,DXT5
textures.xdb0,textures/crete/crete_decor_bump#.thm,138,,,,
textures.xdb0,textures/crete/crete_decor_bump.dds,349680,512,512,10,DXT5
textures.xdb0,textures/crete/crete_decor_bump.thm,138,,,,
textures.xdb0,textures/crete/crete_dirt_1.dds,349672,1024,512,11,DXT1
textures.xdb0,textures/crete/crete_dirt_1.thm,187,,,,
textures.xdb0,textures/crete/crete_dirt_1_bump#.dds,699008,1024,512,6,DXT5
textures.xdb0,textures/crete/crete_dirt_1_bump#.thm,138,,,,
textures.xdb0,textures/crete/crete_dirt_1_bump.dds,699216,1024,512,11,DXT5
textures.xdb0,textures/crete/crete_dirt_1_bump.thm,161,,,,
textures.xdb0,textures/crete/crete_dirt_2.dds,349672,1024,512,11,DXT1
textures.xdb0,textures/crete/crete_dirt_2.thm,187,,,,
textures.xdb0,textures/crete/crete_dirt_2_bump#.dds,699008,1024,512,6,DXT5
textures.xdb0,textures/crete/crete_dirt_2_bump#.thm,138,,,,
textures.xdb0,textures/crete/crete_dirt_2_bump.dds,699216,1024,512,11,DXT5
textures.xdb0,textures/crete/crete_dirt_2_bump.thm,161,,,,
textures.xdb0,textures/crete/crete_dirt_3.dds,349672,1024,512,11,DXT1
textures.xdb0,textures/crete/crete_dirt_3.thm,187,,,,
textures.xdb0,textures/crete/crete_dirt_3_bump#.dds,699008,1024,512,6,DXT5
textures.xdb0,textures/crete/crete_dirt_3_bump#.thm,138,,,,
textures.xdb0,textures/crete/crete_dirt_3_bump.dds,699216,1024,512,11,DXT5
textures.xdb0,textures/crete/crete_dirt_3_bump.thm,161,,,,
textures.xdb0,textures/crete/crete_dirt_4.dds,349672,1024,512,11,DXT1
textures.xdb0,textures/crete/crete_dirt_4.thm,187,,,,
textures.xdb0,textures/crete/crete_dirt_4_bump#.dds,699008,1024,512,6,DXT5
textures.xdb0,textures/crete/crete_dirt_4_bump#.thm,138,,,,
textures.xdb0,textures/crete/crete_dirt_4_bump.dds,699216,1024,512,11,DXT5
textures.xdb0,textures/crete/crete_dirt_4_bump.thm,161,,,,
textures.xdb0,textures/crete/crete_dirty1_gr.dds,174904,512,512,10,DXT1
textures.xdb0,textures/crete/crete_dirty1_gr.thm,187,,,,
textures.xdb0,textures/crete/crete_dirty1_gr_bump#.dds,349680,512,512,10,DXT5
textures.xdb0,textures/crete/crete_dirty1_gr_bump#.thm,138,,,,
textures.xdb0,textures/crete/crete_dirty1_gr_bump.dds,349680,512,512,10,DXT5
textures.xdb0,textures/crete/crete_dirty1_gr_bump.thm,138,,,,
textures.xdb0,textures/crete/crete_dirty_gr.dds,174848,512,512,6,DXT1
textures.xdb0,textures/crete/crete_dirty_gr.thm,186,,,,
textures.xdb0,textures/crete/crete_fence_01.dds,174904,512,512,10,DXT1
textures.xdb0,textures/crete/crete_fence_02.dds,174904,512,512,10,DXT1
textures.xdb0,textures/crete/crete_fence_02.thm,187,,,,
textures.xdb0,textures/crete/crete_fence_02_bump#.dds,349568,512,512,6,DXT5
textures.xdb0,textures/crete/crete_fence_02_bump#.thm,138,,,,
textures.xdb0,textures/crete/crete_fence_02_bump.dds,349680,512,512,10,DXT5
textures.xdb0,textures/crete/crete_fence_02_bump.thm,138,,,,
textures.xdb0,textures/crete/crete_fl_gr02.dds,21992,256,128,9,DXT1
textures.xdb0,textures/crete/crete_fl_gr02.thm,138,,,,
textures.xdb0,textures/crete/crete_floor3.dds,174904,512,512,10,DXT1
textures.xdb0,textures/crete/crete_floor3.thm,162,,,,
textures.xdb0,textures/crete/crete_floor3_bump#.dds,349680,512,512,10,DXT5
textures.xdb0,textures/crete/crete_floor3_bump.dds,349680,512,512,10,DXT5
textures.xdb0,textures/crete/crete_floor4.dds,174904,512,512,10,DXT1
textures.xdb0,textures/crete/crete_floor4.thm,186,,,,
textures.xdb0,textures/crete/crete_floor4_big.dds,349680,512,512,10,DXT5
textures.xdb0,textures/crete/crete_floor4a.dds,174904,512,512,10,DXT1
textures.xdb0,textures/crete/crete_floor4a.thm,186,,,,
textures.xdb0,textures/crete/crete_floor4a_1.dds,174904,512,512,10,DXT1
textures.xdb0,textures/crete/crete_floor4a_1.thm,186,,,,
textures.xdb0,textures/crete/crete_floor4a_1_bump#.dds,349568,512,512,6,DXT5
textures.xdb0,textures/crete/crete_floor4a_1_bump#.thm,138,,,,
textures.xdb0,textures/crete/crete_floor4a_1_bump.dds,349568,512,512,6,DXT5
textures.xdb0,textures/crete/crete_floor4a_1_bump.thm,164,,,,
textures.xdb0,textures/crete/crete_floor_linol.dds,174904,512,512,10,DXT1
textures.xdb0,textures/crete/crete_floor_linol.thm,189,,,,
textures.xdb0,textures/crete/crete_floor_linol_bump#.dds,349680,512,512,10,DXT5
textures.xdb0,textures/crete/crete_floor_linol_bump#.thm,138,,,,
textures.xdb0,textures/crete/crete_floor_linol_bump.dds,349680,512,512,10,DXT5
textures.xdb0,textures/crete/crete_floor_linol_bump.thm,138,,,,
textures.xdb0,textures/crete/crete_girder1.dds,21992,128,256,9,DXT1
textures.xdb0,textures/crete/crete_girder1.thm,162,,,,
textures.xdb0,textures/crete/crete_girder1_bump#.dds,43808,128,256,6,DXT5
textures.xdb0,textures/crete/crete_girder1_bump#.thm,138,,,,
textures.xdb0,textures/crete/crete_girder1_bump.dds,43856,128,256,9,DXT5
textures.xdb0,textures/crete/crete_girder1_bump.thm,138,,,,
textures.xdb0,textures/crete/crete_girder_1.dds,87560,1024,128,11,DXT1
textures.xdb0,textures/crete/crete_girder_1.thm,138,,,,
textures.xdb0,textures/crete/crete_golima_daxa.dds,174904,512,512,10,DXT1
textures.xdb0,textures/crete/crete_golima_daxa.thm,183,,,,
textures.xdb0,textures/crete/crete_house_wall_1.dds,349672,1024,512,11,DXT1
textures.xdb0,textures/crete/crete_house_wall_1.thm,167,,,,
textures.xdb0,textures/crete/crete_house_wall_1_bump#.dds,699008,1024,512,6,DXT5
textures.xdb0,textures/crete/crete_house_wall_1_bump#.thm,138,,,,
textures.xdb0,textures/crete/crete_house_wall_1_bump.dds,699216,1024,512,11,DXT5
textures.xdb0,textures/crete/crete_house_wall_1_bump.thm,138,,,,
textures.xdb0,textures/crete/crete_lava_pod_01.dds,174904,512,512,10,DXT1
textures.xdb0,textures/crete/crete_lava_pod_01.thm,190,,,,
textures.xdb0,textures/crete/crete_lava_pod_01_bump#.dds,349568,512,512,6,DXT5
textures.xdb0,textures/crete/crete_lava_pod_01_bump#.thm,138,,,,
textures.xdb0,textures/crete/crete_lava_pod_01_bump.dds,349680,512,512,10,DXT5
textures.xdb0,textures/crete/crete_lava_pod_01_bump.thm,138,,,,
textures.xdb0,textures/crete/crete_monolith.dds,174904,512,512,10,DXT1
textures.xdb0,textures/crete/crete_monolith.thm,187,,,,
textures.xdb0,textures/crete/crete_monolith_bump#.dds,1397888,1024,1024,6,DXT5
textures.xdb0,textures/crete/crete_monolith_bump#.thm,138,,,,
textures.xdb0,textures/crete/crete_monolith_bump.dds,349680,512,512,10,DXT5
textures.xdb0,textures/crete/crete_monolith_bump.thm,138,,,,
textures.xdb0,textures/crete/crete_old_beton.dds,174904,512,512,10,DXT1
textures.xdb0,textures/crete/crete_old_beton.thm,188,,,,
textures.xdb0,textures/crete/crete_old_beton_bump#.dds,1397888,1024,1024,6,DXT5
textures.xdb0,textures/crete/crete_old_beton_bump#.thm,138,,,,
textures.xdb0,textures/crete/crete_old_beton_bump.dds,349680,512,512,10,DXT5
textures.xdb0,textures/crete/crete_old_beton_bump.thm,138,,,,
textures.xdb0,textures/crete/crete_plate.dds,174904,512,512,10,DXT1
textures.xdb0,textures/crete/crete_plate.thm,184,,,,
textures.xdb0,textures/crete/crete_plate_bump#.dds,1397888,1024,1024,6,DXT5
textures.xdb0,textures/crete/crete_plate_bump#.thm,138,,,,
textures.xdb0,textures/crete/crete_plate_bump.dds,349680,512,512,10,DXT5
textures.xdb0,textures/crete/crete_plate_bump.thm,138,,,,
textures.xdb0,textures/crete/crete_plitka1.dds,349664,1024,512,10,DXT1
textures.xdb0,textures/crete/crete_plitka1.thm,162,,,,
textures.xdb0,textures/crete/crete_plitka1_bump#.dds,699200,1024,512,10,DXT5
textures.xdb0,textures/crete/crete_plitka1_bump#.thm,138,,,,
textures.xdb0,textures/crete/crete_plitka1_bump.dds,699200,1024,512,10,DXT5
textures.xdb0,textures/crete/crete_plitka1_bump.thm,138,,,,
textures.xdb0,textures/crete/crete_plitka_1.dds,349664,1024,512,10,DXT1
textures.xdb0,textures/crete/crete_plitka_1.thm,163,,,,
textures.xdb0,textures/crete/crete_plitka_1_bump#.dds,699200,1024,512,10,DXT5
textures.xdb0,textures/crete/crete_plitka_1_bump#.thm,138,,,,
textures.xdb0,textures/crete/crete_plitka_1_bump.dds,699200,1024,512,10,DXT5
textures.xdb0,textures/crete/crete_plitka_1_bump.thm,138,,,,
textures.xdb0,textures/crete/crete_plitka_iov_01.dds,174904,512,512,10,DXT1
textures.xdb0,textures/crete/crete_plitka_iov_01.thm,191,,,,
textures.xdb0,textures/crete/crete_plitka_iov_01_bump#.dds,349568,512,512,6,DXT5
textures.xdb0,textures/crete/crete_plitka_iov_01_bump#.thm,138,,,,
textures.xdb0,textures/crete/crete_plitka_iov_01_bump.dds,349680,512,512,10,DXT5
textures.xdb0,textures/crete/crete_plitka_iov_01_bump.thm,138,,,,
textures.xdb0,textures/crete/crete_plitka_iov_pol.dds,349680,512,512,10,DXT5
textures.xdb0,textures/crete/crete_plitka_oblom.dds,174904,512,512,10,DXT1
textures.xdb0,textures/crete/crete_plitka_oblom.thm,191,,,,
textures.xdb0,textures/crete/crete_plitka_oblom_bump#.dds,349680,512,512,10,DXT5
textures.xdb0,textures/crete/crete_plitka_oblom_bump#.thm,138,,,,
textures.xdb0,textures/crete/crete_plitka_oblom_bump.dds,349680,512,512,10,DXT5
textures.xdb0,textures/crete/crete_plitka_oblom_bump.thm,138,,,,
textures.xdb0,textures/crete/crete_plitka_qllab.dds,174904,512,512,10,DXT1
textures.xdb0,textures/crete/crete_plitka_qllab.thm,188,,,,
textures.xdb0,textures/crete/crete_plitka_qllab_02_bump#.dds,1397888,1024,1024,6,DXT5
textures.xdb0,textures/crete/crete_plitka_qllab_02_bump#.thm,138,,,,
textures.xdb0,textures/crete/crete_plitka_qllab_02_bump.dds,349680,512,512,10,DXT5
textures.xdb0,textures/crete/crete_plitka_qllab_02_bump.thm,138,,,,
textures.xdb0,textures/crete/crete_podval.dds,174904,512,512,10,DXT1
textures.xdb0,textures/crete/crete_podval.thm,192,,,,
textures.xdb0,textures/crete/crete_podval_bump#.dds,349680,512,512,10,DXT5
textures.xdb0,textures/crete/crete_podval_bump.dds,349680,512,512,10,DXT5
textures.xdb0,textures/crete/crete_podval_bump.thm,138,,,,
textures.xdb0,textures/crete/crete_pol_brown_1.dds,174904,512,512,10,DXT1
textures.xdb0,textures/crete/crete_pol_brown_1.thm,190,,,,
textures.xdb0,textures/crete/crete_pol_brown_1_bump#.dds,1397888,1024,1024,6,DXT5
textures.xdb0,textures/crete/crete_pol_brown_1_bump#.thm,138,,,,
textures.xdb0,textures/crete/crete_pol_brown_1_bump.dds,349680,512,512,10,DXT5
textures.xdb0,textures/crete/crete_pol_brown_1_bump.thm,138,,,,
textures.xdb0,textures/crete/crete_pol_brown_bort_1.dds,349672,1024,512,11,DXT1
textures.xdb0,textures/crete/crete_pol_brown_bort_1.thm,197,,,,
textures.xdb0,textures/crete/crete_pol_brown_bort_1_bump#.dds,699008,1024,512,6,DXT5
textures.xdb0,textures/crete/crete_pol_brown_bort_1_bump#.thm,138,,,,
textures.xdb0,textures/crete/crete_pol_brown_bort_1_bump.dds,699216,1024,512,11,DXT5
textures.xdb0,textures/crete/crete_pol_brown_bort_1_bump.thm,138,,,,
textures.xdb0,textures/crete/crete_pol_t.dds,349680,512,512,10,DXT5
textures.xdb0,textures/crete/crete_pol_t.thm,183,,,,
textures.xdb0,textures/crete/crete_pol_t_01.dds,349680,512,512,10,DXT5
textures.xdb0,textures/crete/crete_pol_t_01.thm,187,,,,
textures.xdb0,textures/crete/crete_pol_t_01_bump#.dds,349680,512,512,10,DXT5
textures.xdb0,textures/crete/crete_pol_t_01_bump.dds,349680,512,512,10,DXT5
textures.xdb0,textures/crete/crete_pol_t_bump#.dds,349680,512,512,10,DXT5
textures.xdb0,textures/crete/crete_pol_t_bump#.thm,138,,,,
textures.xdb0,textures/crete/crete_pol_t_bump.dds,349680,512,512,10,DXT5
textures.xdb0,textures/crete/crete_pol_t_bump.thm,160,,,,
textures.xdb0,textures/crete/crete_pot_gr.dds,174904,512,512,10,DXT1
textures.xdb0,textures/crete/crete_pot_gr.thm,185,,,,
textures.xdb0,textures/crete/crete_pot_gr_bump#.dds,1397888,1024,1024,6,DXT5
textures.xdb0,textures/crete/crete_pot_gr_bump#.thm,138,,,,
textures.xdb0,textures/crete/crete_pot_gr_bump.dds,349680,512,512,10,DXT5
textures.xdb0,textures/crete/crete_pot_gr_bump.thm,138,,,,
textures.xdb0,textures/crete/crete_provoda_cech.dds,824,32,32,6,DXT1
textures.xdb0,textures/crete/crete_provoda_cech.thm,138,,,,
textures.xdb0,textures/crete/crete_provoda_ql.dds,174904,512,512,10,DXT1
textures.xdb0,textures/crete/crete_provoda_ql.thm,165,,,,
textures.xdb0,textures/crete/crete_provoda_ql_02.dds,43832,256,256,9,DXT1
textures.xdb0,textures/crete/crete_provoda_ql_02.thm,138,,,,
textures.xdb0,textures/crete/crete_railborder2.dds,21992,256,128,9,DXT1
textures.xdb0,textures/crete/crete_railborder2.thm,164,,,,
textures.xdb0,textures/crete/crete_roof1.dds,174904,512,512,10,DXT1
textures.xdb0,textures/crete/crete_roof1.thm,184,,,,
textures.xdb0,textures/crete/crete_roof1_border.dds,11080,256,64,9,DXT1
textures.xdb0,textures/crete/crete_roof1_border.thm,162,,,,
textures.xdb0,textures/crete/crete_roof1_bump#.dds,349568,512,512,6,DXT5
textures.xdb0,textures/crete/crete_roof1_bump#.thm,138,,,,
textures.xdb0,textures/crete/crete_roof1_bump.dds,349680,512,512,10,DXT5
textures.xdb0,textures/crete/crete_roof1_bump.thm,138,,,,
textures.xdb0,textures/crete/crete_roof1_det.dds,174904,512,512,10,DXT1
textures.xdb0,textures/crete/crete_roof1_det.thm,183,,,,
textures.xdb0,textures/crete/crete_roof2.dds,174904,512,512,10,DXT1
textures.xdb0,textures/crete/crete_roof2.thm,185,,,,
textures.xdb0,textures/crete/crete_roof3.dds,349672,1024,512,11,DXT1
textures.xdb0,textures/crete/crete_roof3.thm,187,,,,
textures.xdb0,textures/crete/crete_roof_gr01.dds,87528,512,256,10,DXT1
textures.xdb0,textures/crete/crete_roof_gr01.thm,188,,,,
textures.xdb0,textures/crete/crete_roof_gr01_bump#.dds,174848,512,256,6,DXT5
textures.xdb0,textures/crete/crete_roof_gr01_bump#.thm,138,,,,
textures.xdb0,textures/crete/crete_roof_gr01_bump.dds,174928,512,256,10,DXT5
textures.xdb0,textures/crete/crete_roof_gr01_bump.thm,138,,,,
textures.xdb0,textures/crete/crete_roof_rg.dds,349680,512,512,10,DXT5
textures.xdb0,textures/crete/crete_schiffer1.dds,699200,1024,512,10,DXT5
textures.xdb0,textures/crete/crete_schiffer1_bump#.dds,174848,512,256,6,DXT5
textures.xdb0,textures/crete/crete_schiffer1_bump#.thm,138,,,,
textures.xdb0,textures/crete/crete_schiffer1_bump.dds,174928,512,256,10,DXT5
textures.xdb0,textures/crete/crete_schiffer1_bump.thm,138,,,,
textures.xdb0,textures/crete/crete_schiffer1_dark.dds,349672,1024,512,11,DXT1
textures.xdb0,textures/crete/crete_schiffer1_dark.thm,191,,,,
textures.xdb0,textures/crete/crete_schiffer2.dds,174904,512,512,10,DXT1
textures.xdb0,textures/crete/crete_schiffer2.thm,189,,,,
textures.xdb0,textures/crete/crete_schiffer2a.dds,174904,512,512,10,DXT1
textures.xdb0,textures/crete/crete_schiffer2a.thm,189,,,,
textures.xdb0,textures/crete/crete_schiffer3.dds,174904,512,512,10,DXT1
textures.xdb0,textures/crete/crete_schiffer3.thm,189,,,,
textures.xdb0,textures/crete/crete_schiffer3_bump#.dds,1397888,1024,1024,6,DXT5
textures.xdb0,textures/crete/crete_schiffer3_bump#.thm,138,,,,
textures.xdb0,textures/crete/crete_schiffer3_bump.dds,349680,512,512,10,DXT5
textures.xdb0,textures/crete/crete_schiffer3_bump.thm,138,,,,
textures.xdb0,textures/crete/crete_st_gr02.dds,349664,1024,512,10,DXT1
textures.xdb0,textures/crete/crete_st_gr02.thm,193,,,,
textures.xdb0,textures/crete/crete_stanc.dds,174904,512,512,10,DXT1
textures.xdb0,textures/crete/crete_stanc_black.dds,174904,512,512,10,DXT1
textures.xdb0,textures/crete/crete_stanc_bump.thm,138,,,,
textures.xdb0,textures/crete/crete_stena_04a.dds,174904,512,512,10,DXT1
textures.xdb0,textures/crete/crete_stena_04a.thm,188,,,,
textures.xdb0,textures/crete/crete_stena_04a_bump#.dds,349568,512,512,6,DXT5
textures.xdb0,textures/crete/crete_stena_04a_bump#.thm,138,,,,
textures.xdb0,textures/crete/crete_stena_04a_bump.dds,349680,512,512,10,DXT5
textures.xdb0,textures/crete/crete_stena_04a_bump.thm,138,,,,
textures.xdb0,textures/crete/crete_stena_04d.dds,87528,512,256,10,DXT1
textures.xdb0,textures/crete/crete_stena_04d.thm,190,,,,
textures.xdb0,textures/crete/crete_stena_04d_bump#.dds,174848,512,256,6,DXT5
textures.xdb0,textures/crete/crete_stena_04d_bump#.thm,138,,,,
textures.xdb0,textures/crete/crete_stena_04d_bump.dds,174928,512,256,10,DXT5
textures.xdb0,textures/crete/crete_stena_04d_bump.thm,138,,,,
textures.xdb0,textures/crete/crete_stena_04e.dds,87528,512,256,10,DXT1
textures.xdb0,textures/crete/crete_stena_04e.thm,190,,,,
textures.xdb0,textures/crete/crete_stena_04e_bump#.dds,174848,512,256,6,DXT5
textures.xdb0,textures/crete/crete_stena_04e_bump#.thm,138,,,,
textures.xdb0,textures/crete/crete_stena_04e_bump.dds,174928,512,256,10,DXT5
textures.xdb0,textures/crete/crete_stena_04e_bump.thm,138,,,,
textures.xdb0,textures/crete/crete_stena_04f.dds,349664,1024,512,10,DXT1
textures.xdb0,textures/crete/crete_stena_04f.thm,164,,,,
textures.xdb0,textures/crete/crete_stena_04f_bump#.dds,699200,1024,512,10,DXT5
textures.xdb0,textures/crete/crete_stena_04f_bump#.thm,138,,,,
textures.xdb0,textures/crete/crete_stena_04f_bump.dds,699200,1024,512,10,DXT5
textures.xdb0,textures/crete/crete_stena_04f_bump.thm,138,,,,
textures.xdb0,textures/crete/crete_stena_04g.dds,174904,512,512,10,DXT1
textures.xdb0,textures/crete/crete_stena_04g.thm,164,,,,
textures.xdb0,textures/crete/crete_stena_04g_bump#.dds,349568,512,512,6,DXT5
textures.xdb0,textures/crete/crete_stena_04g_bump#.thm,138,,,,
textures.xdb0,textures/crete/crete_stena_04g_bump.dds,349680,512,512,10,DXT5
textures.xdb0,textures/crete/crete_stena_04g_bump.thm,138,,,,
textures.xdb0,textures/crete/crete_stena_04h.dds,87528,512,256,10,DXT1
textures.xdb0,textures/crete/crete_stena_04h.thm,190,,,,
textures.xdb0,textures/crete/crete_stena_04h_bump#.dds,174848,512,256,6,DXT5
textures.xdb0,textures/crete/crete_stena_04h_bump#.thm,138,,,,
textures.xdb0,textures/crete/crete_stena_04h_bump.dds,174928,512,256,10,DXT5
textures.xdb0,textures/crete/crete_stena_04h_bump.thm,138,,,,
textures.xdb0,textures/crete/crete_stena_07_a.dds,174904,512,512,10,DXT1
textures.xdb0,textures/crete/crete_stena_07_a.thm,191,,,,
textures.xdb0,textures/crete/crete_stena_07_a_j.dds,174904,512,512,10,DXT1
textures.xdb0,textures/crete/crete_stena_07_a_j.thm,191,,,,
textures.xdb0,textures/crete/crete_stena_07_a_j_bump#.dds,349568,512,512,6,DXT5
textures.xdb0,textures/crete/crete_stena_07_a_j_bump#.thm,138,,,,
textures.xdb0,textures/crete/crete_stena_07_a_j_bump.dds,349680,512,512,10,DXT5
textures.xdb0,textures/crete/crete_stena_07_a_j_bump.thm,138,,,,
textures.xdb0,textures/crete/crete_stena_ch_08.dds,174920,1024,256,11,DXT1
textures.xdb0,textures/crete/crete_stena_ch_08.thm,193,,,,
textures.xdb0,textures/crete/crete_stena_ch_08_bump#.dds,349568,1024,256,6,DXT5
textures.xdb0,textures/crete/crete_stena_ch_08_bump#.thm,138,,,,
textures.xdb0,textures/crete/crete_stena_ch_08_bump.dds,349712,1024,256,11,DXT5
textures.xdb0,textures/crete/crete_stena_ch_08_bump.thm,138,,,,
textures.xdb0,textures/crete/crete_stena_ch_11_1.dds,349672,1024,512,11,DXT1
textures.xdb0,textures/crete/crete_stena_ch_11_2.dds,174904,512,512,10,DXT1
textures.xdb0,textures/crete/crete_stena_ch_11_2.thm,192,,,,
textures.xdb0,textures/crete/crete_stena_ch_11_2_bump#.dds,1397888,1024,1024,6,DXT5
textures.xdb0,textures/crete/crete_stena_ch_11_2_bump#.thm,138,,,,
textures.xdb0,textures/crete/crete_stena_ch_11_2_bump.dds,349680,512,512,10,DXT5
textures.xdb0,textures/crete/crete_stena_ch_11_2_bump.thm,138,,,,
textures.xdb0,textures/crete/crete_stena_ch_12.dds,174904,512,512,10,DXT1
textures.xdb0,textures/crete/crete_stena_ch_12.thm,162,,,,
textures.xdb0,textures/crete/crete_stena_ch_13.dds,174920,1024,256,11,DXT1
textures.xdb0,textures/crete/crete_stena_ch_13.thm,165,,,,
textures.xdb0,textures/crete/crete_stena_ch_14.dds,349672,1024,512,11,DXT1
textures.xdb0,textures/crete/crete_stena_ch_14.thm,190,,,,
textures.xdb0,textures/crete/crete_stena_ch_14_bump#.dds,699008,1024,512,6,DXT5
textures.xdb0,textures/crete/crete_stena_ch_14_bump#.thm,138,,,,
textures.xdb0,textures/crete/crete_stena_ch_14_bump.dds,699216,1024,512,11,DXT5
textures.xdb0,textures/crete/crete_stena_ch_14_bump.thm,138,,,,
textures.xdb0,textures/crete/crete_stena_ch_15.dds,174920,1024,256,11,DXT1
textures.xdb0,textures/crete/crete_stena_gr.dds,43832,256,256,9,DXT1
textures.xdb0,textures/crete/crete_stena_gr.thm,138,,,,
textures.xdb0,textures/crete/crete_stena_kraska_02.dds,174848,512,512,6,DXT1
textures.xdb0,textures/crete/crete_stena_kraska_02.thm,195,,,,
textures.xdb0,textures/crete/crete_stena_kraska_02_bump#.dds,349568,512,512,6,DXT5
textures.xdb0,textures/crete/crete_stena_kraska_02_bump#.thm,138,,,,
textures.xdb0,textures/crete/crete_stena_kraska_02_bump.dds,349568,512,512,6,DXT5
textures.xdb0,textures/crete/crete_stena_kraska_02_bump.thm,138,,,,
textures.xdb0,textures/crete/crete_stena_kraska_02a.dds,174848,512,512,6,DXT1
textures.xdb0,textures/crete/crete_stena_kraska_02a.thm,196,,,,
textures.xdb0,textures/crete/crete_stena_kraska_02a_bump#.dds,349568,512,512,6,DXT5
textures.xdb0,textures/crete/crete_stena_kraska_02a_bump#.thm,138,,,,
textures.xdb0,textures/crete/crete_stena_kraska_02a_bump.dds,349568,512,512,6,DXT5
textures.xdb0,textures/crete/crete_stena_kraska_02a_bump.thm,138,,,,
textures.xdb0,textures/crete/crete_stena_kraska_03a.dds,174904,512,512,10,DXT1
textures.xdb0,textures/crete/crete_stena_kraska_03a.thm,192,,,,
textures.xdb0,textures/crete/crete_stena_kraska_03b.dds,174904,512,512,10,DXT1
textures.xdb0,textures/crete/crete_stena_kraska_03b.thm,196,,,,
textures.xdb0,textures/crete/crete_stena_kraska_03b_bump#.dds,349680,512,512,10,DXT5
textures.xdb0,textures/crete/crete_stena_kraska_03b_bump#.thm,138,,,,
textures.xdb0,textures/crete/crete_stena_kraska_03b_bump.dds,349680,512,512,10,DXT5
textures.xdb0,textures/crete/crete_stena_kraska_03b_bump.thm,138,,,,
textures.xdb0,textures/crete/crete_stena_kraska_03c.dds,174904,512,512,10,DXT1
textures.xdb0,textures/crete/crete_stena_kraska_03c.thm,196,,,,
textures.xdb0,textures/crete/crete_stena_kraska_03c_bump#.dds,349680,512,512,10,DXT5
textures.xdb0,textures/crete/crete_stena_kraska_03c_bump#.thm,138,,,,
textures.xdb0,textures/crete/crete_stena_kraska_03c_bump.dds,349680,512,512,10,DXT5
textures.xdb0,textures/crete/crete_stena_kraska_03c_bump.thm,138,,,,
textures.xdb0,textures/crete/crete_stolb_rail.dds,43848,128,512,10,DXT1
textures.xdb0,textures/crete/crete_stolb_rail.thm,193,,,,
textures.xdb0,textures/crete/crete_stolb_rail_bump#.dds,349568,256,1024,6,DXT5
textures.xdb0,textures/crete/crete_stolb_rail_bump#.thm,138,,,,
textures.xdb0,textures/crete/crete_stolb_rail_bump.dds,349712,256,1024,11,DXT5
textures.xdb0,textures/crete/crete_stolb_rail_bump.thm,138,,,,
textures.xdb0,textures/crete/crete_stuccowall3_iov.dds,174904,512,512,10,DXT1
textures.xdb0,textures/crete/crete_stuccowall3_iov.thm,187,,,,
textures.xdb0,textures/crete/crete_stuccowall_iov.dds,699216,1024,512,11,DXT5
textures.xdb0,textures/crete/crete_stupeni_a.dds,174904,512,512,10,DXT1
textures.xdb0,textures/crete/crete_stupeni_a.thm,188,,,,
textures.xdb0,textures/crete/crete_stupeni_a_bump#.dds,87488,256,256,6,DXT5
textures.xdb0,textures/crete/crete_stupeni_a_bump#.thm,138,,,,
textures.xdb0,textures/crete/crete_stupeni_a_bump.dds,87536,256,256,9,DXT5
textures.xdb0,textures/crete/crete_stupeni_a_bump.thm,138,,,,
textures.xdb0,textures/crete/crete_stupeni_b.dds,174904,512,512,10,DXT1
textures.xdb0,textures/crete/crete_stupeni_b.thm,188,,,,
textures.xdb0,textures/crete/crete_stupeni_b_bump#.dds,87488,256,256,6,DXT5
textures.xdb0,textures/crete/crete_stupeni_b_bump#.thm,138,,,,
textures.xdb0,textures/crete/crete_stupeni_b_bump.dds,87536,256,256,9,DXT5
textures.xdb0,textures/crete/crete_stupeni_b_bump.thm,138,,,,
textures.xdb0,textures/crete/crete_stupeni_c.dds,174904,512,512,10,DXT1
textures.xdb0,textures/crete/crete_stupeni_c.thm,161,,,,
textures.xdb0,textures/crete/crete_truba_ql.dds,174904,512,512,10,DXT1
textures.xdb0,textures/crete/crete_truba_ql.thm,163,,,,
textures.xdb0,textures/crete/crete_wall_lab1.dds,349680,512,512,10,DXT5
textures.xdb0,textures/crete/crete_walls10.dds,174904,512,512,10,DXT1
textures.xdb0,textures/crete/crete_walls10.thm,186,,,,
textures.xdb0,textures/crete/crete_walls10_bump#.dds,349568,512,512,6,DXT5
textures.xdb0,textures/crete/crete_walls10_bump#.thm,138,,,,
textures.xdb0,textures/crete/crete_walls10_bump.dds,349680,512,512,10,DXT5
textures.xdb0,textures/crete/crete_walls10_bump.thm,138,,,,
textures.xdb0,textures/crete/crete_walls11.dds,174904,512,512,10,DXT1
textures.xdb0,textures/crete/crete_walls11.thm,185,,,,
textures.xdb0,textures/crete/crete_walls11_1.dds,174904,512,512,10,DXT1
textures.xdb0,textures/crete/crete_walls11_1.thm,185,,,,
textures.xdb0,textures/crete/crete_walls11_bump#.dds,1397888,1024,1024,6,DXT5
textures.xdb0,textures/crete/crete_walls11_bump#.thm,138,,,,
textures.xdb0,textures/crete/crete_walls11_bump.dds,349680,512,512,10,DXT5
textures.xdb0,textures/crete/crete_walls11_bump.thm,138,,,,
textures.xdb0,textures/crete/crete_walls12.dds,174904,512,512,10,DXT1
textures.xdb0,textures/crete/crete_walls12.thm,187,,,,
textures.xdb0,textures/crete/crete_walls12_bump#.dds,1397888,1024,1024,6,DXT5
textures.xdb0,textures/crete/crete_walls12_bump.dds,1397888,1024,1024,6,DXT5
textures.xdb0,textures/crete/crete_walls12_bump.thm,138,,,,
textures.xdb0,textures/crete/crete_walls13.dds,174904,512,512,10,DXT1
textures.xdb0,textures/crete/crete_walls13.thm,186,,,,
textures.xdb0,textures/crete/crete_walls13_bump#.dds,87488,256,256,6,DXT5
textures.xdb0,textures/crete/crete_walls13_bump#.thm,138,,,,
textures.xdb0,textures/crete/crete_walls13_bump.dds,349680,512,512,10,DXT5
textures.xdb0,textures/crete/crete_walls13_bump.thm,138,,,,
textures.xdb0,textures/crete/crete_walls14.dds,349672,1024,512,11,DXT1
textures.xdb0,textures/crete/crete_walls14.thm,189,,,,
textures.xdb0,textures/crete/crete_walls14_bump#.dds,174848,512,256,6,DXT5
textures.xdb0,textures/crete/crete_walls14_bump#.thm,138,,,,
textures.xdb0,textures/crete/crete_walls14_bump.dds,174928,512,256,10,DXT5
textures.xdb0,textures/crete/crete_walls14_bump.thm,138,,,,
textures.xdb0,textures/crete/crete_walls16.dds,174920,256,1024,11,DXT1
textures.xdb0,textures/crete/crete_walls16.thm,187,,,,
textures.xdb0,textures/crete/crete_walls16_bump#.dds,349568,256,1024,6,DXT5
textures.xdb0,textures/crete/crete_walls16_bump#.thm,138,,,,
textures.xdb0,textures/crete/crete_walls16_bump.dds,349712,256,1024,11,DXT5
textures.xdb0,textures/crete/crete_walls16_bump.thm,138,,,,
textures.xdb0,textures/crete/crete_walls17.dds,349680,512,512,10,DXT5
textures.xdb0,textures/crete/crete_walls17.thm,185,,,,
textures.xdb0,textures/crete/crete_walls17_iov.dds,349680,512,512,10,DXT5
textures.xdb0,textures/crete/crete_walls17_iov.thm,185,,,,
textures.xdb0,textures/crete/crete_walls17a.dds,349680,512,512,10,DXT5
textures.xdb0,textures/crete/crete_walls17a.thm,185,,,,
textures.xdb0,textures/crete/crete_walls18.dds,174904,512,512,10,DXT1
textures.xdb0,textures/crete/crete_walls18.thm,161,,,,
textures.xdb0,textures/crete/crete_walls18_bump#.dds,349680,512,512,10,DXT5
textures.xdb0,textures/crete/crete_walls18_bump.dds,349680,512,512,10,DXT5
textures.xdb0,textures/crete/crete_walls18_grysz.dds,174848,512,512,6,DXT1
textures.xdb0,textures/crete/crete_walls18_grysz.thm,161,,,,
textures.xdb0,textures/crete/crete_walls18a.dds,174904,512,512,10,DXT1
textures.xdb0,textures/crete/crete_walls18a.thm,186,,,,
textures.xdb0,textures/crete/crete_walls18a_bump#.dds,349680,512,512,10,DXT5
textures.xdb0,textures/crete/crete_walls18a_bump.dds,349680,512,512,10,DXT5
textures.xdb0,textures/crete/crete_walls19.dds,174928,256,512,10,DXT5
textures.xdb0,textures/crete/crete_walls20.dds,87528,256,512,10,DXT1
textures.xdb0,textures/crete/crete_walls20.thm,138,,,,
textures.xdb0,textures/crete/crete_walls21.dds,87536,256,256,9,DXT5
textures.xdb0,textures/crete/crete_walls22.dds,174904,512,512,10,DXT1
textures.xdb0,textures/crete/crete_walls22.thm,138,,,,
textures.xdb0,textures/crete/crete_walls22_bump#.dds,349680,512,512,10,DXT5
textures.xdb0,textures/crete/crete_walls22_bump.dds,349680,512,512,10,DXT5
textures.xdb0,textures/crete/crete_walls2_iov.dds,174904,512,512,10,DXT1
textures.xdb0,textures/crete/crete_walls2_iov.thm,188,,,,
textures.xdb0,textures/crete/crete_walls3.dds,43832,256,256,9,DXT1
textures.xdb0,textures/crete/crete_walls3.thm,162,,,,
textures.xdb0,textures/crete/crete_walls4.dds,174904,512,512,10,DXT1
textures.xdb0,textures/crete/crete_walls4.thm,185,,,,
textures.xdb0,textures/crete/crete_walls4_bump#.dds,349568,512,512,6,DXT5
textures.xdb0,textures/crete/crete_walls4_bump#.thm,138,,,,
textures.xdb0,textures/crete/crete_walls4_bump.dds,349680,512,512,10,DXT5
textures.xdb0,textures/crete/crete_walls4_bump.thm,138,,,,
textures.xdb0,textures/crete/crete_walls6.dds,43832,256,256,9,DXT1
textures.xdb0,textures/crete/crete_walls6.thm,162,,,,
textures.xdb0,textures/crete/crete_walls7.dds,174904,512,512,10,DXT1
textures.xdb0,textures/crete/crete_walls7.thm,185,,,,
textures.xdb0,textures/crete/crete_walls7_a.dds,349672,1024,512,11,DXT1
textures.xdb0,textures/crete/crete_walls7_a.thm,189,,,,
textures.xdb0,textures/crete/crete_walls7_a_bump#.dds,174848,512,256,6,DXT5
textures.xdb0,textures/crete/crete_walls7_a_bump#.thm,138,,,,
textures.xdb0,textures/crete/crete_walls7_a_bump.dds,174928,512,256,10,DXT5
textures.xdb0,textures/crete/crete_walls7_a_bump.thm,138,,,,
textures.xdb0,textures/crete/crete_walls8.dds,43832,256,256,9,DXT1
textures.xdb0,textures/crete/crete_walls8.thm,186,,,,
textures.xdb0,textures/crete/crete_walls8_01.dds,174904,512,512,10,DXT1
textures.xdb0,textures/crete/crete_walls8_01.thm,186,,,,
textures.xdb0,textures/crete/crete_walls8_bump#.dds,87488,256,256,6,DXT5
textures.xdb0,textures/crete/crete_walls8_bump#.thm,138,,,,
textures.xdb0,textures/crete/crete_walls8_bump.dds,87536,256,256,9,DXT5
textures.xdb0,textures/crete/crete_walls8_bump.thm,138,,,,
textures.xdb0,textures/crete/crete_walls8a.dds,43832,256,256,9,DXT1
textures.xdb0,textures/crete/crete_walls8a.thm,163,,,,
textures.xdb0,textures/crete/crete_walls8d.dds,43832,256,256,9,DXT1
textures.xdb0,textures/crete/crete_walls8d.thm,163,,,,
textures.xdb0,textures/crete/crete_walls9.dds,174904,512,512,10,DXT1
textures.xdb0,textures/crete/crete_walls9.thm,186,,,,
textures.xdb0,textures/crete/crete_walls9_a.dds,174904,512,512,10,DXT1
textures.xdb0,textures/crete/crete_walls9_a.thm,188,,,,
textures.xdb0,textures/crete/crete_walls9_a_bump#.dds,349680,512,512,10,DXT5
textures.xdb0,textures/crete/crete_walls9_a_bump.dds,349680,512,512,10,DXT5
textures.xdb0,textures/crete/crete_walls9_bump#.dds,349568,512,512,6,DXT5
textures.xdb0,textures/crete/crete_walls9_bump#.thm,138,,,,
textures.xdb0,textures/crete/crete_walls9_bump.dds,349680,512,512,10,DXT5
textures.xdb0,textures/crete/crete_walls9_bump.thm,138,,,,
textures.xdb0,textures/crete/crete_walls9a.dds,174904,512,512,10,DXT1
textures.xdb0,textures/crete/crete_walls9a.thm,192,,,,
textures.xdb0,textures/crete/crete_walls9b.dds,174904,512,512,10,DXT1
textures.xdb0,textures/crete/crete_walls9b.thm,186,,,,
textures.xdb0,textures/crete/crete_walls_01.dds,174904,512,512,10,DXT1
textures.xdb0,textures/crete/crete_walls_01.thm,187,,,,
textures.xdb0,textures/crete/crete_walls_01_bump#.dds,1397888,1024,1024,6,DXT5
textures.xdb0,textures/crete/crete_walls_01_bump#.thm,138,,,,
textures.xdb0,textures/crete/crete_walls_01_bump.dds,349680,512,512,10,DXT5
textures.xdb0,textures/crete/crete_walls_01_bump.thm,138,,,,
textures.xdb0,textures/crete/crete_walls_02.dds,174904,512,512,10,DXT1
textures.xdb0,textures/crete/crete_walls_02.thm,187,,,,
textures.xdb0,textures/crete/crete_walls_02_bump#.dds,1397888,1024,1024,6,DXT5
textures.xdb0,textures/crete/crete_walls_02_bump#.thm,138,,,,
textures.xdb0,textures/crete/crete_walls_02_bump.dds,349680,512,512,10,DXT5
textures.xdb0,textures/crete/crete_walls_02_bump.thm,138,,,,
textures.xdb0,textures/crete/crete_walls_cy01.dds,349672,1024,512,11,DXT1
textures.xdb0,textures/crete/crete_walls_cy01.thm,138,,,,
textures.xdb0,textures/crete/crete_walls_g.dds,349680,512,512,10,DXT5
textures.xdb0,textures/crete/crete_walls_g.thm,188,,,,
textures.xdb0,textures/crete/crete_walls_gr13.dds,349680,512,512,10,DXT5
textures.xdb0,textures/crete/crete_walls_gr13.thm,165,,,,
textures.xdb0,textures/crete/crete_walls_gr13_bump#.dds,21968,128,128,6,DXT5
textures.xdb0,textures/crete/crete_walls_gr13_bump.dds,21968,128,128,6,DXT5
textures.xdb0,textures/crete/crete_walls_gr13_bump.thm,138,,,,
textures.xdb0,textures/crete/crete_walls_j12.dds,174904,512,512,10,DXT1
textures.xdb0,textures/crete/crete_walls_j12.thm,187,,,,
textures.xdb0,textures/crete/crete_walls_j12_bump.dds,349680,512,512,10,DXT5
textures.xdb0,textures/crete/crete_walls_j12a.dds,174904,512,512,10,DXT1
textures.xdb0,textures/crete/crete_walls_j12a.thm,187,,,,
textures.xdb0,textures/crete/crete_walls_j12a_bump#.dds,1397888,1024,1024,6,DXT5
textures.xdb0,textures/crete/crete_walls_j12a_bump#.thm,138,,,,
textures.xdb0,textures/crete/crete_walls_j12a_bump.dds,349680,512,512,10,DXT5
textures.xdb0,textures/crete/crete_walls_j12a_bump.thm,138,,,,
textures.xdb0,textures/crete/crete_walls_j12b.dds,174904,512,512,10,DXT1
textures.xdb0,textures/crete/crete_walls_j12b.thm,187,,,,
textures.xdb0,textures/crete/crete_walls_j3a.dds,174904,512,512,10,DXT1
textures.xdb0,textures/crete/crete_walls_j3a.thm,138,,,,
textures.xdb0,textures/crete/crete_walls_old_01.dds,349672,1024,512,11,DXT1
textures.xdb0,textures/crete/crete_walls_old_01.thm,195,,,,
textures.xdb0,textures/crete/crete_walls_old_01_1_bump#.dds,699008,1024,512,6,DXT5
textures.xdb0,textures/crete/crete_walls_old_01_1_bump#.thm,138,,,,
textures.xdb0,textures/crete/crete_walls_old_01_1_bump.dds,699216,1024,512,11,DXT5
textures.xdb0,textures/crete/crete_walls_old_01_1_bump.thm,138,,,,
textures.xdb0,textures/crete/crete_walls_old_02.dds,349664,1024,512,10,DXT1
textures.xdb0,textures/crete/crete_walls_old_02.thm,193,,,,
textures.xdb0,textures/crete/crete_walls_old_02_bump#.dds,699008,1024,512,6,DXT5
textures.xdb0,textures/crete/crete_walls_old_02_bump#.thm,138,,,,
textures.xdb0,textures/crete/crete_walls_old_02_bump.dds,699200,1024,512,10,DXT5
textures.xdb0,textures/crete/crete_walls_old_02_bump.thm,138,,,,
textures.xdb0,textures/crete/crete_walls_old_03.dds,349672,1024,512,11,DXT1
textures.xdb0,textures/crete/crete_walls_old_03.thm,195,,,,
textures.xdb0,textures/crete/crete_walls_pryp_01.dds,87528,512,256,10,DXT1
textures.xdb0,textures/crete/crete_walls_pryp_01.thm,138,,,,
textures.xdb0,textures/crete/crete_walls_pryp_02.dds,87528,512,256,10,DXT1
textures.xdb0,textures/crete/crete_walls_pryp_02.thm,138,,,,
textures.xdb0,textures/crete/crete_walls_rg.dds,174904,512,512,10,DXT1
textures.xdb0,textures/crete/crete_walls_rg.thm,163,,,,
textures.xdb0,textures/crete/crete_walls_rg01.dds,174904,512,512,10,DXT1
textures.xdb0,textures/crete/crete_walls_rg01.thm,165,,,,
textures.xdb0,textures/crete/crete_walls_rg01_bump#.dds,349680,512,512,10,DXT5
textures.xdb0,textures/crete/crete_walls_rg01_bump#.thm,138,,,,
textures.xdb0,textures/crete/crete_walls_rg01_bump.dds,349680,512,512,10,DXT5
textures.xdb0,textures/crete/crete_walls_rg01_bump.thm,165,,,,
textures.xdb0,textures/crete/crete_walls_rg02.dds,174904,512,512,10,DXT1
textures.xdb0,textures/crete/crete_walls_rg02.thm,165,,,,
textures.xdb0,textures/crete/crete_walls_rg02_bump.thm,165,,,,
textures.xdb0,textures/crete/crete_walls_rg03.dds,87528,512,256,10,DXT1
textures.xdb0,textures/crete/crete_walls_rg03.thm,165,,,,
textures.xdb0,textures/crete/crete_walls_rg03_bump#.dds,174848,512,256,6,DXT5
textures.xdb0,textures/crete/crete_walls_rg03_bump#.thm,138,,,,
textures.xdb0,textures/crete/crete_walls_rg03_bump.dds,174928,512,256,10,DXT5
textures.xdb0,textures/crete/crete_walls_rg03_bump.thm,138,,,,
textures.xdb0,textures/crete/crete_walls_rg04.dds,43832,256,256,9,DXT1
textures.xdb0,textures/crete/crete_walls_rg04.jpg,63052,,,,
textures.xdb0,textures/crete/crete_walls_rg04.thm,186,,,,
textures.xdb0,textures/crete/crete_walls_rg05.dds,43832,256,256,9,DXT1
textures.xdb0,textures/crete/crete_walls_rg05.thm,188,,,,
textures.xdb0,textures/crete/crete_walls_rg05_bump#.dds,87488,256,256,6,DXT5
textures.xdb0,textures/crete/crete_walls_rg05_bump#.thm,138,,,,
textures.xdb0,textures/crete/crete_walls_rg05_bump.dds,87536,256,256,9,DXT5
textures.xdb0,textures/crete/crete_walls_rg05_bump.thm,138,,,,
textures.xdb0,textures/crete/crete_walls_rg06.dds,174920,1024,256,11,DXT1
textures.xdb0,textures/crete/crete_walls_rg06.thm,165,,,,
textures.xdb0,textures/crete/crete_walls_rg06_bump#.dds,349568,1024,256,6,DXT5
textures.xdb0,textures/crete/crete_walls_rg06_bump#.thm,138,,,,
textures.xdb0,textures/crete/crete_walls_rg06_bump.dds,349712,1024,256,11,DXT5
textures.xdb0,textures/crete/crete_walls_rg06_bump.thm,138,,,,
textures.xdb0,textures/crete/crete_walls_rg07.dds,174848,512,512,6,DXT1
textures.xdb0,textures/crete/crete_walls_rg07.thm,192,,,,
textures.xdb0,textures/crete/crete_walls_rg08.dds,349672,512,1024,11,DXT1
textures.xdb0,textures/crete/crete_walls_rg08.thm,165,,,,
textures.xdb0,textures/crete/crete_walls_rg08_bump#.dds,699216,512,1024,11,DXT5
textures.xdb0,textures/crete/crete_walls_rg08_bump.dds,699216,512,1024,11,DXT5
textures.xdb0,textures/crete/crete_walls_rg09.dds,174904,512,512,10,DXT1
textures.xdb0,textures/crete/crete_walls_rg09.thm,165,,,,
textures.xdb0,textures/crete/crete_walls_rg09_bump#.dds,349568,512,512,6,DXT5
textures.xdb0,textures/crete/crete_walls_rg09_bump#.thm,138,,,,
textures.xdb0,textures/crete/crete_walls_rg09_bump.dds,349680,512,512,10,DXT5
textures.xdb0,textures/crete/crete_walls_rg09_bump.thm,138,,,,
textures.xdb0,textures/crete/crete_walls_rg_bump#.dds,87536,256,256,9,DXT5
textures.xdb0,textures/crete/crete_walls_rg_bump#.thm,138,,,,
textures.xdb0,textures/crete/crete_walls_rg_bump.dds,87536,256,256,9,DXT5
textures.xdb0,textures/crete/crete_walls_rg_bump.thm,165,,,,
textures.xdb0,textures/crete/crete_walls_tual_b.dds,174904,512,512,10,DXT1
textures.xdb0,textures/crete/crete_walls_tual_b.thm,161,,,,
textures.xdb0,textures/crete/crete_walls_tualgr.dds,174848,512,512,6,DXT1
textures.xdb0,textures/crete/crete_walls_tualgr.thm,190,,,,
textures.xdb0,textures/crete/crete_walls_tualgr01.dds,43848,128,512,10,DXT1
textures.xdb0,textures/crete/crete_walls_tualgr01.thm,190,,,,
textures.xdb0,textures/crete/crete_walls_tualgr02.dds,349680,512,512,10,DXT5
textures.xdb0,textures/crete/crete_walls_tualgr03.dds,174904,512,512,10,DXT1
textures.xdb0,textures/crete/crete_walls_tualgr03.thm,192,,,,
textures.xdb0,textures/crete/crete_walls_tualgr03_bump#.dds,1397888,1024,1024,6,DXT5
textures.xdb0,textures/crete/crete_walls_tualgr03_bump#.thm,138,,,,
textures.xdb0,textures/crete/crete_walls_tualgr03_bump.dds,349680,512,512,10,DXT5
textures.xdb0,textures/crete/crete_walls_tualgr03_bump.thm,138,,,,
textures.xdb0,textures/crete/crete_walls_tualgr04.dds,174904,512,512,10,DXT1
textures.xdb0,textures/crete/crete_walls_tualgr04.thm,188,,,,
textures.xdb0,textures/crete/crete_walls_tualgr_bump#.dds,1397888,1024,1024,6,DXT5
textures.xdb0,textures/crete/crete_walls_tualgr_bump#.thm,138,,,,
textures.xdb0,textures/crete/crete_walls_tualgr_bump.dds,1397888,1024,1024,6,DXT5
textures.xdb0,textures/crete/crete_walls_tualgr_bump.thm,138,,,,
textures.xdb0,textures/crete/crete_wallsgr11.dds,174904,512,512,10,DXT1
textures.xdb0,textures/crete/crete_wallsgr11.thm,188,,,,
textures.xdb0,textures/crete/crete_welts.dds,87528,512,256,10,DXT1
textures.xdb0,textures/crete/crete_welts.thm,187,,,,
textures.xdb0,textures/crete/crete_welts_bump#.dds,174848,512,256,6,DXT5
textures.xdb0,textures/crete/crete_welts_bump#.thm,138,,,,
textures.xdb0,textures/crete/crete_welts_bump.dds,174928,512,256,10,DXT5
textures.xdb0,textures/crete/crete_welts_bump.thm,138,,,,
textures.xdb0,textures/crete/crete_window_set_iov.dds,43832,256,256,9,DXT1
textures.xdb0,textures/crete/crete_zabor.dds,174904,512,512,10,DXT1
textures.xdb0,textures/crete/crete_zabor.thm,184,,,,
textures.xdb0,textures/crete/crete_zabor_02.dds,174904,512,512,10,DXT1
textures.xdb0,textures/crete/crete_zabor_02.thm,187,,,,
textures.xdb0,textures/crete/crete_zabor_02_bump#.dds,349568,512,512,6,DXT5
textures.xdb0,textures/crete/crete_zabor_02_bump#.thm,138,,,,
textures.xdb0,textures/crete/crete_zabor_02_bump.dds,349680,512,512,10,DXT5
textures.xdb0,textures/crete/crete_zabor_02_bump.thm,138,,,,
textures.xdb0,textures/crete/crete_zabor_bump#.dds,349568,512,512,6,DXT5
textures.xdb0,textures/crete/crete_zabor_bump#.thm,138,,,,
textures.xdb0,textures/crete/crete_zabor_bump.dds,349680,512,512,10,DXT5
textures.xdb0,textures/crete/crete_zabor_bump.thm,138,,,,
textures.xdb0,textures/decal/decal_anarh_1.dds,22000,128,128,8,DXT5
textures.xdb0,textures/decal/decal_anarh_1.thm,138,,,,
textures.xdb0,textures/decal/decal_anarh_2.dds,22000,128,128,8,DXT5
textures.xdb0,textures/decal/decal_anarh_2.thm,138,,,,
textures.xdb0,textures/decal/decal_anarh_3.dds,22000,128,128,8,DXT5
textures.xdb0,textures/decal/decal_anarh_4.dds,22000,128,128,8,DXT5
textures.xdb0,textures/decal/decal_anarh_5.dds,22000,128,128,8,DXT5
textures.xdb0,textures/decal/decal_anarh_5.thm,138,,,,
textures.xdb0,textures/decal/decal_anarh_6.dds,22000,128,128,8,DXT5
textures.xdb0,textures/decal/decal_anarh_6.thm,138,,,,
textures.xdb0,textures/decal/decal_anarh_7.dds,22000,128,128,8,DXT5
textures.xdb0,textures/decal/decal_anarh_7.thm,138,,,,
textures.xdb0,textures/decal/decal_board_1.dds,349680,512,512,10,DXT5
textures.xdb0,textures/decal/decal_board_1.thm,138,,,,
textures.xdb0,textures/decal/decal_circle.dds,5616,64,64,7,DXT5
textures.xdb0,textures/decal/decal_circle.thm,138,,,,
textures.xdb0,textures/decal/decal_dirt_01.dds,87536,256,256,9,DXT5
textures.xdb0,textures/decal/decal_dirt_01.thm,138,,,,
textures.xdb0,textures/decal/decal_dirt_02.dds,87536,256,256,9,DXT5
textures.xdb0,textures/decal/decal_dirt_03.dds,87536,256,256,9,DXT5
textures.xdb0,textures/decal/decal_dirt_03.thm,138,,,,
textures.xdb0,textures/decal/decal_dirt_04.dds,87536,256,256,9,DXT5
textures.xdb0,textures/decal/decal_dirt_04.thm,138,,,,
textures.xdb0,textures/decal/decal_dirt_05.dds,349680,512,512,10,DXT5
textures.xdb0,textures/decal/decal_dirt_05.thm,138,,,,
textures.xdb0,textures/decal/decal_floor1.dds,87536,256,256,9,DXT5
textures.xdb0,textures/decal/decal_floor2.dds,87536,256,256,9,DXT5
textures.xdb0,textures/decal/decal_floor2.thm,138,,,,
textures.xdb0,textures/decal/decal_floor3.dds,87536,256,256,9,DXT5
textures.xdb0,textures/decal/decal_graz1.dds,22000,128,128,8,DXT5
textures.xdb0,textures/decal/decal_graz1.thm,138,,,,
textures.xdb0,textures/decal/decal_graz2.dds,22000,128,128,8,DXT5
textures.xdb0,textures/decal/decal_graz2.thm,138,,,,
textures.xdb0,textures/decal/decal_graz3.dds,22000,128,128,8,DXT5
textures.xdb0,textures/decal/decal_graz3.thm,138,,,,
textures.xdb0,textures/decal/decal_graz4.dds,22000,128,128,8,DXT5
textures.xdb0,textures/decal/decal_graz4.thm,138,,,,
textures.xdb0,textures/decal/decal_graz5.dds,22000,128,128,8,DXT5
textures.xdb0,textures/decal/decal_graz5.thm,138,,,,
textures.xdb0,textures/decal/decal_graz6.dds,22000,128,128,8,DXT5
textures.xdb0,textures/decal/decal_graz6.thm,138,,,,
textures.xdb0,textures/decal/decal_graz7.dds,22000,128,128,8,DXT5
textures.xdb0,textures/decal/decal_graz7.thm,138,,,,
textures.xdb0,textures/decal/decal_kassa.dds,22032,256,64,9,DXT5
textures.xdb0,textures/decal/decal_kassa.thm,138,,,,
textures.xdb0,textures/decal/decal_kinder_picture_01.dds,87536,256,256,9,DXT5
textures.xdb0,textures/decal/decal_kinder_picture_01.thm,138,,,,
textures.xdb0,textures/decal/decal_kinder_picture_02.dds,43856,128,256,9,DXT5
textures.xdb0,textures/decal/decal_kinder_picture_02.thm,138,,,,
textures.xdb0,textures/decal/decal_kinder_picture_03.dds,32896,128,256,0,DXT5
textures.xdb0,textures/decal/decal_kinder_picture_03.seq,1125,,,,
textures.xdb0,textures/decal/decal_kinder_picture_03.thm,138,,,,
textures.xdb0,textures/decal/decal_kinder_picture_03_1.dds,43856,128,256,9,DXT5
textures.xdb0,textures/decal/decal_kinder_picture_03_2.dds,43856,128,256,9,DXT5
textures.xdb0,textures/decal/decal_kinder_picture_04.dds,43856,128,256,9,DXT5
textures.xdb0,textures/decal/decal_kinder_picture_04.thm,138,,,,
textures.xdb0,textures/decal/decal_kostrishe.dds,349680,512,512,10,DXT5
textures.xdb0,textures/decal/decal_kostrishe.thm,138,,,,
textures.xdb0,textures/decal/decal_lift1.dds,22000,128,128,8,DXT5
textures.xdb0,textures/decal/decal_lift2.dds,22000,128,128,8,DXT5
textures.xdb0,textures/decal/decal_lift2.thm,138,,,,
textures.xdb0,textures/decal/decal_lift3.dds,22000,128,128,8,DXT5
textures.xdb0,textures/decal/decal_listja.dds,349680,512,512,10,DXT5
textures.xdb0,textures/decal/decal_listja.thm,138,,,,
textures.xdb0,textures/decal/decal_listja_vetki.dds,349680,512,512,10,DXT5
textures.xdb0,textures/decal/decal_listja_vetki.thm,138,,,,
textures.xdb0,textures/decal/decal_moh_1.dds,87536,256,256,9,DXT5
textures.xdb0,textures/decal/decal_moh_1.thm,138,,,,
textures.xdb0,textures/decal/decal_monolith_sign.dds,22000,128,128,8,DXT5
textures.xdb0,textures/decal/decal_monolith_sign.thm,138,,,,
textures.xdb0,textures/decal/decal_musor_pol1.dds,349680,512,512,10,DXT5
textures.xdb0,textures/decal/decal_musor_pol1.thm,138,,,,
textures.xdb0,textures/decal/decal_musor_pol2.dds,349680,512,512,10,DXT5
textures.xdb0,textures/decal/decal_musor_pol2.thm,138,,,,
textures.xdb0,textures/decal/decal_musor_pol3.dds,349680,512,512,10,DXT5
textures.xdb0,textures/decal/decal_musor_pol3.thm,138,,,,
textures.xdb0,textures/decal/decal_plakat_1.dds,87536,256,256,9,DXT5
textures.xdb0,textures/decal/decal_plakat_1.thm,138,,,,
textures.xdb0,textures/decal/decal_plakat_2.dds,87536,256,256,9,DXT5
textures.xdb0,textures/decal/decal_plakat_2.thm,138,,,,
textures.xdb0,textures/decal/decal_plakat_3.dds,87536,256,256,9,DXT5
textures.xdb0,textures/decal/decal_plakat_3.thm,138,,,,
textures.xdb0,textures/decal/decal_poteki.dds,174928,512,256,10,DXT5
textures.xdb0,textures/decal/decal_poteki.thm,138,,,,
textures.xdb0,textures/decal/decal_poteki_iov.dds,349680,512,512,10,DXT5
textures.xdb0,textures/decal/decal_poteki_iov.thm,138,,,,
textures.xdb0,textures/decal/decal_rainbow.dds,21992,256,128,9,DXT1
textures.xdb0,textures/decal/decal_rainbow.thm,138,,,,
textures.xdb0,textures/decal/decal_redteam_trafaret.dds,87536,256,256,9,DXT5
textures.xdb0,textures/decal/decal_redteam_trafaret.thm,138,,,,
textures.xdb0,textures/decal/decal_ro50210.dds,87536,256,256,9,DXT5
textures.xdb0,textures/decal/decal_ro50210.thm,138,,,,
textures.xdb0,textures/decal/decal_rza_a.dds,87536,256,256,9,DXT5
textures.xdb0,textures/decal/decal_rza_a.thm,138,,,,
textures.xdb0,textures/decal/decal_rza_potek.dds,87536,256,256,9,DXT5
textures.xdb0,textures/decal/decal_rza_potek.thm,138,,,,
textures.xdb0,textures/decal/decal_rza_potek1.dds,87536,256,256,9,DXT5
textures.xdb0,textures/decal/decal_rza_potek1.thm,138,,,,
textures.xdb0,textures/decal/decal_shevchenko.dds,22032,256,64,9,DXT5
textures.xdb0,textures/decal/decal_shevchenko.thm,138,,,,
textures.xdb0,textures/decal/decal_skadovsk.dds,87536,256,256,9,DXT5
textures.xdb0,textures/decal/decal_skadovsk.thm,138,,,,
textures.xdb0,textures/decal/decal_star.dds,22000,128,128,8,DXT5
textures.xdb0,textures/decal/decal_star.thm,138,,,,
textures.xdb0,textures/deta/decail_0_budynek_00.dds,349656,512,512,8,DXT5
textures.xdb0,textures/deta/decail_0_budynek_00.thm,158,,,,
textures.xdb0,textures/deta/decail_0_budynek_00_bump.thm,138,,,,
textures.xdb0,textures/deta/decail_0_budynek_01.dds,349656,512,512,8,DXT5
textures.xdb0,textures/deta/decail_0_budynek_01.thm,158,,,,
textures.xdb0,textures/deta/decail_0_budynek_01_bump.thm,138,,,,
textures.xdb0,textures/deta/decail_0_moss_00.dds,1048704,1024,1024,0,DXT5
textures.xdb0,textures/deta/decail_0_moss_00.thm,158,,,,
textures.xdb0,textures/deta/decail_0_moss_00_bump.thm,138,,,,
textures.xdb0,textures/deta/decail_0_moss_01.dds,262272,512,512,0,DXT5
textures.xdb0,textures/deta/decail_0_moss_01.thm,158,,,,
textures.xdb0,textures/deta/decail_0_moss_01_bump.thm,138,,,,
textures.xdb0,textures/deta/decail_0_oil.dds,349656,512,512,8,DXT5
textures.xdb0,textures/deta/decail_0_oil.thm,158,,,,
textures.xdb0,textures/deta/decail_0_oil_bump.thm,138,,,,
textures.xdb0,textures/deta/decail_grjazpjatno.dds,1398256,1024,1024,11,DXT5
textures.xdb0,textures/deta/decail_grjazpjatno.thm,158,,,,
textures.xdb0,textures/deta/decail_grjazpjatno_bump.thm,138,,,,
textures.xdb0,textures/deta/decail_igolki.dds,349680,512,512,10,DXT5
textures.xdb0,textures/deta/decail_igolki.thm,158,,,,
textures.xdb0,textures/deta/decail_igolki_bump.thm,138,,,,
textures.xdb0,textures/deta/decail_logovo.dds,1398256,1024,1024,11,DXT5
textures.xdb0,textures/deta/decail_logovo.thm,158,,,,
textures.xdb0,textures/deta/decail_logovo_bump.thm,138,,,,
textures.xdb0,textures/deta/decail_musor_00.dds,262272,512,512,0,DXT5
textures.xdb0,textures/deta/decail_musor_00.thm,158,,,,
textures.xdb0,textures/deta/decail_musor_00_bump.thm,138,,,,
textures.xdb0,textures/deta/decail_musor_01.dds,262272,512,512,0,DXT5
textures.xdb0,textures/deta/decail_musor_01.thm,158,,,,
textures.xdb0,textures/deta/decail_musor_01_bump.thm,138,,,,
textures.xdb0,textures/deta/decail_musor_02.dds,262272,512,512,0,DXT5
textures.xdb0,textures/deta/decail_musor_02.thm,158,,,,
textures.xdb0,textures/deta/decail_musor_02_bump.thm,138,,,,
textures.xdb0,textures/deta/decail_papers_musor.dds,1398256,1024,1024,11,DXT5
textures.xdb0,textures/deta/decail_papers_musor.thm,158,,,,
textures.xdb0,textures/deta/decail_papers_musor_bump.thm,138,,,,
textures.xdb0,textures/deta/decail_podnogamy.dds,1398256,1024,1024,11,DXT5
textures.xdb0,textures/deta/decail_podnogamy.thm,158,,,,
textures.xdb0,textures/deta/decail_podnogamy_bump.thm,138,,,,
textures.xdb0,textures/deta/decail_pogoreliy.dds,349680,512,512,10,DXT5
textures.xdb0,textures/deta/decail_pogoreliy.thm,158,,,,
textures.xdb0,textures/deta/decail_pogoreliy_bump.thm,138,,,,
textures.xdb0,textures/deta/decail_potolok_potek.dds,5592560,2048,2048,12,DXT5
textures.xdb0,textures/deta/decail_potolok_potek.thm,158,,,,
textures.xdb0,textures/deta/decail_potolok_potek_bump.thm,138,,,,
textures.xdb0,textures/deta/decail_spidernet_00.dds,4194432,2048,2048,0,DXT5
textures.xdb0,textures/deta/decail_spidernet_00.thm,158,,,,
textures.xdb0,textures/deta/decail_spidernet_00_bump.thm,138,,,,
textures.xdb0,textures/deta/decail_trees_trava_01.dds,349680,512,512,10,DXT5
textures.xdb0,textures/deta/decail_trees_trava_01.thm,158,,,,
textures.xdb0,textures/deta/decail_trees_trava_01_bump.thm,138,,,,
textures.xdb0,textures/deta/decail_trees_trava_02.dds,262272,512,512,0,DXT5
textures.xdb0,textures/deta/decail_trees_trava_02.thm,167,,,,
textures.xdb0,textures/deta/decail_trees_trava_02_bump.thm,138,,,,
textures.xdb0,textures/deta/decail_water_studen.dds,4194432,2048,2048,0,DXT5
textures.xdb0,textures/deta/decail_water_studen.thm,158,,,,
textures.xdb0,textures/deta/decail_water_studen_bump.thm,138,,,,
textures.xdb0,textures/deta/decail_watertrash_01.dds,1048704,1024,1024,0,DXT5
textures.xdb0,textures/deta/decail_watertrash_01.thm,158,,,,
textures.xdb0,textures/deta/decail_watertrash_01_bump.thm,138,,,,
textures.xdb0,textures/deta/decail_watertrash_02.dds,1048704,1024,1024,0,DXT5
textures.xdb0,textures/deta/decail_watertrash_02.thm,158,,,,
textures.xdb0,textures/deta/decail_watertrash_02_bump.thm,138,,,,
textures.xdb0,textures/deta/decal_1_hangingmoss_00.dds,262272,512,512,0,DXT5
textures.xdb0,textures/deta/decal_1_hangingmoss_00.thm,167,,,,
textures.xdb0,textures/deta/decal_1_hangingmoss_00_bump.thm,138,,,,
textures.xdb0,textures/deta/decal_1_hangingmoss_01.dds,262272,512,512,0,DXT5
textures.xdb0,textures/deta/decal_1_hangingmoss_01.thm,167,,,,
textures.xdb0,textures/deta/decal_1_hangingmoss_01_bump.thm,138,,,,
textures.xdb0,textures/deta/decal_1_hangingmoss_02.dds,262272,512,512,0,DXT5
textures.xdb0,textures/deta/decal_1_hangingmoss_02.thm,167,,,,
textures.xdb0,textures/deta/decal_1_hangingmoss_02_bump.thm,138,,,,
textures.xdb0,textures/deta/decal_1_hangingmoss_03.dds,262272,512,512,0,DXT5
textures.xdb0,textures/deta/decal_1_hangingmoss_03.thm,167,,,,
textures.xdb0,textures/deta/decal_1_hangingmoss_03_bump.thm,138,,,,
textures.xdb0,textures/deta/decal_1_hangingmoss_04.dds,1048704,1024,1024,0,DXT5
textures.xdb0,textures/deta/decal_1_hangingmoss_04.thm,167,,,,
textures.xdb0,textures/deta/decal_1_hangingmoss_04_bump.thm,138,,,,
textures.xdb0,textures/deta/decal_1_poteki_00.dds,349680,512,512,10,DXT5
textures.xdb0,textures/deta/decal_1_poteki_00.thm,158,,,,
textures.xdb0,textures/deta/decal_1_poteki_00_bump.thm,138,,,,
textures.xdb0,textures/deta/deta_00001_bump#.dds,240,8,8,4,DXT5
textures.xdb0,textures/deta/deta_00001_bump.dds,349680,512,512,10,DXT5
textures.xdb0,textures/deta/deta_00002_bump#.dds,240,8,8,4,DXT5
textures.xdb0,textures/deta/deta_00002_bump.dds,349680,512,512,10,DXT5
textures.xdb0,textures/deta/deta_00003_bump#.dds,240,8,8,4,DXT5
textures.xdb0,textures/deta/deta_00003_bump.dds,1398256,1024,1024,11,DXT5
textures.xdb0,textures/deta/deta_00004_bump#.dds,240,8,8,4,DXT5
textures.xdb0,textures/deta/deta_00004_bump.dds,349680,512,512,10,DXT5
textures.xdb0,textures/deta/deta_00005_bump#.dds,240,8,8,4,DXT5
textures.xdb0,textures/deta/deta_00005_bump.dds,349680,512,512,10,DXT5
textures.xdb0,textures/deta/deta_00006_bump#.dds,240,8,8,4,DXT5
textures.xdb0,textures/deta/deta_00007_bump#.dds,240,8,8,4,DXT5
textures.xdb0,textures/deta/deta_00008_bump#.dds,240,8,8,4,DXT5
textures.xdb0,textures/deta/deta_00009_bump#.dds,240,8,8,4,DXT5
textures.xdb0,textures/deta/deta_00009_bump.dds,1398256,1024,1024,11,DXT5
textures.xdb0,textures/deta/deta_00010_bump#.dds,240,8,8,4,DXT5
textures.xdb0,textures/deta/deta_00010_bump.dds,349680,512,512,10,DXT5
textures.xdb0,textures/deta/deta_00011_bump#.dds,240,8,8,4,DXT5
textures.xdb0,textures/deta/deta_00011_bump.dds,1398256,1024,1024,11,DXT5
textures.xdb0,textures/deta/deta_00012_bump#.dds,262272,512,512,0,DXT5
textures.xdb0,textures/deta/deta_00012_bump.dds,262272,512,512,0,DXT5
textures.xdb0,textures/deta/deta_00013_bump#.dds,262272,512,512,0,DXT5
textures.xdb0,textures/deta/deta_00013_bump.dds,262272,512,512,0,DXT5
textures.xdb0,textures/deta/deta_00014_bump#.dds,262272,512,512,0,DXT5
textures.xdb0,textures/deta/deta_00014_bump.dds,262272,512,512,0,DXT5
textures.xdb0,textures/deta/deta_00015_bump#.dds,240,8,8,4,DXT5
textures.xdb0,textures/deta/deta_00015_bump.dds,1398256,1024,1024,11,DXT5
textures.xdb0,textures/deta/deta_00016_bump#.dds,240,8,8,4,DXT5
textures.xdb0,textures/deta/deta_00016_bump.dds,5592560,2048,2048,12,DXT5
textures.xdb0,textures/deta/deta_00017_bump#.dds,240,8,8,4,DXT5
textures.xdb0,textures/deta/deta_00017_bump.dds,349680,512,512,10,DXT5
textures.xdb0,textures/deta/deta_00018_bump#.dds,240,8,8,4,DXT5
textures.xdb0,textures/deta/deta_00018_bump.dds,5592560,2048,2048,12,DXT5
textures.xdb0,textures/deta/deta_00019_bump#.dds,240,8,8,4,DXT5
textures.xdb0,textures/deta/deta_00019_bump.dds,5592560,2048,2048,12,DXT5
textures.xdb0,textures/deta/deta_00022_bump#.dds,349680,512,512,10,DXT5
textures.xdb0,textures/deta/deta_00022_bump.dds,349680,512,512,10,DXT5
textures.xdb0,textures/deta/deta_00023_bump.dds,1398256,1024,1024,11,DXT5
textures.xdb0,textures/deta/deta_00024_bump#.dds,1398256,1024,1024,11,DXT5
textures.xdb0,textures/deta/deta_00024_bump.dds,1048704,1024,1024,0,DXT5
textures.xdb0,textures/deta/deta_00025_bump#.dds,1048704,1024,1024,0,DXT5
textures.xdb0,textures/deta/deta_00025_bump.dds,1048704,1024,1024,0,DXT5
textures.xdb0,textures/deta/deta_00026_bump#.dds,240,8,8,4,DXT5
textures.xdb0,textures/deta/deta_00026_bump.dds,349680,512,512,10,DXT5
textures.xdb0,textures/deta/deta_mush1_bump#.dds,240,8,8,4,DXT5
textures.xdb0,textures/deta/deta_mush1_bump.dds,1398256,1024,1024,11,DXT5
textures.xdb0,textures/deta/deta_mush2_bump#.dds,240,8,8,4,DXT5
textures.xdb0,textures/deta/deta_mush2_bump.dds,1398256,1024,1024,11,DXT5
textures.xdb0,textures/deta/deta_mush3_bump#.dds,349680,512,512,10,DXT5
textures.xdb0,textures/deta/deta_mush3_bump.dds,349680,512,512,10,DXT5
textures.xdb0,textures/deta/blood/wm_blood_1.dds,349680,512,512,10,DXT5
textures.xdb0,textures/deta/blood/wm_blood_1.thm,168,,,,
textures.xdb0,textures/deta/blood/wm_blood_2.dds,349680,512,512,10,DXT5
textures.xdb0,textures/deta/blood/wm_blood_2.thm,168,,,,
textures.xdb0,textures/deta/blood/wm_blood_3.dds,262272,512,512,0,DXT5
textures.xdb0,textures/deta/blood/wm_blood_3.thm,168,,,,
textures.xdb0,textures/deta/blood/wm_blood_4.dds,65664,256,256,0,DXT5
textures.xdb0,textures/deta/blood/wm_blood_4.thm,168,,,,
textures.xdb0,textures/deta/blood/wm_blood_5.dds,65664,256,256,0,DXT5
textures.xdb0,textures/deta/blood/wm_blood_5.thm,168,,,,
textures.xdb0,textures/deta/blood/wm_blood_6.dds,65664,256,256,0,DXT5
textures.xdb0,textures/deta/blood/wm_blood_6.thm,168,,,,
textures.xdb0,textures/deta/blood/wm_blood_7.dds,65664,256,256,0,DXT5
textures.xdb0,textures/deta/blood/wm_blood_7.thm,168,,,,
textures.xdb0,textures/deta/blood/wm_blood_8.dds,65664,256,256,0,DXT5
textures.xdb0,textures/deta/blood/wm_blood_8.thm,168,,,,
textures.xdb0,textures/deta/blood/wm_blood_9.dds,65664,256,256,0,DXT5
textures.xdb0,textures/deta/blood/wm_blood_9.thm,168,,,,
textures.xdb0,textures/detail/detail_asfalt_det1.dds,349680,512,512,10,DXT5
textures.xdb0,textures/detail/detail_asfalt_det1.thm,138,,,,
textures.xdb0,textures/detail/detail_asfalt_det1_u.dds,699216,1024,512,11,DXT5
textures.xdb0,textures/detail/detail_asfalt_det1_u.thm,138,,,,
textures.xdb0,textures/detail/detail_beton_det1.dds,349680,512,512,10,DXT5
textures.xdb0,textures/detail/detail_beton_det1.thm,167,,,,
textures.xdb0,textures/detail/detail_beton_det1_bump#.dds,349568,512,512,6,DXT5
textures.xdb0,textures/detail/detail_beton_det1_bump#.thm,138,,,,
textures.xdb0,textures/detail/detail_beton_det1_bump.dds,349680,512,512,10,DXT5
textures.xdb0,textures/detail/detail_beton_det1_bump.thm,138,,,,
textures.xdb0,textures/detail/detail_beton_det1_u.dds,699216,1024,512,11,DXT5
textures.xdb0,textures/detail/detail_beton_det1_u.thm,169,,,,
textures.xdb0,textures/detail/detail_beton_det1_u_bump#.dds,699008,1024,512,6,DXT5
textures.xdb0,textures/detail/detail_beton_det1_u_bump#.thm,138,,,,
textures.xdb0,textures/detail/detail_beton_det1_u_bump.dds,699216,1024,512,11,DXT5
textures.xdb0,textures/detail/detail_beton_det1_u_bump.thm,138,,,,
textures.xdb0,textures/detail/detail_beton_det1_v.dds,699216,512,1024,11,DXT5
textures.xdb0,textures/detail/detail_beton_det1_v.thm,169,,,,
textures.xdb0,textures/detail/detail_beton_det1_v_bump#.dds,699008,512,1024,6,DXT5
textures.xdb0,textures/detail/detail_beton_det1_v_bump#.thm,138,,,,
textures.xdb0,textures/detail/detail_beton_det1_v_bump.dds,699216,512,1024,11,DXT5
textures.xdb0,textures/detail/detail_beton_det1_v_bump.thm,138,,,,
textures.xdb0,textures/detail/detail_beton_det3.dds,349680,512,512,10,DXT5
textures.xdb0,textures/detail/detail_beton_det3.thm,167,,,,
textures.xdb0,textures/detail/detail_beton_det3_bump#.dds,349568,512,512,6,DXT5
textures.xdb0,textures/detail/detail_beton_det3_bump#.thm,138,,,,
textures.xdb0,textures/detail/detail_beton_det3_bump.dds,349680,512,512,10,DXT5
textures.xdb0,textures/detail/detail_beton_det3_bump.thm,138,,,,
textures.xdb0,textures/detail/detail_beton_det3_u.dds,699216,1024,512,11,DXT5
textures.xdb0,textures/detail/detail_beton_det3_u.thm,169,,,,
textures.xdb0,textures/detail/detail_beton_det3_u_bump#.dds,699008,1024,512,6,DXT5
textures.xdb0,textures/detail/detail_beton_det3_u_bump#.thm,138,,,,
textures.xdb0,textures/detail/detail_beton_det3_u_bump.dds,699216,1024,512,11,DXT5
textures.xdb0,textures/detail/detail_beton_det3_u_bump.thm,138,,,,
textures.xdb0,textures/detail/detail_beton_det3_v.dds,699216,512,1024,11,DXT5
textures.xdb0,textures/detail/detail_beton_det3_v.thm,169,,,,
textures.xdb0,textures/detail/detail_beton_det3_v_bump#.dds,699008,512,1024,6,DXT5
textures.xdb0,textures/detail/detail_beton_det3_v_bump#.thm,138,,,,
textures.xdb0,textures/detail/detail_beton_det3_v_bump.dds,699216,512,1024,11,DXT5
textures.xdb0,textures/detail/detail_beton_det3_v_bump.thm,138,,,,
textures.xdb0,textures/detail/detail_beton_det4.dds,349680,512,512,10,DXT5
textures.xdb0,textures/detail/detail_beton_det4.thm,167,,,,
textures.xdb0,textures/detail/detail_beton_det4_bump#.dds,87488,256,256,6,DXT5
textures.xdb0,textures/detail/detail_beton_det4_bump#.thm,138,,,,
textures.xdb0,textures/detail/detail_beton_det4_bump.dds,1398256,1024,1024,11,DXT5
textures.xdb0,textures/detail/detail_beton_det4_bump.thm,138,,,,
textures.xdb0,textures/detail/detail_beton_det4_u.dds,699216,1024,512,11,DXT5
textures.xdb0,textures/detail/detail_beton_det4_u.thm,169,,,,
textures.xdb0,textures/detail/detail_beton_det4_u2.dds,1398288,2048,512,12,DXT5
textures.xdb0,textures/detail/detail_beton_det4_u2.thm,170,,,,
textures.xdb0,textures/detail/detail_beton_det4_u2_bump#.dds,87488,512,128,6,DXT5
textures.xdb0,textures/detail/detail_beton_det4_u2_bump#.thm,138,,,,
textures.xdb0,textures/detail/detail_beton_det4_u2_bump.dds,5592592,4096,1024,13,DXT5
textures.xdb0,textures/detail/detail_beton_det4_u2_bump.thm,138,,,,
textures.xdb0,textures/detail/detail_beton_det4_u_bump#.dds,174848,512,256,6,DXT5
textures.xdb0,textures/detail/detail_beton_det4_u_bump#.thm,138,,,,
textures.xdb0,textures/detail/detail_beton_det4_u_bump.dds,2796368,2048,1024,12,DXT5
textures.xdb0,textures/detail/detail_beton_det4_u_bump.thm,138,,,,
textures.xdb0,textures/detail/detail_beton_det4_v.dds,699216,512,1024,11,DXT5
textures.xdb0,textures/detail/detail_beton_det4_v.thm,138,,,,
textures.xdb0,textures/detail/detail_bitum_det2.dds,349680,512,512,10,DXT5
textures.xdb0,textures/detail/detail_bitum_det2.thm,167,,,,
textures.xdb0,textures/detail/detail_bitum_det2_bump#.dds,87488,256,256,6,DXT5
textures.xdb0,textures/detail/detail_bitum_det2_bump#.thm,138,,,,
textures.xdb0,textures/detail/detail_bitum_det2_bump.dds,87488,256,256,6,DXT5
textures.xdb0,textures/detail/detail_bitum_det2_bump.thm,138,,,,
textures.xdb0,textures/detail/detail_brick_det1.dds,349680,512,512,10,DXT5
textures.xdb0,textures/detail/detail_brick_det1.thm,167,,,,
textures.xdb0,textures/detail/detail_brick_det1_bump#.dds,87488,256,256,6,DXT5
textures.xdb0,textures/detail/detail_brick_det1_bump#.thm,138,,,,
textures.xdb0,textures/detail/detail_brick_det1_bump.dds,349680,512,512,10,DXT5
textures.xdb0,textures/detail/detail_brick_det1_bump.thm,138,,,,
textures.xdb0,textures/detail/detail_brick_det1_u.dds,699216,1024,512,11,DXT5
textures.xdb0,textures/detail/detail_brick_det1_u.thm,169,,,,
textures.xdb0,textures/detail/detail_brick_det1_u_bump#.dds,174848,512,256,6,DXT5
textures.xdb0,textures/detail/detail_brick_det1_u_bump#.thm,138,,,,
textures.xdb0,textures/detail/detail_brick_det1_u_bump.dds,699216,1024,512,11,DXT5
textures.xdb0,textures/detail/detail_brick_det1_u_bump.thm,138,,,,
textures.xdb0,textures/detail/detail_dirt_det1.dds,349680,512,512,10,DXT5
textures.xdb0,textures/detail/detail_dirt_det1.thm,166,,,,
textures.xdb0,textures/detail/detail_dirt_det1_bump#.dds,87488,256,256,6,DXT5
textures.xdb0,textures/detail/detail_dirt_det1_bump#.thm,138,,,,
textures.xdb0,textures/detail/detail_dirt_det1_bump.dds,349680,512,512,10,DXT3
textures.xdb0,textures/detail/detail_dirt_det1_bump.thm,138,,,,
textures.xdb0,textures/detail/detail_dirt_det1_u.dds,699216,1024,512,11,DXT5
textures.xdb0,textures/detail/detail_dirt_det1_u.thm,168,,,,
textures.xdb0,textures/detail/detail_dirt_det1_u_bump#.dds,174848,512,256,6,DXT5
textures.xdb0,textures/detail/detail_dirt_det1_u_bump#.thm,138,,,,
textures.xdb0,textures/detail/detail_dirt_det1_u_bump.dds,699216,1024,512,11,DXT3
textures.xdb0,textures/detail/detail_dirt_det1_u_bump.thm,138,,,,
textures.xdb0,textures/detail/detail_earth_det1.dds,349680,512,512,10,DXT5
textures.xdb0,textures/detail/detail_earth_det1.thm,167,,,,
textures.xdb0,textures/detail/detail_earth_det1_bump#.dds,87488,256,256,6,DXT5
textures.xdb0,textures/detail/detail_earth_det1_bump#.thm,138,,,,
textures.xdb0,textures/detail/detail_earth_det1_bump.dds,1398256,1024,1024,11,DXT5
textures.xdb0,textures/detail/detail_earth_det1_bump.thm,138,,,,
textures.xdb0,textures/detail/detail_earth_det2.dds,349680,512,512,10,DXT5
textures.xdb0,textures/detail/detail_earth_det2.thm,167,,,,
textures.xdb0,textures/detail/detail_earth_det2_bump#.dds,87488,256,256,6,DXT5
textures.xdb0,textures/detail/detail_earth_det2_bump#.thm,138,,,,
textures.xdb0,textures/detail/detail_earth_det2_bump.dds,1398256,1024,1024,11,DXT5
textures.xdb0,textures/detail/detail_earth_det2_bump.thm,138,,,,
textures.xdb0,textures/detail/detail_fabric_det2.dds,349680,512,512,10,DXT5
textures.xdb0,textures/detail/detail_fabric_det2.thm,168,,,,
textures.xdb0,textures/detail/detail_fabric_det2_bump#.dds,87488,256,256,6,DXT5
textures.xdb0,textures/detail/detail_fabric_det2_bump#.thm,138,,,,
textures.xdb0,textures/detail/detail_fabric_det2_bump.dds,349680,512,512,10,DXT3
textures.xdb0,textures/detail/detail_fabric_det2_bump.thm,138,,,,
textures.xdb0,textures/detail/detail_fabtic_det1.dds,349680,512,512,10,DXT5
textures.xdb0,textures/detail/detail_fabtic_det1.thm,168,,,,
textures.xdb0,textures/detail/detail_fabtic_det1_bump#.dds,87488,256,256,6,DXT5
textures.xdb0,textures/detail/detail_fabtic_det1_bump#.thm,138,,,,
textures.xdb0,textures/detail/detail_fabtic_det1_bump.dds,349680,512,512,10,DXT3
textures.xdb0,textures/detail/detail_fabtic_det1_bump.thm,138,,,,
textures.xdb0,textures/detail/detail_fabtic_det1_u.dds,699216,1024,512,11,DXT5
textures.xdb0,textures/detail/detail_fabtic_det1_u.thm,170,,,,
textures.xdb0,textures/detail/detail_fabtic_det1_u_bump#.dds,174848,512,256,6,DXT5
textures.xdb0,textures/detail/detail_fabtic_det1_u_bump#.thm,138,,,,
textures.xdb0,textures/detail/detail_fabtic_det1_u_bump.dds,699216,1024,512,11,DXT3
textures.xdb0,textures/detail/detail_fabtic_det1_u_bump.thm,138,,,,
textures.xdb0,textures/detail/detail_glass_clean.dds,349680,512,512,10,DXT5
textures.xdb0,textures/detail/detail_grnd_asphalt.dds,2796344,2048,2048,12,DXT1
textures.xdb0,textures/detail/detail_grnd_asphalt.thm,169,,,,
textures.xdb0,textures/detail/detail_grnd_asphalt_bump#.dds,5592560,2048,2048,12,DXT5
textures.xdb0,textures/detail/detail_grnd_asphalt_bump#.thm,138,,,,
textures.xdb0,textures/detail/detail_grnd_asphalt_bump.dds,5592560,2048,2048,12,DXT5
textures.xdb0,textures/detail/detail_grnd_asphalt_bump.thm,138,,,,
textures.xdb0,textures/detail/detail_grnd_cracked.dds,699192,1024,1024,11,DXT1
textures.xdb0,textures/detail/detail_grnd_cracked.thm,169,,,,
textures.xdb0,textures/detail/detail_grnd_cracked_bump#.dds,1398256,1024,1024,11,DXT5
textures.xdb0,textures/detail/detail_grnd_cracked_bump#.thm,138,,,,
textures.xdb0,textures/detail/detail_grnd_cracked_bump.dds,1398256,1024,1024,11,DXT5
textures.xdb0,textures/detail/detail_grnd_cracked_bump.thm,138,,,,
textures.xdb0,textures/detail/detail_grnd_earth.dds,2796344,2048,2048,12,DXT1
textures.xdb0,textures/detail/detail_grnd_earth.thm,167,,,,
textures.xdb0,textures/detail/detail_grnd_earth_bump#.dds,4194432,2048,2048,0,DXT5
textures.xdb0,textures/detail/detail_grnd_earth_bump#.thm,138,,,,
textures.xdb0,textures/detail/detail_grnd_earth_bump.dds,5592560,2048,2048,12,DXT5
textures.xdb0,textures/detail/detail_grnd_earth_bump.thm,138,,,,
textures.xdb0,textures/detail/detail_grnd_grass.dds,2796344,2048,2048,12,DXT1
textures.xdb0,textures/detail/detail_grnd_grass.thm,167,,,,
textures.xdb0,textures/detail/detail_grnd_grass_bump#.dds,5592560,2048,2048,12,DXT5
textures.xdb0,textures/detail/detail_grnd_grass_bump#.thm,138,,,,
textures.xdb0,textures/detail/detail_grnd_grass_bump.dds,5592560,2048,2048,12,DXT5
textures.xdb0,textures/detail/detail_grnd_grass_bump.thm,138,,,,
textures.xdb0,textures/detail/detail_grnd_leaves.dds,2796344,2048,2048,12,DXT1
textures.xdb0,textures/detail/detail_grnd_leaves.thm,168,,,,
textures.xdb0,textures/detail/detail_grnd_leaves_bump#.dds,1398256,1024,1024,11,DXT5
textures.xdb0,textures/detail/detail_grnd_leaves_bump#.thm,138,,,,
textures.xdb0,textures/detail/detail_grnd_leaves_bump.dds,5592560,2048,2048,12,DXT5
textures.xdb0,textures/detail/detail_grnd_leaves_bump.thm,138,,,,
textures.xdb0,textures/detail/detail_grnd_pebbles.dds,699192,1024,1024,11,DXT1
textures.xdb0,textures/detail/detail_grnd_pebbles.thm,169,,,,
textures.xdb0,textures/detail/detail_grnd_pebbles_bump#.dds,1398256,1024,1024,11,DXT5
textures.xdb0,textures/detail/detail_grnd_pebbles_bump#.thm,138,,,,
textures.xdb0,textures/detail/detail_grnd_pebbles_bump.dds,1398256,1024,1024,11,DXT5
textures.xdb0,textures/detail/detail_grnd_pebbles_bump.thm,138,,,,
textures.xdb0,textures/detail/detail_grnd_plates.dds,2796344,2048,2048,12,DXT1
textures.xdb0,textures/detail/detail_grnd_plates.thm,168,,,,
textures.xdb0,textures/detail/detail_grnd_plates_bump#.dds,1398256,1024,1024,11,DXT5
textures.xdb0,textures/detail/detail_grnd_plates_bump#.thm,138,,,,
textures.xdb0,textures/detail/detail_grnd_plates_bump.dds,5592560,2048,2048,12,DXT5
textures.xdb0,textures/detail/detail_grnd_plates_bump.thm,138,,,,
textures.xdb0,textures/detail/detail_grnd_sand.dds,699192,1024,1024,11,DXT1
textures.xdb0,textures/detail/detail_grnd_sand.thm,166,,,,
textures.xdb0,textures/detail/detail_grnd_sand_bump#.dds,1398256,1024,1024,11,DXT5
textures.xdb0,textures/detail/detail_grnd_sand_bump#.thm,138,,,,
textures.xdb0,textures/detail/detail_grnd_sand_bump.dds,1398256,1024,1024,11,DXT5
textures.xdb0,textures/detail/detail_grnd_sand_bump.thm,138,,,,
textures.xdb0,textures/detail/detail_grnd_yantar.dds,2796344,2048,2048,12,DXT1
textures.xdb0,textures/detail/detail_grnd_yantar.thm,168,,,,
textures.xdb0,textures/detail/detail_grnd_yantar_bump#.dds,1398256,1024,1024,11,DXT5
textures.xdb0,textures/detail/detail_grnd_yantar_bump#.thm,138,,,,
textures.xdb0,textures/detail/detail_grnd_yantar_bump.dds,5592560,2048,2048,12,DXT5
textures.xdb0,textures/detail/detail_grnd_yantar_bump.thm,138,,,,
textures.xdb0,textures/detail/detail_metal_clean.dds,349680,512,512,10,DXT5
textures.xdb0,textures/detail/detail_metal_clean_bump.dds,349680,512,512,10,DXT5
textures.xdb0,textures/detail/detail_metall_det1.dds,349680,512,512,10,DXT5
textures.xdb0,textures/detail/detail_metall_det1.thm,168,,,,
textures.xdb0,textures/detail/detail_metall_det1_bump#.dds,87488,256,256,6,DXT5
textures.xdb0,textures/detail/detail_metall_det1_bump#.thm,138,,,,
textures.xdb0,textures/detail/detail_metall_det1_bump.dds,349680,512,512,10,DXT3
textures.xdb0,textures/detail/detail_metall_det1_bump.thm,138,,,,
textures.xdb0,textures/detail/detail_metall_det1_u.dds,699216,1024,512,11,DXT5
textures.xdb0,textures/detail/detail_metall_det1_u.thm,138,,,,
textures.xdb0,textures/detail/detail_metall_det1_v.dds,699216,512,1024,11,DXT5
textures.xdb0,textures/detail/detail_metall_det1_v.thm,138,,,,
textures.xdb0,textures/detail/detail_metall_det2.dds,349680,512,512,10,DXT5
textures.xdb0,textures/detail/detail_metall_det2.thm,168,,,,
textures.xdb0,textures/detail/detail_metall_det2_bump#.dds,87488,256,256,6,DXT5
textures.xdb0,textures/detail/detail_metall_det2_bump#.thm,138,,,,
textures.xdb0,textures/detail/detail_metall_det2_bump.dds,349680,512,512,10,DXT5
textures.xdb0,textures/detail/detail_metall_det2_bump.thm,138,,,,
textures.xdb0,textures/detail/detail_metall_det2_u.dds,699216,1024,512,11,DXT5
textures.xdb0,textures/detail/detail_metall_det2_u.thm,170,,,,
textures.xdb0,textures/detail/detail_metall_det2_u_bump#.dds,174848,512,256,6,DXT5
textures.xdb0,textures/detail/detail_metall_det2_u_bump#.thm,138,,,,
textures.xdb0,textures/detail/detail_metall_det2_u_bump.dds,699216,1024,512,11,DXT5
textures.xdb0,textures/detail/detail_metall_det2_u_bump.thm,138,,,,
textures.xdb0,textures/detail/detail_metall_det2_v.dds,699216,512,1024,11,DXT5
textures.xdb0,textures/detail/detail_metall_det2_v.thm,170,,,,
textures.xdb0,textures/detail/detail_metall_det2_v2.dds,349712,256,1024,11,DXT5
textures.xdb0,textures/detail/detail_metall_det2_v2.thm,171,,,,
textures.xdb0,textures/detail/detail_metall_det2_v2_bump#.dds,87488,128,512,6,DXT5
textures.xdb0,textures/detail/detail_metall_det2_v2_bump#.thm,138,,,,
textures.xdb0,textures/detail/detail_metall_det2_v2_bump.dds,349712,256,1024,11,DXT5
textures.xdb0,textures/detail/detail_metall_det2_v2_bump.thm,138,,,,
textures.xdb0,textures/detail/detail_metall_det2_v_bump#.dds,174848,256,512,6,DXT5
textures.xdb0,textures/detail/detail_metall_det2_v_bump#.thm,138,,,,
textures.xdb0,textures/detail/detail_metall_det2_v_bump.dds,699216,512,1024,11,DXT5
textures.xdb0,textures/detail/detail_metall_det2_v_bump.thm,138,,,,
textures.xdb0,textures/detail/detail_metall_det3.dds,349680,512,512,10,DXT5
textures.xdb0,textures/detail/detail_metall_det3.thm,168,,,,
textures.xdb0,textures/detail/detail_metall_det3_bump#.dds,87488,256,256,6,DXT5
textures.xdb0,textures/detail/detail_metall_det3_bump#.thm,138,,,,
textures.xdb0,textures/detail/detail_metall_det3_bump.dds,349680,512,512,10,DXT5
textures.xdb0,textures/detail/detail_metall_det3_bump.thm,138,,,,
textures.xdb0,textures/detail/detail_metall_det3_u.dds,699216,1024,512,11,DXT5
textures.xdb0,textures/detail/detail_metall_det3_u.thm,170,,,,
textures.xdb0,textures/detail/detail_metall_det3_u_bump#.dds,174848,512,256,6,DXT5
textures.xdb0,textures/detail/detail_metall_det3_u_bump#.thm,138,,,,
textures.xdb0,textures/detail/detail_metall_det3_u_bump.dds,699216,1024,512,11,DXT5
textures.xdb0,textures/detail/detail_metall_det3_u_bump.thm,138,,,,
textures.xdb0,textures/detail/detail_metall_det3_v.dds,699216,512,1024,11,DXT5
textures.xdb0,textures/detail/detail_metall_det3_v.thm,138,,,,
textures.xdb0,textures/detail/detail_metall_det_sr.dds,349680,512,512,10,DXT5
textures.xdb0,textures/detail/detail_metall_det_sr_bump.dds,349680,512,512,10,DXT5
textures.xdb0,textures/detail/detail_rocks_det1.dds,349680,512,512,10,DXT5
textures.xdb0,textures/detail/detail_rocks_det1.thm,167,,,,
textures.xdb0,textures/detail/detail_rocks_det1_bump#.dds,87488,256,256,6,DXT5
textures.xdb0,textures/detail/detail_rocks_det1_bump#.thm,138,,,,
textures.xdb0,textures/detail/detail_rocks_det1_bump.dds,87488,256,256,6,DXT5
textures.xdb0,textures/detail/detail_rocks_det1_bump.thm,138,,,,
textures.xdb0,textures/detail/detail_skin_1.dds,349680,512,512,10,DXT5
textures.xdb0,textures/detail/detail_skin_1.thm,163,,,,
textures.xdb0,textures/detail/detail_skin_1_bump#.dds,87488,256,256,6,DXT5
textures.xdb0,textures/detail/detail_skin_1_bump#.thm,138,,,,
textures.xdb0,textures/detail/detail_skin_1_bump.dds,87488,256,256,6,DXT5
textures.xdb0,textures/detail/detail_skin_1_bump.thm,138,,,,
textures.xdb0,textures/detail/detail_stucco_det1.dds,349680,512,512,10,DXT5
textures.xdb0,textures/detail/detail_stucco_det1.thm,168,,,,
textures.xdb0,textures/detail/detail_stucco_det1_bump#.dds,87488,256,256,6,DXT5
textures.xdb0,textures/detail/detail_stucco_det1_bump#.thm,138,,,,
textures.xdb0,textures/detail/detail_stucco_det1_bump.dds,349680,512,512,10,DXT3
textures.xdb0,textures/detail/detail_stucco_det1_bump.thm,138,,,,
textures.xdb0,textures/detail/detail_stucco_det1_u.dds,699216,1024,512,11,DXT5
textures.xdb0,textures/detail/detail_stucco_det1_u.thm,170,,,,
textures.xdb0,textures/detail/detail_stucco_det1_u_bump#.dds,174848,512,256,6,DXT5
textures.xdb0,textures/detail/detail_stucco_det1_u_bump#.thm,138,,,,
textures.xdb0,textures/detail/detail_stucco_det1_u_bump.dds,699216,1024,512,11,DXT3
textures.xdb0,textures/detail/detail_stucco_det1_u_bump.thm,138,,,,
textures.xdb0,textures/detail/detail_stucco_det1_v.dds,699216,512,1024,11,DXT5
textures.xdb0,textures/detail/detail_stucco_det1_v.thm,170,,,,
textures.xdb0,textures/detail/detail_stucco_det1_v_bump#.dds,174848,256,512,6,DXT5
textures.xdb0,textures/detail/detail_stucco_det1_v_bump#.thm,138,,,,
textures.xdb0,textures/detail/detail_stucco_det1_v_bump.dds,699216,512,1024,11,DXT3
textures.xdb0,textures/detail/detail_stucco_det1_v_bump.thm,138,,,,
textures.xdb0,textures/detail/detail_stucco_det3.dds,349680,512,512,10,DXT5
textures.xdb0,textures/detail/detail_stucco_det3.thm,168,,,,
textures.xdb0,textures/detail/detail_stucco_det3_bump#.dds,349568,512,512,6,DXT5
textures.xdb0,textures/detail/detail_stucco_det3_bump#.thm,138,,,,
textures.xdb0,textures/detail/detail_stucco_det3_bump.dds,349680,512,512,10,DXT5
textures.xdb0,textures/detail/detail_stucco_det3_bump.thm,138,,,,
textures.xdb0,textures/detail/detail_stucco_det4.dds,349680,512,512,10,DXT5
textures.xdb0,textures/detail/detail_stucco_det4.thm,168,,,,
textures.xdb0,textures/detail/detail_stucco_det4_bump#.dds,87488,256,256,6,DXT5
textures.xdb0,textures/detail/detail_stucco_det4_bump#.thm,138,,,,
textures.xdb0,textures/detail/detail_stucco_det4_bump.dds,349680,512,512,10,DXT3
textures.xdb0,textures/detail/detail_stucco_det4_bump.thm,138,,,,
textures.xdb0,textures/detail/detail_tile_det1.dds,349680,512,512,10,DXT5
textures.xdb0,textures/detail/detail_tile_det1.thm,166,,,,
textures.xdb0,textures/detail/detail_tile_det1_bump#.dds,349568,512,512,6,DXT5
textures.xdb0,textures/detail/detail_tile_det1_bump#.thm,138,,,,
textures.xdb0,textures/detail/detail_tile_det1_bump.dds,349568,512,512,6,DXT5
textures.xdb0,textures/detail/detail_tile_det1_bump.thm,138,,,,
textures.xdb0,textures/detail/detail_tile_det2.dds,349680,512,512,10,DXT5
textures.xdb0,textures/detail/detail_tile_det2.thm,166,,,,
textures.xdb0,textures/detail/detail_tile_det2_bump#.dds,87488,256,256,6,DXT5
textures.xdb0,textures/detail/detail_tile_det2_bump#.thm,138,,,,
textures.xdb0,textures/detail/detail_tile_det2_bump.dds,87488,256,256,6,DXT5
textures.xdb0,textures/detail/detail_tile_det2_bump.thm,138,,,,
textures.xdb0,textures/detail/detail_tile_det3.dds,349680,512,512,10,DXT5
textures.xdb0,textures/detail/detail_tile_det3.thm,166,,,,
textures.xdb0,textures/detail/detail_tile_det3_bump#.dds,87488,256,256,6,DXT5
textures.xdb0,textures/detail/detail_tile_det3_bump#.thm,138,,,,
textures.xdb0,textures/detail/detail_tile_det3_bump.dds,87488,256,256,6,DXT5
textures.xdb0,textures/detail/detail_tile_det3_bump.thm,138,,,,
textures.xdb0,textures/detail/detail_tile_det3_u.dds,699216,1024,512,11,DXT5
textures.xdb0,textures/detail/detail_tile_det3_u.thm,138,,,,
textures.xdb0,textures/detail/detail_tile_det4.dds,349680,512,512,10,DXT5
textures.xdb0,textures/detail/detail_tile_det4.thm,166,,,,
textures.xdb0,textures/detail/detail_tile_det4_bump#.dds,87488,256,256,6,DXT5
textures.xdb0,textures/detail/detail_tile_det4_bump#.thm,138,,,,
textures.xdb0,textures/detail/detail_tile_det4_bump.dds,87488,256,256,6,DXT5
textures.xdb0,textures/detail/detail_tile_det4_bump.thm,138,,,,
textures.xdb0,textures/detail/detail_wood_det1.dds,349680,512,512,10,DXT5
textures.xdb0,textures/detail/detail_wood_det1.thm,166,,,,
textures.xdb0,textures/detail/detail_wood_det1_bump#.dds,87488,256,256,6,DXT5
textures.xdb0,textures/detail/detail_wood_det1_bump#.thm,138,,,,
textures.xdb0,textures/detail/detail_wood_det1_bump.dds,349680,512,512,10,DXT5
textures.xdb0,textures/detail/detail_wood_det1_bump.thm,138,,,,
textures.xdb0,textures/detail/detail_wood_det1_u.dds,699216,1024,512,11,DXT5
textures.xdb0,textures/detail/detail_wood_det1_u.thm,138,,,,
textures.xdb0,textures/detail/detail_wood_det2.dds,349680,512,512,10,DXT5
textures.xdb0,textures/detail/detail_wood_det2.thm,166,,,,
textures.xdb0,textures/detail/detail_wood_det2_bump#.dds,87488,256,256,6,DXT5
textures.xdb0,textures/detail/detail_wood_det2_bump#.thm,138,,,,
textures.xdb0,textures/detail/detail_wood_det2_bump.dds,349680,512,512,10,DXT5
textures.xdb0,textures/detail/detail_wood_det2_bump.thm,138,,,,
textures.xdb0,textures/detail/detail_wood_det2_v.dds,699216,512,1024,11,DXT5
textures.xdb0,textures/detail/detail_wood_det2_v.thm,168,,,,
textures.xdb0,textures/detail/detail_wood_det2_v_bump#.dds,174848,256,512,6,DXT5
textures.xdb0,textures/detail/detail_wood_det2_v_bump#.thm,138,,,,
textures.xdb0,textures/detail/detail_wood_det2_v_bump.dds,699216,512,1024,11,DXT5
textures.xdb0,textures/detail/detail_wood_det2_v_bump.thm,138,,,,
textures.xdb0,textures/dinamic_hud/blood1.dds,262272,512,512,0,DXT5
textures.xdb0,textures/dinamic_hud/blood2.dds,262272,512,512,0,DXT5
textures.xdb0,textures/dinamic_hud/blood3.dds,262272,512,512,0,DXT5
textures.xdb0,textures/dinamic_hud/blood4.dds,262272,512,512,0,DXT5
textures.xdb0,textures/dinamic_hud/blood5.dds,262272,512,512,0,DXT5
textures.xdb0,textures/dinamic_hud/borders.dds,1048704,1024,1024,1,DXT3
textures.xdb0,textures/dinamic_hud/breath.seq,126,,,,
textures.xdb0,textures/dinamic_hud/breath1.dds,65664,256,256,0,DXT5
textures.xdb0,textures/dinamic_hud/breath2.dds,65664,256,256,0,DXT5
textures.xdb0,textures/dinamic_hud/breath3.dds,65664,256,256,0,DXT5
textures.xdb0,textures/dinamic_hud/breath4.dds,65664,256,256,0,DXT5
textures.xdb0,textures/dinamic_hud/breath5.dds,65664,256,256,0,DXT5
textures.xdb0,textures/dinamic_hud/hud_exo1.dds,1048704,1024,1024,0,DXT5
textures.xdb0,textures/dinamic_hud/hud_exo2.dds,1048704,1024,1024,0,DXT5
textures.xdb0,textures/dinamic_hud/hud_exo3.dds,1048704,1024,1024,0,DXT5
textures.xdb0,textures/dinamic_hud/hud_exo4.dds,1048704,1024,1024,0,DXT5
textures.xdb0,textures/dinamic_hud/hud_exo5.dds,1048704,1024,1024,0,DXT5
textures.xdb0,textures/dinamic_hud/hud_exo6.dds,1048704,1024,1024,0,DXT5
textures.xdb0,textures/dinamic_hud/hud_gas1.dds,1048704,1024,1024,0,DXT5
textures.xdb0,textures/dinamic_hud/hud_gas2.dds,1048704,1024,1024,0,DXT5
textures.xdb0,textures/dinamic_hud/hud_gas3.dds,1048704,1024,1024,0,DXT5
textures.xdb0,textures/dinamic_hud/hud_gas4.dds,1048704,1024,1024,0,DXT5
textures.xdb0,textures/dinamic_hud/hud_gas5.dds,1048704,1024,1024,0,DXT5
textures.xdb0,textures/dinamic_hud/hud_gas6.dds,1048704,1024,1024,0,DXT5
textures.xdb0,textures/dinamic_hud/hud_merc1.dds,1048704,1024,1024,0,DXT5
textures.xdb0,textures/dinamic_hud/hud_merc2.dds,1048704,1024,1024,0,DXT5
textures.xdb0,textures/dinamic_hud/hud_merc3.dds,1048704,1024,1024,0,DXT5
textures.xdb0,textures/dinamic_hud/hud_merc4.dds,1048704,1024,1024,0,DXT5
textures.xdb0,textures/dinamic_hud/hud_merc5.dds,1048704,1024,1024,0,DXT5
textures.xdb0,textures/dinamic_hud/hud_merc6.dds,1048704,1024,1024,0,DXT5
textures.xdb0,textures/dinamic_hud/hud_mil1.dds,1048704,1024,1024,0,DXT5
textures.xdb0,textures/dinamic_hud/hud_mil2.dds,1048704,1024,1024,0,DXT5
textures.xdb0,textures/dinamic_hud/hud_mil3.dds,1048704,1024,1024,0,DXT5
textures.xdb0,textures/dinamic_hud/hud_mil4.dds,1048704,1024,1024,0,DXT5
textures.xdb0,textures/dinamic_hud/hud_mil5.dds,1048704,1024,1024,0,DXT5
textures.xdb0,textures/dinamic_hud/hud_mil6.dds,1048704,1024,1024,0,DXT5
textures.xdb0,textures/dinamic_hud/hud_sci1.dds,1048704,1024,1024,0,DXT5
textures.xdb0,textures/dinamic_hud/hud_sci2.dds,1048704,1024,1024,0,DXT5
textures.xdb0,textures/dinamic_hud/hud_sci3.dds,1048704,1024,1024,0,DXT5
textures.xdb0,textures/dinamic_hud/hud_sci4.dds,1048704,1024,1024,0,DXT5
textures.xdb0,textures/dinamic_hud/hud_sci5.dds,1048704,1024,1024,0,DXT5
textures.xdb0,textures/dinamic_hud/hud_sci6.dds,1048704,1024,1024,0,DXT5
textures.xdb0,textures/door/door_blue.dds,174904,512,512,10,DXT1
textures.xdb0,textures/door/door_brown.dds,174904,512,512,10,DXT1
textures.xdb0,textures/door/door_brown.thm,181,,,,
textures.xdb0,textures/door/door_brown_bump#.dds,1397888,1024,1024,6,DXT5
textures.xdb0,textures/door/door_brown_bump#.thm,138,,,,
textures.xdb0,textures/door/door_brown_bump.dds,349680,512,512,10,DXT5
textures.xdb0,textures/door/door_brown_bump.thm,138,,,,
textures.xdb0,textures/door/door_electricunit_01.dds,174904,512,512,10,DXT1
textures.xdb0,textures/door/door_electricunit_01.thm,191,,,,
textures.xdb0,textures/door/door_electricunit_01_bump#.dds,349568,512,512,6,DXT5
textures.xdb0,textures/door/door_electricunit_01_bump#.thm,138,,,,
textures.xdb0,textures/door/door_electricunit_01_bump.dds,349680,512,512,10,DXT5
textures.xdb0,textures/door/door_electricunit_01_bump.thm,138,,,,
textures.xdb0,textures/door/door_electricunit_02.dds,174904,512,512,10,DXT1
textures.xdb0,textures/door/door_electricunit_02.thm,191,,,,
textures.xdb0,textures/door/door_electricunit_02_bump#.dds,349568,512,512,6,DXT5
textures.xdb0,textures/door/door_electricunit_02_bump#.thm,138,,,,
textures.xdb0,textures/door/door_electricunit_02_bump.dds,349680,512,512,10,DXT5
textures.xdb0,textures/door/door_electricunit_02_bump.thm,138,,,,
textures.xdb0,textures/door/door_electricunit_03.dds,174904,512,512,10,DXT1
textures.xdb0,textures/door/door_electricunit_03.thm,191,,,,
textures.xdb0,textures/door/door_electricunit_03_bump#.dds,349568,512,512,6,DXT5
textures.xdb0,textures/door/door_electricunit_03_bump#.thm,138,,,,
textures.xdb0,textures/door/door_electricunit_03_bump.dds,349680,512,512,10,DXT5
textures.xdb0,textures/door/door_electricunit_03_bump.thm,138,,,,
textures.xdb0,textures/door/door_electricunit_04.dds,87528,256,512,10,DXT1
textures.xdb0,textures/door/door_electricunit_04.thm,195,,,,
textures.xdb0,textures/door/door_electricunit_04_bump#.dds,174848,256,512,6,DXT5
textures.xdb0,textures/door/door_electricunit_04_bump#.thm,138,,,,
textures.xdb0,textures/door/door_electricunit_04_bump.dds,174928,256,512,10,DXT5
textures.xdb0,textures/door/door_electricunit_04_bump.thm,138,,,,
textures.xdb0,textures/door/door_electricunit_05.dds,87528,256,512,10,DXT1
textures.xdb0,textures/door/door_electricunit_05_bump.dds,174928,256,512,10,DXT3
textures.xdb0,textures/door/door_gate_metal_01.dds,174904,512,512,10,DXT1
textures.xdb0,textures/door/door_gate_metal_01.thm,191,,,,
textures.xdb0,textures/door/door_gate_metal_01_bump#.dds,1397888,1024,1024,6,DXT5
textures.xdb0,textures/door/door_gate_metal_01_bump#.thm,138,,,,
textures.xdb0,textures/door/door_gate_metal_01_bump.dds,349680,512,512,10,DXT5
textures.xdb0,textures/door/door_gate_metal_01_bump.thm,138,,,,
textures.xdb0,textures/door/door_gate_metal_02.dds,174904,512,512,10,DXT1
textures.xdb0,textures/door/door_gate_metal_02.thm,191,,,,
textures.xdb0,textures/door/door_gate_metal_02_bump#.dds,349568,512,512,6,DXT5
textures.xdb0,textures/door/door_gate_metal_02_bump#.thm,138,,,,
textures.xdb0,textures/door/door_gate_metal_02_bump.dds,349680,512,512,10,DXT5
textures.xdb0,textures/door/door_gate_metal_02_bump.thm,138,,,,
textures.xdb0,textures/door/door_gate_metal_03.dds,174904,512,512,10,DXT1
textures.xdb0,textures/door/door_gate_metal_03.thm,191,,,,
textures.xdb0,textures/door/door_gate_metal_03_bump#.dds,349568,512,512,6,DXT5
textures.xdb0,textures/door/door_gate_metal_03_bump#.thm,138,,,,
textures.xdb0,textures/door/door_gate_metal_03_bump.dds,349680,512,512,10,DXT5
textures.xdb0,textures/door/door_gate_metal_03_bump.thm,138,,,,
textures.xdb0,textures/door/door_gate_metal_04.dds,174904,512,512,10,DXT1
textures.xdb0,textures/door/door_gate_metal_04_bump.dds,262272,512,512,0,DXT5
textures.xdb0,textures/door/door_gate_train.dds,174904,512,512,10,DXT1
textures.xdb0,textures/door/door_gate_train.thm,186,,,,
textures.xdb0,textures/door/door_gate_train_bump#.dds,349568,512,512,6,DXT5
textures.xdb0,textures/door/door_gate_train_bump#.thm,138,,,,
textures.xdb0,textures/door/door_gate_train_bump.dds,349680,512,512,10,DXT5
textures.xdb0,textures/door/door_gate_train_bump.thm,138,,,,
textures.xdb0,textures/door/door_gr.dds,21992,128,256,9,DXT1
textures.xdb0,textures/door/door_gr.thm,165,,,,
textures.xdb0,textures/door/door_gr01!.dds,174904,512,512,10,DXT1
textures.xdb0,textures/door/door_gr01!.thm,157,,,,
textures.xdb0,textures/door/door_gr01.dds,174904,512,512,10,DXT1
textures.xdb0,textures/door/door_gr01.thm,157,,,,
textures.xdb0,textures/door/door_gr01_bump#.dds,349680,512,512,10,DXT5
textures.xdb0,textures/door/door_gr01_bump#.thm,138,,,,
textures.xdb0,textures/door/door_gr01_bump.dds,349680,512,512,10,DXT5
textures.xdb0,textures/door/door_gr01_bump.thm,138,,,,
textures.xdb0,textures/door/door_gr02.dds,174928,256,512,10,DXT5
textures.xdb0,textures/door/door_gr02.thm,180,,,,
textures.xdb0,textures/door/door_gr02_bump#.dds,174928,256,512,10,DXT5
textures.xdb0,textures/door/door_gr02_bump.dds,174928,256,512,10,DXT5
textures.xdb0,textures/door/door_gr02_bump.thm,138,,,,
textures.xdb0,textures/door/door_gr03.dds,21992,128,256,9,DXT1
textures.xdb0,textures/door/door_gr04.dds,43856,128,256,9,DXT5
textures.xdb0,textures/door/door_gr04.thm,165,,,,
textures.xdb0,textures/door/door_gr05.dds,21992,128,256,9,DXT1
textures.xdb0,textures/door/door_gr05.thm,165,,,,
textures.xdb0,textures/door/door_gr1.dds,174904,512,512,10,DXT1
textures.xdb0,textures/door/door_gr1.thm,179,,,,
textures.xdb0,textures/door/door_gr1_bump#.dds,349568,512,512,6,DXT5
textures.xdb0,textures/door/door_gr1_bump#.thm,138,,,,
textures.xdb0,textures/door/door_gr1_bump.dds,349680,512,512,10,DXT5
textures.xdb0,textures/door/door_gr1_bump.thm,138,,,,
textures.xdb0,textures/door/door_gr2.dds,174904,512,512,10,DXT1
textures.xdb0,textures/door/door_gr2.thm,179,,,,
textures.xdb0,textures/door/door_gr2_bump#.dds,1397888,1024,1024,6,DXT5
textures.xdb0,textures/door/door_gr2_bump#.thm,138,,,,
textures.xdb0,textures/door/door_gr2_bump.dds,349680,512,512,10,DXT5
textures.xdb0,textures/door/door_gr2_bump.thm,138,,,,
textures.xdb0,textures/door/door_gr2_iov.dds,174904,512,512,10,DXT1
textures.xdb0,textures/door/door_gr2_iov.thm,179,,,,
textures.xdb0,textures/door/door_gr2_iov_bump#.dds,1048704,512,512,1,RGB
textures.xdb0,textures/door/door_gr2_iov_bump.dds,1048704,512,512,1,RGB
textures.xdb0,textures/door/door_gr_iov_01.dds,174904,512,512,10,DXT1
textures.xdb0,textures/door/door_gr_iov_01.thm,179,,,,
textures.xdb0,textures/door/door_gr_iov_01_bump#.dds,349680,512,512,10,DXT5
textures.xdb0,textures/door/door_gr_iov_01_bump.dds,349680,512,512,10,DXT5
textures.xdb0,textures/door/door_iov2.dds,174904,512,512,10,DXT1
textures.xdb0,textures/door/door_iov2.thm,191,,,,
textures.xdb0,textures/door/door_iov2_bump#.dds,349680,512,512,10,DXT5
textures.xdb0,textures/door/door_iov2_bump.dds,349680,512,512,10,DXT5
textures.xdb0,textures/door/door_iov3.dds,174904,512,512,10,DXT1
textures.xdb0,textures/door/door_iov3.thm,191,,,,
textures.xdb0,textures/door/door_iov3_bump#.dds,349680,512,512,10,DXT5
textures.xdb0,textures/door/door_iov3_bump.dds,349680,512,512,10,DXT5
textures.xdb0,textures/door/door_j01.dds,174904,512,512,10,DXT1
textures.xdb0,textures/door/door_j01.thm,184,,,,
textures.xdb0,textures/door/door_j01_bump#.dds,349680,512,512,10,DXT5
textures.xdb0,textures/door/door_j01_bump.dds,349680,512,512,10,DXT5
textures.xdb0,textures/door/door_j02.dds,87528,256,512,10,DXT1
textures.xdb0,textures/door/door_j02.thm,165,,,,
textures.xdb0,textures/door/door_j03.dds,174904,512,512,10,DXT1
textures.xdb0,textures/door/door_j03.thm,161,,,,
textures.xdb0,textures/door/door_j03alfa.dds,349680,512,512,10,DXT5
textures.xdb0,textures/door/door_j03alfa.thm,161,,,,
textures.xdb0,textures/door/door_j03b.dds,87568,512,128,10,DXT5
textures.xdb0,textures/door/door_j04.dds,87528,256,512,10,DXT1
textures.xdb0,textures/door/door_katakomb_01.dds,174904,512,512,10,DXT1
textures.xdb0,textures/door/door_katakomb_01.thm,189,,,,
textures.xdb0,textures/door/door_katakomb_01_bump#.dds,349568,512,512,6,DXT5
textures.xdb0,textures/door/door_katakomb_01_bump#.thm,138,,,,
textures.xdb0,textures/door/door_katakomb_01_bump.dds,349680,512,512,10,DXT5
textures.xdb0,textures/door/door_katakomb_01_bump.thm,138,,,,
textures.xdb0,textures/door/door_korob_wh.dds,87528,256,512,10,DXT1
textures.xdb0,textures/door/door_korob_wh.thm,165,,,,
textures.xdb0,textures/door/door_kotelna.dds,87528,256,512,10,DXT1
textures.xdb0,textures/door/door_kotelna.thm,187,,,,
textures.xdb0,textures/door/door_kotelna_bump#.dds,699180,256,512,10,RGB
textures.xdb0,textures/door/door_kotelna_bump#.thm,138,,,,
textures.xdb0,textures/door/door_kotelna_bump.dds,174928,256,512,10,DXT5
textures.xdb0,textures/door/door_kotelna_bump.thm,138,,,,
textures.xdb0,textures/door/door_lift_01.dds,87512,256,512,8,DXT1
textures.xdb0,textures/door/door_lift_01.thm,185,,,,
textures.xdb0,textures/door/door_lift_01_bump#.dds,699008,512,1024,6,DXT5
textures.xdb0,textures/door/door_lift_01_bump#.thm,138,,,,
textures.xdb0,textures/door/door_lift_01_bump.dds,699216,512,1024,11,DXT5
textures.xdb0,textures/door/door_lift_01_bump.thm,138,,,,
textures.xdb0,textures/door/door_metal_01.dds,87528,256,512,10,DXT1
textures.xdb0,textures/door/door_metal_01.thm,188,,,,
textures.xdb0,textures/door/door_metal_01_bump#.dds,174848,256,512,6,DXT5
textures.xdb0,textures/door/door_metal_01_bump#.thm,138,,,,
textures.xdb0,textures/door/door_metal_01_bump.dds,174928,256,512,10,DXT5
textures.xdb0,textures/door/door_metal_01_bump.thm,138,,,,
textures.xdb0,textures/door/door_metal_02.dds,87528,256,512,10,DXT1
textures.xdb0,textures/door/door_metal_02.thm,188,,,,
textures.xdb0,textures/door/door_metal_02_bump#.dds,174848,256,512,6,DXT5
textures.xdb0,textures/door/door_metal_02_bump#.thm,138,,,,
textures.xdb0,textures/door/door_metal_02_bump.dds,174928,256,512,10,DXT5
textures.xdb0,textures/door/door_metal_02_bump.thm,138,,,,
textures.xdb0,textures/door/door_metal_03.dds,87528,256,512,10,DXT1
textures.xdb0,textures/door/door_metal_03.thm,188,,,,
textures.xdb0,textures/door/door_metal_03_bump#.dds,43856,128,256,9,DXT5
textures.xdb0,textures/door/door_metal_03_bump#.thm,138,,,,
textures.xdb0,textures/door/door_metal_03_bump.dds,43856,128,256,9,DXT5
textures.xdb0,textures/door/door_metal_03_bump.thm,138,,,,
textures.xdb0,textures/door/door_metal_iov.dds,699216,512,1024,11,DXT5
textures.xdb0,textures/door/door_old_iov.dds,87528,256,512,10,DXT1
textures.xdb0,textures/door/door_old_iov.thm,185,,,,
textures.xdb0,textures/door/door_red_garaj_iov.dds,174904,512,512,10,DXT1
textures.xdb0,textures/door/door_rusty_iron_0.dds,87528,256,512,10,DXT1
textures.xdb0,textures/door/door_rusty_iron_0.thm,192,,,,
textures.xdb0,textures/door/door_rusty_iron_0_bump#.dds,524416,256,512,1,RGB
textures.xdb0,textures/door/door_rusty_iron_0_bump#.thm,138,,,,
textures.xdb0,textures/door/door_rusty_iron_0_bump.dds,174928,256,512,10,DXT5
textures.xdb0,textures/door/door_rusty_iron_0_bump.thm,138,,,,
textures.xdb0,textures/door/door_sheet.dds,87528,256,512,10,DXT1
textures.xdb0,textures/door/door_sheet.thm,183,,,,
textures.xdb0,textures/door/door_sheet_bump#.dds,524416,256,512,1,RGB
textures.xdb0,textures/door/door_sheet_bump#.thm,138,,,,
textures.xdb0,textures/door/door_sheet_bump.dds,174928,256,512,10,DXT5
textures.xdb0,textures/door/door_sheet_bump.thm,138,,,,
textures.xdb0,textures/door/door_ship_metall.dds,174904,512,512,10,DXT1
textures.xdb0,textures/door/door_ship_metall.thm,189,,,,
textures.xdb0,textures/door/door_ship_metall_bump#.dds,349568,512,512,6,DXT5
textures.xdb0,textures/door/door_ship_metall_bump#.thm,138,,,,
textures.xdb0,textures/door/door_ship_metall_bump.dds,349680,512,512,10,DXT5
textures.xdb0,textures/door/door_ship_metall_bump.thm,138,,,,
textures.xdb0,textures/door/door_trader.dds,5592560,2048,2048,12,DXT3
textures.xdb0,textures/door/door_trader.thm,184,,,,
textures.xdb0,textures/door/door_trader_bump#.dds,349680,512,512,10,DXT5
textures.xdb0,textures/door/door_trader_bump#.thm,138,,,,
textures.xdb0,textures/door/door_trader_bump.dds,349680,512,512,10,DXT5
textures.xdb0,textures/door/door_trader_bump.thm,138,,,,
textures.xdb0,textures/door/door_vorota_ch_train.dds,174904,512,512,10,DXT1
textures.xdb0,textures/door/door_vorota_ch_train.thm,195,,,,
textures.xdb0,textures/door/door_vorota_ch_train_bump#.dds,349680,512,512,10,DXT5
textures.xdb0,textures/door/door_vorota_ch_train_bump#.thm,138,,,,
textures.xdb0,textures/door/door_vorota_ch_train_bump.dds,349680,512,512,10,DXT5
textures.xdb0,textures/door/door_vorota_ch_train_bump.thm,138,,,,
textures.xdb0,textures/door/door_w01.dds,87528,256,512,10,DXT1
textures.xdb0,textures/door/door_w01.thm,165,,,,
textures.xdb0,textures/door/door_white_01.dds,174904,512,512,10,DXT1
textures.xdb0,textures/door/door_white_01.thm,184,,,,
textures.xdb0,textures/door/door_white_01_bump#.dds,349568,512,512,6,DXT5
textures.xdb0,textures/door/door_white_01_bump#.thm,138,,,,
textures.xdb0,textures/door/door_white_01_bump.dds,349680,512,512,10,DXT5
textures.xdb0,textures/door/door_white_01_bump.thm,138,,,,
textures.xdb0,textures/door/door_white_02.dds,174904,512,512,10,DXT1
textures.xdb0,textures/door/door_white_02.thm,184,,,,
textures.xdb0,textures/door/door_white_02_bump#.dds,349568,512,512,6,DXT5
textures.xdb0,textures/door/door_white_02_bump#.thm,138,,,,
textures.xdb0,textures/door/door_white_02_bump.dds,349680,512,512,10,DXT5
textures.xdb0,textures/door/door_white_02_bump.thm,138,,,,
textures.xdb0,textures/door/door_white_03.dds,87528,256,512,10,DXT1
textures.xdb0,textures/door/door_white_03.thm,186,,,,
textures.xdb0,textures/door/door_white_03_bump#.dds,174848,256,512,6,DXT5
textures.xdb0,textures/door/door_white_03_bump#.thm,138,,,,
textures.xdb0,textures/door/door_white_03_bump.dds,174928,256,512,10,DXT5
textures.xdb0,textures/door/door_white_03_bump.thm,138,,,,
textures.xdb0,textures/door/door_white_04.dds,349672,512,1024,11,DXT1
textures.xdb0,textures/door/door_white_04.thm,186,,,,
textures.xdb0,textures/door/door_white_04_bump#.dds,174848,256,512,6,DXT5
textures.xdb0,textures/door/door_white_04_bump#.thm,138,,,,
textures.xdb0,textures/door/door_white_04_bump.dds,174928,256,512,10,DXT5
textures.xdb0,textures/door/door_white_04_bump.thm,138,,,,
textures.xdb0,textures/door/door_wood_01.dds,87528,256,512,10,DXT1
textures.xdb0,textures/door/door_wood_01.thm,185,,,,
textures.xdb0,textures/door/door_wood_01_bump#.dds,174848,256,512,6,DXT5
textures.xdb0,textures/door/door_wood_01_bump#.thm,138,,,,
textures.xdb0,textures/door/door_wood_01_bump.dds,174928,256,512,10,DXT5
textures.xdb0,textures/door/door_wood_01_bump.thm,138,,,,
textures.xdb0,textures/door/door_wood_02.dds,174904,512,512,10,DXT1
textures.xdb0,textures/door/door_wood_03.dds,87528,256,512,10,DXT1
textures.xdb0,textures/door/door_wood_03.thm,185,,,,
textures.xdb0,textures/door/door_wood_03_bump#.dds,699008,512,1024,6,DXT5
textures.xdb0,textures/door/door_wood_03_bump#.thm,138,,,,
textures.xdb0,textures/door/door_wood_03_bump.dds,699216,512,1024,11,DXT5
textures.xdb0,textures/door/door_wood_03_bump.thm,138,,,,
textures.xdb0,textures/drink/drink_cigar0.dds,131200,512,512,0,DXT1
textures.xdb0,textures/drink/drink_cigar0.thm,161,,,,
textures.xdb0,textures/drink/drink_cigar0_bump#.dds,262272,512,512,0,DXT5
textures.xdb0,textures/drink/drink_cigar0_bump.dds,262272,512,512,0,DXT5
textures.xdb0,textures/drink/drink_cigar0_bump.thm,138,,,,
textures.xdb0,textures/drink/drink_cigar1.dds,131200,512,512,0,DXT1
textures.xdb0,textures/drink/drink_cigar1.thm,161,,,,
textures.xdb0,textures/drink/drink_cigar1_bump#.dds,262272,512,512,0,DXT5
textures.xdb0,textures/drink/drink_cigar1_bump.dds,262272,512,512,0,DXT5
textures.xdb0,textures/drink/drink_cigar1_bump.thm,138,,,,
textures.xdb0,textures/drink/drink_cigar2.dds,131200,512,512,0,DXT1
textures.xdb0,textures/drink/drink_cigar2.thm,161,,,,
textures.xdb0,textures/drink/drink_cigar2_bump#.dds,262272,512,512,0,DXT5
textures.xdb0,textures/drink/drink_cigar2_bump.dds,262272,512,512,0,DXT5
textures.xdb0,textures/drink/drink_cigar2_bump.thm,138,,,,
textures.xdb0,textures/drink/drink_cigar3.dds,131200,512,512,0,DXT1
textures.xdb0,textures/drink/drink_cigar3.thm,161,,,,
textures.xdb0,textures/drink/drink_cigar3_bump#.dds,262272,512,512,0,DXT5
textures.xdb0,textures/drink/drink_cigar3_bump.dds,262272,512,512,0,DXT5
textures.xdb0,textures/drink/drink_cigar3_bump.thm,138,,,,
textures.xdb0,textures/drink/drink_cocaine.dds,349680,512,512,10,DXT3
textures.xdb0,textures/drink/drink_cocaine.thm,162,,,,
textures.xdb0,textures/drink/drink_cocaine_bump#.dds,262272,512,512,0,DXT5
textures.xdb0,textures/drink/drink_cocaine_bump.dds,262272,512,512,0,DXT5
textures.xdb0,textures/drink/drink_cocaine_bump.thm,138,,,,
textures.xdb0,textures/drink/drink_crow.dds,131200,512,512,0,DXT1
textures.xdb0,textures/drink/drink_crow.thm,159,,,,
textures.xdb0,textures/drink/drink_crow_bump#.dds,262272,512,512,0,DXT5
textures.xdb0,textures/drink/drink_crow_bump.dds,262272,512,512,0,DXT5
textures.xdb0,textures/drink/drink_crow_bump.thm,138,,,,
textures.xdb0,textures/drink/drink_flask.dds,262272,512,512,0,DXT5
textures.xdb0,textures/drink/drink_flask.thm,160,,,,
textures.xdb0,textures/drink/drink_flask_bump#.dds,262272,512,512,0,DXT5
textures.xdb0,textures/drink/drink_flask_bump.dds,262272,512,512,0,DXT5
textures.xdb0,textures/drink/drink_flask_bump.thm,138,,,,
textures.xdb0,textures/drink/drink_joint.dds,131200,512,512,0,DXT1
textures.xdb0,textures/drink/drink_joint.thm,160,,,,
textures.xdb0,textures/drink/drink_joint_bump#.dds,262272,512,512,0,DXT5
textures.xdb0,textures/drink/drink_joint_bump.dds,262272,512,512,0,DXT5
textures.xdb0,textures/drink/drink_joint_bump.thm,138,,,,
textures.xdb0,textures/drink/drink_match0.dds,349680,512,512,10,DXT5
textures.xdb0,textures/drink/drink_match0.thm,161,,,,
textures.xdb0,textures/drink/drink_match0_bump#.dds,349568,512,512,6,DXT5
textures.xdb0,textures/drink/drink_match0_bump#.thm,138,,,,
textures.xdb0,textures/drink/drink_match0_bump.dds,349568,512,512,6,DXT5
textures.xdb0,textures/drink/drink_match0_bump.thm,138,,,,
textures.xdb0,textures/drink/drink_tea.dds,131200,512,512,0,DXT1
textures.xdb0,textures/drink/drink_tea.thm,158,,,,
textures.xdb0,textures/drink/drink_tea_bump#.dds,262272,512,512,0,DXT5
textures.xdb0,textures/drink/drink_tea_bump.dds,262272,512,512,0,DXT5
textures.xdb0,textures/drink/drink_tea_bump.thm,138,,,,
textures.xdb0,textures/drink/drink_vodka.dds,131200,512,512,0,DXT1
textures.xdb0,textures/drink/drink_vodka.thm,160,,,,
textures.xdb0,textures/drink/drink_vodka_bump#.dds,262272,512,512,0,DXT5
textures.xdb0,textures/drink/drink_vodka_bump.dds,262272,512,512,0,DXT5
textures.xdb0,textures/drink/drink_vodka_bump.thm,138,,,,
textures.xdb0,textures/drink/drink_water.dds,131200,512,512,0,DXT1
textures.xdb0,textures/drink/drink_water.thm,160,,,,
textures.xdb0,textures/drink/drink_water_bump#.dds,262272,512,512,0,DXT5
textures.xdb0,textures/drink/drink_water_bump.dds,262272,512,512,0,DXT5
textures.xdb0,textures/drink/drink_water_bump.thm,138,,,,
textures.xdb0,textures/drink/item_maps.dds,349680,512,512,10,DXT3
textures.xdb0,textures/ed/ed_dummy_bump#.dds,5616,64,64,7,DXT5
textures.xdb0,textures/ed/ed_dummy_bump.dds,5616,64,64,7,DXT5
textures.xdb0,textures/ed/ed_dummy_bump.thm,138,,,,
textures.xdb0,textures/ed/ed_not_existing_texture.dds,136,4,4,0,DXT1
textures.xdb0,textures/ed/ed_not_existing_texture.thm,138,,,,
textures.xdb0,textures/effects/bullet_tracer.dds,312,16,16,5,DXT1
textures.xdb0,textures/effects/light.dds,43832,256,256,9,DXT1
textures.xdb0,textures/effects/light.thm,138,,,,
textures.xdb0,textures/effects/rain.dds,21980,128,32,8,RGB
textures.xdb0,textures/effects/rain.thm,138,,,,
textures.xdb0,textures/effects/shadow.dds,43832,256,256,9,DXT1
textures.xdb0,textures/effects/shadow.thm,138,,,,
textures.xdb0,textures/fbr/fbr_linoleum1.dds,174904,512,512,10,DXT1
textures.xdb0,textures/fbr/fbr_linoleum1.thm,185,,,,
textures.xdb0,textures/fbr/fbr_linoleum1_bump#.dds,349568,512,512,6,DXT5
textures.xdb0,textures/fbr/fbr_linoleum1_bump#.thm,138,,,,
textures.xdb0,textures/fbr/fbr_linoleum1_bump.dds,349680,512,512,10,DXT5
textures.xdb0,textures/fbr/fbr_linoleum1_bump.thm,138,,,,
textures.xdb0,textures/flare/flare_02.dds,824,32,32,6,DXT1
textures.xdb0,textures/flare/flare_04.dds,824,32,32,6,DXT1
textures.xdb0,textures/flare/flare_05.dds,824,32,32,6,DXT1
textures.xdb0,textures/flare/flare_07.dds,824,32,32,6,DXT1
textures.xdb0,textures/flare/flare_08.dds,824,32,32,6,DXT1
textures.xdb0,textures/flare/flare_09.dds,824,32,32,6,DXT1
textures.xdb0,textures/flare/flare_14.dds,824,32,32,6,DXT1
textures.xdb0,textures/flare/flare_18.dds,824,32,32,6,DXT1
textures.xdb0,textures/flare/flare_21-111.dds,824,32,32,6,DXT1
textures.xdb0,textures/flare/flare_21-r.dds,824,32,32,6,DXT1
textures.xdb0,textures/flare/flare_21.dds,824,32,32,6,DXT1
textures.xdb0,textures/flare/flare_23.dds,824,32,32,6,DXT1
textures.xdb0,textures/flare/flare_30.dds,824,32,32,6,DXT1
textures.xdb0,textures/flare/flare_31.dds,824,32,32,6,DXT1
textures.xdb0,textures/flare/flare_32.dds,824,32,32,6,DXT1
textures.xdb0,textures/flare/flare_40.dds,824,32,32,6,DXT1
textures.xdb0,textures/flare/flare_41.dds,824,32,32,6,DXT1
textures.xdb0,textures/flare/flare_42.dds,824,32,32,6,DXT1
textures.xdb0,textures/flare/flare_sun.dds,1520,32,32,6,DXT5
textures.xdb0,textures/floor/floor_dirty1_gr.dds,174904,512,512,10,DXT1
textures.xdb0,textures/floor/floor_dirty1_gr.thm,188,,,,
textures.xdb0,textures/floor/floor_dirty1_gr_bump#.dds,349568,512,512,6,DXT5
textures.xdb0,textures/floor/floor_dirty1_gr_bump#.thm,138,,,,
textures.xdb0,textures/floor/floor_dirty1_gr_bump.dds,349568,512,512,6,DXT5
textures.xdb0,textures/floor/floor_dirty1_gr_bump.thm,138,,,,
textures.xdb0,textures/floor/floor_dirty_gr.dds,174904,512,512,10,DXT1
textures.xdb0,textures/floor/floor_dirty_gr.thm,186,,,,
textures.xdb0,textures/floor/floor_dirty_gr_bump#.dds,349568,512,512,6,DXT5
textures.xdb0,textures/floor/floor_dirty_gr_bump#.thm,138,,,,
textures.xdb0,textures/floor/floor_dirty_gr_bump.dds,349568,512,512,6,DXT5
textures.xdb0,textures/floor/floor_dirty_gr_bump.thm,138,,,,
textures.xdb0,textures/floor/floor_linoleum_01.dds,174904,512,512,10,DXT1
textures.xdb0,textures/floor/floor_linoleum_01.thm,189,,,,
textures.xdb0,textures/floor/floor_linoleum_01_bump#.dds,349680,512,512,10,DXT5
textures.xdb0,textures/floor/floor_linoleum_01_bump#.thm,138,,,,
textures.xdb0,textures/floor/floor_linoleum_01_bump.dds,349680,512,512,10,DXT5
textures.xdb0,textures/floor/floor_linoleum_01_bump.thm,138,,,,
textures.xdb0,textures/floor/floor_linoleum_02.dds,174904,512,512,10,DXT1
textures.xdb0,textures/floor/floor_linoleum_02.thm,189,,,,
textures.xdb0,textures/floor/floor_linoleum_02_bump#.dds,349568,512,512,6,DXT5
textures.xdb0,textures/floor/floor_linoleum_02_bump#.thm,138,,,,
textures.xdb0,textures/floor/floor_linoleum_02_bump.dds,349568,512,512,6,DXT5
textures.xdb0,textures/floor/floor_linoleum_02_bump.thm,138,,,,
textures.xdb0,textures/floor/floor_parket_01.dds,699008,1024,1024,6,DXT1
textures.xdb0,textures/floor/floor_parket_01.thm,185,,,,
textures.xdb0,textures/floor/floor_pitch_01.dds,174848,512,512,6,DXT1
textures.xdb0,textures/floor/floor_pitch_01.thm,187,,,,
textures.xdb0,textures/floor/floor_pitch_01_bump#.dds,349568,512,512,6,DXT5
textures.xdb0,textures/floor/floor_pitch_01_bump#.thm,138,,,,
textures.xdb0,textures/floor/floor_pitch_01_bump.dds,349568,512,512,6,DXT5
textures.xdb0,textures/floor/floor_pitch_01_bump.thm,138,,,,
textures.xdb0,textures/floor/floor_rock_tile_01.dds,699008,1024,1024,6,DXT1
textures.xdb0,textures/floor/floor_rock_tile_01.thm,190,,,,
textures.xdb0,textures/floor/floor_rock_tile_01_bump#.dds,1397888,1024,1024,6,DXT5
textures.xdb0,textures/floor/floor_rock_tile_01_bump#.thm,138,,,,
textures.xdb0,textures/floor/floor_rock_tile_01_bump.dds,1397888,1024,1024,6,DXT5
textures.xdb0,textures/floor/floor_rock_tile_01_bump.thm,138,,,,
textures.xdb0,textures/floor/floor_tile_01.dds,174848,512,512,6,DXT1
textures.xdb0,textures/floor/floor_tile_01.thm,185,,,,
textures.xdb0,textures/floor/floor_tile_01_bump#.dds,349568,512,512,6,DXT5
textures.xdb0,textures/floor/floor_tile_01_bump#.thm,138,,,,
textures.xdb0,textures/floor/floor_tile_01_bump.dds,349568,512,512,6,DXT5
textures.xdb0,textures/floor/floor_tile_01_bump.thm,138,,,,
textures.xdb0,textures/floor/floor_tile_02.dds,174904,512,512,10,DXT1
textures.xdb0,textures/floor/floor_tile_02.thm,186,,,,
textures.xdb0,textures/floor/floor_tile_02_bump#.dds,349568,512,512,6,DXT5
textures.xdb0,textures/floor/floor_tile_02_bump#.thm,138,,,,
textures.xdb0,textures/floor/floor_tile_02_bump.dds,349680,512,512,10,DXT5
textures.xdb0,textures/floor/floor_tile_02_bump.thm,138,,,,
textures.xdb0,textures/floor/floor_tile_02b.dds,174904,512,512,10,DXT1
textures.xdb0,textures/floor/floor_tile_02b.thm,161,,,,
textures.xdb0,textures/floor/floor_tile_03.dds,349680,512,512,10,DXT5
textures.xdb0,textures/floor/floor_tile_03.thm,185,,,,
textures.xdb0,textures/floor/floor_tile_03_bump#.dds,349680,512,512,10,DXT5
textures.xdb0,textures/floor/floor_tile_03_bump#.thm,138,,,,
textures.xdb0,textures/floor/floor_tile_03_bump.dds,349680,512,512,10,DXT5
textures.xdb0,textures/floor/floor_tile_03_bump.thm,138,,,,
textures.xdb0,textures/floor/floor_tile_04.dds,174904,512,512,10,DXT1
textures.xdb0,textures/floor/floor_tile_04.thm,185,,,,
textures.xdb0,textures/floor/floor_tile_04_bump#.dds,349680,512,512,10,DXT5
textures.xdb0,textures/floor/floor_tile_04_bump#.thm,138,,,,
textures.xdb0,textures/floor/floor_tile_04_bump.dds,349680,512,512,10,DXT5
textures.xdb0,textures/floor/floor_tile_04_bump.thm,138,,,,
textures.xdb0,textures/floor/floor_tile_05.dds,174904,512,512,10,DXT1
textures.xdb0,textures/floor/floor_tile_05.thm,186,,,,
textures.xdb0,textures/floor/floor_tile_05_bump#.dds,349680,512,512,10,DXT5
textures.xdb0,textures/floor/floor_tile_05_bump#.thm,138,,,,
textures.xdb0,textures/floor/floor_tile_05_bump.dds,349680,512,512,10,DXT5
textures.xdb0,textures/floor/floor_tile_05_bump.thm,138,,,,
textures.xdb0,textures/floor/floor_tile_06.dds,174904,512,512,10,DXT1
textures.xdb0,textures/floor/floor_tile_06.thm,186,,,,
textures.xdb0,textures/floor/floor_tile_07.dds,174904,512,512,10,DXT1
textures.xdb0,textures/floor/floor_tile_08.dds,174904,512,512,10,DXT1
textures.xdb0,textures/floor/floor_tile_08.thm,185,,,,
textures.xdb0,textures/floor/floor_tile_08_bump#.dds,349680,512,512,10,DXT5
textures.xdb0,textures/floor/floor_tile_08_bump#.thm,138,,,,
textures.xdb0,textures/floor/floor_tile_08_bump.dds,349680,512,512,10,DXT5
textures.xdb0,textures/floor/floor_tile_08_bump.thm,138,,,,
textures.xdb0,textures/floor/floor_tile_09.dds,174904,512,512,10,DXT1
textures.xdb0,textures/floor/floor_tile_09.thm,185,,,,
textures.xdb0,textures/floor/floor_tile_10.dds,174904,512,512,10,DXT1
textures.xdb0,textures/floor/floor_tile_10.thm,187,,,,
textures.xdb0,textures/floor/floor_tile_10_bump#.dds,349680,512,512,10,DXT5
textures.xdb0,textures/floor/floor_tile_10_bump#.thm,138,,,,
textures.xdb0,textures/floor/floor_tile_10_bump.dds,349680,512,512,10,DXT5
textures.xdb0,textures/floor/floor_tile_10_bump.thm,138,,,,
textures.xdb0,textures/food/chimera_food.dds,131200,512,512,0,DXT1
textures.xdb0,textures/food/chimera_food.thm,160,,,,
textures.xdb0,textures/food/chimera_food_bump#.dds,262272,512,512,0,DXT5
textures.xdb0,textures/food/chimera_food_bump.dds,262272,512,512,0,DXT5
textures.xdb0,textures/food/chimera_food_bump.thm,138,,,,
textures.xdb0,textures/food/food_bls.dds,131200,512,512,0,DXT1
textures.xdb0,textures/food/food_bls.thm,156,,,,
textures.xdb0,textures/food/food_bls_bump#.dds,262272,512,512,0,DXT5
textures.xdb0,textures/food/food_bls_bump#.thm,138,,,,
textures.xdb0,textures/food/food_bls_bump.dds,262272,512,512,0,DXT5
textures.xdb0,textures/food/food_bls_bump.thm,138,,,,
textures.xdb0,textures/food/food_boar.dds,262272,512,512,0,DXT5
textures.xdb0,textures/food/food_boar.thm,157,,,,
textures.xdb0,textures/food/food_boar_bump#.dds,262272,512,512,0,DXT5
textures.xdb0,textures/food/food_boar_bump#.thm,138,,,,
textures.xdb0,textures/food/food_boar_bump.dds,262272,512,512,0,DXT5
textures.xdb0,textures/food/food_boar_bump.thm,138,,,,
textures.xdb0,textures/food/food_chimera.dds,174904,512,512,10,DXT1
textures.xdb0,textures/food/food_chimera.thm,160,,,,
textures.xdb0,textures/food/food_chimera_bump#.dds,262272,512,512,0,DXT5
textures.xdb0,textures/food/food_chimera_bump#.thm,138,,,,
textures.xdb0,textures/food/food_chimera_bump.dds,262272,512,512,0,DXT5
textures.xdb0,textures/food/food_chimera_bump.thm,138,,,,
textures.xdb0,textures/food/food_dog.dds,131200,512,512,0,DXT1
textures.xdb0,textures/food/food_dog.thm,156,,,,
textures.xdb0,textures/food/food_dog_bump#.dds,262272,512,512,0,DXT5
textures.xdb0,textures/food/food_dog_bump#.thm,138,,,,
textures.xdb0,textures/food/food_dog_bump.dds,262272,512,512,0,DXT5
textures.xdb0,textures/food/food_dog_bump.thm,138,,,,
textures.xdb0,textures/food/food_flesh.dds,131200,512,512,0,DXT1
textures.xdb0,textures/food/food_flesh.thm,158,,,,
textures.xdb0,textures/food/food_flesh_bump#.dds,262272,512,512,0,DXT5
textures.xdb0,textures/food/food_flesh_bump#.thm,138,,,,
textures.xdb0,textures/food/food_flesh_bump.dds,262272,512,512,0,DXT5
textures.xdb0,textures/food/food_flesh_bump.thm,138,,,,
textures.xdb0,textures/food/food_pdg.dds,131200,512,512,0,DXT1
textures.xdb0,textures/food/food_pdg.thm,156,,,,
textures.xdb0,textures/food/food_pdg_bump#.dds,262272,512,512,0,DXT5
textures.xdb0,textures/food/food_pdg_bump#.thm,138,,,,
textures.xdb0,textures/food/food_pdg_bump.dds,262272,512,512,0,DXT5
textures.xdb0,textures/food/food_pdg_bump.thm,138,,,,
textures.xdb0,textures/food/food_protein.dds,174904,512,512,10,DXT1
textures.xdb0,textures/food/food_raw___dog.dds,11064,128,128,8,DXT1
textures.xdb0,textures/food/food_raw___dog.thm,162,,,,
textures.xdb0,textures/food/food_raw___dog_bump#.dds,16512,128,128,0,DXT5
textures.xdb0,textures/food/food_raw___dog_bump#.thm,138,,,,
textures.xdb0,textures/food/food_raw___dog_bump.dds,16512,128,128,0,DXT5
textures.xdb0,textures/food/food_raw___dog_bump.thm,138,,,,
textures.xdb0,textures/food/food_raw_boar.dds,174904,512,512,10,DXT1
textures.xdb0,textures/food/food_raw_boar.thm,161,,,,
textures.xdb0,textures/food/food_raw_boar_bump#.dds,262272,512,512,0,DXT5
textures.xdb0,textures/food/food_raw_boar_bump#.thm,138,,,,
textures.xdb0,textures/food/food_raw_boar_bump.dds,262272,512,512,0,DXT5
textures.xdb0,textures/food/food_raw_boar_bump.thm,138,,,,
textures.xdb0,textures/food/food_raw_flesh.dds,11064,128,128,8,DXT1
textures.xdb0,textures/food/food_raw_flesh.thm,162,,,,
textures.xdb0,textures/food/food_raw_flesh_bump#.dds,16512,128,128,0,DXT5
textures.xdb0,textures/food/food_raw_flesh_bump#.thm,138,,,,
textures.xdb0,textures/food/food_raw_flesh_bump.dds,16512,128,128,0,DXT5
textures.xdb0,textures/food/food_raw_flesh_bump.thm,138,,,,
textures.xdb0,textures/food/food_raw_tush.dds,131200,512,512,0,DXT1
textures.xdb0,textures/food/food_raw_tush.thm,161,,,,
textures.xdb0,textures/food/food_raw_tush_bump#.dds,262272,512,512,0,DXT5
textures.xdb0,textures/food/food_raw_tush_bump#.thm,138,,,,
textures.xdb0,textures/food/food_raw_tush_bump.dds,262272,512,512,0,DXT5
textures.xdb0,textures/food/food_raw_tush_bump.thm,138,,,,
textures.xdb0,textures/food/food_tushkano.dds,131200,512,512,0,DXT1
textures.xdb0,textures/food/food_tushkano.thm,161,,,,
textures.xdb0,textures/food/food_tushkano_bump#.dds,262272,512,512,0,DXT5
textures.xdb0,textures/food/food_tushkano_bump#.thm,138,,,,
textures.xdb0,textures/food/food_tushkano_bump.dds,262272,512,512,0,DXT5
textures.xdb0,textures/food/food_tushkano_bump.thm,138,,,,
textures.xdb0,textures/food/snork_food.dds,131200,512,512,0,DXT1
textures.xdb0,textures/food/snork_food.thm,158,,,,
textures.xdb0,textures/food/snork_food_bump#.dds,262272,512,512,0,DXT5
textures.xdb0,textures/food/snork_food_bump.dds,262272,512,512,0,DXT5
textures.xdb0,textures/food/snork_food_bump.thm,138,,,,
textures.xdb0,textures/fx/fx_fire-full.dds,144,1,1,0,DXT5
textures.xdb0,textures/fx/fx_fire-full.thm,138,,,,
textures.xdb0,textures/fx/fx_fire-glow.dds,144,1,1,0,DXT5
textures.xdb0,textures/fx/fx_fire-glow.thm,138,,,,
textures.xdb0,textures/fx/fx_fire1.dds,144,1,1,0,DXT5
textures.xdb0,textures/fx/fx_fire1.thm,138,,,,
textures.xdb0,textures/fx/fx_fire1_06.dds,144,1,1,0,DXT5
textures.xdb0,textures/fx/fx_fire1_06.thm,138,,,,
textures.xdb0,textures/fx/fx_fire1_13.dds,144,1,1,0,DXT5
textures.xdb0,textures/fx/fx_fire1_13.thm,138,,,,
textures.xdb0,textures/fx/fx_fire1_16.dds,144,1,1,0,DXT5
textures.xdb0,textures/fx/fx_fire1_16.thm,138,,,,
textures.xdb0,textures/fx/fx_fl_l.dds,144,1,1,0,DXT5
textures.xdb0,textures/fx/fx_fl_l.thm,138,,,,
textures.xdb0,textures/fx/fx_flare0.dds,1152,32,32,0,DXT5
textures.xdb0,textures/fx/fx_flare0.thm,138,,,,
textures.xdb0,textures/fx/fx_flare1.dds,4224,64,64,0,DXT5
textures.xdb0,textures/fx/fx_flare1.thm,138,,,,
textures.xdb0,textures/fx/fx_flare2.dds,4224,64,64,0,DXT5
textures.xdb0,textures/fx/fx_flare2.thm,138,,,,
textures.xdb0,textures/fx/fx_flare3.dds,4224,64,64,0,DXT5
textures.xdb0,textures/fx/fx_flare3.thm,138,,,,
textures.xdb0,textures/fx/fx_gaslight.seq,22,,,,
textures.xdb0,textures/fx/fx_gaslight_0.dds,87536,256,256,9,DXT5
textures.xdb0,textures/fx/fx_gaslight_1.dds,262272,512,512,0,DXT5
textures.xdb0,textures/fx/fx_gaslight_2.dds,262272,512,512,0,DXT5
textures.xdb0,textures/fx/fx_gaslight_3.dds,262272,512,512,0,DXT5
textures.xdb0,textures/fx/fx_gradien2.dds,349680,512,512,10,DXT5
textures.xdb0,textures/fx/fx_gradient.dds,349680,512,512,10,DXT5
textures.xdb0,textures/fx/fx_gradient.thm,138,,,,
textures.xdb0,textures/fx/fx_gradient1.dds,65664,256,256,0,DXT5
textures.xdb0,textures/fx/fx_gradient1.thm,138,,,,
textures.xdb0,textures/fx/fx_gradient_02.dds,262272,512,512,0,DXT5
textures.xdb0,textures/fx/fx_gradient_02.thm,138,,,,
textures.xdb0,textures/fx/fx_gradient_halo.dds,65664,256,256,0,DXT5
textures.xdb0,textures/fx/fx_gradient_halo.thm,138,,,,
textures.xdb0,textures/fx/fx_komp_screen_1.dds,32896,256,256,0,DXT1
textures.xdb0,textures/fx/fx_komp_screen_1.thm,138,,,,
textures.xdb0,textures/fx/fx_komp_screen_2.dds,43832,256,256,9,DXT1
textures.xdb0,textures/fx/fx_komp_screen_2.seq,61,,,,
textures.xdb0,textures/fx/fx_komp_screen_2.thm,138,,,,
textures.xdb0,textures/fx/fx_komp_screen_2_001.dds,43832,256,256,9,DXT1
textures.xdb0,textures/fx/fx_komp_screen_2_001.thm,138,,,,
textures.xdb0,textures/fx/fx_komp_screen_2_002.dds,43832,256,256,9,DXT1
textures.xdb0,textures/fx/fx_komp_screen_2_002.thm,138,,,,
textures.xdb0,textures/fx/fx_lavahell.dds,43808,256,256,6,DXT1
textures.xdb0,textures/fx/fx_lavahell.thm,138,,,,
textures.xdb0,textures/fx/fx_lavahell1.dds,43808,256,256,6,DXT1
textures.xdb0,textures/fx/fx_lavahell1.seq,244,,,,
textures.xdb0,textures/fx/fx_lavahell1.thm,138,,,,
textures.xdb0,textures/fx/fx_lavahell1_00.dds,43808,256,256,6,DXT1
textures.xdb0,textures/fx/fx_lavahell1_00.thm,138,,,,
textures.xdb0,textures/fx/fx_lavahell1_01.dds,43808,256,256,6,DXT1
textures.xdb0,textures/fx/fx_lavahell1_01.thm,138,,,,
textures.xdb0,textures/fx/fx_lavahell1_02.dds,43808,256,256,6,DXT1
textures.xdb0,textures/fx/fx_lavahell1_02.thm,138,,,,
textures.xdb0,textures/fx/fx_lavahell1_03.dds,43808,256,256,6,DXT1
textures.xdb0,textures/fx/fx_lavahell1_03.thm,138,,,,
textures.xdb0,textures/fx/fx_lavahell1_04.dds,43808,256,256,6,DXT1
textures.xdb0,textures/fx/fx_lavahell1_04.thm,138,,,,
textures.xdb0,textures/fx/fx_lavahell1_05.dds,43808,256,256,6,DXT1
textures.xdb0,textures/fx/fx_lavahell1_05.thm,138,,,,
textures.xdb0,textures/fx/fx_lavahell1_06.dds,43808,256,256,6,DXT1
textures.xdb0,textures/fx/fx_lavahell1_06.thm,138,,,,
textures.xdb0,textures/fx/fx_lavahell1_07.dds,43808,256,256,6,DXT1
textures.xdb0,textures/fx/fx_lavahell1_07.thm,138,,,,
textures.xdb0,textures/fx/fx_lavahell1_08.dds,43808,256,256,6,DXT1
textures.xdb0,textures/fx/fx_lavahell1_08.thm,138,,,,
textures.xdb0,textures/fx/fx_lavahell1_09.dds,43808,256,256,6,DXT1
textures.xdb0,textures/fx/fx_lavahell1_09.thm,138,,,,
textures.xdb0,textures/fx/fx_lightning-glow.dds,4224,64,64,0,DXT5
textures.xdb0,textures/fx/fx_lightning-glow.thm,138,,,,
textures.xdb0,textures/fx/fx_lightning.dds,32896,64,512,0,DXT5
textures.xdb0,textures/fx/fx_lightning.thm,138,,,,
textures.xdb0,textures/fx/fx_moon.dds,65664,256,256,0,DXT5
textures.xdb0,textures/fx/fx_moon.thm,138,,,,
textures.xdb0,textures/fx/fx_moon2.dds,1048704,1024,1024,0,DXT5
textures.xdb0,textures/fx/fx_moon2.thm,138,,,,
textures.xdb0,textures/fx/fx_moon_halo_phase_1.dds,1048704,1024,1024,0,DXT5
textures.xdb0,textures/fx/fx_moon_halo_phase_1.thm,138,,,,
textures.xdb0,textures/fx/fx_moon_halo_phase_2.dds,1048704,1024,1024,0,DXT5
textures.xdb0,textures/fx/fx_moon_halo_phase_2.thm,138,,,,
textures.xdb0,textures/fx/fx_moon_halo_phase_3.dds,1048704,1024,1024,0,DXT5
textures.xdb0,textures/fx/fx_moon_halo_phase_3.thm,138,,,,
textures.xdb0,textures/fx/fx_moon_halo_phase_4.dds,1048704,1024,1024,0,DXT5
textures.xdb0,textures/fx/fx_moon_halo_phase_4.thm,138,,,,
textures.xdb0,textures/fx/fx_moon_halo_phase_5.dds,1048704,1024,1024,0,DXT5
textures.xdb0,textures/fx/fx_moon_halo_phase_5.thm,138,,,,
textures.xdb0,textures/fx/fx_moon_halo_phase_6.dds,1048704,1024,1024,0,DXT5
textures.xdb0,textures/fx/fx_moon_halo_phase_6.thm,138,,,,
textures.xdb0,textures/fx/fx_moon_halo_phase_7.dds,1048704,1024,1024,0,DXT5
textures.xdb0,textures/fx/fx_moon_halo_phase_7.thm,138,,,,
textures.xdb0,textures/fx/fx_moon_phase_1.dds,1048704,1024,1024,0,DXT5
textures.xdb0,textures/fx/fx_moon_phase_1.thm,138,,,,
textures.xdb0,textures/fx/fx_moon_phase_2.dds,1048704,1024,1024,0,DXT5
textures.xdb0,textures/fx/fx_moon_phase_2.thm,138,,,,
textures.xdb0,textures/fx/fx_moon_phase_3.dds,1048704,1024,1024,0,DXT5
textures.xdb0,textures/fx/fx_moon_phase_3.thm,138,,,,
textures.xdb0,textures/fx/fx_moon_phase_4.dds,1048704,1024,1024,0,DXT5
textures.xdb0,textures/fx/fx_moon_phase_4.thm,138,,,,
textures.xdb0,textures/fx/fx_moon_phase_5.dds,1048704,1024,1024,0,DXT5
textures.xdb0,textures/fx/fx_moon_phase_5.thm,138,,,,
textures.xdb0,textures/fx/fx_moon_phase_6.dds,1048704,1024,1024,0,DXT5
textures.xdb0,textures/fx/fx_moon_phase_6.thm,138,,,,
textures.xdb0,textures/fx/fx_moon_phase_7.dds,1048704,1024,1024,0,DXT5
textures.xdb0,textures/fx/fx_moon_phase_7.thm,138,,,,
textures.xdb0,textures/fx/fx_noise.dds,32896,256,256,0,DXT1
textures.xdb0,textures/fx/fx_noise.thm,138,,,,
textures.xdb0,textures/fx/fx_noise2.dds,43832,256,256,9,DXT1
textures.xdb0,textures/fx/fx_noise2.thm,138,,,,
textures.xdb0,textures/fx/fx_rain.dds,5616,64,64,7,DXT5
textures.xdb0,textures/fx/fx_rain.thm,138,,,,
textures.xdb0,textures/fx/fx_rainsplash1.dds,16512,128,128,1,DXT5
textures.xdb0,textures/fx/fx_rainsplash1.thm,138,,,,
textures.xdb0,textures/fx/fx_ring1.dds,1152,32,32,0,DXT5
textures.xdb0,textures/fx/fx_ring1.thm,138,,,,
textures.xdb0,textures/fx/fx_stalker.dds,43808,256,256,6,DXT1
textures.xdb0,textures/fx/fx_stalker.seq,612,,,,
textures.xdb0,textures/fx/fx_stalker.thm,138,,,,
textures.xdb0,textures/fx/fx_stalker_000.dds,87488,256,256,6,DXT5
textures.xdb0,textures/fx/fx_stalker_000.thm,138,,,,
textures.xdb0,textures/fx/fx_stalker_001.dds,87488,256,256,6,DXT5
textures.xdb0,textures/fx/fx_stalker_001.thm,138,,,,
textures.xdb0,textures/fx/fx_stalker_002.dds,87488,256,256,6,DXT5
textures.xdb0,textures/fx/fx_stalker_002.thm,138,,,,
textures.xdb0,textures/fx/fx_stalker_003.dds,87488,256,256,6,DXT5
textures.xdb0,textures/fx/fx_stalker_003.thm,138,,,,
textures.xdb0,textures/fx/fx_stalker_004.dds,87488,256,256,6,DXT5
textures.xdb0,textures/fx/fx_stalker_004.thm,138,,,,
textures.xdb0,textures/fx/fx_stalker_005.dds,87488,256,256,6,DXT5
textures.xdb0,textures/fx/fx_stalker_005.thm,138,,,,
textures.xdb0,textures/fx/fx_stalker_006.dds,87488,256,256,6,DXT5
textures.xdb0,textures/fx/fx_stalker_006.thm,138,,,,
textures.xdb0,textures/fx/fx_stalker_007.dds,87488,256,256,6,DXT5
textures.xdb0,textures/fx/fx_stalker_007.thm,138,,,,
textures.xdb0,textures/fx/fx_stalker_008.dds,87488,256,256,6,DXT5
textures.xdb0,textures/fx/fx_stalker_008.thm,138,,,,
textures.xdb0,textures/fx/fx_stalker_009.dds,87488,256,256,6,DXT5
textures.xdb0,textures/fx/fx_stalker_009.thm,138,,,,
textures.xdb0,textures/fx/fx_stalker_010.dds,87488,256,256,6,DXT5
textures.xdb0,textures/fx/fx_stalker_010.thm,138,,,,
textures.xdb0,textures/fx/fx_stalker_011.dds,87488,256,256,6,DXT5
textures.xdb0,textures/fx/fx_stalker_011.thm,138,,,,
textures.xdb0,textures/fx/fx_stalker_012.dds,87488,256,256,6,DXT5
textures.xdb0,textures/fx/fx_stalker_012.thm,138,,,,
textures.xdb0,textures/fx/fx_stalker_013.dds,43808,256,256,6,DXT1
textures.xdb0,textures/fx/fx_stalker_013.thm,138,,,,
textures.xdb0,textures/fx/fx_stalker_014.dds,43808,256,256,6,DXT1
textures.xdb0,textures/fx/fx_stalker_014.thm,138,,,,
textures.xdb0,textures/fx/fx_stalker_015.dds,43808,256,256,6,DXT1
textures.xdb0,textures/fx/fx_stalker_015.thm,138,,,,
textures.xdb0,textures/fx/fx_stalker_016.dds,43808,256,256,6,DXT1
textures.xdb0,textures/fx/fx_stalker_016.thm,138,,,,
textures.xdb0,textures/fx/fx_stalker_017.dds,43808,256,256,6,DXT1
textures.xdb0,textures/fx/fx_stalker_017.thm,138,,,,
textures.xdb0,textures/fx/fx_stalker_018.dds,43808,256,256,6,DXT1
textures.xdb0,textures/fx/fx_stalker_018.thm,138,,,,
textures.xdb0,textures/fx/fx_stalker_019.dds,43808,256,256,6,DXT1
textures.xdb0,textures/fx/fx_stalker_019.thm,138,,,,
textures.xdb0,textures/fx/fx_stalker_020.dds,43808,256,256,6,DXT1
textures.xdb0,textures/fx/fx_stalker_020.thm,138,,,,
textures.xdb0,textures/fx/fx_stalker_021.dds,43808,256,256,6,DXT1
textures.xdb0,textures/fx/fx_stalker_021.thm,138,,,,
textures.xdb0,textures/fx/fx_stalker_022.dds,43808,256,256,6,DXT1
textures.xdb0,textures/fx/fx_stalker_022.thm,138,,,,
textures.xdb0,textures/fx/fx_stalker_023.dds,43808,256,256,6,DXT1
textures.xdb0,textures/fx/fx_stalker_023.thm,138,,,,
textures.xdb0,textures/fx/fx_stalker_024.dds,43808,256,256,6,DXT1
textures.xdb0,textures/fx/fx_stalker_024.thm,138,,,,
textures.xdb0,textures/fx/fx_stalker_025.dds,43808,256,256,6,DXT1
textures.xdb0,textures/fx/fx_stalker_025.thm,138,,,,
textures.xdb0,textures/fx/fx_stalker_026.dds,43808,256,256,6,DXT1
textures.xdb0,textures/fx/fx_stalker_026.thm,138,,,,
textures.xdb0,textures/fx/fx_stalker_027.dds,43808,256,256,6,DXT1
textures.xdb0,textures/fx/fx_stalker_027.thm,138,,,,
textures.xdb0,textures/fx/fx_stalker_028.dds,43808,256,256,6,DXT1
textures.xdb0,textures/fx/fx_stalker_028.thm,138,,,,
textures.xdb0,textures/fx/fx_stalker_029.dds,43808,256,256,6,DXT1
textures.xdb0,textures/fx/fx_stalker_029.thm,138,,,,
textures.xdb0,textures/fx/fx_stalker_030.dds,43808,256,256,6,DXT1
textures.xdb0,textures/fx/fx_stalker_030.thm,138,,,,
textures.xdb0,textures/fx/fx_sun.dds,349680,512,512,10,DXT5
textures.xdb0,textures/fx/fx_sun.thm,138,,,,
textures.xdb0,textures/fx/fx_sun_fog.dds,87536,256,256,9,DXT5
textures.xdb0,textures/fx/fx_sun_fog.thm,138,,,,
textures.xdb0,textures/fx/fx_sun_gradient.dds,65664,256,256,0,DXT5
textures.xdb0,textures/fx/fx_sun_gradient.thm,138,,,,
textures.xdb0,textures/fx/fx_sun_halo.dds,65664,256,256,0,DXT5
textures.xdb0,textures/fx/fx_sun_halo.thm,138,,,,
textures.xdb0,textures/fx/fx_sun_morning.dds,65664,256,256,0,DXT5
textures.xdb0,textures/fx/fx_sun_morning.thm,138,,,,
textures.xdb0,textures/fx/fx_sun_ppx.dds,262272,512,512,0,DXT5
textures.xdb0,textures/fx/fx_sun_rise.dds,349680,512,512,10,DXT5
textures.xdb0,textures/fx/fx_sun_rise.thm,138,,,,
textures.xdb0,textures/fx/fx_thunderbolts_gradient.dds,65664,256,256,0,DXT5
textures.xdb0,textures/fx/fx_thunderbolts_gradient.thm,138,,,,
textures.xdb0,textures/fx/fx_thunderbolts_gradient_surge.dds,65664,256,256,0,DXT5
textures.xdb0,textures/fx/fx_thunderbolts_gradient_surge.thm,138,,,,
textures.xdb0,textures/fx/fx_tracer.dds,640,32,32,0,DXT1
textures.xdb0,textures/fx/fx_tracer.thm,138,,,,
textures.xdb0,textures/fx/fx_tracer_weapons.dds,16512,64,512,0,DXT1
textures.xdb0,textures/fx/fx_tracer_weapons.thm,138,,,,
textures.xdb0,textures/fx/fx_volumefog1.dds,349680,512,512,10,DXT5
textures.xdb0,textures/fx/fx_volumefog1.thm,138,,,,
textures.xdb0,textures/fx/fx_wood_fire.dds,43808,256,256,6,DXT1
textures.xdb0,textures/fx/fx_wood_fire.seq,462,,,,
textures.xdb0,textures/fx/fx_wood_fire.seq_,462,,,,
textures.xdb0,textures/fx/fx_wood_fire.thm,158,,,,
textures.xdb0,textures/fx/fx_wood_fire_1.dds,43808,256,256,6,DXT1
textures.xdb0,textures/fx/fx_wood_fire_1.thm,158,,,,
textures.xdb0,textures/fx/fx_wood_fire_2.dds,43808,256,256,6,DXT1
textures.xdb0,textures/fx/fx_wood_fire_2.thm,158,,,,
textures.xdb0,textures/fx/fx_wood_fire_3.dds,43808,256,256,6,DXT1
textures.xdb0,textures/fx/fx_wood_fire_3.thm,158,,,,
textures.xdb0,textures/fx/fx_wood_fire_bump#.dds,21968,128,128,6,DXT5
textures.xdb0,textures/fx/fx_wood_fire_bump.dds,21968,128,128,6,DXT5
textures.xdb0,textures/fx/fx_wood_fire_bump.thm,138,,,,
textures.xdb0,textures/glas/glas_br_01.dds,87536,256,256,9,DXT5
textures.xdb0,textures/glas/glas_br_01_256.dds,43832,256,256,9,DXT1
textures.xdb0,textures/glas/glas_br_01_256.thm,138,,,,
textures.xdb0,textures/glas/glas_brain.dds,22000,128,128,8,DXT5
textures.xdb0,textures/glas/glas_ch_01.dds,174904,512,512,10,DXT1
textures.xdb0,textures/glas/glas_ch_01.thm,158,,,,
textures.xdb0,textures/glas/glas_ch_01_bump#.dds,349680,512,512,10,DXT5
textures.xdb0,textures/glas/glas_ch_01_bump#.thm,138,,,,
textures.xdb0,textures/glas/glas_ch_01_bump.dds,349680,512,512,10,DXT5
textures.xdb0,textures/glas/glas_ch_01_bump.thm,138,,,,
textures.xdb0,textures/glas/glas_dirt.dds,174928,512,256,10,DXT5
textures.xdb0,textures/glas/glas_dirt.thm,138,,,,
textures.xdb0,textures/glas/glas_dirt2.dds,43856,256,128,9,DXT5
textures.xdb0,textures/glas/glas_dirt_bar.dds,43856,256,128,9,DXT5
textures.xdb0,textures/glas/glas_g-01.dds,174928,512,256,10,DXT5
textures.xdb0,textures/glas/glas_g-01.thm,138,,,,
textures.xdb0,textures/glas/glas_gr01.dds,174904,512,512,10,DXT1
textures.xdb0,textures/glas/glas_gr01.thm,138,,,,
textures.xdb0,textures/glas/glas_gr02.dds,174904,512,512,10,DXT1
textures.xdb0,textures/glas/glas_gr02.thm,157,,,,
textures.xdb0,textures/glas/glas_gr02_bump#.dds,349680,512,512,10,DXT5
textures.xdb0,textures/glas/glas_gr02_bump#.thm,138,,,,
textures.xdb0,textures/glas/glas_gr02_bump.dds,349680,512,512,10,DXT5
textures.xdb0,textures/glas/glas_gr02_bump.thm,138,,,,
textures.xdb0,textures/glas/glas_lab.dds,43856,256,128,9,DXT5
textures.xdb0,textures/glas/glas_lab.thm,138,,,,
textures.xdb0,textures/glas/glas_temp.dds,349680,512,512,10,DXT5
textures.xdb0,textures/glas/glas_vitraj_iov.dds,349672,1024,512,11,DXT1
textures.xdb0,textures/glas/glas_windows1.dds,174920,1024,256,11,DXT1
textures.xdb0,textures/glas/glas_windows1.thm,161,,,,
textures.xdb0,textures/glas/glas_windows1_bump#.dds,349712,1024,256,11,DXT5
textures.xdb0,textures/glas/glas_windows1_bump#.thm,138,,,,
textures.xdb0,textures/glas/glas_windows1_bump.dds,349712,1024,256,11,DXT5
textures.xdb0,textures/glas/glas_windows1_bump.thm,138,,,,
textures.xdb0,textures/glas/glas_windows1a.dds,87568,512,128,10,DXT5
textures.xdb0,textures/glas/glas_windows2.dds,174904,512,512,10,DXT1
textures.xdb0,textures/glas/glas_windows2a.dds,43832,256,256,9,DXT1
textures.xdb0,textures/glas/glas_windows2b.dds,43832,256,256,9,DXT1
textures.xdb0,textures/glas/glas_windows2b.thm,138,,,,
textures.xdb0,textures/glas/glas_windows2c.dds,43832,256,256,9,DXT1
textures.xdb0,textures/glas/glas_windows2d.dds,43832,256,256,9,DXT1
textures.xdb0,textures/glas/glas_windows3.dds,21992,256,128,9,DXT1
textures.xdb0,textures/glas/glas_windows3a.dds,21992,256,128,9,DXT1
textures.xdb0,textures/glas/glas_windows3b.dds,21992,256,128,9,DXT1
textures.xdb0,textures/glas/glas_windows3b.thm,138,,,,
textures.xdb0,textures/glas/glas_windows4.dds,21992,256,128,9,DXT1
textures.xdb0,textures/glas/glas_windows4_bump#.dds,131200,256,128,1,RGB
textures.xdb0,textures/glas/glas_windows4_bump.dds,131200,256,128,1,RGB
textures.xdb0,textures/glas/glas_windows4a.dds,43856,256,128,9,DXT5
textures.xdb0,textures/glas/glas_windows4a.thm,138,,,,
textures.xdb0,textures/glas/glas_windows5.dds,21992,256,128,9,DXT1
textures.xdb0,textures/glas/glas_windows5a.dds,21992,256,128,9,DXT1
textures.xdb0,textures/glas/glas_windows5b.dds,43856,256,128,9,DXT5
textures.xdb0,textures/glas/glas_windows5c.dds,43856,256,128,9,DXT5
textures.xdb0,textures/glas/glas_windows6.dds,699216,1024,512,11,DXT5
textures.xdb0,textures/glas/glas_windows6.thm,138,,,,
textures.xdb0,textures/glas/glas_windows6_bump#.dds,699216,1024,512,11,DXT5
textures.xdb0,textures/glas/glas_windows6_bump.dds,699216,1024,512,11,DXT5
textures.xdb0,textures/glas/glas_windows6b.dds,699216,1024,512,11,DXT5
textures.xdb0,textures/glas/glas_windows6b.thm,138,,,,
textures.xdb0,textures/glas/glas_windows7.dds,5640,32,256,9,DXT1
textures.xdb0,textures/glas/glas_windows_j06.dds,21992,256,128,9,DXT1
textures.xdb0,textures/glass/glass_blocks.dds,349680,512,512,10,DXT5
textures.xdb0,textures/glass/glass_blocks.thm,161,,,,
textures.xdb0,textures/glass/glass_blocks_bump#.dds,349568,512,512,6,DXT5
textures.xdb0,textures/glass/glass_blocks_bump#.thm,138,,,,
textures.xdb0,textures/glass/glass_blocks_bump.dds,349680,512,512,10,DXT5
textures.xdb0,textures/glass/glass_blocks_bump.thm,138,,,,
textures.xdb0,textures/glow/fx_volume1.dds,87488,256,256,6,DXT5
textures.xdb0,textures/glow/fx_volume1.thm,138,,,,
textures.xdb0,textures/glow/glow_04.dds,21968,128,128,6,DXT5
textures.xdb0,textures/glow/glow_04.thm,138,,,,
textures.xdb0,textures/glow/glow_anamorphic.dds,1520,32,32,6,DXT5
textures.xdb0,textures/glow/glow_anamorphic.thm,138,,,,
textures.xdb0,textures/glow/glow_blue.dds,87536,256,256,9,DXT5
textures.xdb0,textures/glow/glow_fire1.dds,21968,128,128,6,DXT5
textures.xdb0,textures/glow/glow_fire1.thm,138,,,,
textures.xdb0,textures/glow/glow_fire1_soc.dds,21968,128,128,6,DXT5
textures.xdb0,textures/glow/glow_fire1_soc.thm,138,,,,
textures.xdb0,textures/glow/glow_galogen.dds,22032,256,64,9,DXT5
textures.xdb0,textures/glow/glow_galogen.thm,138,,,,
textures.xdb0,textures/glow/glow_ghost.dds,87536,256,256,9,DXT5
textures.xdb0,textures/glow/glow_ghost.thm,138,,,,
textures.xdb0,textures/glow/glow_green.dds,65664,256,256,0,DXT5
textures.xdb0,textures/glow/glow_green.thm,138,,,,
textures.xdb0,textures/glow/glow_orange.dds,87488,256,256,6,DXT5
textures.xdb0,textures/glow/glow_orange.thm,138,,,,
textures.xdb0,textures/glow/glow_orange2.dds,5600,64,64,6,DXT5
textures.xdb0,textures/glow/glow_orange2.thm,138,,,,
textures.xdb0,textures/glow/glow_orange_bright.dds,87488,256,256,6,DXT5
textures.xdb0,textures/glow/glow_orange_bright.thm,138,,,,
textures.xdb0,textures/glow/glow_rays.dds,1520,32,32,6,DXT5
textures.xdb0,textures/glow/glow_rays.thm,138,,,,
textures.xdb0,textures/glow/glow_red2.dds,5600,64,64,6,DXT5
textures.xdb0,textures/glow/glow_red2.thm,138,,,,
textures.xdb0,textures/glow/glow_torch_r2.dds,349652,256,256,9,RGB
textures.xdb0,textures/glow/glow_torch_r2.thm,138,,,,
textures.xdb0,textures/glow/glow_white.dds,87488,256,256,6,DXT5
textures.xdb0,textures/glow/glow_white.thm,138,,,,
textures.xdb0,textures/glow/glow_yellow.dds,65664,256,256,0,DXT5
textures.xdb0,textures/glow/glow_yellow.thm,138,,,,
textures.xdb0,textures/glow/glow_yellow_1.dds,87536,256,256,9,DXT5
textures.xdb0,textures/grad/grad_acid_mine.dds,2176,256,2,0,RGB
textures.xdb0,textures/grad/grad_acid_mine.thm,138,,,,
textures.xdb0,textures/grad/grad_acidic.dds,1664,256,2,2,DXT5
textures.xdb0,textures/grad/grad_acidic.thm,138,,,,
textures.xdb0,textures/grad/grad_acidic_mine.dds,1664,256,2,2,DXT5
textures.xdb0,textures/grad/grad_acidic_mine.thm,138,,,,
textures.xdb0,textures/grad/grad_actor_radiation.dds,6272,32,32,0,DXT5
textures.xdb0,textures/grad/grad_electra_mine.dds,1664,256,2,2,DXT5
textures.xdb0,textures/grad/grad_electra_mine.thm,138,,,,
textures.xdb0,textures/grad/grad_electric_mine.dds,2176,256,2,0,RGB
textures.xdb0,textures/grad/grad_electric_mine.thm,138,,,,
textures.xdb0,textures/grad/grad_nightvision_1.dds,2176,256,2,0,RGB
textures.xdb0,textures/grad/grad_nightvision_1.thm,138,,,,
textures.xdb0,textures/grad/grad_nightvision_2.dds,2176,256,2,0,RGB
textures.xdb0,textures/grad/grad_nightvision_2.thm,138,,,,
textures.xdb0,textures/grad/grad_nightvision_3.dds,2176,256,2,0,RGB
textures.xdb0,textures/grad/grad_nightvision_3.thm,138,,,,
textures.xdb0,textures/grad/grad_psi.dds,1664,256,2,2,DXT5
textures.xdb0,textures/grad/grad_psi.thm,138,,,,
textures.xdb0,textures/grad/grad_psy.dds,2176,256,2,0,RGB
textures.xdb0,textures/grad/grad_psy.thm,138,,,,
textures.xdb0,textures/grad/grad_radiation.dds,1664,256,2,2,DXT5
textures.xdb0,textures/grad/grad_radiation.thm,138,,,,
textures.xdb0,textures/grad/grad_rainbow.dds,2176,256,2,0,RGB
textures.xdb0,textures/grad/grad_rainbow.thm,138,,,,
textures.xdb0,textures/grad/grad_steam_mine.dds,2176,256,2,0,RGB
textures.xdb0,textures/grad/grad_steam_mine.thm,138,,,,
textures.xdb0,textures/grad/grad_thermal.dds,1664,256,2,2,DXT5
textures.xdb0,textures/grad/grad_thermal.thm,138,,,,
textures.xdb0,textures/grad/grad_thermal_mine.dds,1664,256,2,2,DXT5
textures.xdb0,textures/grad/grad_thermal_mine.thm,138,,,,
textures.xdb0,textures/grenadier/fake_.dds,496,16,16,5,DXT5
textures.xdb0,textures/grenadier/fake_.thm,138,,,,
textures.xdb0,textures/grnd/grnd_asphalt1_border.dds,21968,256,128,6,DXT1
textures.xdb0,textures/grnd/grnd_asphalt1_border.thm,138,,,,
textures.xdb0,textures/grnd/grnd_asphalt1_border2.dds,21968,256,128,6,DXT1
textures.xdb0,textures/grnd/grnd_asphalt1_border2.thm,138,,,,
textures.xdb0,textures/grnd/grnd_asphalt2.dds,699192,1024,1024,11,DXT1
textures.xdb0,textures/grnd/grnd_asphalt2.thm,161,,,,
textures.xdb0,textures/grnd/grnd_asphalt2_bump#.dds,87536,256,256,9,DXT5
textures.xdb0,textures/grnd/grnd_asphalt2_bump.dds,1398256,1024,1024,11,DXT5
textures.xdb0,textures/grnd/grnd_asphalt2_bump.thm,138,,,,
textures.xdb0,textures/grnd/grnd_concrete_01.dds,699192,1024,1024,11,DXT1
textures.xdb0,textures/grnd/grnd_concrete_01.thm,188,,,,
textures.xdb0,textures/grnd/grnd_concrete_01_bump#.dds,1398256,1024,1024,11,DXT5
textures.xdb0,textures/grnd/grnd_concrete_01_bump#.thm,138,,,,
textures.xdb0,textures/grnd/grnd_concrete_01_bump.dds,1398256,1024,1024,11,DXT5
textures.xdb0,textures/grnd/grnd_concrete_01_bump.thm,138,,,,
textures.xdb0,textures/grnd/grnd_concrete_1.dds,699192,1024,1024,11,DXT1
textures.xdb0,textures/grnd/grnd_concrete_1.thm,188,,,,
textures.xdb0,textures/grnd/grnd_concrete_1_bump#.dds,1398256,1024,1024,11,DXT5
textures.xdb0,textures/grnd/grnd_concrete_1_bump.dds,1398256,1024,1024,11,DXT5
textures.xdb0,textures/grnd/grnd_concrete_2.dds,699192,1024,1024,11,DXT1
textures.xdb0,textures/grnd/grnd_concrete_2.thm,185,,,,
textures.xdb0,textures/grnd/grnd_dirt_dark.dds,699192,1024,1024,11,DXT1
textures.xdb0,textures/grnd/grnd_dirt_dark.thm,185,,,,
textures.xdb0,textures/grnd/grnd_dirt_dark2.dds,174904,512,512,10,DXT1
textures.xdb0,textures/grnd/grnd_dirt_dark2.thm,185,,,,
textures.xdb0,textures/grnd/grnd_dirt_dark_01.dds,699192,1024,1024,11,DXT1
textures.xdb0,textures/grnd/grnd_dirt_dark_01.thm,185,,,,
textures.xdb0,textures/grnd/grnd_dirt_dark_bump#.dds,1398256,1024,1024,11,DXT5
textures.xdb0,textures/grnd/grnd_dirt_dark_bump#.thm,138,,,,
textures.xdb0,textures/grnd/grnd_dirt_dark_bump.dds,1398256,1024,1024,11,DXT5
textures.xdb0,textures/grnd/grnd_dirt_dark_bump.thm,138,,,,
textures.xdb0,textures/grnd/grnd_dirt_dust_0.dds,699008,1024,1024,6,DXT1
textures.xdb0,textures/grnd/grnd_dirt_dust_0.thm,185,,,,
textures.xdb0,textures/grnd/grnd_dirt_dust_01.dds,699192,1024,1024,11,DXT1
textures.xdb0,textures/grnd/grnd_dirt_dust_01.thm,185,,,,
textures.xdb0,textures/grnd/grnd_dirt_dust_01_bump.thm,138,,,,
textures.xdb0,textures/grnd/grnd_dirt_dust_02.dds,699192,1024,1024,11,DXT1
textures.xdb0,textures/grnd/grnd_dirt_dust_02.thm,189,,,,
textures.xdb0,textures/grnd/grnd_dirt_dust_02_bump#.dds,1398256,1024,1024,11,DXT5
textures.xdb0,textures/grnd/grnd_dirt_dust_02_bump#.thm,138,,,,
textures.xdb0,textures/grnd/grnd_dirt_dust_02_bump.dds,1398256,1024,1024,11,DXT5
textures.xdb0,textures/grnd/grnd_dirt_dust_02_bump.thm,138,,,,
textures.xdb0,textures/grnd/grnd_dirt_dust_0_bump#.dds,349568,512,512,6,DXT5
textures.xdb0,textures/grnd/grnd_dirt_dust_0_bump#.thm,138,,,,
textures.xdb0,textures/grnd/grnd_dirt_dust_0_bump.dds,349568,512,512,6,DXT5
textures.xdb0,textures/grnd/grnd_dirt_dust_0_bump.thm,138,,,,
textures.xdb0,textures/grnd/grnd_dry_gr.dds,699008,1024,1024,6,DXT1
textures.xdb0,textures/grnd/grnd_dry_gr.thm,183,,,,
textures.xdb0,textures/grnd/grnd_dry_gr_01.dds,699192,1024,1024,11,DXT1
textures.xdb0,textures/grnd/grnd_dry_gr_01.thm,183,,,,
textures.xdb0,textures/grnd/grnd_dry_gr_bump#.dds,1397888,1024,1024,6,DXT5
textures.xdb0,textures/grnd/grnd_dry_gr_bump#.thm,138,,,,
textures.xdb0,textures/grnd/grnd_dry_gr_bump.dds,1398256,1024,1024,11,DXT5
textures.xdb0,textures/grnd/grnd_dry_gr_bump.thm,138,,,,
textures.xdb0,textures/grnd/grnd_dry_j02.dds,174848,512,512,6,DXT1
textures.xdb0,textures/grnd/grnd_dry_j02.thm,138,,,,
textures.xdb0,textures/grnd/grnd_dry_j02_pod.dds,174848,512,512,6,DXT1
textures.xdb0,textures/grnd/grnd_dry_j02_pod.thm,164,,,,
textures.xdb0,textures/grnd/grnd_dry_j02_pod_bump#.dds,349568,512,512,6,DXT5
textures.xdb0,textures/grnd/grnd_dry_j02_pod_bump#.thm,138,,,,
textures.xdb0,textures/grnd/grnd_dry_j02_pod_bump.dds,349568,512,512,6,DXT5
textures.xdb0,textures/grnd/grnd_dry_j02_pod_bump.thm,138,,,,
textures.xdb0,textures/grnd/grnd_drygrass1a.dds,174848,512,512,6,DXT1
textures.xdb0,textures/grnd/grnd_drygrass1a.thm,138,,,,
textures.xdb0,textures/grnd/grnd_drygrass2.dds,174848,512,512,6,DXT1
textures.xdb0,textures/grnd/grnd_drygrass2.thm,138,,,,
textures.xdb0,textures/grnd/grnd_garbage.dds,699192,1024,1024,11,DXT1
textures.xdb0,textures/grnd/grnd_garbage.thm,160,,,,
textures.xdb0,textures/grnd/grnd_garbage1.dds,174848,512,512,6,DXT1
textures.xdb0,textures/grnd/grnd_garbage1.thm,161,,,,
textures.xdb0,textures/grnd/grnd_garbage1_bump#.dds,349568,512,512,6,DXT5
textures.xdb0,textures/grnd/grnd_garbage1_bump#.thm,138,,,,
textures.xdb0,textures/grnd/grnd_garbage1_bump.dds,349568,512,512,6,DXT5
textures.xdb0,textures/grnd/grnd_garbage1_bump.thm,138,,,,
textures.xdb0,textures/grnd/grnd_garbage_bump#.dds,349680,512,512,10,DXT5
textures.xdb0,textures/grnd/grnd_garbage_bump#.thm,138,,,,
textures.xdb0,textures/grnd/grnd_garbage_bump.dds,349680,512,512,10,DXT5
textures.xdb0,textures/grnd/grnd_garbage_bump.thm,138,,,,
textures.xdb0,textures/grnd/grnd_hangbush1.dds,87528,512,256,10,DXT1
textures.xdb0,textures/grnd/grnd_hangbush1.thm,138,,,,
textures.xdb0,textures/grnd/grnd_heat.dds,349568,512,512,6,DXT5
textures.xdb0,textures/grnd/grnd_heat.thm,180,,,,
textures.xdb0,textures/grnd/grnd_heat_bump#.dds,349568,512,512,6,DXT5
textures.xdb0,textures/grnd/grnd_heat_bump#.thm,138,,,,
textures.xdb0,textures/grnd/grnd_heat_bump.dds,349568,512,512,6,DXT5
textures.xdb0,textures/grnd/grnd_heat_bump.thm,138,,,,
textures.xdb0,textures/grnd/grnd_land_01.dds,699192,1024,1024,11,DXT1
textures.xdb0,textures/grnd/grnd_land_01.thm,184,,,,
textures.xdb0,textures/grnd/grnd_land_01_bump#.dds,1398256,1024,1024,11,DXT5
textures.xdb0,textures/grnd/grnd_land_01_bump#.thm,138,,,,
textures.xdb0,textures/grnd/grnd_land_01_bump.dds,1398256,1024,1024,11,DXT5
textures.xdb0,textures/grnd/grnd_land_01_bump.thm,138,,,,
textures.xdb0,textures/grnd/grnd_leaves.dds,699192,1024,1024,11,DXT1
textures.xdb0,textures/grnd/grnd_leaves.thm,184,,,,
textures.xdb0,textures/grnd/grnd_leaves_bump#.dds,1398256,1024,1024,11,DXT5
textures.xdb0,textures/grnd/grnd_leaves_bump#.thm,138,,,,
textures.xdb0,textures/grnd/grnd_leaves_bump.dds,1398256,1024,1024,11,DXT5
textures.xdb0,textures/grnd/grnd_leaves_bump.thm,138,,,,
textures.xdb0,textures/grnd/grnd_mp_01.dds,43808,256,256,6,DXT1
textures.xdb0,textures/grnd/grnd_mp_01.thm,138,,,,
textures.xdb0,textures/grnd/grnd_mudwalls1.dds,174848,512,512,6,DXT1
textures.xdb0,textures/grnd/grnd_mudwalls1.thm,162,,,,
textures.xdb0,textures/grnd/grnd_mudwalls_iov.dds,699192,1024,1024,11,DXT1
textures.xdb0,textures/grnd/grnd_mudwalls_iov.thm,189,,,,
textures.xdb0,textures/grnd/grnd_mudwalls_iov_bump#.dds,349680,512,512,10,DXT5
textures.xdb0,textures/grnd/grnd_mudwalls_iov_bump.dds,1398256,1024,1024,11,DXT5
textures.xdb0,textures/grnd/grnd_mudwalls_iov_bump.thm,138,,,,
textures.xdb0,textures/grnd/grnd_obriv_01.dds,349672,1024,512,11,DXT1
textures.xdb0,textures/grnd/grnd_obriv_01.thm,186,,,,
textures.xdb0,textures/grnd/grnd_obriv_01_bump#.dds,699008,1024,512,6,DXT5
textures.xdb0,textures/grnd/grnd_obriv_01_bump#.thm,138,,,,
textures.xdb0,textures/grnd/grnd_obriv_01_bump.dds,699008,1024,512,6,DXT5
textures.xdb0,textures/grnd/grnd_obriv_01_bump.thm,138,,,,
textures.xdb0,textures/grnd/grnd_obriv_2.dds,87528,512,256,10,DXT1
textures.xdb0,textures/grnd/grnd_obriv_2.thm,43599,,,,
textures.xdb0,textures/grnd/grnd_obriv_3.dds,349568,1024,512,6,DXT1
textures.xdb0,textures/grnd/grnd_obriv_3.thm,186,,,,
textures.xdb0,textures/grnd/grnd_obriv_3_bump.thm,138,,,,
textures.xdb0,textures/grnd/grnd_obriv_a.dds,32896,256,128,0,DXT5
textures.xdb0,textures/grnd/grnd_obriv_a.thm,41571,,,,
textures.xdb0,textures/grnd/grnd_obriv_b.dds,349568,1024,512,6,DXT1
textures.xdb0,textures/grnd/grnd_obriv_b.thm,163,,,,
textures.xdb0,textures/grnd/grnd_per.dds,174848,512,512,6,DXT1
textures.xdb0,textures/grnd/grnd_per.thm,138,,,,
textures.xdb0,textures/grnd/grnd_precipice_01.dds,349672,1024,512,11,DXT1
textures.xdb0,textures/grnd/grnd_precipice_01.thm,186,,,,
textures.xdb0,textures/grnd/grnd_precipice_01_bump.thm,138,,,,
textures.xdb0,textures/grnd/grnd_road_c.dds,174848,512,512,6,DXT1
textures.xdb0,textures/grnd/grnd_road_c.thm,138,,,,
textures.xdb0,textures/grnd/grnd_rocks_01.dds,699192,1024,1024,11,DXT1
textures.xdb0,textures/grnd/grnd_rocks_01.thm,185,,,,
textures.xdb0,textures/grnd/grnd_rocks_01_bump.thm,161,,,,
textures.xdb0,textures/grnd/grnd_rocks_02.dds,699192,1024,1024,11,DXT1
textures.xdb0,textures/grnd/grnd_rocks_02.thm,185,,,,
textures.xdb0,textures/grnd/grnd_rocks_02_bump#.dds,1398256,1024,1024,11,DXT5
textures.xdb0,textures/grnd/grnd_rocks_02_bump#.thm,138,,,,
textures.xdb0,textures/grnd/grnd_rocks_02_bump.dds,1398256,1024,1024,11,DXT5
textures.xdb0,textures/grnd/grnd_rocks_02_bump.thm,138,,,,
textures.xdb0,textures/grnd/grnd_rocks_06.dds,699192,1024,1024,11,DXT1
textures.xdb0,textures/grnd/grnd_rocks_06.thm,185,,,,
textures.xdb0,textures/grnd/grnd_rocks_06_bump#.dds,1398256,1024,1024,11,DXT5
textures.xdb0,textures/grnd/grnd_rocks_06_bump#.thm,138,,,,
textures.xdb0,textures/grnd/grnd_rocks_06_bump.dds,1398256,1024,1024,11,DXT5
textures.xdb0,textures/grnd/grnd_rocks_06_bump.thm,138,,,,
textures.xdb0,textures/grnd/grnd_rostok_grass2.dds,174848,512,512,6,DXT1
textures.xdb0,textures/grnd/grnd_rostok_grass2.thm,138,,,,
textures.xdb0,textures/grnd/grnd_shlak3_dirt_blend.dds,174904,512,512,10,DXT1
textures.xdb0,textures/grnd/grnd_shlak_01.dds,699192,1024,1024,11,DXT1
textures.xdb0,textures/grnd/grnd_shlak_01.thm,185,,,,
textures.xdb0,textures/grnd/grnd_shlak_01_bump#.dds,1398256,1024,1024,11,DXT5
textures.xdb0,textures/grnd/grnd_shlak_01_bump#.thm,138,,,,
textures.xdb0,textures/grnd/grnd_shlak_01_bump.dds,1398256,1024,1024,11,DXT5
textures.xdb0,textures/grnd/grnd_shlak_01_bump.thm,138,,,,
textures.xdb0,textures/grnd/grnd_shlak_02.dds,699192,1024,1024,11,DXT1
textures.xdb0,textures/grnd/grnd_shlak_02.thm,185,,,,
textures.xdb0,textures/grnd/grnd_shlak_02_bump#.dds,1398256,1024,1024,11,DXT5
textures.xdb0,textures/grnd/grnd_shlak_02_bump#.thm,138,,,,
textures.xdb0,textures/grnd/grnd_shlak_02_bump.dds,1398256,1024,1024,11,DXT5
textures.xdb0,textures/grnd/grnd_shlak_02_bump.thm,138,,,,
textures.xdb0,textures/grnd/grnd_shlak_03.dds,699192,1024,1024,11,DXT1
textures.xdb0,textures/grnd/grnd_shlak_03.thm,185,,,,
textures.xdb0,textures/grnd/grnd_shlak_03_bump#.dds,349680,512,512,10,DXT5
textures.xdb0,textures/grnd/grnd_shlak_03_bump#.thm,138,,,,
textures.xdb0,textures/grnd/grnd_shlak_03_bump.dds,1398256,1024,1024,11,DXT5
textures.xdb0,textures/grnd/grnd_shlak_03_bump.thm,138,,,,
textures.xdb0,textures/grnd/grnd_train_road.dds,699192,1024,1024,11,DXT1
textures.xdb0,textures/grnd/grnd_train_road.thm,187,,,,
textures.xdb0,textures/grnd/grnd_train_road_bump#.dds,1397888,1024,1024,6,DXT5
textures.xdb0,textures/grnd/grnd_train_road_bump#.thm,138,,,,
textures.xdb0,textures/grnd/grnd_train_road_bump.dds,1398256,1024,1024,11,DXT5
textures.xdb0,textures/grnd/grnd_train_road_bump.thm,163,,,,
textures.xdb0,textures/grnd/grnd_train_road_wood.dds,699192,1024,1024,11,DXT1
textures.xdb0,textures/grnd/grnd_train_road_wood.thm,192,,,,
textures.xdb0,textures/grnd/grnd_train_road_wood_bump#.dds,1397888,1024,1024,6,DXT5
textures.xdb0,textures/grnd/grnd_train_road_wood_bump#.thm,138,,,,
textures.xdb0,textures/grnd/grnd_train_road_wood_bump.dds,1398256,1024,1024,11,DXT5
textures.xdb0,textures/grnd/grnd_train_road_wood_bump.thm,138,,,,
textures.xdb0,textures/grnd/grnd_zemlya.dds,699192,1024,1024,11,DXT1
textures.xdb0,textures/grnd/grnd_zemlya.thm,162,,,,
textures.xdb0,textures/grnd/grnd_zemlya2_iov.dds,699192,1024,1024,11,DXT1
textures.xdb0,textures/grnd/grnd_zemlya2_iov.thm,184,,,,
textures.xdb0,textures/grnd/grnd_zemlya2_iov_bump#.dds,1398256,1024,1024,11,DXT5
textures.xdb0,textures/grnd/grnd_zemlya2_iov_bump.dds,1398256,1024,1024,11,DXT5
textures.xdb0,textures/grnd/grnd_zemlya_bump#.dds,699192,1024,1024,11,DXT1
textures.xdb0,textures/grnd/grnd_zemlya_iov.dds,699192,1024,1024,11,DXT1
textures.xdb0,textures/grnd/grnd_zemlya_iov.thm,162,,,,
textures.xdb0,textures/grnd/grnd_zemlya_iov_bump#.dds,699192,1024,1024,11,DXT1
textures.xdb0,textures/hud/hud_keydoor.dds,87488,256,256,6,DXT5
textures.xdb0,textures/hud/hud_keydoor.thm,138,,,,
textures.xdb0,textures/internal/internal_firetransferfunction.dds,4224,2048,1,1,DXT1
textures.xdb0,textures/internal/internal_light_att.dds,87488,256,256,6,DXT5
textures.xdb0,textures/internal/internal_light_att.thm,138,,,,
textures.xdb0,textures/internal/internal_light_attclip.dds,640,128,2,0,DXT5
textures.xdb0,textures/internal/internal_light_attclip.thm,138,,,,
textures.xdb0,textures/internal/internal_light_attpoint.dds,65664,256,256,0,DXT5
textures.xdb0,textures/internal/internal_light_attpoint.thm,138,,,,
textures.xdb0,textures/internal/internal_light_r2att.dds,640,128,2,0,DXT5
textures.xdb0,textures/internal/internal_light_r2att.thm,138,,,,
textures.xdb0,textures/internal/internal_light_torch_r2.dds,65664,128,128,0,RGB
textures.xdb0,textures/internal/internal_light_torch_r2.thm,138,,,,
textures.xdb0,textures/internal/torch1.dds,87536,256,256,9,DXT5
textures.xdb0,textures/internal/torch2.dds,87536,256,256,9,DXT5
textures.xdb0,textures/internal/torch3.dds,22000,128,128,8,DXT5
textures.xdb0,textures/internal/torch_galogen.dds,22000,128,128,8,DXT5
textures.xdb0,textures/internal/torch_gas.dds,16512,128,128,0,DXT3
textures.xdb0,textures/intro/intro_agroprom.dds,65664,512,256,0,DXT1
textures.xdb0,textures/intro/intro_agroprom.thm,138,,,,
textures.xdb0,textures/intro/intro_agroprom2.dds,65664,512,256,0,DXT1
textures.xdb0,textures/intro/intro_agroprom2.thm,138,,,,
textures.xdb0,textures/intro/intro_agroprom_underground.dds,65664,512,256,0,DXT1
textures.xdb0,textures/intro/intro_agroprom_underground.thm,138,,,,
textures.xdb0,textures/intro/intro_back.dds,136,4,4,0,DXT1
textures.xdb0,textures/intro/intro_back.thm,138,,,,
textures.xdb0,textures/intro/intro_darkvalley.dds,65664,512,256,0,DXT1
textures.xdb0,textures/intro/intro_darkvalley.thm,138,,,,
textures.xdb0,textures/intro/intro_escape.dds,65664,512,256,0,DXT1
textures.xdb0,textures/intro/intro_escape.thm,138,,,,
textures.xdb0,textures/intro/intro_escape2.dds,65664,512,256,0,DXT1
textures.xdb0,textures/intro/intro_escape2.thm,138,,,,
textures.xdb0,textures/intro/intro_fake_start_1.dds,524416,1024,512,0,DXT5
textures.xdb0,textures/intro/intro_fake_start_1.thm,138,,,,
textures.xdb0,textures/intro/intro_garbage.dds,65664,512,256,0,DXT1
textures.xdb0,textures/intro/intro_garbage.thm,138,,,,
textures.xdb0,textures/intro/intro_hospital.dds,65664,512,256,0,DXT1
textures.xdb0,textures/intro/intro_hospital.thm,138,,,,
textures.xdb0,textures/intro/intro_hospital2.dds,65664,512,256,0,DXT1
textures.xdb0,textures/intro/intro_hospital2.thm,138,,,,
textures.xdb0,textures/intro/intro_jupiter_1.dds,262272,1024,512,0,DXT1
textures.xdb0,textures/intro/intro_jupiter_1.thm,138,,,,
textures.xdb0,textures/intro/intro_jupiter_2.dds,262272,1024,512,0,DXT1
textures.xdb0,textures/intro/intro_jupiter_2.thm,138,,,,
textures.xdb0,textures/intro/intro_jupiter_3.dds,262272,1024,512,0,DXT1
textures.xdb0,textures/intro/intro_jupiter_3.thm,138,,,,
textures.xdb0,textures/intro/intro_jupiter_4.dds,262272,1024,512,0,DXT1
textures.xdb0,textures/intro/intro_jupiter_4.thm,138,,,,
textures.xdb0,textures/intro/intro_jupiter_5.dds,262272,1024,512,0,DXT1
textures.xdb0,textures/intro/intro_jupiter_5.thm,138,,,,
textures.xdb0,textures/intro/intro_jupiter_underground_1.dds,262272,1024,512,0,DXT1
textures.xdb0,textures/intro/intro_jupiter_underground_1.thm,138,,,,
textures.xdb0,textures/intro/intro_jupiter_underground_2.dds,262272,1024,512,0,DXT1
textures.xdb0,textures/intro/intro_jupiter_underground_2.thm,138,,,,
textures.xdb0,textures/intro/intro_jupiter_underground_3.dds,262272,1024,512,0,DXT1
textures.xdb0,textures/intro/intro_jupiter_underground_3.thm,138,,,,
textures.xdb0,textures/intro/intro_jupiter_underground_4.dds,262272,1024,512,0,DXT1
textures.xdb0,textures/intro/intro_jupiter_underground_4.thm,138,,,,
textures.xdb0,textures/intro/intro_jupiter_underground_5.dds,262272,1024,512,0,DXT1
textures.xdb0,textures/intro/intro_jupiter_underground_5.thm,138,,,,
textures.xdb0,textures/intro/intro_k00_marsh_1.dds,524416,1024,512,0,DXT5
textures.xdb0,textures/intro/intro_k00_marsh_1.thm,138,,,,
textures.xdb0,textures/intro/intro_k00_marsh_2.dds,524416,1024,512,0,DXT5
textures.xdb0,textures/intro/intro_k00_marsh_2.thm,138,,,,
textures.xdb0,textures/intro/intro_k00_marsh_3.dds,524416,1024,512,0,DXT5
textures.xdb0,textures/intro/intro_k00_marsh_4.dds,524416,1024,512,0,DXT5
textures.xdb0,textures/intro/intro_k00_marsh_5.dds,524416,1024,512,0,DXT5
textures.xdb0,textures/intro/intro_k00_marsh_6.dds,524416,1024,512,0,DXT5
textures.xdb0,textures/intro/intro_k01_darkscape_1.dds,524416,1024,512,0,DXT5
textures.xdb0,textures/intro/intro_k01_darkscape_1.thm,138,,,,
textures.xdb0,textures/intro/intro_k01_darkscape_2.dds,524416,1024,512,0,DXT5
textures.xdb0,textures/intro/intro_k01_darkscape_3.dds,524416,1024,512,0,DXT5
textures.xdb0,textures/intro/intro_k01_darkscape_4.dds,524416,1024,512,0,DXT5
textures.xdb0,textures/intro/intro_k02_trucks_cemetery_1.dds,524416,1024,512,0,DXT5
textures.xdb0,textures/intro/intro_k02_trucks_cemetery_2.dds,524416,1024,512,0,DXT5
textures.xdb0,textures/intro/intro_k02_trucks_cemetery_3.dds,524416,1024,512,0,DXT5
textures.xdb0,textures/intro/intro_k02_trucks_cemetery_4.dds,524416,1024,512,0,DXT5
textures.xdb0,textures/intro/intro_k02_trucks_cemetery_5.dds,524416,1024,512,0,DXT5
textures.xdb0,textures/intro/intro_k02_trucks_cemetery_6.dds,524416,1024,512,0,DXT5
textures.xdb0,textures/intro/intro_katacomb.dds,65664,512,256,0,DXT1
textures.xdb0,textures/intro/intro_katacomb.thm,138,,,,
textures.xdb0,textures/intro/intro_katacomb2.dds,65664,512,256,0,DXT1
textures.xdb0,textures/intro/intro_katacomb2.thm,138,,,,
textures.xdb0,textures/intro/intro_l01_escape_1.dds,524416,1024,512,0,DXT5
textures.xdb0,textures/intro/intro_l01_escape_1.thm,138,,,,
textures.xdb0,textures/intro/intro_l01_escape_2.dds,524416,1024,512,0,DXT5
textures.xdb0,textures/intro/intro_l01_escape_2.thm,138,,,,
textures.xdb0,textures/intro/intro_l01_escape_3.dds,524416,1024,512,0,DXT5
textures.xdb0,textures/intro/intro_l01_escape_3.thm,138,,,,
textures.xdb0,textures/intro/intro_l01_escape_4.dds,524416,1024,512,0,DXT5
textures.xdb0,textures/intro/intro_l02_garbage_1.dds,524416,1024,512,0,DXT5
textures.xdb0,textures/intro/intro_l02_garbage_1.thm,138,,,,
textures.xdb0,textures/intro/intro_l02_garbage_2.dds,524416,1024,512,0,DXT5
textures.xdb0,textures/intro/intro_l02_garbage_2.thm,138,,,,
textures.xdb0,textures/intro/intro_l02_garbage_3.dds,524416,1024,512,0,DXT5
textures.xdb0,textures/intro/intro_l02_garbage_4.dds,524416,1024,512,0,DXT5
textures.xdb0,textures/intro/intro_l03_agroprom_1.dds,524416,1024,512,0,DXT5
textures.xdb0,textures/intro/intro_l03_agroprom_1.thm,138,,,,
textures.xdb0,textures/intro/intro_l03_agroprom_2.dds,524416,1024,512,0,DXT5
textures.xdb0,textures/intro/intro_l03_agroprom_2.thm,138,,,,
textures.xdb0,textures/intro/intro_l03_agroprom_3.dds,524416,1024,512,0,DXT5
textures.xdb0,textures/intro/intro_l03_agroprom_3.thm,138,,,,
textures.xdb0,textures/intro/intro_l03_agroprom_4.dds,524416,1024,512,0,DXT5
textures.xdb0,textures/intro/intro_l03u_agr_underground_1.dds,524416,1024,512,0,DXT5
textures.xdb0,textures/intro/intro_l03u_agr_underground_1.thm,138,,,,
textures.xdb0,textures/intro/intro_l03u_agr_underground_2.dds,524416,1024,512,0,DXT5
textures.xdb0,textures/intro/intro_l03u_agr_underground_3.dds,524416,1024,512,0,DXT5
textures.xdb0,textures/intro/intro_l03u_agr_underground_4.dds,524416,1024,512,0,DXT5
textures.xdb0,textures/intro/intro_l03u_agr_underground_5.dds,524416,1024,512,0,DXT5
textures.xdb0,textures/intro/intro_l03u_agr_underground_6.dds,524416,1024,512,0,DXT5
textures.xdb0,textures/intro/intro_l04_darkvalley_1.dds,524416,1024,512,0,DXT5
textures.xdb0,textures/intro/intro_l04_darkvalley_1.thm,138,,,,
textures.xdb0,textures/intro/intro_l04_darkvalley_2.dds,524416,1024,512,0,DXT5
textures.xdb0,textures/intro/intro_l04_darkvalley_2.thm,138,,,,
textures.xdb0,textures/intro/intro_l04_darkvalley_3.dds,524416,1024,512,0,DXT5
textures.xdb0,textures/intro/intro_l04_darkvalley_4.dds,524416,1024,512,0,DXT5
textures.xdb0,textures/intro/intro_l04_darkvalley_5.dds,524416,1024,512,0,DXT5
textures.xdb0,textures/intro/intro_l04u_labx18_1.dds,524416,1024,512,0,DXT5
textures.xdb0,textures/intro/intro_l04u_labx18_1.thm,138,,,,
textures.xdb0,textures/intro/intro_l04u_labx18_2.dds,524416,1024,512,0,DXT5
textures.xdb0,textures/intro/intro_l04u_labx18_3.dds,524416,1024,512,0,DXT5
textures.xdb0,textures/intro/intro_l04u_labx18_4.dds,524416,1024,512,0,DXT5
textures.xdb0,textures/intro/intro_l04u_labx18_5.dds,524416,1024,512,0,DXT5
textures.xdb0,textures/intro/intro_l04u_labx18_6.dds,524416,1024,512,0,DXT5
textures.xdb0,textures/intro/intro_l04u_labx18_7.dds,524416,1024,512,0,DXT5
textures.xdb0,textures/intro/intro_l05_bar_1.dds,524416,1024,512,0,DXT5
textures.xdb0,textures/intro/intro_l05_bar_1.thm,138,,,,
textures.xdb0,textures/intro/intro_l05_bar_2.dds,524416,1024,512,0,DXT5
textures.xdb0,textures/intro/intro_l05_bar_3.dds,524416,1024,512,0,DXT5
textures.xdb0,textures/intro/intro_l05_bar_4.dds,524416,1024,512,0,DXT5
textures.xdb0,textures/intro/intro_l05_bar_5.dds,524416,1024,512,0,DXT5
textures.xdb0,textures/intro/intro_l06_rostok_1.dds,524416,1024,512,0,DXT5
textures.xdb0,textures/intro/intro_l06_rostok_1.thm,138,,,,
textures.xdb0,textures/intro/intro_l06_rostok_2.dds,524416,1024,512,0,DXT5
textures.xdb0,textures/intro/intro_l06_rostok_3.dds,524416,1024,512,0,DXT5
textures.xdb0,textures/intro/intro_l06_rostok_4.dds,524416,1024,512,0,DXT5
textures.xdb0,textures/intro/intro_l06_rostok_5.dds,524416,1024,512,0,DXT5
textures.xdb0,textures/intro/intro_l06_rostok_6.dds,524416,1024,512,0,DXT5
textures.xdb0,textures/intro/intro_l06_rostok_7.dds,524416,1024,512,0,DXT5
textures.xdb0,textures/intro/intro_l07_military_1.dds,524416,1024,512,0,DXT5
textures.xdb0,textures/intro/intro_l07_military_1.thm,138,,,,
textures.xdb0,textures/intro/intro_l07_military_2.dds,524416,1024,512,0,DXT5
textures.xdb0,textures/intro/intro_l07_military_2.thm,138,,,,
textures.xdb0,textures/intro/intro_l07_military_3.dds,524416,1024,512,0,DXT5
textures.xdb0,textures/intro/intro_l07_military_3.thm,138,,,,
textures.xdb0,textures/intro/intro_l07_military_4.dds,524416,1024,512,0,DXT5
textures.xdb0,textures/intro/intro_l07_military_5.dds,524416,1024,512,0,DXT5
textures.xdb0,textures/intro/intro_l07_military_6.dds,524416,1024,512,0,DXT5
textures.xdb0,textures/intro/intro_l08_yantar_1.dds,524416,1024,512,0,DXT5
textures.xdb0,textures/intro/intro_l08_yantar_1.thm,138,,,,
textures.xdb0,textures/intro/intro_l08_yantar_2.dds,524416,1024,512,0,DXT5
textures.xdb0,textures/intro/intro_l08_yantar_2.thm,138,,,,
textures.xdb0,textures/intro/intro_l08_yantar_3.dds,524416,1024,512,0,DXT5
textures.xdb0,textures/intro/intro_l08_yantar_4.dds,524416,1024,512,0,DXT5
textures.xdb0,textures/intro/intro_l08_yantar_5.dds,524416,1024,512,0,DXT5
textures.xdb0,textures/intro/intro_l08_yantar_6.dds,524416,1024,512,0,DXT5
textures.xdb0,textures/intro/intro_l08u_brainlab_1.dds,524416,1024,512,0,DXT5
textures.xdb0,textures/intro/intro_l08u_brainlab_1.thm,138,,,,
textures.xdb0,textures/intro/intro_l08u_brainlab_2.dds,524416,1024,512,0,DXT5
textures.xdb0,textures/intro/intro_l08u_brainlab_3.dds,524416,1024,512,0,DXT5
textures.xdb0,textures/intro/intro_l08u_brainlab_4.dds,524416,1024,512,0,DXT5
textures.xdb0,textures/intro/intro_l08u_brainlab_5.dds,524416,1024,512,0,DXT5
textures.xdb0,textures/intro/intro_l08u_brainlab_6.dds,524416,1024,512,0,DXT5
textures.xdb0,textures/intro/intro_l08u_brainlab_7.dds,524416,1024,512,0,DXT5
textures.xdb0,textures/intro/intro_l08u_brainlab_8.dds,524416,1024,512,0,DXT5
textures.xdb0,textures/intro/intro_l08u_brainlab_9.dds,524416,1024,512,0,DXT5
textures.xdb0,textures/intro/intro_l09_deadcity_1.dds,524416,1024,512,0,DXT5
textures.xdb0,textures/intro/intro_l09_deadcity_1.thm,138,,,,
textures.xdb0,textures/intro/intro_l09_deadcity_2.dds,524416,1024,512,0,DXT5
textures.xdb0,textures/intro/intro_l09_deadcity_3.dds,524416,1024,512,0,DXT5
textures.xdb0,textures/intro/intro_l10_limansk_1.dds,524416,1024,512,0,DXT5
textures.xdb0,textures/intro/intro_l10_limansk_1.thm,138,,,,
textures.xdb0,textures/intro/intro_l10_limansk_2.dds,524416,1024,512,0,DXT5
textures.xdb0,textures/intro/intro_l10_limansk_2.thm,138,,,,
textures.xdb0,textures/intro/intro_l10_limansk_3.dds,524416,1024,512,0,DXT5
textures.xdb0,textures/intro/intro_l10_limansk_3.thm,138,,,,
textures.xdb0,textures/intro/intro_l10_limansk_4.dds,524416,1024,512,0,DXT5
textures.xdb0,textures/intro/intro_l10_limansk_5.dds,524416,1024,512,0,DXT5
textures.xdb0,textures/intro/intro_l10_radar_1.dds,524416,1024,512,0,DXT5
textures.xdb0,textures/intro/intro_l10_radar_1.thm,138,,,,
textures.xdb0,textures/intro/intro_l10_radar_2.dds,524416,1024,512,0,DXT5
textures.xdb0,textures/intro/intro_l10_radar_3.dds,524416,1024,512,0,DXT5
textures.xdb0,textures/intro/intro_l10_radar_4.dds,524416,1024,512,0,DXT5
textures.xdb0,textures/intro/intro_l10_radar_5.dds,524416,1024,512,0,DXT5
textures.xdb0,textures/intro/intro_l10_radar_6.dds,524416,1024,512,0,DXT5
textures.xdb0,textures/intro/intro_l10_radar_7.dds,524416,1024,512,0,DXT5
textures.xdb0,textures/intro/intro_l10_red_forest_1.dds,524416,1024,512,0,DXT5
textures.xdb0,textures/intro/intro_l10_red_forest_1.thm,138,,,,
textures.xdb0,textures/intro/intro_l10_red_forest_2.dds,524416,1024,512,0,DXT5
textures.xdb0,textures/intro/intro_l10_red_forest_3.dds,524416,1024,512,0,DXT5
textures.xdb0,textures/intro/intro_l10_red_forest_4.dds,524416,1024,512,0,DXT5
textures.xdb0,textures/intro/intro_l10_red_forest_5.dds,524416,1024,512,0,DXT5
textures.xdb0,textures/intro/intro_l10_red_forest_6.dds,524416,1024,512,0,DXT5
textures.xdb0,textures/intro/intro_l10_red_forest_7.dds,524416,1024,512,0,DXT5
textures.xdb0,textures/intro/intro_l10u_bunker_1.dds,524416,1024,512,0,DXT5
textures.xdb0,textures/intro/intro_l10u_bunker_2.dds,524416,1024,512,0,DXT5
textures.xdb0,textures/intro/intro_l10u_bunker_3.dds,524416,1024,512,0,DXT5
textures.xdb0,textures/intro/intro_l10u_bunker_4.dds,524416,1024,512,0,DXT5
textures.xdb0,textures/intro/intro_l10u_bunker_5.dds,524416,1024,512,0,DXT5
textures.xdb0,textures/intro/intro_l10u_bunker_6.dds,524416,1024,512,0,DXT5
textures.xdb0,textures/intro/intro_l11_hospital_1.dds,524416,1024,512,0,DXT5
textures.xdb0,textures/intro/intro_l11_hospital_1.thm,138,,,,
textures.xdb0,textures/intro/intro_l11_hospital_2.dds,524416,1024,512,0,DXT5
textures.xdb0,textures/intro/intro_l11_hospital_2.thm,138,,,,
textures.xdb0,textures/intro/intro_l11_hospital_3.dds,524416,1024,512,0,DXT5
textures.xdb0,textures/intro/intro_l11_hospital_4.dds,524416,1024,512,0,DXT5
textures.xdb0,textures/intro/intro_l11_hospital_5.dds,524416,1024,512,0,DXT5
textures.xdb0,textures/intro/intro_l11_hospital_6.dds,524416,1024,512,0,DXT5
textures.xdb0,textures/intro/intro_l11_pripyat_1.dds,524416,1024,512,0,DXT5
textures.xdb0,textures/intro/intro_l11_pripyat_1.thm,138,,,,
textures.xdb0,textures/intro/intro_l11_pripyat_2.dds,524416,1024,512,0,DXT5
textures.xdb0,textures/intro/intro_l11_pripyat_3.dds,524416,1024,512,0,DXT5
textures.xdb0,textures/intro/intro_l11_pripyat_4.dds,524416,1024,512,0,DXT5
textures.xdb0,textures/intro/intro_l11_pripyat_5.dds,524416,1024,512,0,DXT5
textures.xdb0,textures/intro/intro_l11_pripyat_6.dds,524416,1024,512,0,DXT5
textures.xdb0,textures/intro/intro_l12_stancia_1.dds,524416,1024,512,0,DXT5
textures.xdb0,textures/intro/intro_l12_stancia_1.thm,138,,,,
textures.xdb0,textures/intro/intro_l12_stancia_2.dds,524416,1024,512,0,DXT5
textures.xdb0,textures/intro/intro_l12_stancia_2.thm,138,,,,
textures.xdb0,textures/intro/intro_l12_stancia_2_1.dds,524416,1024,512,0,DXT5
textures.xdb0,textures/intro/intro_l12_stancia_2_2.dds,524416,1024,512,0,DXT5
textures.xdb0,textures/intro/intro_l12_stancia_2_3.dds,524416,1024,512,0,DXT5
textures.xdb0,textures/intro/intro_l12_stancia_2_4.dds,524416,1024,512,0,DXT5
textures.xdb0,textures/intro/intro_l12_stancia_2_5.dds,524416,1024,512,0,DXT5
textures.xdb0,textures/intro/intro_l12_stancia_3.dds,524416,1024,512,0,DXT5
textures.xdb0,textures/intro/intro_l12_stancia_4.dds,524416,1024,512,0,DXT5
textures.xdb0,textures/intro/intro_l12_stancia_5.dds,524416,1024,512,0,DXT5
textures.xdb0,textures/intro/intro_l12_stancia_6.dds,524416,1024,512,0,DXT5
textures.xdb0,textures/intro/intro_l12_stancia_7.dds,524416,1024,512,0,DXT5
textures.xdb0,textures/intro/intro_l12u_control_monolith_1.dds,524416,1024,512,0,DXT5
textures.xdb0,textures/intro/intro_l12u_control_monolith_2.dds,524416,1024,512,0,DXT5
textures.xdb0,textures/intro/intro_l12u_control_monolith_3.dds,524416,1024,512,0,DXT5
textures.xdb0,textures/intro/intro_l12u_control_monolith_4.dds,524416,1024,512,0,DXT5
textures.xdb0,textures/intro/intro_l12u_control_monolith_5.dds,524416,1024,512,0,DXT5
textures.xdb0,textures/intro/intro_l12u_control_monolith_6.dds,524416,1024,512,0,DXT5
textures.xdb0,textures/intro/intro_l12u_control_monolith_7.dds,524416,1024,512,0,DXT5
textures.xdb0,textures/intro/intro_l12u_sarcofag_0.dds,524416,1024,512,0,DXT5
textures.xdb0,textures/intro/intro_l12u_sarcofag_1.dds,524416,1024,512,0,DXT5
textures.xdb0,textures/intro/intro_l12u_sarcofag_2.dds,524416,1024,512,0,DXT5
textures.xdb0,textures/intro/intro_l12u_sarcofag_3.dds,524416,1024,512,0,DXT5
textures.xdb0,textures/intro/intro_l12u_sarcofag_4.dds,524416,1024,512,0,DXT5
textures.xdb0,textures/intro/intro_l12u_sarcofag_5.dds,524416,1024,512,0,DXT5
textures.xdb0,textures/intro/intro_l12u_sarcofag_6.dds,524416,1024,512,0,DXT5
textures.xdb0,textures/intro/intro_l12u_sarcofag_7.dds,524416,1024,512,0,DXT5
textures.xdb0,textures/intro/intro_l12u_sarcofag_8.dds,524416,1024,512,0,DXT5
textures.xdb0,textures/intro/intro_l12u_sarcofag_9.dds,524416,1024,512,0,DXT5
textures.xdb0,textures/intro/intro_l13_generators_1.dds,524416,1024,512,0,DXT5
textures.xdb0,textures/intro/intro_l13_generators_1.thm,138,,,,
textures.xdb0,textures/intro/intro_l13_generators_2.dds,524416,1024,512,0,DXT5
textures.xdb0,textures/intro/intro_l13_generators_3.dds,524416,1024,512,0,DXT5
textures.xdb0,textures/intro/intro_l13_generators_4.dds,524416,1024,512,0,DXT5
textures.xdb0,textures/intro/intro_l13_generators_5.dds,524416,1024,512,0,DXT5
textures.xdb0,textures/intro/intro_l13_generators_6.dds,524416,1024,512,0,DXT5
textures.xdb0,textures/intro/intro_l13u_warlab_1.dds,524416,1024,512,0,DXT5
textures.xdb0,textures/intro/intro_l13u_warlab_2.dds,524416,1024,512,0,DXT5
textures.xdb0,textures/intro/intro_l13u_warlab_3.dds,524416,1024,512,0,DXT5
textures.xdb0,textures/intro/intro_l13u_warlab_4.dds,524416,1024,512,0,DXT5
textures.xdb0,textures/intro/intro_l13u_warlab_5.dds,524416,1024,512,0,DXT5
textures.xdb0,textures/intro/intro_labx8_1.dds,262272,1024,512,0,DXT1
textures.xdb0,textures/intro/intro_labx8_1.thm,138,,,,
textures.xdb0,textures/intro/intro_labx8_2.dds,262272,1024,512,0,DXT1
textures.xdb0,textures/intro/intro_labx8_2.thm,138,,,,
textures.xdb0,textures/intro/intro_labx8_3.dds,262272,1024,512,0,DXT1
textures.xdb0,textures/intro/intro_labx8_3.thm,138,,,,
textures.xdb0,textures/intro/intro_labx8_4.dds,262272,1024,512,0,DXT1
textures.xdb0,textures/intro/intro_labx8_4.thm,138,,,,
textures.xdb0,textures/intro/intro_labx8_5.dds,262272,1024,512,0,DXT1
textures.xdb0,textures/intro/intro_labx8_5.thm,138,,,,
textures.xdb0,textures/intro/intro_limansk.dds,65664,512,256,0,DXT1
textures.xdb0,textures/intro/intro_limansk.thm,138,,,,
textures.xdb0,textures/intro/intro_limansk2.dds,65664,512,256,0,DXT1
textures.xdb0,textures/intro/intro_limansk2.thm,138,,,,
textures.xdb0,textures/intro/intro_limansk3.dds,65664,512,256,0,DXT1
textures.xdb0,textures/intro/intro_limansk3.thm,138,,,,
textures.xdb0,textures/intro/intro_marsh.dds,65664,512,256,0,DXT1
textures.xdb0,textures/intro/intro_marsh.thm,138,,,,
textures.xdb0,textures/intro/intro_marsh2.dds,65664,512,256,0,DXT1
textures.xdb0,textures/intro/intro_marsh2.thm,138,,,,
textures.xdb0,textures/intro/intro_military.dds,65664,512,256,0,DXT1
textures.xdb0,textures/intro/intro_military.thm,138,,,,
textures.xdb0,textures/intro/intro_military2.dds,65664,512,256,0,DXT1
textures.xdb0,textures/intro/intro_military2.thm,138,,,,
textures.xdb0,textures/intro/intro_no_start_picture.dds,65664,512,256,0,DXT1
textures.xdb0,textures/intro/intro_no_start_picture.thm,138,,,,
textures.xdb0,textures/intro/intro_pripyat_1.dds,262272,1024,512,0,DXT1
textures.xdb0,textures/intro/intro_pripyat_1.thm,138,,,,
textures.xdb0,textures/intro/intro_pripyat_2.dds,262272,1024,512,0,DXT1
textures.xdb0,textures/intro/intro_pripyat_2.thm,138,,,,
textures.xdb0,textures/intro/intro_pripyat_3.dds,262272,1024,512,0,DXT1
textures.xdb0,textures/intro/intro_pripyat_3.thm,138,,,,
textures.xdb0,textures/intro/intro_pripyat_4.dds,262272,1024,512,0,DXT1
textures.xdb0,textures/intro/intro_pripyat_4.thm,138,,,,
textures.xdb0,textures/intro/intro_pripyat_5.dds,262272,1024,512,0,DXT1
textures.xdb0,textures/intro/intro_pripyat_5.thm,138,,,,
textures.xdb0,textures/intro/intro_red_forest.dds,65664,512,256,0,DXT1
textures.xdb0,textures/intro/intro_red_forest.thm,138,,,,
textures.xdb0,textures/intro/intro_stancia_2.dds,65664,512,256,0,DXT1
textures.xdb0,textures/intro/intro_stancia_2.thm,138,,,,
textures.xdb0,textures/intro/intro_stancia_22.dds,65664,512,256,0,DXT1
textures.xdb0,textures/intro/intro_stancia_22.thm,138,,,,
textures.xdb0,textures/intro/intro_yantar.dds,65664,512,256,0,DXT1
textures.xdb0,textures/intro/intro_yantar.thm,138,,,,
textures.xdb0,textures/intro/intro_zaton_1.dds,262272,1024,512,0,DXT1
textures.xdb0,textures/intro/intro_zaton_1.thm,138,,,,
textures.xdb0,textures/intro/intro_zaton_2.dds,262272,1024,512,0,DXT1
textures.xdb0,textures/intro/intro_zaton_2.thm,138,,,,
textures.xdb0,textures/intro/intro_zaton_3.dds,262272,1024,512,0,DXT1
textures.xdb0,textures/intro/intro_zaton_3.thm,138,,,,
textures.xdb0,textures/intro/intro_zaton_4.dds,262272,1024,512,0,DXT1
textures.xdb0,textures/intro/intro_zaton_4.thm,138,,,,
textures.xdb0,textures/intro/intro_zaton_5.dds,262272,1024,512,0,DXT1
textures.xdb0,textures/intro/intro_zaton_5.thm,138,,,,
textures.xdb0,textures/item/chleb.dds,131200,512,512,0,DXT1
textures.xdb0,textures/item/chleb.thm,153,,,,
textures.xdb0,textures/item/chleb_bump#.dds,1048704,1024,1024,0,DXT5
textures.xdb0,textures/item/chleb_bump#.thm,138,,,,
textures.xdb0,textures/item/chleb_bump.dds,262272,512,512,0,DXT5
textures.xdb0,textures/item/chleb_bump.thm,138,,,,
textures.xdb0,textures/item/item_access_card.dds,43808,256,256,6,DXT1
textures.xdb0,textures/item/item_access_card.thm,138,,,,
textures.xdb0,textures/item/item_altar_device.dds,349568,512,512,6,DXT5
textures.xdb0,textures/item/item_altar_device.thm,165,,,,
textures.xdb0,textures/item/item_altar_device_bump#.dds,349568,512,512,6,DXT5
textures.xdb0,textures/item/item_altar_device_bump#.thm,138,,,,
textures.xdb0,textures/item/item_altar_device_bump.dds,349680,512,512,10,DXT5
textures.xdb0,textures/item/item_altar_device_bump.thm,138,,,,
textures.xdb0,textures/item/item_ammo.dds,174904,512,512,10,DXT1
textures.xdb0,textures/item/item_ammo_container.dds,43832,256,256,9,DXT1
textures.xdb0,textures/item/item_bat.dds,11064,128,128,8,DXT1
textures.xdb0,textures/item/item_battery.dds,11064,128,128,8,DXT1
textures.xdb0,textures/item/item_beans.dds,43832,256,256,9,DXT1
textures.xdb0,textures/item/item_beans.thm,158,,,,
textures.xdb0,textures/item/item_beans_bump#.dds,65664,256,256,0,DXT5
textures.xdb0,textures/item/item_beans_bump.dds,65664,256,256,0,DXT5
textures.xdb0,textures/item/item_beans_bump.thm,138,,,,
textures.xdb0,textures/item/item_bedspread.dds,174904,512,512,10,DXT1
textures.xdb0,textures/item/item_beer.dds,43832,256,256,9,DXT1
textures.xdb0,textures/item/item_beer.thm,157,,,,
textures.xdb0,textures/item/item_beer_bump#.dds,65664,256,256,0,DXT5
textures.xdb0,textures/item/item_beer_bump.dds,65664,256,256,0,DXT5
textures.xdb0,textures/item/item_beer_bump.thm,138,,,,
textures.xdb0,textures/item/item_bel.dds,16512,128,128,0,DXT5
textures.xdb0,textures/item/item_bl.dds,11064,128,128,8,DXT1
textures.xdb0,textures/item/item_black_box.dds,43808,256,256,6,DXT1
textures.xdb0,textures/item/item_black_box.thm,162,,,,
textures.xdb0,textures/item/item_black_box_bump#.dds,87488,256,256,6,DXT5
textures.xdb0,textures/item/item_black_box_bump#.thm,138,,,,
textures.xdb0,textures/item/item_black_box_bump.dds,87536,256,256,9,DXT5
textures.xdb0,textures/item/item_black_box_bump.thm,138,,,,
textures.xdb0,textures/item/item_block_notes.dds,43808,256,256,6,DXT1
textures.xdb0,textures/item/item_block_notes.thm,138,,,,
textures.xdb0,textures/item/item_book1.dds,174904,512,512,10,DXT1
textures.xdb0,textures/item/item_book2.dds,174904,512,512,10,DXT1
textures.xdb0,textures/item/item_book3.dds,174904,512,512,10,DXT1
textures.xdb0,textures/item/item_boots.dds,174904,512,512,10,DXT1
textures.xdb0,textures/item/item_box.dds,174904,512,512,10,DXT1
textures.xdb0,textures/item/item_box.thm,156,,,,
textures.xdb0,textures/item/item_box_bump#.dds,349680,512,512,10,DXT5
textures.xdb0,textures/item/item_box_bump.dds,349680,512,512,10,DXT5
textures.xdb0,textures/item/item_box_bump.thm,138,,,,
textures.xdb0,textures/item/item_box_condensatores.dds,87488,256,256,6,DXT5
textures.xdb0,textures/item/item_box_condensatores.thm,170,,,,
textures.xdb0,textures/item/item_box_condensatores_bump#.dds,87488,256,256,6,DXT5
textures.xdb0,textures/item/item_box_condensatores_bump#.thm,138,,,,
textures.xdb0,textures/item/item_box_condensatores_bump.dds,87536,256,256,9,DXT5
textures.xdb0,textures/item/item_box_condensatores_bump.thm,138,,,,
textures.xdb0,textures/item/item_box_mit_kanifol.dds,87488,256,256,6,DXT5
textures.xdb0,textures/item/item_box_mit_kanifol.thm,168,,,,
textures.xdb0,textures/item/item_box_mit_kanifol_bump#.dds,87488,256,256,6,DXT5
textures.xdb0,textures/item/item_box_mit_kanifol_bump#.thm,138,,,,
textures.xdb0,textures/item/item_box_mit_kanifol_bump.dds,87536,256,256,9,DXT5
textures.xdb0,textures/item/item_box_mit_kanifol_bump.thm,138,,,,
textures.xdb0,textures/item/item_box_transistores.dds,87488,256,256,6,DXT5
textures.xdb0,textures/item/item_box_transistores.thm,169,,,,
textures.xdb0,textures/item/item_box_transistores_bump#.dds,87488,256,256,6,DXT5
textures.xdb0,textures/item/item_box_transistores_bump#.thm,138,,,,
textures.xdb0,textures/item/item_box_transistores_bump.dds,87536,256,256,9,DXT5
textures.xdb0,textures/item/item_box_transistores_bump.thm,138,,,,
textures.xdb0,textures/item/item_caffeine.dds,43832,256,256,9,DXT1
textures.xdb0,textures/item/item_caffeine.thm,161,,,,
textures.xdb0,textures/item/item_caffeine_bump#.dds,65664,256,256,0,DXT5
textures.xdb0,textures/item/item_caffeine_bump.dds,65664,256,256,0,DXT5
textures.xdb0,textures/item/item_caffeine_bump.thm,138,,,,
textures.xdb0,textures/item/item_calibrate_tools.dds,43808,256,256,6,DXT1
textures.xdb0,textures/item/item_calibrate_tools.thm,168,,,,
textures.xdb0,textures/item/item_calibrate_tools_bump#.dds,87488,256,256,6,DXT5
textures.xdb0,textures/item/item_calibrate_tools_bump#.thm,138,,,,
textures.xdb0,textures/item/item_calibrate_tools_bump.dds,87536,256,256,9,DXT5
textures.xdb0,textures/item/item_calibrate_tools_bump.thm,138,,,,
textures.xdb0,textures/item/item_cards.dds,43832,256,256,9,DXT1
textures.xdb0,textures/item/item_case.dds,174904,512,512,8,DXT1
textures.xdb0,textures/item/item_case.thm,157,,,,
textures.xdb0,textures/item/item_case_bump#.dds,262272,512,512,0,DXT5
textures.xdb0,textures/item/item_case_bump.dds,262272,512,512,0,DXT5
textures.xdb0,textures/item/item_case_bump.thm,138,,,,
textures.xdb0,textures/item/item_chili.dds,65664,256,256,0,DXT5
textures.xdb0,textures/item/item_chili.thm,158,,,,
textures.xdb0,textures/item/item_chili_bump#.dds,65664,256,256,0,DXT5
textures.xdb0,textures/item/item_chili_bump.dds,65664,256,256,0,DXT5
textures.xdb0,textures/item/item_chili_bump.thm,138,,,,
textures.xdb0,textures/item/item_chocolate.dds,174904,512,512,10,DXT1
textures.xdb0,textures/item/item_chocolate.thm,162,,,,
textures.xdb0,textures/item/item_chocolate_bump#.dds,262272,512,512,0,DXT5
textures.xdb0,textures/item/item_chocolate_bump.dds,262272,512,512,0,DXT5
textures.xdb0,textures/item/item_chocolate_bump.thm,138,,,,
textures.xdb0,textures/item/item_cigar.dds,174904,512,512,10,DXT1
textures.xdb0,textures/item/item_cigar.thm,158,,,,
textures.xdb0,textures/item/item_cigar_bump#.dds,262272,512,512,0,DXT5
textures.xdb0,textures/item/item_cigar_bump.dds,262272,512,512,0,DXT5
textures.xdb0,textures/item/item_cigar_bump.thm,138,,,,
textures.xdb0,textures/item/item_cigarettes_lucky.dds,174904,512,512,10,DXT1
textures.xdb0,textures/item/item_cigarettes_lucky.thm,169,,,,
textures.xdb0,textures/item/item_cigarettes_lucky_bump#.dds,262272,512,512,0,DXT5
textures.xdb0,textures/item/item_cigarettes_lucky_bump.dds,262272,512,512,0,DXT5
textures.xdb0,textures/item/item_cigarettes_lucky_bump.thm,138,,,,
textures.xdb0,textures/item/item_cigarettes_russian.dds,174904,512,512,10,DXT1
textures.xdb0,textures/item/item_cigarettes_russian.thm,171,,,,
textures.xdb0,textures/item/item_cigarettes_russian_bump#.dds,262272,512,512,0,DXT5
textures.xdb0,textures/item/item_cigarettes_russian_bump.dds,262272,512,512,0,DXT5
textures.xdb0,textures/item/item_cigarettes_russian_bump.thm,138,,,,
textures.xdb0,textures/item/item_ckit.dds,174904,512,512,10,DXT1
textures.xdb0,textures/item/item_cloth_mask.dds,174904,512,512,10,DXT1
textures.xdb0,textures/item/item_cloth_mask.thm,163,,,,
textures.xdb0,textures/item/item_cloth_mask_bump#.dds,262272,512,512,0,DXT5
textures.xdb0,textures/item/item_cloth_mask_bump.dds,262272,512,512,0,DXT5
textures.xdb0,textures/item/item_cloth_mask_bump.thm,138,,,,
textures.xdb0,textures/item/item_conserva.dds,699008,1024,1024,6,DXT1
textures.xdb0,textures/item/item_conserva.thm,161,,,,
textures.xdb0,textures/item/item_conserva_bump#.dds,176,4,4,3,DXT5
textures.xdb0,textures/item/item_conserva_bump#.thm,138,,,,
textures.xdb0,textures/item/item_conserva_bump.dds,349680,512,512,10,DXT5
textures.xdb0,textures/item/item_conserva_bump.thm,138,,,,
textures.xdb0,textures/item/item_cooker.dds,174904,512,512,10,DXT1
textures.xdb0,textures/item/item_corn.dds,43832,256,256,9,DXT1
textures.xdb0,textures/item/item_corn.thm,157,,,,
textures.xdb0,textures/item/item_corn_bump#.dds,65664,256,256,0,DXT5
textures.xdb0,textures/item/item_corn_bump.dds,65664,256,256,0,DXT5
textures.xdb0,textures/item/item_corn_bump.thm,138,,,,
textures.xdb0,textures/item/item_crowbar.dds,349680,512,512,10,DXT5
textures.xdb0,textures/item/item_crowbar.thm,160,,,,
textures.xdb0,textures/item/item_crowbar_bump#.dds,192,8,8,0,DXT5
textures.xdb0,textures/item/item_crowbar_bump.dds,262272,512,512,1,DXT5
textures.xdb0,textures/item/item_cutlery.dds,174904,512,512,10,DXT1
textures.xdb0,textures/item/item_delo.dds,174848,512,512,6,DXT1
textures.xdb0,textures/item/item_delo.thm,138,,,,
textures.xdb0,textures/item/item_detector_0.dds,2796344,2048,2048,12,DXT1
textures.xdb0,textures/item/item_detector_0.thm,163,,,,
textures.xdb0,textures/item/item_detector_0_bump#.dds,192,8,8,0,DXT5
textures.xdb0,textures/item/item_detector_0_bump.dds,5592560,2048,2048,12,DXT5
textures.xdb0,textures/item/item_detector_0_bump.thm,138,,,,
textures.xdb0,textures/item/item_detector_1.dds,349680,512,512,10,DXT3
textures.xdb0,textures/item/item_detector_1.thm,163,,,,
textures.xdb0,textures/item/item_detector_1_0.dds,262272,512,512,1,DXT3
textures.xdb0,textures/item/item_detector_1_1.dds,262272,512,512,1,DXT3
textures.xdb0,textures/item/item_detector_1_2.dds,262272,512,512,1,DXT3
textures.xdb0,textures/item/item_detector_1_3.dds,262272,512,512,1,DXT3
textures.xdb0,textures/item/item_detector_1_4.dds,262272,512,512,1,DXT3
textures.xdb0,textures/item/item_detector_1_5.dds,262272,512,512,1,DXT3
textures.xdb0,textures/item/item_detector_1_6.dds,262272,512,512,1,DXT3
textures.xdb0,textures/item/item_detector_1_bump#.dds,349568,512,512,6,DXT5
textures.xdb0,textures/item/item_detector_1_bump#.thm,138,,,,
textures.xdb0,textures/item/item_detector_1_bump.dds,349568,512,512,6,DXT5
textures.xdb0,textures/item/item_detector_1_bump.thm,138,,,,
textures.xdb0,textures/item/item_detector_1_new.dds,2796344,2048,2048,12,DXT1
textures.xdb0,textures/item/item_detector_1_new.thm,167,,,,
textures.xdb0,textures/item/item_detector_1_new_bump#.dds,22000,128,128,8,DXT5
textures.xdb0,textures/item/item_detector_1_new_bump#.thm,138,,,,
textures.xdb0,textures/item/item_detector_1_new_bump.dds,5592560,2048,2048,12,DXT5
textures.xdb0,textures/item/item_detector_1_new_bump.thm,167,,,,
textures.xdb0,textures/item/item_detector_2.dds,174904,512,512,10,DXT1
textures.xdb0,textures/item/item_detector_2.thm,163,,,,
textures.xdb0,textures/item/item_detector_2_bump#.dds,349568,512,512,6,DXT5
textures.xdb0,textures/item/item_detector_2_bump#.thm,138,,,,
textures.xdb0,textures/item/item_detector_2_bump.dds,349680,512,512,10,DXT5
textures.xdb0,textures/item/item_detector_2_bump.thm,138,,,,
textures.xdb0,textures/item/item_detector_2_new.dds,2796344,2048,2048,12,DXT1
textures.xdb0,textures/item/item_detector_2_new.thm,167,,,,
textures.xdb0,textures/item/item_detector_2_new_bump#.dds,262272,512,512,0,DXT5
textures.xdb0,textures/item/item_detector_2_new_bump.dds,5592560,2048,2048,12,DXT5
textures.xdb0,textures/item/item_detector_2_new_bump.thm,167,,,,
textures.xdb0,textures/item/item_detector_2_segment.dds,43832,256,256,9,DXT1
textures.xdb0,textures/item/item_detector_2_segment.thm,138,,,,
textures.xdb0,textures/item/item_detector_3.dds,174904,512,512,10,DXT1
textures.xdb0,textures/item/item_detector_3.seq,196,,,,
textures.xdb0,textures/item/item_detector_3.thm,163,,,,
textures.xdb0,textures/item/item_detector_3_0.dds,262272,512,512,1,DXT3
textures.xdb0,textures/item/item_detector_3_1.dds,262272,512,512,1,DXT3
textures.xdb0,textures/item/item_detector_3_2.dds,262272,512,512,1,DXT3
textures.xdb0,textures/item/item_detector_3_3.dds,262272,512,512,1,DXT3
textures.xdb0,textures/item/item_detector_3_5.dds,262272,512,512,1,DXT3
textures.xdb0,textures/item/item_detector_3_6.dds,262272,512,512,1,DXT3
textures.xdb0,textures/item/item_detector_3_7.dds,262272,512,512,1,DXT3
textures.xdb0,textures/item/item_detector_3_bump#.dds,349568,512,512,6,DXT5
textures.xdb0,textures/item/item_detector_3_bump#.thm,138,,,,
textures.xdb0,textures/item/item_detector_3_bump.dds,349680,512,512,10,DXT5
textures.xdb0,textures/item/item_detector_3_bump.thm,138,,,,
textures.xdb0,textures/item/item_detector_3_new.dds,2796344,2048,2048,12,DXT1
textures.xdb0,textures/item/item_detector_3_new.thm,167,,,,
textures.xdb0,textures/item/item_detector_3_new_bump#.dds,192,8,8,0,DXT5
textures.xdb0,textures/item/item_detector_3_new_bump.dds,5592560,2048,2048,12,DXT5
textures.xdb0,textures/item/item_detector_3_new_bump.thm,167,,,,
textures.xdb0,textures/item/item_detector_4.dds,174904,512,512,10,DXT1
textures.xdb0,textures/item/item_detector_4.seq,196,,,,
textures.xdb0,textures/item/item_detector_4.thm,163,,,,
textures.xdb0,textures/item/item_detector_4_0.dds,262272,512,512,0,DXT5
textures.xdb0,textures/item/item_detector_4_1.dds,262272,512,512,0,DXT5
textures.xdb0,textures/item/item_detector_4_2.dds,262272,512,512,0,DXT5
textures.xdb0,textures/item/item_detector_4_3.dds,262272,512,512,0,DXT5
textures.xdb0,textures/item/item_detector_4_4.dds,262272,512,512,0,DXT5
textures.xdb0,textures/item/item_detector_4_5.dds,262272,512,512,0,DXT5
textures.xdb0,textures/item/item_detector_4_6.dds,262272,512,512,0,DXT5
textures.xdb0,textures/item/item_detector_4_7.dds,262272,512,512,0,DXT5
textures.xdb0,textures/item/item_detector_4_new.dds,2796344,2048,2048,12,DXT1
textures.xdb0,textures/item/item_detector_4_new.thm,167,,,,
textures.xdb0,textures/item/item_detector_4_new_bump#.dds,192,8,8,0,DXT5
textures.xdb0,textures/item/item_detector_4_new_bump.dds,5592560,2048,2048,12,DXT5
textures.xdb0,textures/item/item_detector_4_new_bump.thm,167,,,,
textures.xdb0,textures/item/item_detector_red.dds,11064,128,128,8,DXT1
textures.xdb0,textures/item/item_dipl.dds,174848,512,512,6,DXT1
textures.xdb0,textures/item/item_dipl.thm,138,,,,
textures.xdb0,textures/item/item_document_01.dds,43832,256,256,9,DXT1
textures.xdb0,textures/item/item_document_01.thm,138,,,,
textures.xdb0,textures/item/item_drink__jaguar.dds,65664,256,256,0,DXT5
textures.xdb0,textures/item/item_drink_beer.dds,87536,256,256,9,DXT3
textures.xdb0,textures/item/item_drink_beer.thm,138,,,,
textures.xdb0,textures/item/item_drink_bump#.dds,87536,256,256,9,DXT5
textures.xdb0,textures/item/item_drink_bump.dds,87536,256,256,9,DXT5
textures.xdb0,textures/item/item_drink_bump.thm,138,,,,
textures.xdb0,textures/item/item_drink_stalker.dds,43832,256,256,9,DXT1
textures.xdb0,textures/item/item_drink_stalker.thm,158,,,,
textures.xdb0,textures/item/item_drink_stalker_old.dds,87536,256,256,9,DXT3
textures.xdb0,textures/item/item_drink_waterxx.dds,174904,512,512,10,DXT1
textures.xdb0,textures/item/item_drugskit.dds,174904,512,512,10,DXT1
textures.xdb0,textures/item/item_dvd.dds,174904,512,512,10,DXT1
textures.xdb0,textures/item/item_dvd_2.dds,174904,512,512,10,DXT1
textures.xdb0,textures/item/item_dvd_bl.dds,174904,512,512,10,DXT1
textures.xdb0,textures/item/item_el_01.dds,174904,512,512,10,DXT1
textures.xdb0,textures/item/item_el_02.dds,174904,512,512,10,DXT1
textures.xdb0,textures/item/item_energ_bump#.dds,349568,512,512,6,DXT5
textures.xdb0,textures/item/item_energ_bump#.thm,138,,,,
textures.xdb0,textures/item/item_energ_bump.dds,349680,512,512,10,DXT5
textures.xdb0,textures/item/item_energ_bump.thm,138,,,,
textures.xdb0,textures/item/item_energy.dds,174848,512,512,6,DXT1
textures.xdb0,textures/item/item_energy.thm,158,,,,
textures.xdb0,textures/item/item_explosive_charge.dds,43808,256,256,6,DXT1
textures.xdb0,textures/item/item_explosive_charge.thm,169,,,,
textures.xdb0,textures/item/item_explosive_charge_bump#.dds,87488,256,256,6,DXT5
textures.xdb0,textures/item/item_explosive_charge_bump#.thm,138,,,,
textures.xdb0,textures/item/item_explosive_charge_bump.dds,87536,256,256,9,DXT5
textures.xdb0,textures/item/item_explosive_charge_bump.thm,138,,,,
textures.xdb0,textures/item/item_flash.thm,158,,,,
textures.xdb0,textures/item/item_flash_bump.thm,138,,,,
textures.xdb0,textures/item/item_flashlight.dds,699192,1024,1024,11,DXT1
textures.xdb0,textures/item/item_flashlight.thm,163,,,,
textures.xdb0,textures/item/item_flashlight_bump#.dds,192,8,8,0,DXT5
textures.xdb0,textures/item/item_flashlight_bump#.thm,138,,,,
textures.xdb0,textures/item/item_flashlight_bump.dds,1398256,1024,1024,11,DXT5
textures.xdb0,textures/item/item_flashlight_bump.thm,163,,,,
textures.xdb0,textures/item/item_flask.thm,158,,,,
textures.xdb0,textures/item/item_food.dds,174904,512,512,10,DXT1
textures.xdb0,textures/item/item_food.thm,138,,,,
textures.xdb0,textures/item/item_foto1.dds,174904,512,512,10,DXT1
textures.xdb0,textures/item/item_foto1.thm,138,,,,
textures.xdb0,textures/item/item_foto2.dds,174848,512,512,6,DXT1
textures.xdb0,textures/item/item_foto2.thm,138,,,,
textures.xdb0,textures/item/item_galet_.dds,65664,256,256,0,DXT5
textures.xdb0,textures/item/item_gazmask1.dds,43808,256,256,6,DXT1
textures.xdb0,textures/item/item_gazmask1.thm,138,,,,
textures.xdb0,textures/item/item_gazmask3.dds,43808,256,256,6,DXT1
textures.xdb0,textures/item/item_gazmask3.thm,138,,,,
textures.xdb0,textures/item/item_glowstick.dds,174904,512,512,10,DXT1
textures.xdb0,textures/item/item_glowstick_light.dds,1520,32,32,6,DXT3
textures.xdb0,textures/item/item_glucose.dds,174904,512,512,10,DXT1
textures.xdb0,textures/item/item_glucose_s.dds,174904,512,512,10,DXT1
textures.xdb0,textures/item/item_goggles.dds,87536,256,256,9,DXT5
textures.xdb0,textures/item/item_grooming.dds,174904,512,512,10,DXT1
textures.xdb0,textures/item/item_guitar.dds,174904,512,512,10,DXT1
textures.xdb0,textures/item/item_guitar.thm,138,,,,
textures.xdb0,textures/item/item_hammer.dds,21992,128,256,9,DXT1
textures.xdb0,textures/item/item_hand_rolling_tobacco.dds,174904,512,512,10,DXT1
textures.xdb0,textures/item/item_hand_rolling_tobacco.thm,173,,,,
textures.xdb0,textures/item/item_hand_rolling_tobacco_bump#.dds,262272,512,512,0,DXT5
textures.xdb0,textures/item/item_hand_rolling_tobacco_bump.dds,262272,512,512,0,DXT5
textures.xdb0,textures/item/item_hand_rolling_tobacco_bump.thm,138,,,,
textures.xdb0,textures/item/item_identity_card.dds,21968,256,128,6,DXT1
textures.xdb0,textures/item/item_identity_card.thm,138,,,,
textures.xdb0,textures/item/item_ignition_set.dds,174904,512,512,10,DXT1
textures.xdb0,textures/item/item_jar.dds,11064,128,128,8,DXT1
textures.xdb0,textures/item/item_jbox.dds,174904,512,512,10,DXT1
textures.xdb0,textures/item/item_kanyaka.dds,21968,256,128,6,DXT1
textures.xdb0,textures/item/item_kanyaka.thm,138,,,,
textures.xdb0,textures/item/item_kerosinka.dds,349680,512,512,10,DXT5
textures.xdb0,textures/item/item_kevlar.dds,43832,256,256,9,DXT1
textures.xdb0,textures/item/item_key_1.dds,5592,128,64,6,DXT1
textures.xdb0,textures/item/item_key_1.thm,158,,,,
textures.xdb0,textures/item/item_key_1_bump#.dds,11056,128,64,6,DXT5
textures.xdb0,textures/item/item_key_1_bump#.thm,138,,,,
textures.xdb0,textures/item/item_key_1_bump.dds,11088,128,64,8,DXT5
textures.xdb0,textures/item/item_key_1_bump.thm,138,,,,
textures.xdb0,textures/item/item_kilka.dds,174904,512,512,10,DXT1
textures.xdb0,textures/item/item_kilka_bump#.dds,349680,512,512,10,DXT5
textures.xdb0,textures/item/item_kilka_bump.dds,349680,512,512,10,DXT5
textures.xdb0,textures/item/item_kithunt.dds,174904,512,512,10,DXT1
textures.xdb0,textures/item/item_lead_box .thm,161,,,,
textures.xdb0,textures/item/item_lead_box.dds,174904,512,512,10,DXT1
textures.xdb0,textures/item/item_lead_box_bump#.dds,262272,512,512,0,DXT5
textures.xdb0,textures/item/item_lead_box_bump.dds,262272,512,512,0,DXT5
textures.xdb0,textures/item/item_lead_box_bump.thm,138,,,,
textures.xdb0,textures/item/item_lighter.dds,699192,1024,1024,11,DXT1
textures.xdb0,textures/item/item_lighter.thm,160,,,,
textures.xdb0,textures/item/item_lighter_bump#.dds,192,8,8,0,DXT5
textures.xdb0,textures/item/item_lighter_bump#.thm,138,,,,
textures.xdb0,textures/item/item_lighter_bump.dds,1048704,1024,1024,0,DXT5
textures.xdb0,textures/item/item_lighter_bump.thm,138,,,,
textures.xdb0,textures/item/item_maps.dds,174904,512,512,10,DXT1
textures.xdb0,textures/item/item_medkit.dds,43832,256,256,9,DXT1
textures.xdb0,textures/item/item_medkit.thm,159,,,,
textures.xdb0,textures/item/item_medkit_2.dds,43832,256,256,9,DXT1
textures.xdb0,textures/item/item_medkit_2.thm,138,,,,
textures.xdb0,textures/item/item_medkit_3.dds,43832,256,256,9,DXT1
textures.xdb0,textures/item/item_medkit_3.thm,138,,,,
textures.xdb0,textures/item/item_medkit_4.dds,43808,256,256,6,DXT1
textures.xdb0,textures/item/item_medkit_4.thm,161,,,,
textures.xdb0,textures/item/item_medkit_4_bump#.dds,87488,256,256,6,DXT5
textures.xdb0,textures/item/item_medkit_4_bump#.thm,138,,,,
textures.xdb0,textures/item/item_medkit_4_bump.dds,87536,256,256,9,DXT5
textures.xdb0,textures/item/item_medkit_4_bump.thm,138,,,,
textures.xdb0,textures/item/item_medkit_5.dds,43832,256,256,9,DXT1
textures.xdb0,textures/item/item_medkit_5.thm,161,,,,
textures.xdb0,textures/item/item_medkit_5_bump#.dds,87536,256,256,9,DXT5
textures.xdb0,textures/item/item_medkit_5_bump.dds,87536,256,256,9,DXT5
textures.xdb0,textures/item/item_medkit_5_bump.thm,138,,,,
textures.xdb0,textures/item/item_medkit_a.dds,174904,512,512,10,DXT1
textures.xdb0,textures/item/item_medkit_a.thm,161,,,,
textures.xdb0,textures/item/item_medkit_a_bump#.dds,192,8,8,0,DXT5
textures.xdb0,textures/item/item_medkit_a_bump.dds,349680,512,512,10,DXT5
textures.xdb0,textures/item/item_medkit_a_bump.thm,163,,,,
textures.xdb0,textures/item/item_medkit_b.dds,174904,512,512,10,DXT1
textures.xdb0,textures/item/item_medkit_b.thm,161,,,,
textures.xdb0,textures/item/item_medkit_bump#.dds,349568,512,512,6,DXT5
textures.xdb0,textures/item/item_medkit_bump#.thm,138,,,,
textures.xdb0,textures/item/item_medkit_bump.dds,349568,512,512,6,DXT5
textures.xdb0,textures/item/item_medkit_bump.thm,138,,,,
textures.xdb0,textures/item/item_medkit_c.dds,174904,512,512,10,DXT1
textures.xdb0,textures/item/item_medkit_c.thm,161,,,,
textures.xdb0,textures/item/item_mednaya_provoloka.dds,21968,128,256,6,DXT1
textures.xdb0,textures/item/item_mednaya_provoloka.thm,170,,,,
textures.xdb0,textures/item/item_mednaya_provoloka_bump#.dds,43808,128,256,6,DXT5
textures.xdb0,textures/item/item_mednaya_provoloka_bump#.thm,138,,,,
textures.xdb0,textures/item/item_mednaya_provoloka_bump.dds,43856,128,256,9,DXT5
textures.xdb0,textures/item/item_mednaya_provoloka_bump.thm,138,,,,
textures.xdb0,textures/item/item_meinkampf.dds,11064,128,128,8,DXT1
textures.xdb0,textures/item/item_memory_modul.dds,43808,256,256,6,DXT1
textures.xdb0,textures/item/item_memory_modul.thm,165,,,,
textures.xdb0,textures/item/item_memory_modul_bump#.dds,87488,256,256,6,DXT5
textures.xdb0,textures/item/item_memory_modul_bump#.thm,138,,,,
textures.xdb0,textures/item/item_memory_modul_bump.dds,87536,256,256,9,DXT5
textures.xdb0,textures/item/item_memory_modul_bump.thm,138,,,,
textures.xdb0,textures/item/item_merger.dds,43832,256,256,8,DXT1
textures.xdb0,textures/item/item_merger.thm,167,,,,
textures.xdb0,textures/item/item_merger_soc.dds,43808,256,256,6,DXT1
textures.xdb0,textures/item/item_merger_soc.thm,167,,,,
textures.xdb0,textures/item/item_milimap.dds,174904,512,512,10,DXT1
textures.xdb0,textures/item/item_mineral_water.dds,174904,512,512,10,DXT1
textures.xdb0,textures/item/item_mineral_water.thm,166,,,,
textures.xdb0,textures/item/item_mineral_water_bump#.dds,262272,512,512,0,DXT5
textures.xdb0,textures/item/item_mineral_water_bump.dds,262272,512,512,0,DXT5
textures.xdb0,textures/item/item_mineral_water_bump.thm,138,,,,
textures.xdb0,textures/item/item_mint.dds,174904,512,512,10,DXT1
textures.xdb0,textures/item/item_mint.thm,157,,,,
textures.xdb0,textures/item/item_mint_bump#.dds,262272,512,512,0,DXT5
textures.xdb0,textures/item/item_mint_bump.dds,262272,512,512,0,DXT5
textures.xdb0,textures/item/item_mint_bump.thm,138,,,,
textures.xdb0,textures/item/item_mirror.dds,174904,512,512,10,DXT1
textures.xdb0,textures/item/item_mks10.dds,174848,512,512,6,DXT1
textures.xdb0,textures/item/item_mks10.thm,138,,,,
textures.xdb0,textures/item/item_money.dds,87536,256,256,9,DXT5
textures.xdb0,textures/item/item_money.thm,158,,,,
textures.xdb0,textures/item/item_money1.dds,87536,256,256,9,DXT5
textures.xdb0,textures/item/item_money1.thm,159,,,,
textures.xdb0,textures/item/item_money1_bump#.dds,65664,256,256,0,DXT5
textures.xdb0,textures/item/item_money1_bump.dds,65664,256,256,0,DXT5
textures.xdb0,textures/item/item_money1_bump.thm,138,,,,
textures.xdb0,textures/item/item_money2.dds,87536,256,256,9,DXT5
textures.xdb0,textures/item/item_money2.thm,159,,,,
textures.xdb0,textures/item/item_money2_bump#.dds,65664,256,256,0,DXT5
textures.xdb0,textures/item/item_money2_bump.dds,65664,256,256,0,DXT5
textures.xdb0,textures/item/item_money2_bump.thm,138,,,,
textures.xdb0,textures/item/item_money3.dds,87536,256,256,9,DXT5
textures.xdb0,textures/item/item_money3.thm,159,,,,
textures.xdb0,textures/item/item_money3_bump#.dds,65664,256,256,0,DXT5
textures.xdb0,textures/item/item_money3_bump.dds,65664,256,256,0,DXT5
textures.xdb0,textures/item/item_money3_bump.thm,138,,,,
textures.xdb0,textures/item/item_money5.dds,65664,256,256,0,DXT5
textures.xdb0,textures/item/item_money_bump#.dds,65664,256,256,0,DXT5
textures.xdb0,textures/item/item_money_bump.dds,65664,256,256,0,DXT5
textures.xdb0,textures/item/item_money_bump.thm,138,,,,
textures.xdb0,textures/item/item_mre.dds,174904,512,512,10,DXT1
textures.xdb0,textures/item/item_mre_bump#.dds,262272,512,512,0,DXT5
textures.xdb0,textures/item/item_mre_bump.dds,262272,512,512,0,DXT5
textures.xdb0,textures/item/item_n4.dds,174904,512,512,10,DXT1
textures.xdb0,textures/item/item_nabor_young_techni2.dds,87488,256,256,6,DXT5
textures.xdb0,textures/item/item_nabor_young_techni2.thm,172,,,,
textures.xdb0,textures/item/item_nabor_young_techni2_bump#.dds,87488,256,256,6,DXT5
textures.xdb0,textures/item/item_nabor_young_techni2_bump#.thm,138,,,,
textures.xdb0,textures/item/item_nabor_young_techni2_bump.dds,87536,256,256,9,DXT5
textures.xdb0,textures/item/item_nabor_young_techni2_bump.thm,138,,,,
textures.xdb0,textures/item/item_nabor_young_technic.dds,43808,256,256,6,DXT1
textures.xdb0,textures/item/item_nabor_young_technic.thm,172,,,,
textures.xdb0,textures/item/item_nabor_young_technic_bump#.dds,87488,256,256,6,DXT5
textures.xdb0,textures/item/item_nabor_young_technic_bump#.thm,138,,,,
textures.xdb0,textures/item/item_nabor_young_technic_bump.dds,87536,256,256,9,DXT5
textures.xdb0,textures/item/item_nabor_young_technic_bump.thm,138,,,,
textures.xdb0,textures/item/item_notes.dds,174848,512,512,6,DXT1
textures.xdb0,textures/item/item_notes.thm,138,,,,
textures.xdb0,textures/item/item_nuts.dds,174904,512,512,10,DXT1
textures.xdb0,textures/item/item_nuts.thm,157,,,,
textures.xdb0,textures/item/item_nuts_bump#.dds,262272,512,512,0,DXT5
textures.xdb0,textures/item/item_nuts_bump.dds,262272,512,512,0,DXT5
textures.xdb0,textures/item/item_nuts_bump.thm,138,,,,
textures.xdb0,textures/item/item_parts.dds,43832,256,256,9,DXT1
textures.xdb0,textures/item/item_poison_gas.dds,87488,512,256,6,DXT1
textures.xdb0,textures/item/item_poison_gas.thm,163,,,,
textures.xdb0,textures/item/item_poison_gas_bump#.dds,174848,512,256,6,DXT5
textures.xdb0,textures/item/item_poison_gas_bump#.thm,138,,,,
textures.xdb0,textures/item/item_poison_gas_bump.dds,174928,512,256,10,DXT5
textures.xdb0,textures/item/item_poison_gas_bump.thm,138,,,,
textures.xdb0,textures/item/item_provodnik.dds,174904,512,512,10,DXT1
textures.xdb0,textures/item/item_radio.dds,174904,512,512,10,DXT1
textures.xdb0,textures/item/item_raisins.dds,174904,512,512,10,DXT1
textures.xdb0,textures/item/item_raisins.thm,160,,,,
textures.xdb0,textures/item/item_raisins_bump#.dds,262272,512,512,0,DXT5
textures.xdb0,textures/item/item_raisins_bump.dds,262272,512,512,0,DXT5
textures.xdb0,textures/item/item_raisins_bump.thm,138,,,,
textures.xdb0,textures/item/item_ration_mre.thm,163,,,,
textures.xdb0,textures/item/item_ration_mre_bump.thm,138,,,,
textures.xdb0,textures/item/item_ration_ru.dds,174904,512,512,10,DXT1
textures.xdb0,textures/item/item_ration_ru.thm,162,,,,
textures.xdb0,textures/item/item_ration_ru_bump#.dds,262272,512,512,0,DXT5
textures.xdb0,textures/item/item_ration_ru_bump.dds,262272,512,512,0,DXT5
textures.xdb0,textures/item/item_ration_ru_bump.thm,138,,,,
textures.xdb0,textures/item/item_ration_ukr.dds,174904,512,512,10,DXT1
textures.xdb0,textures/item/item_ration_ukr.thm,163,,,,
textures.xdb0,textures/item/item_ration_ukr_bump#.dds,262272,512,512,0,DXT5
textures.xdb0,textures/item/item_ration_ukr_bump.dds,262272,512,512,0,DXT5
textures.xdb0,textures/item/item_ration_ukr_bump.thm,138,,,,
textures.xdb0,textures/item/item_rebirth.dds,43832,256,256,9,DXT1
textures.xdb0,textures/item/item_rope.dds,174904,512,512,10,DXT1
textures.xdb0,textures/item/item_rops.dds,174904,512,512,10,DXT1
textures.xdb0,textures/item/item_roz.dds,16512,128,128,0,DXT5
textures.xdb0,textures/item/item_s_guide.dds,174904,512,512,10,DXT1
textures.xdb0,textures/item/item_sack.dds,174904,512,512,10,DXT1
textures.xdb0,textures/item/item_sack.thm,157,,,,
textures.xdb0,textures/item/item_sack_bump#.dds,262272,512,512,0,DXT5
textures.xdb0,textures/item/item_sack_bump.dds,262272,512,512,0,DXT5
textures.xdb0,textures/item/item_sack_bump.thm,138,,,,
textures.xdb0,textures/item/item_safe_container.dds,43808,256,256,6,DXT1
textures.xdb0,textures/item/item_safe_container.thm,167,,,,
textures.xdb0,textures/item/item_safe_container_bump#.dds,87488,256,256,6,DXT5
textures.xdb0,textures/item/item_safe_container_bump#.thm,138,,,,
textures.xdb0,textures/item/item_safe_container_bump.dds,87536,256,256,9,DXT5
textures.xdb0,textures/item/item_safe_container_bump.thm,138,,,,
textures.xdb0,textures/item/item_salmon.dds,174904,512,512,10,DXT1
textures.xdb0,textures/item/item_salmon.thm,159,,,,
textures.xdb0,textures/item/item_salmon_bump#.dds,262272,512,512,0,DXT5
textures.xdb0,textures/item/item_salmon_bump.dds,262272,512,512,0,DXT5
textures.xdb0,textures/item/item_salmon_bump.thm,138,,,,
textures.xdb0,textures/item/item_sausage.dds,174904,512,512,10,DXT1
textures.xdb0,textures/item/item_sausage.thm,160,,,,
textures.xdb0,textures/item/item_sausage_bump#.dds,262272,512,512,0,DXT5
textures.xdb0,textures/item/item_sausage_bump.dds,262272,512,512,0,DXT5
textures.xdb0,textures/item/item_sausage_bump.thm,138,,,,
textures.xdb0,textures/item/item_scanner.dds,174848,512,512,6,DXT1
textures.xdb0,textures/item/item_scanner.thm,160,,,,
textures.xdb0,textures/item/item_scanner_bump#.dds,349568,512,512,6,DXT5
textures.xdb0,textures/item/item_scanner_bump#.thm,138,,,,
textures.xdb0,textures/item/item_scanner_bump.dds,349680,512,512,10,DXT5
textures.xdb0,textures/item/item_scanner_bump.thm,138,,,,
textures.xdb0,textures/item/item_small_cube.dds,11064,128,128,8,DXT1
textures.xdb0,textures/item/item_small_tools.dds,43808,256,256,6,DXT1
textures.xdb0,textures/item/item_small_tools.thm,164,,,,
textures.xdb0,textures/item/item_small_tools_bump#.dds,87488,256,256,6,DXT5
textures.xdb0,textures/item/item_small_tools_bump#.thm,138,,,,
textures.xdb0,textures/item/item_small_tools_bump.dds,87536,256,256,9,DXT5
textures.xdb0,textures/item/item_small_tools_bump.thm,138,,,,
textures.xdb0,textures/item/item_spalnik.dds,174888,512,512,8,DXT1
textures.xdb0,textures/item/item_spalnik.thm,138,,,,
textures.xdb0,textures/item/item_stims.dds,349672,512,1024,11,DXT1
textures.xdb0,textures/item/item_swiss.dds,174904,512,512,10,DXT1
textures.xdb0,textures/item/item_synthwire.dds,21992,128,256,9,DXT1
textures.xdb0,textures/item/item_synthwire.thm,162,,,,
textures.xdb0,textures/item/item_synthwire_bump#.dds,43856,128,256,9,DXT5
textures.xdb0,textures/item/item_synthwire_bump.dds,43856,128,256,9,DXT5
textures.xdb0,textures/item/item_synthwire_bump.thm,138,,,,
textures.xdb0,textures/item/item_tarp.dds,174904,512,512,10,DXT1
textures.xdb0,textures/item/item_textolitbase.dds,21968,128,256,6,DXT1
textures.xdb0,textures/item/item_textolitbase.thm,138,,,,
textures.xdb0,textures/item/item_tobacco.dds,174904,512,512,10,DXT1
textures.xdb0,textures/item/item_tobacco.thm,160,,,,
textures.xdb0,textures/item/item_tobacco_bump#.dds,262272,512,512,0,DXT5
textures.xdb0,textures/item/item_tobacco_bump.dds,262272,512,512,0,DXT5
textures.xdb0,textures/item/item_tobacco_bump.thm,138,,,,
textures.xdb0,textures/item/item_tomato.dds,43832,256,256,9,DXT1
textures.xdb0,textures/item/item_tomato.thm,159,,,,
textures.xdb0,textures/item/item_tomato_bump#.dds,65664,256,256,0,DXT5
textures.xdb0,textures/item/item_tomato_bump.dds,65664,256,256,0,DXT5
textures.xdb0,textures/item/item_tomato_bump.thm,138,,,,
textures.xdb0,textures/item/item_torch.dds,174904,512,512,10,DXT1
textures.xdb0,textures/item/item_tushonka.dds,174904,512,512,10,DXT1
textures.xdb0,textures/item/item_tushonka.thm,161,,,,
textures.xdb0,textures/item/item_tushonka_bump#.dds,262272,512,512,0,DXT5
textures.xdb0,textures/item/item_tushonka_bump.dds,262272,512,512,0,DXT5
textures.xdb0,textures/item/item_tushonka_bump.thm,138,,,,
textures.xdb0,textures/item/item_universalpowerdevice.dds,174904,512,512,8,DXT1
textures.xdb0,textures/item/item_universalpowerdevice.thm,173,,,,
textures.xdb0,textures/item/item_universalpowerdevice_bump#.dds,262272,512,512,0,DXT5
textures.xdb0,textures/item/item_universalpowerdevice_bump.dds,262272,512,512,0,DXT5
textures.xdb0,textures/item/item_universalpowerdeviceo_bump.thm,138,,,,
textures.xdb0,textures/item/item_ustroystva.dds,174904,512,512,10,DXT1
textures.xdb0,textures/item/item_ustroystva.thm,138,,,,
textures.xdb0,textures/item/item_x_files.dds,174904,512,512,10,DXT1
textures.xdb0,textures/item/item_x_files.thm,138,,,,
textures.xdb0,textures/item/item_xxporn2.dds,174904,512,512,10,DXT1
textures.xdb0,textures/item/item_xxxporn.dds,174904,512,512,10,DXT1
textures.xdb0,textures/item/kielbasa.dds,87528,512,256,10,DXT1
textures.xdb0,textures/item/kielbasa.thm,156,,,,
textures.xdb0,textures/item/kielbasa_bump#.dds,131200,512,256,0,DXT5
textures.xdb0,textures/item/kielbasa_bump#.thm,138,,,,
textures.xdb0,textures/item/kielbasa_bump.dds,174928,512,256,10,DXT5
textures.xdb0,textures/item/kielbasa_bump.thm,138,,,,
textures.xdb0,textures/item/med_bank.dds,174904,512,512,10,DXT1
textures.xdb0,textures/item/stick.dds,174848,1024,256,6,DXT1
textures.xdb0,textures/item/stick.thm,153,,,,
textures.xdb0,textures/item/stick_bump#.dds,349568,1024,256,6,DXT5
textures.xdb0,textures/item/stick_bump#.thm,138,,,,
textures.xdb0,textures/item/stick_bump.dds,349712,1024,256,11,DXT5
textures.xdb0,textures/item/stick_bump.thm,138,,,,
textures.xdb0,textures/item/sumka_1.dds,174904,512,512,10,DXT1
textures.xdb0,textures/item/sumka_2.dds,349672,1024,512,11,DXT1
textures.xdb0,textures/item/sumka_2.thm,155,,,,
textures.xdb0,textures/item/sumka_2_bump#.dds,240,8,8,4,DXT5
textures.xdb0,textures/item/sumka_2_bump.dds,524416,1024,512,0,DXT5
textures.xdb0,textures/item/sumka_2_bump.thm,138,,,,
textures.xdb0,textures/item/sumka_3.dds,174904,512,512,10,DXT1
textures.xdb0,textures/item/sumka_3.thm,155,,,,
textures.xdb0,textures/item/sumka_3_bump#.dds,240,8,8,4,DXT5
textures.xdb0,textures/item/sumka_3_bump.dds,349680,512,512,10,DXT5
textures.xdb0,textures/item/sumka_3_bump.thm,154,,,,
textures.xdb0,textures/item/sumka_4.dds,174904,512,512,10,DXT1
textures.xdb0,textures/item/sumka_5.dds,174904,512,512,10,DXT1
textures.xdb0,textures/lights/lights_big_beam_03.dds,1048709,1024,256,11,RGB
textures.xdb0,textures/lights/lights_big_beam_03.thm,138,,,,
textures.xdb0,textures/lights/lights_blamplight.dds,192,8,8,0,DXT5
textures.xdb0,textures/lights/lights_blamplight2.dds,192,8,8,0,DXT5
textures.xdb0,textures/lights/lights_blamplight_cv.dds,192,8,8,0,DXT5
textures.xdb0,textures/lights/lights_cone2.dds,699180,512,256,10,RGB
textures.xdb0,textures/lights/lights_cone2.thm,138,,,,
textures.xdb0,textures/lights/lights_cone_handing_lamp.dds,65664,256,256,0,DXT5
textures.xdb0,textures/lights/lights_cone_handing_lamp.thm,138,,,,
textures.xdb0,textures/lights/lights_cone_handing_lamp_1.dds,174928,512,256,10,DXT5
textures.xdb0,textures/lights/lights_control_monolith.dds,11048,128,128,6,DXT1
textures.xdb0,textures/lights/lights_control_monolith.thm,138,,,,
textures.xdb0,textures/lights/lights_duolight02grey.dds,87488,256,256,6,DXT5
textures.xdb0,textures/lights/lights_duolight02grey.thm,138,,,,
textures.xdb0,textures/lights/lights_fanblade3.dds,192,8,8,0,DXT5
textures.xdb0,textures/lights/lights_ray1.dds,131200,256,512,0,DXT5
textures.xdb0,textures/lights/lights_ray1.thm,138,,,,
textures.xdb0,textures/lights/lights_spot01.dds,87488,256,256,6,DXT5
textures.xdb0,textures/lights/lights_spot01.thm,138,,,,
textures.xdb0,textures/lights/lights_spot_wire_02.dds,87488,256,256,6,DXT5
textures.xdb0,textures/lights/lights_spot_wire_02.thm,138,,,,
textures.xdb0,textures/lights/lights_torch_01.dds,87488,256,256,6,DXT5
textures.xdb0,textures/lights/lights_torch_01.thm,138,,,,
textures.xdb0,textures/lod/lod_trees_trees_kamysh1.dds,22024,512,64,10,DXT1
textures.xdb0,textures/lod/lod_trees_trees_kamysh1.thm,138,,,,
textures.xdb0,textures/map/map_aes_1.dds,699216,1024,512,11,DXT3
textures.xdb0,textures/map/map_aes_1.thm,138,,,,
textures.xdb0,textures/map/map_aes_2.dds,699216,1024,512,11,DXT3
textures.xdb0,textures/map/map_aes_2.thm,138,,,,
textures.xdb0,textures/map/map_agroprom.dds,1398256,1024,1024,11,DXT3
textures.xdb0,textures/map/map_agroprom.thm,138,,,,
textures.xdb0,textures/map/map_agroprom_underground#0.dds,524416,512,1024,0,DXT5
textures.xdb0,textures/map/map_agroprom_underground#0.thm,138,,,,
textures.xdb0,textures/map/map_agroprom_underground.dds,524416,512,1024,0,DXT5
textures.xdb0,textures/map/map_agroprom_underground.thm,138,,,,
textures.xdb0,textures/map/map_bar.dds,699216,512,1024,11,DXT3
textures.xdb0,textures/map/map_bar.thm,138,,,,
textures.xdb0,textures/map/map_darkvalley.dds,699216,512,1024,11,DXT3
textures.xdb0,textures/map/map_darkvalley.thm,138,,,,
textures.xdb0,textures/map/map_escape.dds,2796368,1024,2048,12,DXT3
textures.xdb0,textures/map/map_escape.thm,138,,,,
textures.xdb0,textures/map/map_fake_start.dds,349568,512,512,6,DXT5
textures.xdb0,textures/map/map_fake_start.thm,138,,,,
textures.xdb0,textures/map/map_garbage.dds,1398256,1024,1024,11,DXT3
textures.xdb0,textures/map/map_garbage.thm,138,,,,
textures.xdb0,textures/map/map_hospital.dds,174928,256,512,10,DXT3
textures.xdb0,textures/map/map_hospital.thm,138,,,,
textures.xdb0,textures/map/map_jupiter.dds,5592560,2048,2048,12,DXT3
textures.xdb0,textures/map/map_jupiter.thm,138,,,,
textures.xdb0,textures/map/map_jupiter_underground.dds,1048704,1024,1024,0,DXT5
textures.xdb0,textures/map/map_jupiter_underground.thm,138,,,,
textures.xdb0,textures/map/map_k01_darkscape.dds,1398256,1024,1024,11,DXT3
textures.xdb0,textures/map/map_k01_darkscape.thm,138,,,,
textures.xdb0,textures/map/map_k02_trucks_cemetery.dds,1556896,1080,1080,11,DXT3
textures.xdb0,textures/map/map_k02_trucks_cemetery.thm,138,,,,
textures.xdb0,textures/map/map_l03u_agr_underground#0.dds,524416,512,1024,0,DXT5
textures.xdb0,textures/map/map_l03u_agr_underground#0.thm,138,,,,
textures.xdb0,textures/map/map_l03u_agr_underground.dds,1397888,1024,1024,6,DXT5
textures.xdb0,textures/map/map_l03u_agr_underground.thm,138,,,,
textures.xdb0,textures/map/map_l04_darkvalley.dds,699216,512,1024,11,DXT3
textures.xdb0,textures/map/map_l04_darkvalley.thm,138,,,,
textures.xdb0,textures/map/map_l04u_labx18.dds,1048704,1024,1024,0,DXT5
textures.xdb0,textures/map/map_l04u_labx18.thm,138,,,,
textures.xdb0,textures/map/map_l05_bar.dds,699216,512,1024,11,DXT3
textures.xdb0,textures/map/map_l05_bar.thm,138,,,,
textures.xdb0,textures/map/map_l06_rostok.dds,699216,512,1024,11,DXT3
textures.xdb0,textures/map/map_l06_rostok.thm,138,,,,
textures.xdb0,textures/map/map_l07_military.dds,1398256,1024,1024,11,DXT3
textures.xdb0,textures/map/map_l07_military.thm,138,,,,
textures.xdb0,textures/map/map_l08_yantar.dds,1398256,1024,1024,11,DXT3
textures.xdb0,textures/map/map_l08_yantar.thm,138,,,,
textures.xdb0,textures/map/map_l08u_brainlab.dds,131200,512,256,0,DXT5
textures.xdb0,textures/map/map_l08u_brainlab.thm,138,,,,
textures.xdb0,textures/map/map_l09_deadcity.dds,1398256,1024,1024,11,DXT3
textures.xdb0,textures/map/map_l09_deadcity.thm,138,,,,
textures.xdb0,textures/map/map_l10_radar.dds,1398256,1024,1024,11,DXT3
textures.xdb0,textures/map/map_l10_radar.thm,138,,,,
textures.xdb0,textures/map/map_l10_red_forest.dds,1397888,1024,1024,6,DXT5
textures.xdb0,textures/map/map_l10_red_forest.thm,138,,,,
textures.xdb0,textures/map/map_l11_pripyat.dds,1398256,1024,1024,11,DXT3
textures.xdb0,textures/map/map_l11_pripyat.thm,138,,,,
textures.xdb0,textures/map/map_l12_stancia.dds,1048704,1024,1024,0,DXT5
textures.xdb0,textures/map/map_l12_stancia.thm,138,,,,
textures.xdb0,textures/map/map_l12u_control_monolith.dds,1048704,1024,1024,0,DXT5
textures.xdb0,textures/map/map_l12u_control_monolith.thm,138,,,,
textures.xdb0,textures/map/map_l13_generators.dds,1398256,1024,1024,11,DXT3
textures.xdb0,textures/map/map_l13_generators.thm,138,,,,
textures.xdb0,textures/map/map_labx8#0.dds,262272,512,512,0,DXT5
textures.xdb0,textures/map/map_labx8#0.thm,138,,,,
textures.xdb0,textures/map/map_labx8#1.dds,262272,512,512,0,DXT5
textures.xdb0,textures/map/map_labx8#1.thm,138,,,,
textures.xdb0,textures/map/map_labx8#2.dds,262272,512,512,0,DXT5
textures.xdb0,textures/map/map_labx8#2.thm,138,,,,
textures.xdb0,textures/map/map_labx8#3.dds,262272,512,512,0,DXT5
textures.xdb0,textures/map/map_labx8#3.thm,138,,,,
textures.xdb0,textures/map/map_labx8.dds,262272,512,512,0,DXT5
textures.xdb0,textures/map/map_labx8.thm,138,,,,
textures.xdb0,textures/map/map_limansk.dds,699216,512,1024,11,DXT3
textures.xdb0,textures/map/map_limansk.thm,138,,,,
textures.xdb0,textures/map/map_marsh.dds,5592560,2048,2048,12,DXT3
textures.xdb0,textures/map/map_marsh.thm,138,,,,
textures.xdb0,textures/map/map_military.dds,1398256,1024,1024,11,DXT3
textures.xdb0,textures/map/map_military.thm,138,,,,
textures.xdb0,textures/map/map_nomap.dds,384,16,16,0,DXT5
textures.xdb0,textures/map/map_nomap.thm,138,,,,
textures.xdb0,textures/map/map_pripyat.dds,5592560,2048,2048,12,DXT3
textures.xdb0,textures/map/map_pripyat.thm,138,,,,
textures.xdb0,textures/map/map_radar.dds,1398256,1024,1024,11,DXT3
textures.xdb0,textures/map/map_radar.thm,138,,,,
textures.xdb0,textures/map/map_red_forest.dds,1398256,1024,1024,11,DXT3
textures.xdb0,textures/map/map_stancia_2.dds,699216,1024,512,11,DXT3
textures.xdb0,textures/map/map_stancia_2.thm,138,,,,
textures.xdb0,textures/map/map_yantar.dds,1398256,1024,1024,11,DXT3
textures.xdb0,textures/map/map_yantar.thm,138,,,,
textures.xdb0,textures/map/map_zaton.dds,5592560,2048,2048,12,DXT3
textures.xdb0,textures/map/map_zaton.thm,138,,,,
textures.xdb0,textures/mtl/-mtl_green_rja_iov.dds,174904,512,512,10,DXT1
textures.xdb0,textures/mtl/mtl_angar_a.dds,174904,512,512,10,DXT1
textures.xdb0,textures/mtl/mtl_angar_a.thm,183,,,,
textures.xdb0,textures/mtl/mtl_angar_a_b.dds,349664,1024,512,10,DXT1
textures.xdb0,textures/mtl/mtl_angar_a_b.thm,187,,,,
textures.xdb0,textures/mtl/mtl_angar_a_b_bump#.dds,699216,1024,512,11,DXT5
textures.xdb0,textures/mtl/mtl_angar_a_b_bump#.thm,138,,,,
textures.xdb0,textures/mtl/mtl_angar_a_b_bump.dds,699216,1024,512,11,DXT3
textures.xdb0,textures/mtl/mtl_angar_a_b_bump.thm,138,,,,
textures.xdb0,textures/mtl/mtl_angar_a_bump#.dds,349680,512,512,10,DXT5
textures.xdb0,textures/mtl/mtl_angar_a_bump#.thm,138,,,,
textures.xdb0,textures/mtl/mtl_angar_a_bump.dds,349680,512,512,10,DXT5
textures.xdb0,textures/mtl/mtl_angar_a_bump.thm,138,,,,
textures.xdb0,textures/mtl/mtl_angar_a_c.dds,349664,1024,512,10,DXT1
textures.xdb0,textures/mtl/mtl_angar_a_d.dds,87528,512,256,10,DXT1
textures.xdb0,textures/mtl/mtl_angar_a_d.thm,187,,,,
textures.xdb0,textures/mtl/mtl_angar_a_d_bump#.dds,699216,1024,512,11,DXT5
textures.xdb0,textures/mtl/mtl_angar_a_d_bump#.thm,138,,,,
textures.xdb0,textures/mtl/mtl_angar_a_d_bump.dds,699216,1024,512,11,DXT5
textures.xdb0,textures/mtl/mtl_angar_a_d_bump.thm,138,,,,
textures.xdb0,textures/mtl/mtl_arm_1.dds,2952,16,256,9,DXT1
textures.xdb0,textures/mtl/mtl_arm_1.thm,8015,,,,
textures.xdb0,textures/mtl/mtl_arm_1_bump#.dds,5776,16,256,9,DXT5
textures.xdb0,textures/mtl/mtl_arm_1_bump#.thm,9052,,,,
textures.xdb0,textures/mtl/mtl_arm_1_bump.dds,5776,16,256,9,DXT5
textures.xdb0,textures/mtl/mtl_arm_1_bump.thm,10687,,,,
textures.xdb0,textures/mtl/mtl_arm_2.dds,5640,256,32,9,DXT1
textures.xdb0,textures/mtl/mtl_arm_2.thm,183,,,,
textures.xdb0,textures/mtl/mtl_arm_2_bump#.dds,43840,512,64,6,DXT5
textures.xdb0,textures/mtl/mtl_arm_2_bump#.thm,138,,,,
textures.xdb0,textures/mtl/mtl_arm_2_bump.dds,43920,512,64,10,DXT5
textures.xdb0,textures/mtl/mtl_arm_2_bump.thm,138,,,,
textures.xdb0,textures/mtl/mtl_balka_ch_01.dds,5640,32,256,9,DXT1
textures.xdb0,textures/mtl/mtl_balka_ch_01.thm,190,,,,
textures.xdb0,textures/mtl/mtl_balka_ch_01_bump#.dds,43920,64,512,10,DXT5
textures.xdb0,textures/mtl/mtl_balka_ch_01_bump#.thm,138,,,,
textures.xdb0,textures/mtl/mtl_balka_ch_01_bump.dds,43920,64,512,10,DXT5
textures.xdb0,textures/mtl/mtl_balka_ch_01_bump.thm,138,,,,
textures.xdb0,textures/mtl/mtl_barrel_01.dds,349672,512,1024,11,DXT1
textures.xdb0,textures/mtl/mtl_barrel_01.thm,184,,,,
textures.xdb0,textures/mtl/mtl_barrel_02.dds,349672,512,1024,11,DXT1
textures.xdb0,textures/mtl/mtl_barrel_02.thm,160,,,,
textures.xdb0,textures/mtl/mtl_barrel_02_bump#.dds,174928,256,512,10,DXT5
textures.xdb0,textures/mtl/mtl_barrel_02_bump#.thm,138,,,,
textures.xdb0,textures/mtl/mtl_barrel_02_bump.dds,699216,512,1024,11,DXT5
textures.xdb0,textures/mtl/mtl_barrel_02_bump.thm,160,,,,
textures.xdb0,textures/mtl/mtl_barrel_03.dds,349672,512,1024,11,DXT1
textures.xdb0,textures/mtl/mtl_barrel_03.thm,184,,,,
textures.xdb0,textures/mtl/mtl_barrel_04.dds,349672,512,1024,11,DXT1
textures.xdb0,textures/mtl/mtl_barrel_04.thm,184,,,,
textures.xdb0,textures/mtl/mtl_barrel_05.dds,349672,512,1024,11,DXT1
textures.xdb0,textures/mtl/mtl_barrel_05.thm,184,,,,
textures.xdb0,textures/mtl/mtl_barrel_big.dds,174848,512,512,6,DXT1
textures.xdb0,textures/mtl/mtl_barrel_big.thm,186,,,,
textures.xdb0,textures/mtl/mtl_barrel_big_bump#.dds,349568,512,512,6,DXT5
textures.xdb0,textures/mtl/mtl_barrel_big_bump#.thm,138,,,,
textures.xdb0,textures/mtl/mtl_barrel_big_bump.dds,349568,512,512,6,DXT5
textures.xdb0,textures/mtl/mtl_barrel_big_bump.thm,138,,,,
textures.xdb0,textures/mtl/mtl_barrel_big_rust.dds,174848,512,512,6,DXT1
textures.xdb0,textures/mtl/mtl_barrel_big_rust.thm,161,,,,
textures.xdb0,textures/mtl/mtl_barrel_bump#.dds,699216,512,1024,11,DXT5
textures.xdb0,textures/mtl/mtl_barrel_bump#.thm,138,,,,
textures.xdb0,textures/mtl/mtl_barrel_bump.dds,699216,512,1024,11,DXT5
textures.xdb0,textures/mtl/mtl_barrel_bump.thm,138,,,,
textures.xdb0,textures/mtl/mtl_batarea_p.dds,174928,512,256,10,DXT5
textures.xdb0,textures/mtl/mtl_batarea_p.thm,187,,,,
textures.xdb0,textures/mtl/mtl_batarea_p_bump#.dds,174848,512,256,6,DXT5
textures.xdb0,textures/mtl/mtl_batarea_p_bump#.thm,138,,,,
textures.xdb0,textures/mtl/mtl_batarea_p_bump.dds,174928,512,256,10,DXT5
textures.xdb0,textures/mtl/mtl_batarea_p_bump.thm,138,,,,
textures.xdb0,textures/mtl/mtl_bayda_con.dds,43832,256,256,9,DXT1
textures.xdb0,textures/mtl/mtl_big_containers_a.dds,174904,512,512,10,DXT1
textures.xdb0,textures/mtl/mtl_big_containers_a.thm,194,,,,
textures.xdb0,textures/mtl/mtl_big_containers_a_bump#.dds,349680,512,512,10,DXT5
textures.xdb0,textures/mtl/mtl_big_containers_a_bump#.thm,138,,,,
textures.xdb0,textures/mtl/mtl_big_containers_a_bump.dds,349680,512,512,10,DXT5
textures.xdb0,textures/mtl/mtl_big_containers_a_bump.thm,138,,,,
textures.xdb0,textures/mtl/mtl_big_konteyneri.dds,699216,1024,512,11,DXT5
textures.xdb0,textures/mtl/mtl_big_konteyneri.thm,192,,,,
textures.xdb0,textures/mtl/mtl_big_konteyneri_bump#.dds,699216,1024,512,11,DXT5
textures.xdb0,textures/mtl/mtl_big_konteyneri_bump#.thm,138,,,,
textures.xdb0,textures/mtl/mtl_big_konteyneri_bump.dds,699216,1024,512,11,DXT5
textures.xdb0,textures/mtl/mtl_big_konteyneri_bump.thm,138,,,,
textures.xdb0,textures/mtl/mtl_bo4ka_big_iov.dds,174904,512,512,10,DXT1
textures.xdb0,textures/mtl/mtl_bo4ka_big_iov.thm,186,,,,
textures.xdb0,textures/mtl/mtl_bo4ka_big_iov_bump#.dds,349568,512,512,6,DXT5
textures.xdb0,textures/mtl/mtl_bo4ka_big_iov_bump.dds,349568,512,512,6,DXT5
textures.xdb0,textures/mtl/mtl_bo4ka_big_iov_bump.thm,138,,,,
textures.xdb0,textures/mtl/mtl_bochka_01.dds,174904,512,512,10,DXT1
textures.xdb0,textures/mtl/mtl_bochka_01.thm,185,,,,
textures.xdb0,textures/mtl/mtl_bochka_01_bump#.dds,349680,512,512,10,DXT5
textures.xdb0,textures/mtl/mtl_bochka_01_bump#.thm,138,,,,
textures.xdb0,textures/mtl/mtl_bochka_01_bump.dds,87488,256,256,6,DXT5
textures.xdb0,textures/mtl/mtl_bochka_01_bump.thm,138,,,,
textures.xdb0,textures/mtl/mtl_bochka_02.dds,11064,128,128,8,DXT1
textures.xdb0,textures/mtl/mtl_bochka_02.thm,185,,,,
textures.xdb0,textures/mtl/mtl_bochka_02_bump#.dds,87488,256,256,6,DXT5
textures.xdb0,textures/mtl/mtl_bochka_02_bump#.thm,138,,,,
textures.xdb0,textures/mtl/mtl_bochka_02_bump.dds,87488,256,256,6,DXT5
textures.xdb0,textures/mtl/mtl_bochka_02_bump.thm,138,,,,
textures.xdb0,textures/mtl/mtl_bochka_03_r.dds,174904,512,512,10,DXT1
textures.xdb0,textures/mtl/mtl_bochka_03_r.thm,185,,,,
textures.xdb0,textures/mtl/mtl_bochka_03a.dds,11064,128,128,8,DXT1
textures.xdb0,textures/mtl/mtl_bochka_04.dds,174904,512,512,10,DXT1
textures.xdb0,textures/mtl/mtl_bochka_04.thm,185,,,,
textures.xdb0,textures/mtl/mtl_bochka_04a.dds,11064,128,128,8,DXT1
textures.xdb0,textures/mtl/mtl_bochka_04a.thm,185,,,,
textures.xdb0,textures/mtl/mtl_bochka_05.dds,174904,512,512,10,DXT1
textures.xdb0,textures/mtl/mtl_bochka_05.thm,185,,,,
textures.xdb0,textures/mtl/mtl_bochka_05a.dds,11064,128,128,8,DXT1
textures.xdb0,textures/mtl/mtl_bochka_06.dds,174904,512,512,10,DXT1
textures.xdb0,textures/mtl/mtl_bochka_06.thm,185,,,,
textures.xdb0,textures/mtl/mtl_bochka_06_bump#.dds,87536,256,256,9,DXT5
textures.xdb0,textures/mtl/mtl_bochka_06_bump#.thm,138,,,,
textures.xdb0,textures/mtl/mtl_bochka_06_bump.dds,87488,256,256,6,DXT5
textures.xdb0,textures/mtl/mtl_bochka_06_bump.thm,138,,,,
textures.xdb0,textures/mtl/mtl_bochka_06a.dds,11048,128,128,6,DXT1
textures.xdb0,textures/mtl/mtl_bochka_06a.thm,186,,,,
textures.xdb0,textures/mtl/mtl_bochka_06a_bump#.dds,43808,256,256,6,DXT1
textures.xdb0,textures/mtl/mtl_bochka_06a_bump#.thm,138,,,,
textures.xdb0,textures/mtl/mtl_bochka_06a_bump.dds,43808,256,256,6,DXT1
textures.xdb0,textures/mtl/mtl_bochka_06a_bump.thm,138,,,,
textures.xdb0,textures/mtl/mtl_budka_01.dds,87528,512,256,10,DXT1
textures.xdb0,textures/mtl/mtl_colored_alum.dds,43832,256,256,9,DXT1
textures.xdb0,textures/mtl/mtl_control_center_01.dds,174904,512,512,10,DXT1
textures.xdb0,textures/mtl/mtl_control_center_01_bump.dds,349680,512,512,10,DXT5
textures.xdb0,textures/mtl/mtl_control_center_02.dds,174904,512,512,10,DXT1
textures.xdb0,textures/mtl/mtl_control_center_02_bump.dds,349680,512,512,10,DXT5
textures.xdb0,textures/mtl/mtl_control_center_03.dds,87528,256,512,10,DXT1
textures.xdb0,textures/mtl/mtl_control_center_03_bump.dds,174928,256,512,10,DXT5
textures.xdb0,textures/mtl/mtl_control_center_04.dds,349672,1024,512,11,DXT1
textures.xdb0,textures/mtl/mtl_control_center_04.thm,195,,,,
textures.xdb0,textures/mtl/mtl_control_center_04_bump#.dds,699008,1024,512,6,DXT5
textures.xdb0,textures/mtl/mtl_control_center_04_bump#.thm,138,,,,
textures.xdb0,textures/mtl/mtl_control_center_04_bump.dds,699216,1024,512,11,DXT5
textures.xdb0,textures/mtl/mtl_control_center_04_bump.thm,138,,,,
textures.xdb0,textures/mtl/mtl_control_center_door_01.dds,174904,512,512,10,DXT1
textures.xdb0,textures/mtl/mtl_control_center_door_01.thm,173,,,,
textures.xdb0,textures/mtl/mtl_control_center_door_01_bump#.dds,349568,512,512,6,DXT5
textures.xdb0,textures/mtl/mtl_control_center_door_01_bump#.thm,138,,,,
textures.xdb0,textures/mtl/mtl_control_center_door_01_bump.dds,349680,512,512,10,DXT5
textures.xdb0,textures/mtl/mtl_control_center_door_01_bump.thm,138,,,,
textures.xdb0,textures/mtl/mtl_control_center_wall_01.dds,174904,512,512,10,DXT1
textures.xdb0,textures/mtl/mtl_control_center_wall_01.thm,198,,,,
textures.xdb0,textures/mtl/mtl_control_center_wall_01_bump#.dds,349568,512,512,6,DXT5
textures.xdb0,textures/mtl/mtl_control_center_wall_01_bump#.thm,138,,,,
textures.xdb0,textures/mtl/mtl_control_center_wall_01_bump.dds,349680,512,512,10,DXT5
textures.xdb0,textures/mtl/mtl_control_center_wall_01_bump.thm,138,,,,
textures.xdb0,textures/mtl/mtl_control_center_wall_02.dds,174904,512,512,10,DXT1
textures.xdb0,textures/mtl/mtl_control_center_wall_02.thm,198,,,,
textures.xdb0,textures/mtl/mtl_control_center_wall_02_bump#.dds,349568,512,512,6,DXT5
textures.xdb0,textures/mtl/mtl_control_center_wall_02_bump#.thm,138,,,,
textures.xdb0,textures/mtl/mtl_control_center_wall_02_bump.dds,349680,512,512,10,DXT5
textures.xdb0,textures/mtl/mtl_control_center_wall_02_bump.thm,138,,,,
textures.xdb0,textures/mtl/mtl_control_center_wall_03.dds,174904,512,512,10,DXT1
textures.xdb0,textures/mtl/mtl_control_center_wall_03.thm,198,,,,
textures.xdb0,textures/mtl/mtl_control_center_wall_03_bump#.dds,349568,512,512,6,DXT5
textures.xdb0,textures/mtl/mtl_control_center_wall_03_bump#.thm,138,,,,
textures.xdb0,textures/mtl/mtl_control_center_wall_03_bump.dds,349680,512,512,10,DXT5
textures.xdb0,textures/mtl/mtl_control_center_wall_03_bump.thm,138,,,,
textures.xdb0,textures/mtl/mtl_control_center_wall_04.dds,174904,512,512,10,DXT1
textures.xdb0,textures/mtl/mtl_control_center_wall_04.thm,198,,,,
textures.xdb0,textures/mtl/mtl_control_center_wall_04_bump#.dds,349568,512,512,6,DXT5
textures.xdb0,textures/mtl/mtl_control_center_wall_04_bump#.thm,138,,,,
textures.xdb0,textures/mtl/mtl_control_center_wall_04_bump.dds,349680,512,512,10,DXT5
textures.xdb0,textures/mtl/mtl_control_center_wall_04_bump.thm,138,,,,
textures.xdb0,textures/mtl/mtl_control_center_wall_05.dds,174904,512,512,10,DXT1
textures.xdb0,textures/mtl/mtl_control_center_wall_05.thm,198,,,,
textures.xdb0,textures/mtl/mtl_control_center_wall_05_bump#.dds,349568,512,512,6,DXT5
textures.xdb0,textures/mtl/mtl_control_center_wall_05_bump#.thm,138,,,,
textures.xdb0,textures/mtl/mtl_control_center_wall_05_bump.dds,349680,512,512,10,DXT5
textures.xdb0,textures/mtl/mtl_control_center_wall_05_bump.thm,138,,,,
textures.xdb0,textures/mtl/mtl_control_center_windows_01.dds,174904,512,512,10,DXT1
textures.xdb0,textures/mtl/mtl_control_center_windows_01.thm,201,,,,
textures.xdb0,textures/mtl/mtl_control_center_windows_01_bump#.dds,349568,512,512,6,DXT5
textures.xdb0,textures/mtl/mtl_control_center_windows_01_bump#.thm,138,,,,
textures.xdb0,textures/mtl/mtl_control_center_windows_01_bump.dds,349680,512,512,10,DXT5
textures.xdb0,textures/mtl/mtl_control_center_windows_01_bump.thm,138,,,,
textures.xdb0,textures/mtl/mtl_control_center_windows_02.dds,174904,512,512,10,DXT1
textures.xdb0,textures/mtl/mtl_control_center_windows_02.thm,201,,,,
textures.xdb0,textures/mtl/mtl_control_center_windows_02_bump#.dds,349568,512,512,6,DXT5
textures.xdb0,textures/mtl/mtl_control_center_windows_02_bump#.thm,138,,,,
textures.xdb0,textures/mtl/mtl_control_center_windows_02_bump.dds,349680,512,512,10,DXT5
textures.xdb0,textures/mtl/mtl_control_center_windows_02_bump.thm,138,,,,
textures.xdb0,textures/mtl/mtl_control_center_windows_03.dds,174904,512,512,10,DXT1
textures.xdb0,textures/mtl/mtl_daha_02.dds,174904,512,512,10,DXT1
textures.xdb0,textures/mtl/mtl_daha_02.thm,163,,,,
textures.xdb0,textures/mtl/mtl_daha_02_bump#.dds,349680,512,512,10,DXT5
textures.xdb0,textures/mtl/mtl_daha_02_bump.dds,349680,512,512,10,DXT5
textures.xdb0,textures/mtl/mtl_daxa2.dds,174904,512,512,10,DXT1
textures.xdb0,textures/mtl/mtl_daxa2.thm,163,,,,
textures.xdb0,textures/mtl/mtl_dirki_02.dds,43832,256,256,9,DXT1
textures.xdb0,textures/mtl/mtl_dirki_02.thm,163,,,,
textures.xdb0,textures/mtl/mtl_dirki_ql.dds,5608,64,128,8,DXT1
textures.xdb0,textures/mtl/mtl_dirki_ql.thm,165,,,,
textures.xdb0,textures/mtl/mtl_doom_truba_ql.dds,87560,128,1024,11,DXT1
textures.xdb0,textures/mtl/mtl_doom_truba_ql.thm,166,,,,
textures.xdb0,textures/mtl/mtl_electr_box_1.dds,43832,256,256,9,DXT1
textures.xdb0,textures/mtl/mtl_electr_box_1.thm,188,,,,
textures.xdb0,textures/mtl/mtl_electr_box_1_bump#.dds,87536,256,256,9,DXT5
textures.xdb0,textures/mtl/mtl_electr_box_1_bump#.thm,138,,,,
textures.xdb0,textures/mtl/mtl_electr_box_1_bump.dds,87536,256,256,9,DXT3
textures.xdb0,textures/mtl/mtl_electr_box_1_bump.thm,138,,,,
textures.xdb0,textures/mtl/mtl_fence2.dds,349680,512,512,10,DXT5
textures.xdb0,textures/mtl/mtl_fence2.thm,190,,,,
textures.xdb0,textures/mtl/mtl_fence2_bump#.dds,349680,512,512,10,DXT5
textures.xdb0,textures/mtl/mtl_fence2_bump.dds,349680,512,512,10,DXT5
textures.xdb0,textures/mtl/mtl_fence2n.dds,349568,512,512,6,DXT5
textures.xdb0,textures/mtl/mtl_fence2n.thm,184,,,,
textures.xdb0,textures/mtl/mtl_fence3.dds,11064,128,128,8,DXT1
textures.xdb0,textures/mtl/mtl_fence3.thm,163,,,,
textures.xdb0,textures/mtl/mtl_fence4.dds,11064,128,128,8,DXT1
textures.xdb0,textures/mtl/mtl_fence4.thm,163,,,,
textures.xdb0,textures/mtl/mtl_fence5.dds,11064,128,128,8,DXT1
textures.xdb0,textures/mtl/mtl_fence5.thm,182,,,,
textures.xdb0,textures/mtl/mtl_fence5_bump#.dds,11048,128,128,6,DXT1
textures.xdb0,textures/mtl/mtl_fence5_bump#.thm,138,,,,
textures.xdb0,textures/mtl/mtl_fence5_bump.dds,22000,128,128,8,DXT5
textures.xdb0,textures/mtl/mtl_fence5_bump.thm,138,,,,
textures.xdb0,textures/mtl/mtl_fence_01.dds,349568,512,512,6,DXT5
textures.xdb0,textures/mtl/mtl_fence_01.thm,184,,,,
textures.xdb0,textures/mtl/mtl_fence_01_bump#.dds,87488,256,256,6,DXT5
textures.xdb0,textures/mtl/mtl_fence_01_bump#.thm,138,,,,
textures.xdb0,textures/mtl/mtl_fence_01_bump.dds,87488,256,256,6,DXT5
textures.xdb0,textures/mtl/mtl_fence_01_bump.thm,138,,,,
textures.xdb0,textures/mtl/mtl_fence_03.dds,11064,128,128,8,DXT1
textures.xdb0,textures/mtl/mtl_fence_03.thm,163,,,,
textures.xdb0,textures/mtl/mtl_fence_04.dds,11064,128,128,8,DXT1
textures.xdb0,textures/mtl/mtl_fence_04.thm,163,,,,
textures.xdb0,textures/mtl/mtl_fence_05.dds,11064,128,128,8,DXT1
textures.xdb0,textures/mtl/mtl_fence_ql.dds,349680,512,512,10,DXT5
textures.xdb0,textures/mtl/mtl_fence_ql.thm,184,,,,
textures.xdb0,textures/mtl/mtl_fence_ql_bump#.dds,349680,512,512,10,DXT5
textures.xdb0,textures/mtl/mtl_fence_ql_bump#.thm,138,,,,
textures.xdb0,textures/mtl/mtl_fence_ql_bump.dds,349680,512,512,10,DXT5
textures.xdb0,textures/mtl/mtl_fence_ql_bump.thm,138,,,,
textures.xdb0,textures/mtl/mtl_floor03.dds,43832,256,256,9,DXT1
textures.xdb0,textures/mtl/mtl_floor2_iov.dds,174904,512,512,10,DXT1
textures.xdb0,textures/mtl/mtl_floor_01tga.dds,174848,512,512,6,DXT1
textures.xdb0,textures/mtl/mtl_floor_01tga.thm,190,,,,
textures.xdb0,textures/mtl/mtl_floor_01tga_bump#.dds,1397888,1024,1024,6,DXT5
textures.xdb0,textures/mtl/mtl_floor_01tga_bump#.thm,138,,,,
textures.xdb0,textures/mtl/mtl_floor_01tga_bump.dds,699008,1024,1024,6,DXT1
textures.xdb0,textures/mtl/mtl_floor_01tga_bump.thm,138,,,,
textures.xdb0,textures/mtl/mtl_floor_fence_01.dds,174904,512,512,10,DXT1
textures.xdb0,textures/mtl/mtl_floor_fence_01.thm,190,,,,
textures.xdb0,textures/mtl/mtl_floor_fence_01_bump#.dds,349568,512,512,6,DXT5
textures.xdb0,textures/mtl/mtl_floor_fence_01_bump#.thm,138,,,,
textures.xdb0,textures/mtl/mtl_floor_fence_01_bump.dds,349680,512,512,10,DXT5
textures.xdb0,textures/mtl/mtl_floor_fence_01_bump.thm,138,,,,
textures.xdb0,textures/mtl/mtl_floor_plate_01.dds,174904,512,512,10,DXT1
textures.xdb0,textures/mtl/mtl_floor_plate_01.thm,190,,,,
textures.xdb0,textures/mtl/mtl_floor_plate_01_bump#.dds,349680,512,512,10,DXT5
textures.xdb0,textures/mtl/mtl_floor_plate_01_bump#.thm,138,,,,
textures.xdb0,textures/mtl/mtl_floor_plate_01_bump.dds,349680,512,512,10,DXT5
textures.xdb0,textures/mtl/mtl_floor_plate_01_bump.thm,138,,,,
textures.xdb0,textures/mtl/mtl_floor_plate_02.dds,174904,512,512,10,DXT1
textures.xdb0,textures/mtl/mtl_floor_plate_02.thm,190,,,,
textures.xdb0,textures/mtl/mtl_floor_plate_03.dds,174904,512,512,10,DXT1
textures.xdb0,textures/mtl/mtl_floor_plate_03.thm,190,,,,
textures.xdb0,textures/mtl/mtl_floor_plate_03_bump#.dds,349680,512,512,10,DXT5
textures.xdb0,textures/mtl/mtl_floor_plate_03_bump#.thm,138,,,,
textures.xdb0,textures/mtl/mtl_floor_plate_03_bump.dds,349680,512,512,10,DXT5
textures.xdb0,textures/mtl/mtl_floor_plate_03_bump.thm,138,,,,
textures.xdb0,textures/mtl/mtl_fly_polosa.dds,174920,1024,256,11,DXT1
textures.xdb0,textures/mtl/mtl_fly_polosa.thm,188,,,,
textures.xdb0,textures/mtl/mtl_fly_polosa_bump#.dds,349712,1024,256,11,DXT5
textures.xdb0,textures/mtl/mtl_fly_polosa_bump#.thm,138,,,,
textures.xdb0,textures/mtl/mtl_fly_polosa_bump.dds,349712,1024,256,11,DXT5
textures.xdb0,textures/mtl/mtl_fly_polosa_bump.thm,138,,,,
textures.xdb0,textures/mtl/mtl_gar_pod_01.dds,174904,512,512,10,DXT1
textures.xdb0,textures/mtl/mtl_gar_pod_01.thm,186,,,,
textures.xdb0,textures/mtl/mtl_gar_pod_01_bump#.dds,349680,512,512,10,DXT5
textures.xdb0,textures/mtl/mtl_gar_pod_01_bump#.thm,138,,,,
textures.xdb0,textures/mtl/mtl_gar_pod_01_bump.dds,349680,512,512,10,DXT5
textures.xdb0,textures/mtl/mtl_gar_pod_01_bump.thm,138,,,,
textures.xdb0,textures/mtl/mtl_garage_02.dds,174904,512,512,10,DXT1
textures.xdb0,textures/mtl/mtl_garage_02.thm,185,,,,
textures.xdb0,textures/mtl/mtl_garage_02_bump#.dds,349680,512,512,10,DXT5
textures.xdb0,textures/mtl/mtl_garage_02_bump#.thm,138,,,,
textures.xdb0,textures/mtl/mtl_garage_02_bump.dds,349680,512,512,10,DXT5
textures.xdb0,textures/mtl/mtl_garage_02_bump.thm,138,,,,
textures.xdb0,textures/mtl/mtl_garage_gate_01.dds,43832,256,256,9,DXT1
textures.xdb0,textures/mtl/mtl_garage_gate_01_bl.dds,43832,256,256,9,DXT1
textures.xdb0,textures/mtl/mtl_garage_gate_01a.dds,43832,256,256,9,DXT1
textures.xdb0,textures/mtl/mtl_garage_gate_01a.thm,163,,,,
textures.xdb0,textures/mtl/mtl_garage_gate_01a_bl.dds,43832,256,256,9,DXT1
textures.xdb0,textures/mtl/mtl_garage_gate_01a_bump#.dds,87488,256,256,6,DXT5
textures.xdb0,textures/mtl/mtl_garage_gate_01a_bump#.thm,138,,,,
textures.xdb0,textures/mtl/mtl_garage_gate_01a_bump.dds,87536,256,256,9,DXT5
textures.xdb0,textures/mtl/mtl_garage_gate_01a_bump.thm,138,,,,
textures.xdb0,textures/mtl/mtl_garage_gate_01a_r.dds,43832,256,256,9,DXT1
textures.xdb0,textures/mtl/mtl_garage_gate_01a_r.thm,163,,,,
textures.xdb0,textures/mtl/mtl_garage_gate_01a_r_bump#.dds,87488,256,256,6,DXT5
textures.xdb0,textures/mtl/mtl_garage_gate_01a_r_bump.dds,87536,256,256,9,DXT5
textures.xdb0,textures/mtl/mtl_garage_gate_01a_r_bump.thm,138,,,,
textures.xdb0,textures/mtl/mtl_garage_gate_rjav.dds,43832,256,256,9,DXT1
textures.xdb0,textures/mtl/mtl_garage_gate_rjav.thm,189,,,,
textures.xdb0,textures/mtl/mtl_garage_gate_rjav_bump#.dds,349680,512,512,10,DXT5
textures.xdb0,textures/mtl/mtl_garage_gate_rjav_bump#.thm,138,,,,
textures.xdb0,textures/mtl/mtl_garage_gate_rjav_bump.dds,87536,256,256,9,DXT5
textures.xdb0,textures/mtl/mtl_garage_gate_rjav_bump.thm,138,,,,
textures.xdb0,textures/mtl/mtl_garage_gr.dds,87528,512,256,10,DXT1
textures.xdb0,textures/mtl/mtl_garage_gr.thm,165,,,,
textures.xdb0,textures/mtl/mtl_garage_gr01.dds,87528,512,256,10,DXT1
textures.xdb0,textures/mtl/mtl_garage_pryp_01.dds,174904,512,512,10,DXT1
textures.xdb0,textures/mtl/mtl_garage_pryp_01.thm,190,,,,
textures.xdb0,textures/mtl/mtl_garage_pryp_01_bump#.dds,349680,512,512,10,DXT5
textures.xdb0,textures/mtl/mtl_garage_pryp_01_bump#.thm,138,,,,
textures.xdb0,textures/mtl/mtl_garage_pryp_01_bump.dds,349680,512,512,10,DXT5
textures.xdb0,textures/mtl/mtl_garage_pryp_01_bump.thm,138,,,,
textures.xdb0,textures/mtl/mtl_garage_pryp_02.dds,174904,512,512,10,DXT1
textures.xdb0,textures/mtl/mtl_garage_pryp_02.thm,185,,,,
textures.xdb0,textures/mtl/mtl_garage_pryp_03.dds,174904,512,512,10,DXT1
textures.xdb0,textures/mtl/mtl_garage_pryp_03.thm,190,,,,
textures.xdb0,textures/mtl/mtl_gate_j01a.dds,174904,512,512,10,DXT1
textures.xdb0,textures/mtl/mtl_gate_j01a.thm,185,,,,
textures.xdb0,textures/mtl/mtl_gate_j01a_bump#.dds,349680,512,512,10,DXT5
textures.xdb0,textures/mtl/mtl_gate_j01a_bump#.thm,138,,,,
textures.xdb0,textures/mtl/mtl_gate_j01a_bump.dds,349680,512,512,10,DXT5
textures.xdb0,textures/mtl/mtl_gate_j01a_bump.thm,138,,,,
textures.xdb0,textures/mtl/mtl_gilder.dds,174904,512,512,10,DXT1
textures.xdb0,textures/mtl/mtl_gilder.thm,182,,,,
textures.xdb0,textures/mtl/mtl_gilder_bump#.dds,349568,512,512,6,DXT5
textures.xdb0,textures/mtl/mtl_gilder_bump#.thm,138,,,,
textures.xdb0,textures/mtl/mtl_gilder_bump.dds,349680,512,512,10,DXT5
textures.xdb0,textures/mtl/mtl_gilder_bump.thm,138,,,,
textures.xdb0,textures/mtl/mtl_girder_reil.dds,87528,512,256,10,DXT1
textures.xdb0,textures/mtl/mtl_girder_reil.thm,189,,,,
textures.xdb0,textures/mtl/mtl_girder_reil_01.dds,87528,512,256,10,DXT1
textures.xdb0,textures/mtl/mtl_girder_reil_01.thm,138,,,,
textures.xdb0,textures/mtl/mtl_girder_reil_a.dds,87528,512,256,10,DXT1
textures.xdb0,textures/mtl/mtl_girder_reil_a.thm,191,,,,
textures.xdb0,textures/mtl/mtl_girder_reil_a_bump#.dds,174848,512,256,6,DXT5
textures.xdb0,textures/mtl/mtl_girder_reil_a_bump#.thm,138,,,,
textures.xdb0,textures/mtl/mtl_girder_reil_a_bump.dds,174928,512,256,10,DXT5
textures.xdb0,textures/mtl/mtl_girder_reil_a_bump.thm,138,,,,
textures.xdb0,textures/mtl/mtl_girder_reil_b.dds,5640,256,32,9,DXT1
textures.xdb0,textures/mtl/mtl_girder_reil_b.thm,164,,,,
textures.xdb0,textures/mtl/mtl_girder_reil_b_bump#.dds,11104,256,32,6,DXT5
textures.xdb0,textures/mtl/mtl_girder_reil_b_bump#.thm,138,,,,
textures.xdb0,textures/mtl/mtl_girder_reil_b_bump.dds,11104,256,32,6,DXT5
textures.xdb0,textures/mtl/mtl_girder_reil_b_bump.thm,138,,,,
textures.xdb0,textures/mtl/mtl_girder_reil_bump#.dds,174848,512,256,6,DXT5
textures.xdb0,textures/mtl/mtl_girder_reil_bump#.thm,138,,,,
textures.xdb0,textures/mtl/mtl_girder_reil_bump.dds,174928,512,256,10,DXT5
textures.xdb0,textures/mtl/mtl_girder_reil_bump.thm,138,,,,
textures.xdb0,textures/mtl/mtl_gofra_1_bump#.dds,349568,512,512,6,DXT5
textures.xdb0,textures/mtl/mtl_gofra_1_bump#.thm,138,,,,
textures.xdb0,textures/mtl/mtl_gofra_1_bump.dds,349680,512,512,10,DXT5
textures.xdb0,textures/mtl/mtl_gofra_1_bump.thm,138,,,,
textures.xdb0,textures/mtl/mtl_gofra_1_color.dds,174904,512,512,10,DXT1
textures.xdb0,textures/mtl/mtl_gofra_1_color.thm,183,,,,
textures.xdb0,textures/mtl/mtl_gofra_2_bump#.dds,349568,512,512,6,DXT5
textures.xdb0,textures/mtl/mtl_gofra_2_bump#.thm,138,,,,
textures.xdb0,textures/mtl/mtl_gofra_2_bump.dds,349680,512,512,10,DXT5
textures.xdb0,textures/mtl/mtl_gofra_2_bump.thm,138,,,,
textures.xdb0,textures/mtl/mtl_gofra_2_color.dds,174904,512,512,10,DXT1
textures.xdb0,textures/mtl/mtl_gofra_2_color.thm,183,,,,
textures.xdb0,textures/mtl/mtl_green_rja_iov.dds,174904,512,512,10,DXT1
textures.xdb0,textures/mtl/mtl_green_rja_iov.thm,185,,,,
textures.xdb0,textures/mtl/mtl_green_rja_iov_bump#.dds,349680,512,512,10,DXT5
textures.xdb0,textures/mtl/mtl_green_rja_iov_bump.dds,349680,512,512,10,DXT5
textures.xdb0,textures/mtl/mtl_greenrust_ql.dds,43832,256,256,9,DXT1
textures.xdb0,textures/mtl/mtl_high_tention_tower.dds,1398248,2048,1024,12,DXT1
textures.xdb0,textures/mtl/mtl_high_tention_tower.thm,196,,,,
textures.xdb0,textures/mtl/mtl_high_tention_tower_bump#.dds,2795648,2048,1024,6,DXT5
textures.xdb0,textures/mtl/mtl_high_tention_tower_bump#.thm,138,,,,
textures.xdb0,textures/mtl/mtl_high_tention_tower_bump.dds,699200,1024,512,10,DXT5
textures.xdb0,textures/mtl/mtl_high_tention_tower_bump.thm,169,,,,
textures.xdb0,textures/mtl/mtl_kreplen_pod_01.dds,43912,64,1024,11,DXT1
textures.xdb0,textures/mtl/mtl_kreplen_pod_01.thm,165,,,,
textures.xdb0,textures/mtl/mtl_kreplen_pod_01_bump#.dds,87696,64,1024,11,DXT5
textures.xdb0,textures/mtl/mtl_kreplen_pod_01_bump#.thm,138,,,,
textures.xdb0,textures/mtl/mtl_kreplen_pod_01_bump.dds,87696,64,1024,11,DXT5
textures.xdb0,textures/mtl/mtl_kreplen_pod_01_bump.thm,138,,,,
textures.xdb0,textures/mtl/mtl_krolik_resh.dds,43832,256,256,9,DXT1
textures.xdb0,textures/mtl/mtl_lampa_pod_01.dds,174904,512,512,10,DXT1
textures.xdb0,textures/mtl/mtl_lampa_pod_01.thm,188,,,,
textures.xdb0,textures/mtl/mtl_lampa_pod_01_bump#.dds,349680,512,512,10,DXT5
textures.xdb0,textures/mtl/mtl_lampa_pod_01_bump#.thm,138,,,,
textures.xdb0,textures/mtl/mtl_lampa_pod_01_bump.dds,349680,512,512,10,DXT5
textures.xdb0,textures/mtl/mtl_lampa_pod_01_bump.thm,138,,,,
textures.xdb0,textures/mtl/mtl_luk.dds,43832,256,256,9,DXT1
textures.xdb0,textures/mtl/mtl_luk_01.dds,43832,256,256,9,DXT1
textures.xdb0,textures/mtl/mtl_luk_bump#.dds,87536,256,256,9,DXT5
textures.xdb0,textures/mtl/mtl_luk_bump.dds,87536,256,256,9,DXT5
textures.xdb0,textures/mtl/mtl_luk_ch.dds,43832,256,256,9,DXT1
textures.xdb0,textures/mtl/mtl_luk_ch.thm,163,,,,
textures.xdb0,textures/mtl/mtl_luk_ch_01.dds,43832,256,256,9,DXT1
textures.xdb0,textures/mtl/mtl_luk_ch_01.thm,185,,,,
textures.xdb0,textures/mtl/mtl_luk_ch_01_bump#.dds,87536,256,256,9,DXT5
textures.xdb0,textures/mtl/mtl_luk_ch_01_bump#.thm,138,,,,
textures.xdb0,textures/mtl/mtl_luk_ch_01_bump.dds,87536,256,256,9,DXT5
textures.xdb0,textures/mtl/mtl_luk_ch_01_bump.thm,138,,,,
textures.xdb0,textures/mtl/mtl_luk_ch_02.dds,43832,256,256,9,DXT1
textures.xdb0,textures/mtl/mtl_luk_ch_02.thm,185,,,,
textures.xdb0,textures/mtl/mtl_luk_ch_02_bump#.dds,87488,256,256,6,DXT5
textures.xdb0,textures/mtl/mtl_luk_ch_02_bump#.thm,138,,,,
textures.xdb0,textures/mtl/mtl_luk_ch_02_bump.dds,87536,256,256,9,DXT5
textures.xdb0,textures/mtl/mtl_luk_ch_02_bump.thm,138,,,,
textures.xdb0,textures/mtl/mtl_luk_n.dds,43832,256,256,9,DXT1
textures.xdb0,textures/mtl/mtl_luk_n.thm,181,,,,
textures.xdb0,textures/mtl/mtl_luk_n_bump#.dds,349680,512,512,10,DXT5
textures.xdb0,textures/mtl/mtl_luk_n_bump#.thm,138,,,,
textures.xdb0,textures/mtl/mtl_luk_n_bump.dds,349680,512,512,10,DXT5
textures.xdb0,textures/mtl/mtl_luk_n_bump.thm,138,,,,
textures.xdb0,textures/mtl/mtl_metall_02_a.dds,174904,512,512,10,DXT1
textures.xdb0,textures/mtl/mtl_metall_02_a.thm,187,,,,
textures.xdb0,textures/mtl/mtl_metall_02_a_bump#.dds,349680,512,512,10,DXT5
textures.xdb0,textures/mtl/mtl_metall_02_a_bump#.thm,138,,,,
textures.xdb0,textures/mtl/mtl_metall_02_a_bump.dds,349680,512,512,10,DXT5
textures.xdb0,textures/mtl/mtl_metall_02_a_bump.thm,138,,,,
textures.xdb0,textures/mtl/mtl_metall_02_b.dds,174904,512,512,10,DXT1
textures.xdb0,textures/mtl/mtl_metall_02_b.thm,190,,,,
textures.xdb0,textures/mtl/mtl_musor_bak.dds,174904,512,512,10,DXT1
textures.xdb0,textures/mtl/mtl_musor_bak.thm,185,,,,
textures.xdb0,textures/mtl/mtl_musor_bak_bump#.dds,349568,512,512,6,DXT5
textures.xdb0,textures/mtl/mtl_musor_bak_bump#.thm,138,,,,
textures.xdb0,textures/mtl/mtl_musor_bak_bump.dds,349680,512,512,10,DXT5
textures.xdb0,textures/mtl/mtl_musor_bak_bump.thm,138,,,,
textures.xdb0,textures/mtl/mtl_perehod01.dds,174904,512,512,10,DXT1
textures.xdb0,textures/mtl/mtl_perehod01.thm,185,,,,
textures.xdb0,textures/mtl/mtl_perehod01_bump#.dds,349568,512,512,6,DXT5
textures.xdb0,textures/mtl/mtl_perehod01_bump#.thm,138,,,,
textures.xdb0,textures/mtl/mtl_perehod01_bump.dds,349680,512,512,10,DXT5
textures.xdb0,textures/mtl/mtl_perehod01_bump.thm,138,,,,
textures.xdb0,textures/mtl/mtl_perehod02.dds,174904,512,512,10,DXT1
textures.xdb0,textures/mtl/mtl_perehod02.thm,182,,,,
textures.xdb0,textures/mtl/mtl_perehod02_bump#.dds,349680,512,512,10,DXT5
textures.xdb0,textures/mtl/mtl_perehod02_bump.dds,349680,512,512,10,DXT5
textures.xdb0,textures/mtl/mtl_phone_gr01.dds,174904,512,512,10,DXT1
textures.xdb0,textures/mtl/mtl_phone_gr01.thm,186,,,,
textures.xdb0,textures/mtl/mtl_phone_gr01_bump#.dds,349680,512,512,10,DXT5
textures.xdb0,textures/mtl/mtl_phone_gr01_bump#.thm,138,,,,
textures.xdb0,textures/mtl/mtl_phone_gr01_bump.dds,349680,512,512,10,DXT5
textures.xdb0,textures/mtl/mtl_phone_gr01_bump.thm,138,,,,
textures.xdb0,textures/mtl/mtl_phone_gr02.dds,21992,128,256,9,DXT1
textures.xdb0,textures/mtl/mtl_phone_gr02.thm,165,,,,
textures.xdb0,textures/mtl/mtl_plates.dds,174904,512,512,10,DXT1
textures.xdb0,textures/mtl/mtl_plates.thm,182,,,,
textures.xdb0,textures/mtl/mtl_plates_bump#.dds,1397888,1024,1024,6,DXT5
textures.xdb0,textures/mtl/mtl_plates_bump#.thm,138,,,,
textures.xdb0,textures/mtl/mtl_plates_bump.dds,349680,512,512,10,DXT5
textures.xdb0,textures/mtl/mtl_plates_bump.thm,138,,,,
textures.xdb0,textures/mtl/mtl_pod_002.dds,174904,512,512,10,DXT1
textures.xdb0,textures/mtl/mtl_pod_01.dds,174904,512,512,10,DXT1
textures.xdb0,textures/mtl/mtl_pod_01.thm,182,,,,
textures.xdb0,textures/mtl/mtl_pod_01_bump#.dds,349680,512,512,10,DXT5
textures.xdb0,textures/mtl/mtl_pod_01_bump#.thm,138,,,,
textures.xdb0,textures/mtl/mtl_pod_01_bump.dds,349680,512,512,10,DXT5
textures.xdb0,textures/mtl/mtl_pod_01_bump.thm,138,,,,
textures.xdb0,textures/mtl/mtl_pod_01_stears.dds,174904,512,512,10,DXT1
textures.xdb0,textures/mtl/mtl_pod_01_stears.thm,189,,,,
textures.xdb0,textures/mtl/mtl_pod_01_stears_bump#.dds,349568,512,512,6,DXT5
textures.xdb0,textures/mtl/mtl_pod_01_stears_bump#.thm,138,,,,
textures.xdb0,textures/mtl/mtl_pod_01_stears_bump.dds,349680,512,512,10,DXT5
textures.xdb0,textures/mtl/mtl_pod_01_stears_bump.thm,138,,,,
textures.xdb0,textures/mtl/mtl_pod_02.dds,174904,512,512,10,DXT1
textures.xdb0,textures/mtl/mtl_pod_02.thm,182,,,,
textures.xdb0,textures/mtl/mtl_pod_02_bump#.dds,349568,512,512,6,DXT5
textures.xdb0,textures/mtl/mtl_pod_02_bump#.thm,138,,,,
textures.xdb0,textures/mtl/mtl_pod_02_bump.dds,349680,512,512,10,DXT5
textures.xdb0,textures/mtl/mtl_pod_02_bump.thm,138,,,,
textures.xdb0,textures/mtl/mtl_pod_green.dds,174904,512,512,10,DXT1
textures.xdb0,textures/mtl/mtl_pod_green.thm,185,,,,
textures.xdb0,textures/mtl/mtl_pod_green_bump#.dds,349568,512,512,6,DXT5
textures.xdb0,textures/mtl/mtl_pod_green_bump#.thm,138,,,,
textures.xdb0,textures/mtl/mtl_pod_green_bump.dds,349680,512,512,10,DXT5
textures.xdb0,textures/mtl/mtl_pod_green_bump.thm,138,,,,
textures.xdb0,textures/mtl/mtl_pol_pod_01.dds,174904,512,512,10,DXT1
textures.xdb0,textures/mtl/mtl_pol_pod_01.thm,186,,,,
textures.xdb0,textures/mtl/mtl_pol_pod_01_bump#.dds,349680,512,512,10,DXT5
textures.xdb0,textures/mtl/mtl_pol_pod_01_bump#.thm,138,,,,
textures.xdb0,textures/mtl/mtl_pol_pod_01_bump.dds,349680,512,512,10,DXT5
textures.xdb0,textures/mtl/mtl_pol_pod_01_bump.thm,138,,,,
textures.xdb0,textures/mtl/mtl_pol_svinec01.dds,43832,256,256,9,DXT1
textures.xdb0,textures/mtl/mtl_pol_svinec02.dds,43832,256,256,9,DXT1
textures.xdb0,textures/mtl/mtl_pol_z.dds,87528,256,512,10,DXT1
textures.xdb0,textures/mtl/mtl_pol_z.thm,165,,,,
textures.xdb0,textures/mtl/mtl_provod_ql02.dds,5608,64,128,8,DXT1
textures.xdb0,textures/mtl/mtl_ql.dds,43832,256,256,9,DXT1
textures.xdb0,textures/mtl/mtl_ql.thm,163,,,,
textures.xdb0,textures/mtl/mtl_railroad_01.dds,349664,512,1024,10,DXT1
textures.xdb0,textures/mtl/mtl_railroad_01.thm,162,,,,
textures.xdb0,textures/mtl/mtl_railroad_01_bump#.dds,699008,512,1024,6,DXT5
textures.xdb0,textures/mtl/mtl_railroad_01_bump#.thm,138,,,,
textures.xdb0,textures/mtl/mtl_railroad_01_bump.dds,699216,512,1024,11,DXT5
textures.xdb0,textures/mtl/mtl_railroad_01_bump.thm,138,,,,
textures.xdb0,textures/mtl/mtl_railroad_02.dds,87528,256,512,10,DXT1
textures.xdb0,textures/mtl/mtl_railroad_03.dds,22024,64,512,10,DXT1
textures.xdb0,textures/mtl/mtl_railroad_04.dds,349664,512,1024,10,DXT1
textures.xdb0,textures/mtl/mtl_railroad_04.thm,162,,,,
textures.xdb0,textures/mtl/mtl_railroad_04_bok.dds,5768,16,512,10,DXT1
textures.xdb0,textures/mtl/mtl_railroad_04_bok.thm,194,,,,
textures.xdb0,textures/mtl/mtl_railroad_04_bok_bump#.dds,44176,32,1024,11,DXT5
textures.xdb0,textures/mtl/mtl_railroad_04_bok_bump#.thm,138,,,,
textures.xdb0,textures/mtl/mtl_railroad_04_bok_bump.dds,44176,32,1024,11,DXT5
textures.xdb0,textures/mtl/mtl_railroad_04_bok_bump.thm,138,,,,
textures.xdb0,textures/mtl/mtl_railroad_04_bump#.dds,699216,512,1024,11,DXT5
textures.xdb0,textures/mtl/mtl_railroad_04_bump.dds,699216,512,1024,11,DXT5
textures.xdb0,textures/mtl/mtl_railroad_05.dds,22024,64,512,10,DXT1
textures.xdb0,textures/mtl/mtl_railroad_items.dds,174904,512,512,10,DXT1
textures.xdb0,textures/mtl/mtl_railroad_items.thm,190,,,,
textures.xdb0,textures/mtl/mtl_railroad_items_bump#.dds,349568,512,512,6,DXT5
textures.xdb0,textures/mtl/mtl_railroad_items_bump#.thm,138,,,,
textures.xdb0,textures/mtl/mtl_railroad_items_bump.dds,349680,512,512,10,DXT5
textures.xdb0,textures/mtl/mtl_railroad_items_bump.thm,138,,,,
textures.xdb0,textures/mtl/mtl_rails1.dds,43832,256,256,9,DXT1
textures.xdb0,textures/mtl/mtl_railway_1.dds,174920,1024,256,11,DXT1
textures.xdb0,textures/mtl/mtl_railway_1.thm,160,,,,
textures.xdb0,textures/mtl/mtl_railway_1_bump#.dds,87488,512,128,6,DXT5
textures.xdb0,textures/mtl/mtl_railway_1_bump#.thm,138,,,,
textures.xdb0,textures/mtl/mtl_railway_1_bump.dds,349712,1024,256,11,DXT5
textures.xdb0,textures/mtl/mtl_railway_1_bump.thm,162,,,,
textures.xdb0,textures/mtl/mtl_railway_1_normal.dds,43808,512,128,6,DXT1
textures.xdb0,textures/mtl/mtl_railway_1_normal.thm,138,,,,
textures.xdb0,textures/mtl/mtl_rech_ch_01.dds,22024,512,64,10,DXT1
textures.xdb0,textures/mtl/mtl_rech_ch_01.thm,165,,,,
textures.xdb0,textures/mtl/mtl_rech_ch_02.dds,174904,512,512,10,DXT1
textures.xdb0,textures/mtl/mtl_rech_ch_02.thm,163,,,,
textures.xdb0,textures/mtl/mtl_red paint_iov.dds,174904,512,512,10,DXT1
textures.xdb0,textures/mtl/mtl_red paint_iov.thm,189,,,,
textures.xdb0,textures/mtl/mtl_red_gate.dds,174904,512,512,10,DXT1
textures.xdb0,textures/mtl/mtl_red_gate.thm,184,,,,
textures.xdb0,textures/mtl/mtl_red_gate_bump#.dds,1397888,1024,1024,6,DXT5
textures.xdb0,textures/mtl/mtl_red_gate_bump#.thm,138,,,,
textures.xdb0,textures/mtl/mtl_red_gate_bump.dds,349680,512,512,10,DXT5
textures.xdb0,textures/mtl/mtl_red_gate_bump.thm,138,,,,
textures.xdb0,textures/mtl/mtl_red_paint_iov.dds,174904,512,512,10,DXT1
textures.xdb0,textures/mtl/mtl_red_paint_iov.thm,189,,,,
textures.xdb0,textures/mtl/mtl_red_paint_iov_bump#.dds,349680,512,512,10,DXT5
textures.xdb0,textures/mtl/mtl_red_paint_iov_bump#.thm,138,,,,
textures.xdb0,textures/mtl/mtl_red_paint_iov_bump.dds,349680,512,512,10,DXT5
textures.xdb0,textures/mtl/mtl_red_paint_iov_bump.thm,138,,,,
textures.xdb0,textures/mtl/mtl_red_painted.dds,174904,512,512,10,DXT1
textures.xdb0,textures/mtl/mtl_red_painted.thm,187,,,,
textures.xdb0,textures/mtl/mtl_red_painted_bump#.dds,349568,512,512,6,DXT5
textures.xdb0,textures/mtl/mtl_red_painted_bump#.thm,138,,,,
textures.xdb0,textures/mtl/mtl_red_painted_bump.dds,349680,512,512,10,DXT5
textures.xdb0,textures/mtl/mtl_red_painted_bump.thm,138,,,,
textures.xdb0,textures/mtl/mtl_redrust_ql.dds,43832,256,256,9,DXT1
textures.xdb0,textures/mtl/mtl_refllist_ql.dds,21992,128,256,9,DXT1
textures.xdb0,textures/mtl/mtl_refllist_ql.thm,189,,,,
textures.xdb0,textures/mtl/mtl_refllist_ql_bump#.dds,43856,128,256,9,DXT5
textures.xdb0,textures/mtl/mtl_refllist_ql_bump#.thm,138,,,,
textures.xdb0,textures/mtl/mtl_refllist_ql_bump.dds,43856,128,256,9,DXT5
textures.xdb0,textures/mtl/mtl_refllist_ql_bump.thm,138,,,,
textures.xdb0,textures/mtl/mtl_rels_m_01.dds,22024,512,64,10,DXT1
textures.xdb0,textures/mtl/mtl_resh_kn.dds,87528,512,256,10,DXT1
textures.xdb0,textures/mtl/mtl_resh_kn.thm,165,,,,
textures.xdb0,textures/mtl/mtl_resh_m_01.dds,43848,512,128,10,DXT1
textures.xdb0,textures/mtl/mtl_resh_m_02.dds,22024,512,64,10,DXT1
textures.xdb0,textures/mtl/mtl_resh_m_03.dds,87528,256,512,10,DXT1
textures.xdb0,textures/mtl/mtl_resh_m_04.dds,22024,512,64,10,DXT1
textures.xdb0,textures/mtl/mtl_resh_reil.dds,87528,512,256,10,DXT1
textures.xdb0,textures/mtl/mtl_resh_reil.thm,189,,,,
textures.xdb0,textures/mtl/mtl_resh_reil01.dds,5608,128,64,8,DXT1
textures.xdb0,textures/mtl/mtl_resh_reil02.dds,5608,128,64,8,DXT1
textures.xdb0,textures/mtl/mtl_resh_reil03.dds,5608,128,64,8,DXT1
textures.xdb0,textures/mtl/mtl_resh_reil_a.dds,87528,512,256,10,DXT1
textures.xdb0,textures/mtl/mtl_resh_reil_a.thm,191,,,,
textures.xdb0,textures/mtl/mtl_resh_reil_b.dds,5640,256,32,9,DXT1
textures.xdb0,textures/mtl/mtl_resh_reil_b.thm,164,,,,
textures.xdb0,textures/mtl/mtl_resh_reil_c.dds,11064,128,128,8,DXT1
textures.xdb0,textures/mtl/mtl_resh_reil_c.thm,163,,,,
textures.xdb0,textures/mtl/mtl_reshetka_pot_01.dds,1398256,1024,1024,11,DXT5
textures.xdb0,textures/mtl/mtl_reshetka_pot_01.thm,188,,,,
textures.xdb0,textures/mtl/mtl_reshetka_pot_bump#.dds,349680,512,512,10,DXT5
textures.xdb0,textures/mtl/mtl_reshetka_pot_bump#.thm,138,,,,
textures.xdb0,textures/mtl/mtl_reshetka_pot_bump.dds,349680,512,512,10,DXT5
textures.xdb0,textures/mtl/mtl_reshetka_pot_bump.thm,138,,,,
textures.xdb0,textures/mtl/mtl_rja2_iov.dds,87528,512,256,10,DXT1
textures.xdb0,textures/mtl/mtl_rja_01.dds,174904,512,512,10,DXT1
textures.xdb0,textures/mtl/mtl_rja_01.thm,182,,,,
textures.xdb0,textures/mtl/mtl_rja_01_bump#.dds,1397888,1024,1024,6,DXT5
textures.xdb0,textures/mtl/mtl_rja_01_bump#.thm,138,,,,
textures.xdb0,textures/mtl/mtl_rja_01_bump.dds,349680,512,512,10,DXT5
textures.xdb0,textures/mtl/mtl_rja_01_bump.thm,138,,,,
textures.xdb0,textures/mtl/mtl_rja_02.dds,174904,512,512,10,DXT1
textures.xdb0,textures/mtl/mtl_rja_02.thm,182,,,,
textures.xdb0,textures/mtl/mtl_rja_02_bump#.dds,349568,512,512,6,DXT5
textures.xdb0,textures/mtl/mtl_rja_02_bump#.thm,138,,,,
textures.xdb0,textures/mtl/mtl_rja_02_bump.dds,349680,512,512,10,DXT5
textures.xdb0,textures/mtl/mtl_rja_02_bump.thm,138,,,,
textures.xdb0,textures/mtl/mtl_rja_02_holes.dds,349680,512,512,10,DXT5
textures.xdb0,textures/mtl/mtl_rja_02_holes.thm,188,,,,
textures.xdb0,textures/mtl/mtl_rja_02_holes_bump#.dds,349568,512,512,6,DXT5
textures.xdb0,textures/mtl/mtl_rja_02_holes_bump#.thm,138,,,,
textures.xdb0,textures/mtl/mtl_rja_02_holes_bump.dds,349680,512,512,10,DXT5
textures.xdb0,textures/mtl/mtl_rja_02_holes_bump.thm,138,,,,
textures.xdb0,textures/mtl/mtl_rja_blue.dds,174904,512,512,10,DXT1
textures.xdb0,textures/mtl/mtl_rja_blue.thm,182,,,,
textures.xdb0,textures/mtl/mtl_rja_green.dds,174904,512,512,10,DXT1
textures.xdb0,textures/mtl/mtl_rja_green.thm,185,,,,
textures.xdb0,textures/mtl/mtl_rja_green_bump#.dds,349568,512,512,6,DXT5
textures.xdb0,textures/mtl/mtl_rja_green_bump#.thm,138,,,,
textures.xdb0,textures/mtl/mtl_rja_green_bump.dds,349680,512,512,10,DXT5
textures.xdb0,textures/mtl/mtl_rja_green_bump.thm,138,,,,
textures.xdb0,textures/mtl/mtl_rja_holes.dds,349680,512,512,10,DXT5
textures.xdb0,textures/mtl/mtl_rja_holes.thm,185,,,,
textures.xdb0,textures/mtl/mtl_rja_holes_bump#.dds,349568,512,512,6,DXT5
textures.xdb0,textures/mtl/mtl_rja_holes_bump#.thm,138,,,,
textures.xdb0,textures/mtl/mtl_rja_holes_bump.dds,349680,512,512,10,DXT5
textures.xdb0,textures/mtl/mtl_rja_holes_bump.thm,138,,,,
textures.xdb0,textures/mtl/mtl_rja_iov_01.dds,174904,512,512,10,DXT1
textures.xdb0,textures/mtl/mtl_rja_iov_01.thm,182,,,,
textures.xdb0,textures/mtl/mtl_roof_red_iov.dds,174904,512,512,10,DXT1
textures.xdb0,textures/mtl/mtl_roof_red_iov.thm,186,,,,
textures.xdb0,textures/mtl/mtl_roof_red_iov_bump#.dds,349680,512,512,10,DXT5
textures.xdb0,textures/mtl/mtl_roof_red_iov_bump.dds,349680,512,512,10,DXT5
textures.xdb0,textures/mtl/mtl_rope1-1.dds,22024,64,512,10,DXT1
textures.xdb0,textures/mtl/mtl_rope1-1.thm,186,,,,
textures.xdb0,textures/mtl/mtl_rope1-1_bump#.dds,43920,64,512,10,DXT5
textures.xdb0,textures/mtl/mtl_rope1-1_bump#.thm,138,,,,
textures.xdb0,textures/mtl/mtl_rope1-1_bump.dds,43920,64,512,10,DXT5
textures.xdb0,textures/mtl/mtl_rope1-1_bump.thm,138,,,,
textures.xdb0,textures/mtl/mtl_rope2-1.dds,22024,64,512,10,DXT1
textures.xdb0,textures/mtl/mtl_rope2-1.thm,186,,,,
textures.xdb0,textures/mtl/mtl_rope2-1_bump#.dds,43920,64,512,10,DXT5
textures.xdb0,textures/mtl/mtl_rope2-1_bump#.thm,138,,,,
textures.xdb0,textures/mtl/mtl_rope2-1_bump.dds,43920,64,512,10,DXT5
textures.xdb0,textures/mtl/mtl_rope2-1_bump.thm,138,,,,
textures.xdb0,textures/mtl/mtl_rope3-1.dds,21984,64,512,6,DXT1
textures.xdb0,textures/mtl/mtl_rope3-1.thm,186,,,,
textures.xdb0,textures/mtl/mtl_rope3-1_bump#.dds,43840,64,512,6,DXT5
textures.xdb0,textures/mtl/mtl_rope3-1_bump#.thm,138,,,,
textures.xdb0,textures/mtl/mtl_rope3-1_bump.dds,43920,64,512,10,DXT5
textures.xdb0,textures/mtl/mtl_rope3-1_bump.thm,138,,,,
textures.xdb0,textures/mtl/mtl_rust_dark.dds,174904,512,512,10,DXT1
textures.xdb0,textures/mtl/mtl_rust_dark.thm,185,,,,
textures.xdb0,textures/mtl/mtl_rust_dark_bump#.dds,349568,512,512,6,DXT5
textures.xdb0,textures/mtl/mtl_rust_dark_bump#.thm,138,,,,
textures.xdb0,textures/mtl/mtl_rust_dark_bump.dds,349680,512,512,10,DXT5
textures.xdb0,textures/mtl/mtl_rust_dark_bump.thm,138,,,,
textures.xdb0,textures/mtl/mtl_rust_dark_iov.dds,174904,512,512,10,DXT1
textures.xdb0,textures/mtl/mtl_rust_dark_iov.thm,185,,,,
textures.xdb0,textures/mtl/mtl_rusted_01.dds,174904,512,512,10,DXT1
textures.xdb0,textures/mtl/mtl_rusted_01.thm,185,,,,
textures.xdb0,textures/mtl/mtl_rusted_01_bump#.dds,349568,512,512,6,DXT5
textures.xdb0,textures/mtl/mtl_rusted_01_bump#.thm,138,,,,
textures.xdb0,textures/mtl/mtl_rusted_01_bump.dds,349680,512,512,10,DXT5
textures.xdb0,textures/mtl/mtl_rusted_01_bump.thm,138,,,,
textures.xdb0,textures/mtl/mtl_rusted_02.dds,174904,512,512,10,DXT1
textures.xdb0,textures/mtl/mtl_rusted_02_bump.dds,349680,512,512,10,DXT5
textures.xdb0,textures/mtl/mtl_rusty_0.dds,174904,512,512,10,DXT1
textures.xdb0,textures/mtl/mtl_rusty_0.thm,182,,,,
textures.xdb0,textures/mtl/mtl_rza_ch_01.dds,174904,512,512,10,DXT1
textures.xdb0,textures/mtl/mtl_rza_ch_01.thm,185,,,,
textures.xdb0,textures/mtl/mtl_rza_ch_01_bump#.dds,349680,512,512,10,DXT5
textures.xdb0,textures/mtl/mtl_rza_ch_01_bump#.thm,138,,,,
textures.xdb0,textures/mtl/mtl_rza_ch_01_bump.dds,349680,512,512,10,DXT5
textures.xdb0,textures/mtl/mtl_rza_ch_01_bump.thm,138,,,,
textures.xdb0,textures/mtl/mtl_sarcofag.dds,174904,512,512,10,DXT1
textures.xdb0,textures/mtl/mtl_sarcofag.thm,184,,,,
textures.xdb0,textures/mtl/mtl_sarcofag_01.dds,174904,512,512,10,DXT1
textures.xdb0,textures/mtl/mtl_sarcofag_01.thm,187,,,,
textures.xdb0,textures/mtl/mtl_sarcofag_01_bump#.dds,349680,512,512,10,DXT5
textures.xdb0,textures/mtl/mtl_sarcofag_01_bump#.thm,138,,,,
textures.xdb0,textures/mtl/mtl_sarcofag_01_bump.dds,349680,512,512,10,DXT5
textures.xdb0,textures/mtl/mtl_sarcofag_01_bump.thm,138,,,,
textures.xdb0,textures/mtl/mtl_sarcofag_bump#.dds,349680,512,512,10,DXT5
textures.xdb0,textures/mtl/mtl_sarcofag_bump#.thm,138,,,,
textures.xdb0,textures/mtl/mtl_sarcofag_bump.dds,349680,512,512,10,DXT5
textures.xdb0,textures/mtl/mtl_sarcofag_bump.thm,138,,,,
textures.xdb0,textures/mtl/mtl_sarcofag_t.dds,174904,512,512,10,DXT1
textures.xdb0,textures/mtl/mtl_sarcofag_t.thm,184,,,,
textures.xdb0,textures/mtl/mtl_set2_iov.dds,174904,512,512,10,DXT1
textures.xdb0,textures/mtl/mtl_set_iov.dds,174904,512,512,10,DXT1
textures.xdb0,textures/mtl/mtl_set_iov.thm,183,,,,
textures.xdb0,textures/mtl/mtl_set_iov_bump#.dds,349680,512,512,10,DXT5
textures.xdb0,textures/mtl/mtl_set_iov_bump#.thm,138,,,,
textures.xdb0,textures/mtl/mtl_set_iov_bump.dds,349680,512,512,10,DXT5
textures.xdb0,textures/mtl/mtl_set_iov_bump.thm,138,,,,
textures.xdb0,textures/mtl/mtl_setka_iov.dds,11064,128,128,8,DXT1
textures.xdb0,textures/mtl/mtl_shitok.dds,43832,256,256,9,DXT1
textures.xdb0,textures/mtl/mtl_shkaf.dds,174904,512,512,10,DXT1
textures.xdb0,textures/mtl/mtl_shkaf.thm,181,,,,
textures.xdb0,textures/mtl/mtl_shkaf_bump#.dds,349568,512,512,6,DXT5
textures.xdb0,textures/mtl/mtl_shkaf_bump#.thm,138,,,,
textures.xdb0,textures/mtl/mtl_shkaf_bump.dds,349568,512,512,6,DXT5
textures.xdb0,textures/mtl/mtl_shkaf_bump.thm,138,,,,
textures.xdb0,textures/mtl/mtl_shkaf_soc.dds,174928,256,512,10,DXT5
textures.xdb0,textures/mtl/mtl_shkaf_soc.thm,185,,,,
textures.xdb0,textures/mtl/mtl_shkaf_soc_bump#.dds,174912,256,512,9,DXT5
textures.xdb0,textures/mtl/mtl_shkaf_soc_bump.dds,174912,256,512,9,DXT5
textures.xdb0,textures/mtl/mtl_skadovsk_in_01.dds,174904,512,512,10,DXT1
textures.xdb0,textures/mtl/mtl_skadovsk_in_01.thm,187,,,,
textures.xdb0,textures/mtl/mtl_skadovsk_in_02.dds,174904,512,512,10,DXT1
textures.xdb0,textures/mtl/mtl_skadovsk_in_02.thm,187,,,,
textures.xdb0,textures/mtl/mtl_skadovsk_in_03.dds,174904,512,512,10,DXT1
textures.xdb0,textures/mtl/mtl_skadovsk_in_03.thm,187,,,,
textures.xdb0,textures/mtl/mtl_skadovsk_in_bump#.dds,349568,512,512,6,DXT5
textures.xdb0,textures/mtl/mtl_skadovsk_in_bump#.thm,138,,,,
textures.xdb0,textures/mtl/mtl_skadovsk_in_bump.dds,349680,512,512,10,DXT5
textures.xdb0,textures/mtl/mtl_skadovsk_in_bump.thm,138,,,,
textures.xdb0,textures/mtl/mtl_stanok_.dds,43832,256,256,9,DXT1
textures.xdb0,textures/mtl/mtl_stena_08.dds,349672,1024,512,11,DXT1
textures.xdb0,textures/mtl/mtl_stena_08.thm,186,,,,
textures.xdb0,textures/mtl/mtl_stena_08_bump#.dds,699008,1024,512,6,DXT5
textures.xdb0,textures/mtl/mtl_stena_08_bump#.thm,138,,,,
textures.xdb0,textures/mtl/mtl_stena_08_bump.dds,699216,1024,512,11,DXT5
textures.xdb0,textures/mtl/mtl_stena_08_bump.thm,138,,,,
textures.xdb0,textures/mtl/mtl_stena_ch.dds,174904,512,512,10,DXT1
textures.xdb0,textures/mtl/mtl_stena_ch.thm,182,,,,
textures.xdb0,textures/mtl/mtl_stena_ch_03.dds,174904,512,512,10,DXT1
textures.xdb0,textures/mtl/mtl_stena_ch_03.thm,187,,,,
textures.xdb0,textures/mtl/mtl_stena_ch_03_bump#.dds,87488,256,256,6,DXT5
textures.xdb0,textures/mtl/mtl_stena_ch_03_bump#.thm,138,,,,
textures.xdb0,textures/mtl/mtl_stena_ch_03_bump.dds,349680,512,512,10,DXT5
textures.xdb0,textures/mtl/mtl_stena_ch_03_bump.thm,138,,,,
textures.xdb0,textures/mtl/mtl_stena_ch_04.dds,174904,512,512,10,DXT1
textures.xdb0,textures/mtl/mtl_stena_ch_04.thm,187,,,,
textures.xdb0,textures/mtl/mtl_stena_ch_04_bump#.dds,349680,512,512,10,DXT5
textures.xdb0,textures/mtl/mtl_stena_ch_04_bump#.thm,138,,,,
textures.xdb0,textures/mtl/mtl_stena_ch_04_bump.dds,349680,512,512,10,DXT5
textures.xdb0,textures/mtl/mtl_stena_ch_04_bump.thm,138,,,,
textures.xdb0,textures/mtl/mtl_stena_ch_05.dds,174904,512,512,10,DXT1
textures.xdb0,textures/mtl/mtl_stena_ch_05_bump#.dds,349680,512,512,10,DXT5
textures.xdb0,textures/mtl/mtl_stena_ch_05_bump.dds,349680,512,512,10,DXT5
textures.xdb0,textures/mtl/mtl_stena_ch_06.dds,349672,1024,512,11,DXT1
textures.xdb0,textures/mtl/mtl_stena_ch_06.thm,184,,,,
textures.xdb0,textures/mtl/mtl_stena_ch_06_bump#.dds,699216,1024,512,11,DXT5
textures.xdb0,textures/mtl/mtl_stena_ch_06_bump.dds,699216,1024,512,11,DXT5
textures.xdb0,textures/mtl/mtl_stena_ch_071.dds,349672,1024,512,11,DXT1
textures.xdb0,textures/mtl/mtl_stena_ch_071.thm,190,,,,
textures.xdb0,textures/mtl/mtl_stena_ch_071_bump#.dds,699216,1024,512,11,DXT5
textures.xdb0,textures/mtl/mtl_stena_ch_071_bump#.thm,138,,,,
textures.xdb0,textures/mtl/mtl_stena_ch_071_bump.dds,699216,1024,512,11,DXT5
textures.xdb0,textures/mtl/mtl_stena_ch_071_bump.thm,138,,,,
textures.xdb0,textures/mtl/mtl_stena_ch_08.dds,349672,1024,512,11,DXT1
textures.xdb0,textures/mtl/mtl_stena_ch_08.thm,189,,,,
textures.xdb0,textures/mtl/mtl_stena_ch_08_bump#.dds,699216,1024,512,11,DXT5
textures.xdb0,textures/mtl/mtl_stena_ch_08_bump#.thm,138,,,,
textures.xdb0,textures/mtl/mtl_stena_ch_08_bump.dds,699216,1024,512,11,DXT5
textures.xdb0,textures/mtl/mtl_stena_ch_08_bump.thm,138,,,,
textures.xdb0,textures/mtl/mtl_stena_ch_10.dds,22024,512,64,10,DXT1
textures.xdb0,textures/mtl/mtl_stena_ch_10.thm,165,,,,
textures.xdb0,textures/mtl/mtl_stena_old_iov.dds,349672,1024,512,11,DXT1
textures.xdb0,textures/mtl/mtl_stena_old_iov.thm,184,,,,
textures.xdb0,textures/mtl/mtl_stena_pod_01.dds,349672,1024,512,11,DXT1
textures.xdb0,textures/mtl/mtl_stena_pod_01.thm,190,,,,
textures.xdb0,textures/mtl/mtl_stena_pod_01_bump#.dds,699216,1024,512,11,DXT5
textures.xdb0,textures/mtl/mtl_stena_pod_01_bump#.thm,138,,,,
textures.xdb0,textures/mtl/mtl_stena_pod_01_bump.dds,699216,1024,512,11,DXT5
textures.xdb0,textures/mtl/mtl_stena_pod_01_bump.thm,138,,,,
textures.xdb0,textures/mtl/mtl_steps1.dds,21992,256,128,9,DXT1
textures.xdb0,textures/mtl/mtl_steps1.thm,184,,,,
textures.xdb0,textures/mtl/mtl_steps1_bump#.dds,174848,512,256,6,DXT5
textures.xdb0,textures/mtl/mtl_steps1_bump#.thm,138,,,,
textures.xdb0,textures/mtl/mtl_steps1_bump.dds,174928,512,256,10,DXT5
textures.xdb0,textures/mtl/mtl_steps1_bump.thm,138,,,,
textures.xdb0,textures/mtl/mtl_stripes.dds,174904,512,512,10,DXT1
textures.xdb0,textures/mtl/mtl_stripes.thm,183,,,,
textures.xdb0,textures/mtl/mtl_stripes_bump#.dds,1397888,1024,1024,6,DXT5
textures.xdb0,textures/mtl/mtl_stripes_bump#.thm,138,,,,
textures.xdb0,textures/mtl/mtl_stripes_bump.dds,349680,512,512,10,DXT5
textures.xdb0,textures/mtl/mtl_stripes_bump.thm,138,,,,
textures.xdb0,textures/mtl/mtl_tabl.dds,11064,128,128,8,DXT1
textures.xdb0,textures/mtl/mtl_table_01.dds,21992,256,128,9,DXT1
textures.xdb0,textures/mtl/mtl_trash_box.dds,174904,512,512,10,DXT1
textures.xdb0,textures/mtl/mtl_trub_gr.dds,43848,128,512,10,DXT1
textures.xdb0,textures/mtl/mtl_trub_gr.thm,190,,,,
textures.xdb0,textures/mtl/mtl_trub_gr01.dds,174920,256,1024,11,DXT1
textures.xdb0,textures/mtl/mtl_trub_gr01.thm,190,,,,
textures.xdb0,textures/mtl/mtl_trub_gr02.dds,11080,64,256,9,DXT1
textures.xdb0,textures/mtl/mtl_trub_z_01.dds,87528,512,256,10,DXT1
textures.xdb0,textures/mtl/mtl_trub_z_01.thm,184,,,,
textures.xdb0,textures/mtl/mtl_truba_ch.dds,43848,128,512,10,DXT1
textures.xdb0,textures/mtl/mtl_truba_ch.thm,187,,,,
textures.xdb0,textures/mtl/mtl_truba_ch_01.dds,174920,256,1024,11,DXT1
textures.xdb0,textures/mtl/mtl_truba_ch_01.thm,190,,,,
textures.xdb0,textures/mtl/mtl_truba_ch_02.dds,174920,256,1024,11,DXT1
textures.xdb0,textures/mtl/mtl_truba_ch_02.thm,190,,,,
textures.xdb0,textures/mtl/mtl_truba_ch_02_bump#.dds,349712,256,1024,11,DXT5
textures.xdb0,textures/mtl/mtl_truba_ch_02_bump#.thm,138,,,,
textures.xdb0,textures/mtl/mtl_truba_ch_02_bump.dds,349712,256,1024,11,DXT5
textures.xdb0,textures/mtl/mtl_truba_ch_02_bump.thm,138,,,,
textures.xdb0,textures/mtl/mtl_truba_ch_bump#.dds,349712,256,1024,11,DXT5
textures.xdb0,textures/mtl/mtl_truba_ch_bump#.thm,138,,,,
textures.xdb0,textures/mtl/mtl_truba_ch_bump.dds,349712,256,1024,11,DXT5
textures.xdb0,textures/mtl/mtl_truba_ch_bump.thm,138,,,,
textures.xdb0,textures/mtl/mtl_truba_factory.dds,174920,256,1024,11,DXT1
textures.xdb0,textures/mtl/mtl_truba_factory.thm,190,,,,
textures.xdb0,textures/mtl/mtl_truba_gaz.dds,349672,512,1024,11,DXT1
textures.xdb0,textures/mtl/mtl_truba_gaz.thm,187,,,,
textures.xdb0,textures/mtl/mtl_truba_gaz_bump#.dds,699008,512,1024,6,DXT5
textures.xdb0,textures/mtl/mtl_truba_gaz_bump#.thm,138,,,,
textures.xdb0,textures/mtl/mtl_truba_gaz_bump.dds,699216,512,1024,11,DXT5
textures.xdb0,textures/mtl/mtl_truba_gaz_bump.thm,138,,,,
textures.xdb0,textures/mtl/mtl_truba_pod_01.dds,174920,256,1024,11,DXT1
textures.xdb0,textures/mtl/mtl_truba_pod_01.thm,190,,,,
textures.xdb0,textures/mtl/mtl_truba_pod_02.dds,174920,256,1024,11,DXT1
textures.xdb0,textures/mtl/mtl_truba_pod_02.thm,191,,,,
textures.xdb0,textures/mtl/mtl_truba_pod_02_bump#.dds,349568,256,1024,6,DXT5
textures.xdb0,textures/mtl/mtl_truba_pod_02_bump#.thm,138,,,,
textures.xdb0,textures/mtl/mtl_truba_pod_02_bump.dds,349712,256,1024,11,DXT5
textures.xdb0,textures/mtl/mtl_truba_pod_02_bump.thm,138,,,,
textures.xdb0,textures/mtl/mtl_truba_ql02.dds,174920,256,1024,11,DXT1
textures.xdb0,textures/mtl/mtl_truba_ql02.thm,190,,,,
textures.xdb0,textures/mtl/mtl_tubes1.dds,174904,512,512,10,DXT1
textures.xdb0,textures/mtl/mtl_tubes1.thm,182,,,,
textures.xdb0,textures/mtl/mtl_tubes1_bump#.dds,21968,128,128,6,DXT5
textures.xdb0,textures/mtl/mtl_tubes1_bump#.thm,138,,,,
textures.xdb0,textures/mtl/mtl_tubes1_bump.dds,349680,512,512,10,DXT5
textures.xdb0,textures/mtl/mtl_tubes1_bump.thm,138,,,,
textures.xdb0,textures/mtl/mtl_tubes2.dds,174904,512,512,10,DXT1
textures.xdb0,textures/mtl/mtl_tubes2.thm,182,,,,
textures.xdb0,textures/mtl/mtl_tubes3.dds,349664,1024,512,10,DXT1
textures.xdb0,textures/mtl/mtl_tubes3.thm,184,,,,
textures.xdb0,textures/mtl/mtl_tubes3_bump#.dds,174928,512,256,10,DXT5
textures.xdb0,textures/mtl/mtl_tubes3_bump#.thm,138,,,,
textures.xdb0,textures/mtl/mtl_tubes3_bump.dds,699200,1024,512,10,DXT5
textures.xdb0,textures/mtl/mtl_tubes3_bump.thm,138,,,,
textures.xdb0,textures/mtl/mtl_tubes3a.dds,174904,512,512,10,DXT1
textures.xdb0,textures/mtl/mtl_tubes3a.thm,183,,,,
textures.xdb0,textures/mtl/mtl_tubes3a_bump#.dds,349680,512,512,10,DXT5
textures.xdb0,textures/mtl/mtl_tubes3a_bump.dds,349680,512,512,10,DXT5
textures.xdb0,textures/mtl/mtl_tubes3b.dds,174904,512,512,10,DXT1
textures.xdb0,textures/mtl/mtl_tubes3b.thm,183,,,,
textures.xdb0,textures/mtl/mtl_tubes3b_bump#.dds,349680,512,512,10,DXT5
textures.xdb0,textures/mtl/mtl_tubes3b_bump#.thm,138,,,,
textures.xdb0,textures/mtl/mtl_tubes3b_bump.dds,349680,512,512,10,DXT5
textures.xdb0,textures/mtl/mtl_tubes3b_bump.thm,138,,,,
textures.xdb0,textures/mtl/mtl_tubes3c.dds,174904,512,512,10,DXT1
textures.xdb0,textures/mtl/mtl_tubes3c.thm,183,,,,
textures.xdb0,textures/mtl/mtl_tubes4.dds,174904,512,512,10,DXT1
textures.xdb0,textures/mtl/mtl_tubes4.thm,182,,,,
textures.xdb0,textures/mtl/mtl_tubes4_bump#.dds,21968,128,128,6,DXT5
textures.xdb0,textures/mtl/mtl_tubes4_bump#.thm,138,,,,
textures.xdb0,textures/mtl/mtl_tubes4_bump.dds,349680,512,512,10,DXT5
textures.xdb0,textures/mtl/mtl_tubes4_bump.thm,138,,,,
textures.xdb0,textures/mtl/mtl_tubes5.dds,174904,512,512,10,DXT1
textures.xdb0,textures/mtl/mtl_tubes51.dds,11080,64,256,9,DXT1
textures.xdb0,textures/mtl/mtl_tubes6.dds,174904,512,512,10,DXT1
textures.xdb0,textures/mtl/mtl_tubes6.thm,183,,,,
textures.xdb0,textures/mtl/mtl_tubes6_bump#.dds,349680,512,512,10,DXT5
textures.xdb0,textures/mtl/mtl_tubes6_bump.dds,349680,512,512,10,DXT5
textures.xdb0,textures/mtl/mtl_tubes7.dds,174904,512,512,10,DXT1
textures.xdb0,textures/mtl/mtl_tubes7.thm,182,,,,
textures.xdb0,textures/mtl/mtl_tubes7_bump#.dds,349680,512,512,10,DXT5
textures.xdb0,textures/mtl/mtl_tubes7_bump#.thm,138,,,,
textures.xdb0,textures/mtl/mtl_tubes7_bump.dds,349680,512,512,10,DXT5
textures.xdb0,textures/mtl/mtl_tubes7_bump.thm,138,,,,
textures.xdb0,textures/mtl/mtl_tubes_05_a.dds,174904,512,512,10,DXT1
textures.xdb0,textures/mtl/mtl_tubes_05_a.thm,182,,,,
textures.xdb0,textures/mtl/mtl_tubes_05_b.dds,174904,512,512,10,DXT1
textures.xdb0,textures/mtl/mtl_tubes_j3.dds,349664,1024,512,10,DXT1
textures.xdb0,textures/mtl/mtl_tubes_j3.thm,186,,,,
textures.xdb0,textures/mtl/mtl_tubes_j3_bump#.dds,174848,512,256,6,DXT5
textures.xdb0,textures/mtl/mtl_tubes_j3_bump.dds,174848,512,256,6,DXT5
textures.xdb0,textures/mtl/mtl_tubes_j3_bump.thm,138,,,,
textures.xdb0,textures/mtl/mtl_ventel.dds,43832,256,256,9,DXT1
textures.xdb0,textures/mtl/mtl_ventel.thm,163,,,,
textures.xdb0,textures/mtl/mtl_ventel_ql.dds,43832,256,256,9,DXT1
textures.xdb0,textures/mtl/mtl_ventel_ql.thm,163,,,,
textures.xdb0,textures/mtl/mtl_ventil_pod_01.dds,43832,256,256,9,DXT1
textures.xdb0,textures/mtl/mtl_ventil_pod_01.thm,189,,,,
textures.xdb0,textures/mtl/mtl_ventil_pod_01_bump#.dds,349680,512,512,10,DXT5
textures.xdb0,textures/mtl/mtl_ventil_pod_01_bump#.thm,138,,,,
textures.xdb0,textures/mtl/mtl_ventil_pod_01_bump.dds,349680,512,512,10,DXT5
textures.xdb0,textures/mtl/mtl_ventil_pod_01_bump.thm,138,,,,
textures.xdb0,textures/mtl/mtl_ventil_pod_02.dds,43832,256,256,9,DXT1
textures.xdb0,textures/mtl/mtl_ventil_pod_02.thm,189,,,,
textures.xdb0,textures/mtl/mtl_ventil_pod_02_bump#.dds,349680,512,512,10,DXT5
textures.xdb0,textures/mtl/mtl_ventil_pod_02_bump#.thm,138,,,,
textures.xdb0,textures/mtl/mtl_ventil_pod_02_bump.dds,349680,512,512,10,DXT5
textures.xdb0,textures/mtl/mtl_ventil_pod_02_bump.thm,138,,,,
textures.xdb0,textures/mtl/mtl_vorota_01.dds,174904,512,512,10,DXT1
textures.xdb0,textures/mtl/mtl_vorota_01.thm,163,,,,
textures.xdb0,textures/mtl/mtl_vorota_a.dds,174904,512,512,10,DXT1
textures.xdb0,textures/mtl/mtl_vorota_a.thm,191,,,,
textures.xdb0,textures/mtl/mtl_vorota_a_bump#.dds,349680,512,512,10,DXT5
textures.xdb0,textures/mtl/mtl_vorota_a_bump.dds,349680,512,512,10,DXT5
textures.xdb0,textures/mtl/mtl_wall_01.dds,174904,512,512,10,DXT1
textures.xdb0,textures/mtl/mtl_wall_01.thm,183,,,,
textures.xdb0,textures/mtl/mtl_wall_01_bump#.dds,349568,512,512,6,DXT5
textures.xdb0,textures/mtl/mtl_wall_01_bump#.thm,138,,,,
textures.xdb0,textures/mtl/mtl_wall_01_bump.dds,349680,512,512,10,DXT5
textures.xdb0,textures/mtl/mtl_wall_01_bump.thm,138,,,,
textures.xdb0,textures/mtl/mtl_wall_02.dds,174904,512,512,10,DXT1
textures.xdb0,textures/mtl/mtl_wall_02.thm,183,,,,
textures.xdb0,textures/mtl/mtl_wall_02_bump#.dds,349568,512,512,6,DXT5
textures.xdb0,textures/mtl/mtl_wall_02_bump#.thm,138,,,,
textures.xdb0,textures/mtl/mtl_wall_02_bump.dds,349680,512,512,10,DXT5
textures.xdb0,textures/mtl/mtl_wall_02_bump.thm,138,,,,
textures.xdb0,textures/mtl/mtl_wall_03.dds,174904,512,512,10,DXT1
textures.xdb0,textures/mtl/mtl_wall_03.thm,183,,,,
textures.xdb0,textures/mtl/mtl_wall_04.dds,174904,512,512,10,DXT1
textures.xdb0,textures/mtl/mtl_wall_04.thm,183,,,,
textures.xdb0,textures/mtl/mtl_wall_04_bump#.dds,349568,512,512,6,DXT5
textures.xdb0,textures/mtl/mtl_wall_04_bump#.thm,138,,,,
textures.xdb0,textures/mtl/mtl_wall_04_bump.dds,349680,512,512,10,DXT5
textures.xdb0,textures/mtl/mtl_wall_04_bump.thm,138,,,,
textures.xdb0,textures/mtl/mtl_wall_gr.dds,43832,256,256,9,DXT1
textures.xdb0,textures/mtl/mtl_wall_gr.thm,163,,,,
textures.xdb0,textures/mtl/mtl_wall_gr01.dds,87528,512,256,10,DXT1
textures.xdb0,textures/mtl/mtl_wall_gr01.thm,165,,,,
textures.xdb0,textures/mtl/mtl_wall_gr02.dds,174904,512,512,10,DXT1
textures.xdb0,textures/mtl/mtl_wall_gr02.thm,163,,,,
textures.xdb0,textures/mtl/mtl_wall_gr02_n.dds,174904,512,512,10,DXT1
textures.xdb0,textures/mtl/mtl_wall_j02a.dds,87528,512,256,10,DXT1
textures.xdb0,textures/mtl/mtl_wall_j02a.thm,185,,,,
textures.xdb0,textures/mtl/mtl_wall_j02a_bump#.dds,174928,512,256,10,DXT5
textures.xdb0,textures/mtl/mtl_wall_j02a_bump#.thm,138,,,,
textures.xdb0,textures/mtl/mtl_wall_j02a_bump.dds,174928,512,256,10,DXT5
textures.xdb0,textures/mtl/mtl_wall_j02a_bump.thm,138,,,,
textures.xdb0,textures/mtl/mtl_walls1.dds,43832,256,256,9,DXT1
textures.xdb0,textures/mtl/mtl_walls1.thm,182,,,,
textures.xdb0,textures/mtl/mtl_walls10.dds,174904,512,512,10,DXT1
textures.xdb0,textures/mtl/mtl_walls10.thm,183,,,,
textures.xdb0,textures/mtl/mtl_walls10_bump#.dds,349680,512,512,10,DXT5
textures.xdb0,textures/mtl/mtl_walls10_bump#.thm,138,,,,
textures.xdb0,textures/mtl/mtl_walls10_bump.dds,349680,512,512,10,DXT5
textures.xdb0,textures/mtl/mtl_walls10_bump.thm,138,,,,
textures.xdb0,textures/mtl/mtl_walls11.dds,349664,1024,512,10,DXT1
textures.xdb0,textures/mtl/mtl_walls11.thm,183,,,,
textures.xdb0,textures/mtl/mtl_walls11_bump#.dds,174928,512,256,10,DXT5
textures.xdb0,textures/mtl/mtl_walls11_bump#.thm,138,,,,
textures.xdb0,textures/mtl/mtl_walls11_bump.dds,699200,1024,512,10,DXT5
textures.xdb0,textures/mtl/mtl_walls11_bump.thm,138,,,,
textures.xdb0,textures/mtl/mtl_walls11_tail.dds,349664,1024,512,10,DXT1
textures.xdb0,textures/mtl/mtl_walls11_tail.thm,188,,,,
textures.xdb0,textures/mtl/mtl_walls11_tail_bump#.dds,174848,512,256,6,DXT5
textures.xdb0,textures/mtl/mtl_walls11_tail_bump.dds,174848,512,256,6,DXT5
textures.xdb0,textures/mtl/mtl_walls11_tail_bump.thm,138,,,,
textures.xdb0,textures/mtl/mtl_walls12.dds,174904,512,512,10,DXT1
textures.xdb0,textures/mtl/mtl_walls13.dds,349664,1024,512,10,DXT1
textures.xdb0,textures/mtl/mtl_walls13.thm,183,,,,
textures.xdb0,textures/mtl/mtl_walls13_bump#.dds,174848,512,256,6,DXT5
textures.xdb0,textures/mtl/mtl_walls13_bump.dds,174848,512,256,6,DXT5
textures.xdb0,textures/mtl/mtl_walls13_bump.thm,138,,,,
textures.xdb0,textures/mtl/mtl_walls14.dds,349664,1024,512,10,DXT1
textures.xdb0,textures/mtl/mtl_walls14.thm,183,,,,
textures.xdb0,textures/mtl/mtl_walls14_bump#.dds,174848,512,256,6,DXT5
textures.xdb0,textures/mtl/mtl_walls14_bump.dds,174848,512,256,6,DXT5
textures.xdb0,textures/mtl/mtl_walls14_bump.thm,138,,,,
textures.xdb0,textures/mtl/mtl_walls15.dds,21992,256,128,9,DXT1
textures.xdb0,textures/mtl/mtl_walls15.thm,165,,,,
textures.xdb0,textures/mtl/mtl_walls16.dds,174904,512,512,10,DXT1
textures.xdb0,textures/mtl/mtl_walls16.thm,183,,,,
textures.xdb0,textures/mtl/mtl_walls16_bump#.dds,349680,512,512,10,DXT5
textures.xdb0,textures/mtl/mtl_walls16_bump#.thm,138,,,,
textures.xdb0,textures/mtl/mtl_walls16_bump.dds,349680,512,512,10,DXT5
textures.xdb0,textures/mtl/mtl_walls16_bump.thm,138,,,,
textures.xdb0,textures/mtl/mtl_walls17.dds,174904,512,512,10,DXT1
textures.xdb0,textures/mtl/mtl_walls17.thm,183,,,,
textures.xdb0,textures/mtl/mtl_walls17_bump#.dds,349568,512,512,6,DXT5
textures.xdb0,textures/mtl/mtl_walls17_bump#.thm,138,,,,
textures.xdb0,textures/mtl/mtl_walls17_bump.dds,349680,512,512,10,DXT5
textures.xdb0,textures/mtl/mtl_walls17_bump.thm,138,,,,
textures.xdb0,textures/mtl/mtl_walls18.dds,43832,256,256,9,DXT1
textures.xdb0,textures/mtl/mtl_walls19.dds,174904,512,512,10,DXT1
textures.xdb0,textures/mtl/mtl_walls19.thm,182,,,,
textures.xdb0,textures/mtl/mtl_walls1_b.dds,43832,256,256,9,DXT1
textures.xdb0,textures/mtl/mtl_walls1_bump#.dds,87488,256,256,6,DXT5
textures.xdb0,textures/mtl/mtl_walls1_bump#.thm,138,,,,
textures.xdb0,textures/mtl/mtl_walls1_bump.dds,87536,256,256,9,DXT5
textures.xdb0,textures/mtl/mtl_walls1_bump.thm,138,,,,
textures.xdb0,textures/mtl/mtl_walls1a.dds,43832,256,256,9,DXT1
textures.xdb0,textures/mtl/mtl_walls1a_bump.dds,87536,256,256,9,DXT5
textures.xdb0,textures/mtl/mtl_walls2.dds,174904,512,512,10,DXT1
textures.xdb0,textures/mtl/mtl_walls2.thm,190,,,,
textures.xdb0,textures/mtl/mtl_walls20.dds,174904,512,512,10,DXT1
textures.xdb0,textures/mtl/mtl_walls20.thm,182,,,,
textures.xdb0,textures/mtl/mtl_walls21.dds,174904,512,512,10,DXT1
textures.xdb0,textures/mtl/mtl_walls22.dds,43832,256,256,9,DXT1
textures.xdb0,textures/mtl/mtl_walls2_1.dds,174904,512,512,10,DXT1
textures.xdb0,textures/mtl/mtl_walls2_1.thm,184,,,,
textures.xdb0,textures/mtl/mtl_walls2_1_bump#.dds,349680,512,512,10,DXT5
textures.xdb0,textures/mtl/mtl_walls2_1_bump#.thm,138,,,,
textures.xdb0,textures/mtl/mtl_walls2_1_bump.dds,349680,512,512,10,DXT5
textures.xdb0,textures/mtl/mtl_walls2_1_bump.thm,138,,,,
textures.xdb0,textures/mtl/mtl_walls2_bump#.dds,349680,512,512,10,DXT5
textures.xdb0,textures/mtl/mtl_walls2_bump.dds,349680,512,512,10,DXT5
textures.xdb0,textures/mtl/mtl_walls3.dds,11080,64,256,9,DXT1
textures.xdb0,textures/mtl/mtl_walls3.thm,166,,,,
textures.xdb0,textures/mtl/mtl_walls3a.dds,2872,64,64,7,DXT1
textures.xdb0,textures/mtl/mtl_walls4.dds,21992,256,128,9,DXT1
textures.xdb0,textures/mtl/mtl_walls5.dds,43832,256,256,9,DXT1
textures.xdb0,textures/mtl/mtl_walls5.thm,182,,,,
textures.xdb0,textures/mtl/mtl_walls5_bump#.dds,87536,256,256,9,DXT5
textures.xdb0,textures/mtl/mtl_walls5_bump#.thm,138,,,,
textures.xdb0,textures/mtl/mtl_walls5_bump.dds,87536,256,256,9,DXT5
textures.xdb0,textures/mtl/mtl_walls5_bump.thm,138,,,,
textures.xdb0,textures/mtl/mtl_walls6.dds,2888,128,32,8,DXT1
textures.xdb0,textures/mtl/mtl_walls7.dds,174904,512,512,10,DXT1
textures.xdb0,textures/mtl/mtl_walls7.thm,183,,,,
textures.xdb0,textures/mtl/mtl_walls7_bump#.dds,349680,512,512,10,DXT5
textures.xdb0,textures/mtl/mtl_walls7_bump.dds,349680,512,512,10,DXT5
textures.xdb0,textures/mtl/mtl_walls7_bump.thm,138,,,,
textures.xdb0,textures/mtl/mtl_walls7_soc.dds,174904,512,512,10,DXT1
textures.xdb0,textures/mtl/mtl_walls7_soc.thm,186,,,,
textures.xdb0,textures/mtl/mtl_walls7_soc_bump#.dds,349680,512,512,10,DXT5
textures.xdb0,textures/mtl/mtl_walls7_soc_bump#.thm,138,,,,
textures.xdb0,textures/mtl/mtl_walls7_soc_bump.dds,349680,512,512,10,DXT5
textures.xdb0,textures/mtl/mtl_walls7_soc_bump.thm,138,,,,
textures.xdb0,textures/mtl/mtl_walls8.dds,349664,1024,512,10,DXT1
textures.xdb0,textures/mtl/mtl_walls8.thm,184,,,,
textures.xdb0,textures/mtl/mtl_walls8_bump#.dds,699216,1024,512,11,DXT5
textures.xdb0,textures/mtl/mtl_walls8_bump#.thm,138,,,,
textures.xdb0,textures/mtl/mtl_walls8_bump.dds,699216,1024,512,11,DXT5
textures.xdb0,textures/mtl/mtl_walls8_bump.thm,138,,,,
textures.xdb0,textures/mtl/mtl_walls8_old.dds,349672,1024,512,11,DXT1
textures.xdb0,textures/mtl/mtl_walls8_old.thm,184,,,,
textures.xdb0,textures/mtl/mtl_walls9.dds,43848,512,128,10,DXT1
textures.xdb0,textures/mtl/mtl_walls9.thm,184,,,,
textures.xdb0,textures/mtl/mtl_walls9_bump#.dds,87568,512,128,10,DXT5
textures.xdb0,textures/mtl/mtl_walls9_bump#.thm,138,,,,
textures.xdb0,textures/mtl/mtl_walls9_bump.dds,349712,1024,256,11,DXT5
textures.xdb0,textures/mtl/mtl_walls9_bump.thm,138,,,,
textures.xdb0,textures/mtl/mtl_walls9a.dds,43848,512,128,10,DXT1
textures.xdb0,textures/mtl/mtl_walls9a.thm,185,,,,
textures.xdb0,textures/mtl/mtl_walls9a_bump#.dds,87568,512,128,10,DXT5
textures.xdb0,textures/mtl/mtl_walls9a_bump#.thm,138,,,,
textures.xdb0,textures/mtl/mtl_walls9a_bump.dds,87568,512,128,10,DXT5
textures.xdb0,textures/mtl/mtl_walls9a_bump.thm,138,,,,
textures.xdb0,textures/mtl/mtl_walls9b.dds,43832,256,256,9,DXT1
textures.xdb0,textures/mtl/mtl_walls9b.thm,163,,,,
textures.xdb0,textures/mtl/mtl_x-support1.dds,21992,128,256,9,DXT1
textures.xdb0,textures/mtl/mtl_x-support1.thm,165,,,,
textures.xdb0,textures/mtl/mtl_x-support2.dds,21992,128,256,9,DXT1
textures.xdb0,textures/mtl/mtl_x-support2.thm,165,,,,
textures.xdb0,textures/mtl/mtl_z_trba.dds,174904,512,512,10,DXT1
textures.xdb0,textures/mtl/mtl_z_trba.thm,187,,,,
textures.xdb0,textures/mtl/mtl_zakl_ch_01.dds,43832,256,256,9,DXT1
textures.xdb0,textures/mtl/mtl_zakl_ch_01.thm,163,,,,
textures.xdb0,textures/mutantparts/act_controller.dds,174904,512,512,10,DXT1
textures.xdb0,textures/mutantparts/act_controller.thm,138,,,,
textures.xdb0,textures/mutantparts/act_rat01.dds,174904,512,512,10,DXT1
textures.xdb0,textures/part/part_zazgig.dds,174904,512,512,10,DXT1
textures.xdb0,textures/pfx/pfx_ani-explosion-02-b-a.dds,1048704,1024,1024,0,DXT5
textures.xdb0,textures/pfx/pfx_ani-explosion-02-b-a.thm,138,,,,
textures.xdb0,textures/pfx/pfx_ani-explosion-02.dds,1048704,1024,1024,0,DXT5
textures.xdb0,textures/pfx/pfx_ani-explosion-02.thm,138,,,,
textures.xdb0,textures/pfx/pfx_ani-explosion-02a.dds,1048704,1024,1024,0,DXT5
textures.xdb0,textures/pfx/pfx_ani-explosion-02a.thm,138,,,,
textures.xdb0,textures/pfx/pfx_ani-fire01.dds,524416,1024,1024,0,DXT1
textures.xdb0,textures/pfx/pfx_ani-fire01.thm,138,,,,
textures.xdb0,textures/pfx/pfx_ani-smoke-01.dds,32896,256,256,0,DXT1
textures.xdb0,textures/pfx/pfx_ani-smoke-01.thm,138,,,,
textures.xdb0,textures/pfx/pfx_anomaly_1.dds,87488,256,256,6,DXT5
textures.xdb0,textures/pfx/pfx_anomaly_1.thm,138,,,,
textures.xdb0,textures/pfx/pfx_anomaly_10.dds,87488,256,256,6,DXT5
textures.xdb0,textures/pfx/pfx_anomaly_10.thm,138,,,,
textures.xdb0,textures/pfx/pfx_anomaly_11.dds,87488,256,256,6,DXT5
textures.xdb0,textures/pfx/pfx_anomaly_11.thm,138,,,,
textures.xdb0,textures/pfx/pfx_anomaly_14.dds,87536,256,256,9,DXT5
textures.xdb0,textures/pfx/pfx_anomaly_16.dds,87488,256,256,6,DXT5
textures.xdb0,textures/pfx/pfx_anomaly_16.thm,138,,,,
textures.xdb0,textures/pfx/pfx_anomaly_16_blue.dds,65664,256,256,0,DXT5
textures.xdb0,textures/pfx/pfx_anomaly_17.dds,87488,256,256,6,DXT5
textures.xdb0,textures/pfx/pfx_anomaly_17.thm,138,,,,
textures.xdb0,textures/pfx/pfx_anomaly_18.dds,65664,256,256,0,DXT5
textures.xdb0,textures/pfx/pfx_anomaly_18.thm,138,,,,
textures.xdb0,textures/pfx/pfx_anomaly_19.dds,87488,256,256,6,DXT5
textures.xdb0,textures/pfx/pfx_anomaly_19.thm,138,,,,
textures.xdb0,textures/pfx/pfx_anomaly_2.dds,174848,512,256,6,DXT5
textures.xdb0,textures/pfx/pfx_anomaly_2.thm,138,,,,
textures.xdb0,textures/pfx/pfx_anomaly_20.dds,87488,256,256,6,DXT5
textures.xdb0,textures/pfx/pfx_anomaly_20.thm,138,,,,
textures.xdb0,textures/pfx/pfx_anomaly_21.dds,21968,128,128,6,DXT5
textures.xdb0,textures/pfx/pfx_anomaly_21.thm,138,,,,
textures.xdb0,textures/pfx/pfx_anomaly_23.dds,174848,512,256,6,DXT5
textures.xdb0,textures/pfx/pfx_anomaly_23.thm,138,,,,
textures.xdb0,textures/pfx/pfx_anomaly_2_blue.dds,524416,1024,512,0,DXT5
textures.xdb0,textures/pfx/pfx_anomaly_2_green.dds,174848,512,256,6,DXT5
textures.xdb0,textures/pfx/pfx_anomaly_2_green.thm,138,,,,
textures.xdb0,textures/pfx/pfx_anomaly_3.dds,87488,256,256,6,DXT5
textures.xdb0,textures/pfx/pfx_anomaly_3.thm,138,,,,
textures.xdb0,textures/pfx/pfx_anomaly_4.dds,87488,256,256,6,DXT5
textures.xdb0,textures/pfx/pfx_anomaly_4.thm,138,,,,
textures.xdb0,textures/pfx/pfx_anomaly_5.dds,87488,256,256,6,DXT5
textures.xdb0,textures/pfx/pfx_anomaly_5.thm,138,,,,
textures.xdb0,textures/pfx/pfx_anomaly_6.dds,87488,256,256,6,DXT5
textures.xdb0,textures/pfx/pfx_anomaly_6.thm,138,,,,
textures.xdb0,textures/pfx/pfx_anomaly_7.dds,174848,512,256,6,DXT5
textures.xdb0,textures/pfx/pfx_anomaly_7.thm,138,,,,
textures.xdb0,textures/pfx/pfx_anomaly_8.dds,87488,256,256,6,DXT5
textures.xdb0,textures/pfx/pfx_anomaly_8.thm,138,,,,
textures.xdb0,textures/pfx/pfx_anomaly_88.dds,87488,256,256,6,DXT5
textures.xdb0,textures/pfx/pfx_anomaly_88.thm,138,,,,
textures.xdb0,textures/pfx/pfx_anomaly_9.dds,87488,256,256,6,DXT5
textures.xdb0,textures/pfx/pfx_anomaly_9.thm,138,,,,
textures.xdb0,textures/pfx/pfx_anomaly_vegetation.dds,87488,256,256,6,DXT5
textures.xdb0,textures/pfx/pfx_anomaly_vegetation.thm,138,,,,
textures.xdb0,textures/pfx/pfx_blood_vapor.dds,87536,256,256,9,DXT3
textures.xdb0,textures/pfx/pfx_blood_vapor.thm,138,,,,
textures.xdb0,textures/pfx/pfx_bloodsplash1.dds,65664,256,256,0,DXT5
textures.xdb0,textures/pfx/pfx_bloodsplash1.thm,138,,,,
textures.xdb0,textures/pfx/pfx_bloodsplash2.dds,262272,512,512,0,DXT3
textures.xdb0,textures/pfx/pfx_bloodsplash2.thm,138,,,,
textures.xdb0,textures/pfx/pfx_blurry_cloud.dds,349652,256,256,9,RGB
textures.xdb0,textures/pfx/pfx_blurry_cloud.thm,138,,,,
textures.xdb0,textures/pfx/pfx_brick.dds,87488,256,256,6,DXT5
textures.xdb0,textures/pfx/pfx_brick.thm,138,,,,
textures.xdb0,textures/pfx/pfx_bubble.dds,5600,64,64,6,DXT5
textures.xdb0,textures/pfx/pfx_bubble.thm,138,,,,
textures.xdb0,textures/pfx/pfx_bubble_1.dds,21968,128,128,6,DXT5
textures.xdb0,textures/pfx/pfx_bubble_1.thm,138,,,,
textures.xdb0,textures/pfx/pfx_bubble_water.dds,21968,128,128,6,DXT5
textures.xdb0,textures/pfx/pfx_bubble_water.thm,138,,,,
textures.xdb0,textures/pfx/pfx_byaka_01.dds,87488,256,256,6,DXT5
textures.xdb0,textures/pfx/pfx_byaka_01.thm,138,,,,
textures.xdb0,textures/pfx/pfx_cc_lighting_grad.dds,32896,256,256,0,DXT1
textures.xdb0,textures/pfx/pfx_cc_lighting_grad2.dds,32896,256,256,0,DXT1
textures.xdb0,textures/pfx/pfx_cc_lightings.dds,2097280,2048,2048,0,DXT1
textures.xdb0,textures/pfx/pfx_concretedebris_01.dds,11056,128,64,6,DXT5
textures.xdb0,textures/pfx/pfx_concretedebris_01.thm,138,,,,
textures.xdb0,textures/pfx/pfx_concretepuffs_01.dds,174848,512,256,6,DXT5
textures.xdb0,textures/pfx/pfx_concretepuffs_01.thm,138,,,,
textures.xdb0,textures/pfx/pfx_dist2.dds,21968,128,128,6,DXT5
textures.xdb0,textures/pfx/pfx_dist2.thm,138,,,,
textures.xdb0,textures/pfx/pfx_dist2inv.dds,21968,128,128,6,DXT5
textures.xdb0,textures/pfx/pfx_dist2inv.thm,138,,,,
textures.xdb0,textures/pfx/pfx_dist3.dds,21968,128,128,6,DXT5
textures.xdb0,textures/pfx/pfx_dist3.thm,138,,,,
textures.xdb0,textures/pfx/pfx_dist4.dds,21968,128,128,6,DXT5
textures.xdb0,textures/pfx/pfx_dist4.thm,138,,,,
textures.xdb0,textures/pfx/pfx_dist7.dds,21968,128,128,6,DXT5
textures.xdb0,textures/pfx/pfx_dist7.thm,138,,,,
textures.xdb0,textures/pfx/pfx_dist8.dds,21968,128,128,6,DXT5
textures.xdb0,textures/pfx/pfx_dist8.thm,138,,,,
textures.xdb0,textures/pfx/pfx_dist9.dds,21968,128,128,6,DXT5
textures.xdb0,textures/pfx/pfx_dist9.thm,138,,,,
textures.xdb0,textures/pfx/pfx_dist_glas2.dds,87536,256,256,9,DXT5
textures.xdb0,textures/pfx/pfx_dist_glass.dds,21968,128,128,6,DXT5
textures.xdb0,textures/pfx/pfx_dist_glass.thm,138,,,,
textures.xdb0,textures/pfx/pfx_dist_glass3.dds,43808,128,256,6,DXT5
textures.xdb0,textures/pfx/pfx_dist_glass3.thm,138,,,,
textures.xdb0,textures/pfx/pfx_dist_glass4.dds,87488,256,256,6,DXT5
textures.xdb0,textures/pfx/pfx_dist_glass4.thm,138,,,,
textures.xdb0,textures/pfx/pfx_dist_glass5.dds,43808,128,256,6,DXT5
textures.xdb0,textures/pfx/pfx_dist_glass5.thm,138,,,,
textures.xdb0,textures/pfx/pfx_dist_glass6.dds,87488,256,256,6,DXT5
textures.xdb0,textures/pfx/pfx_dist_glass6.thm,138,,,,
textures.xdb0,textures/pfx/pfx_dist_lens.dds,87536,256,256,9,DXT5
textures.xdb0,textures/pfx/pfx_dist_lens_base.dds,87536,256,256,9,DXT5
textures.xdb0,textures/pfx/pfx_dist_lightning_02.dds,87536,256,256,9,DXT5
textures.xdb0,textures/pfx/pfx_dist_teleport.dds,21968,128,128,6,DXT5
textures.xdb0,textures/pfx/pfx_dist_teleport.thm,138,,,,
textures.xdb0,textures/pfx/pfx_distort_anomaly.dds,21968,128,128,6,DXT5
textures.xdb0,textures/pfx/pfx_distort_anomaly.thm,138,,,,
textures.xdb0,textures/pfx/pfx_distortion.dds,21968,128,128,6,DXT5
textures.xdb0,textures/pfx/pfx_distortion.thm,138,,,,
textures.xdb0,textures/pfx/pfx_electrostatic.dds,43832,256,256,9,DXT1
textures.xdb0,textures/pfx/pfx_expl_01.dds,262272,1024,512,0,DXT1
textures.xdb0,textures/pfx/pfx_expl_01.thm,138,,,,
textures.xdb0,textures/pfx/pfx_expl_benzin.dds,1048704,1024,1024,0,DXT5
textures.xdb0,textures/pfx/pfx_expl_benzin.thm,138,,,,
textures.xdb0,textures/pfx/pfx_explotions_2.dds,1048704,1024,1024,0,DXT5
textures.xdb0,textures/pfx/pfx_explotions_2.thm,138,,,,
textures.xdb0,textures/pfx/pfx_explotions_3.dds,524416,1024,512,0,DXT5
textures.xdb0,textures/pfx/pfx_explotions_3.thm,138,,,,
textures.xdb0,textures/pfx/pfx_explotions_4.dds,1048704,1024,1024,0,DXT5
textures.xdb0,textures/pfx/pfx_explotions_4.thm,138,,,,
textures.xdb0,textures/pfx/pfx_explotions_smoke.dds,1048704,1024,1024,0,DXT5
textures.xdb0,textures/pfx/pfx_explotions_smoke.thm,138,,,,
textures.xdb0,textures/pfx/pfx_explotions_smoke_benzine.dds,1048704,1024,1024,0,DXT5
textures.xdb0,textures/pfx/pfx_explotions_smoke_benzine.thm,138,,,,
textures.xdb0,textures/pfx/pfx_flame.dds,87568,512,128,10,DXT5
textures.xdb0,textures/pfx/pfx_flame.thm,138,,,,
textures.xdb0,textures/pfx/pfx_flame_01.dds,8320,128,128,0,DXT1
textures.xdb0,textures/pfx/pfx_flame_01.thm,138,,,,
textures.xdb0,textures/pfx/pfx_flamefx_01.dds,87536,256,256,9,DXT5
textures.xdb0,textures/pfx/pfx_flamefx_01.thm,138,,,,
textures.xdb0,textures/pfx/pfx_flash_01.dds,16512,128,128,0,DXT5
textures.xdb0,textures/pfx/pfx_flash_01.thm,138,,,,
textures.xdb0,textures/pfx/pfx_flash_02.dds,21968,128,128,6,DXT5
textures.xdb0,textures/pfx/pfx_flash_02.thm,138,,,,
textures.xdb0,textures/pfx/pfx_flash_04.dds,21968,128,128,6,DXT5
textures.xdb0,textures/pfx/pfx_flash_04.thm,138,,,,
textures.xdb0,textures/pfx/pfx_flash_05.dds,21968,128,128,6,DXT5
textures.xdb0,textures/pfx/pfx_flash_05.thm,138,,,,
textures.xdb0,textures/pfx/pfx_flash_07.dds,21968,128,128,6,DXT5
textures.xdb0,textures/pfx/pfx_flash_07.thm,138,,,,
textures.xdb0,textures/pfx/pfx_flash_08.dds,21968,128,128,6,DXT5
textures.xdb0,textures/pfx/pfx_flash_08.thm,138,,,,
textures.xdb0,textures/pfx/pfx_flies.dds,21976,128,128,6,DXT5
textures.xdb0,textures/pfx/pfx_g-smoke-01.dds,4224,64,64,0,DXT5
textures.xdb0,textures/pfx/pfx_g-smoke-01.thm,138,,,,
textures.xdb0,textures/pfx/pfx_gologramma.dds,8320,128,128,0,DXT1
textures.xdb0,textures/pfx/pfx_gologramma.thm,138,,,,
textures.xdb0,textures/pfx/pfx_gradient.dds,16512,128,128,0,DXT5
textures.xdb0,textures/pfx/pfx_gradient.thm,138,,,,
textures.xdb0,textures/pfx/pfx_gradient1.dds,87536,256,256,9,DXT5
textures.xdb0,textures/pfx/pfx_gradient1.thm,138,,,,
textures.xdb0,textures/pfx/pfx_leaves_01.dds,4224,64,64,0,DXT5
textures.xdb0,textures/pfx/pfx_leaves_01.thm,138,,,,
textures.xdb0,textures/pfx/pfx_leaves_02.dds,4224,64,64,0,DXT5
textures.xdb0,textures/pfx/pfx_leaves_02.thm,138,,,,
textures.xdb0,textures/pfx/pfx_light.dds,87488,256,256,6,DXT5
textures.xdb0,textures/pfx/pfx_light1.dds,87488,256,256,6,DXT5
textures.xdb0,textures/pfx/pfx_light1.thm,138,,,,
textures.xdb0,textures/pfx/pfx_light3.dds,87488,256,256,6,DXT5
textures.xdb0,textures/pfx/pfx_light3.thm,138,,,,
textures.xdb0,textures/pfx/pfx_light4.dds,87488,256,256,6,DXT5
textures.xdb0,textures/pfx/pfx_light4.thm,138,,,,
textures.xdb0,textures/pfx/pfx_lighting_stancia_01.dds,174848,256,512,6,DXT5
textures.xdb0,textures/pfx/pfx_lighting_stancia_01.thm,138,,,,
textures.xdb0,textures/pfx/pfx_lighting_stancia_02.dds,174848,256,512,6,DXT5
textures.xdb0,textures/pfx/pfx_lighting_stancia_02.thm,138,,,,
textures.xdb0,textures/pfx/pfx_lightning_01.dds,87488,256,256,6,DXT5
textures.xdb0,textures/pfx/pfx_lightning_01.thm,138,,,,
textures.xdb0,textures/pfx/pfx_lightning_02.dds,87488,256,256,6,DXT5
textures.xdb0,textures/pfx/pfx_lightning_02.thm,138,,,,
textures.xdb0,textures/pfx/pfx_ligth_6.dds,349680,512,512,10,DXT5
textures.xdb0,textures/pfx/pfx_ligth_6.thm,138,,,,
textures.xdb0,textures/pfx/pfx_plasma.dds,87488,256,256,6,DXT5
textures.xdb0,textures/pfx/pfx_plasma.thm,138,,,,
textures.xdb0,textures/pfx/pfx_shells1.dds,131200,512,256,0,DXT5
textures.xdb0,textures/pfx/pfx_shells1.thm,138,,,,
textures.xdb0,textures/pfx/pfx_shells2.dds,131200,512,256,0,DXT5
textures.xdb0,textures/pfx/pfx_shells2.thm,138,,,,
textures.xdb0,textures/pfx/pfx_shells_green.dds,131200,512,256,0,DXT5
textures.xdb0,textures/pfx/pfx_shells_pisto1.dds,131200,512,256,0,DXT5
textures.xdb0,textures/pfx/pfx_shells_pistol.dds,131200,512,256,0,DXT5
textures.xdb0,textures/pfx/pfx_skinsplash1.dds,65664,256,256,0,DXT5
textures.xdb0,textures/pfx/pfx_skinsplash1.thm,162,,,,
textures.xdb0,textures/pfx/pfx_sm.dds,5616,128,32,6,DXT5
textures.xdb0,textures/pfx/pfx_sm.thm,138,,,,
textures.xdb0,textures/pfx/pfx_smoke_a.dds,87488,256,256,6,DXT5
textures.xdb0,textures/pfx/pfx_smoke_a.thm,138,,,,
textures.xdb0,textures/pfx/pfx_smoke_b.dds,22000,128,128,8,DXT5
textures.xdb0,textures/pfx/pfx_smoke_b.thm,138,,,,
textures.xdb0,textures/pfx/pfx_smoke_c.dds,87536,256,256,9,DXT5
textures.xdb0,textures/pfx/pfx_smoke_d.dds,87536,256,256,9,DXT5
textures.xdb0,textures/pfx/pfx_smoke_f.dds,65664,256,256,0,DXT5
textures.xdb0,textures/pfx/pfx_smoke_g.dds,87536,256,256,9,DXT5
textures.xdb0,textures/pfx/pfx_smoke_n.dds,65664,256,256,0,DXT5
textures.xdb0,textures/pfx/pfx_smokepuffs1.dds,174848,512,256,6,DXT5
textures.xdb0,textures/pfx/pfx_smokepuffs1.thm,138,,,,
textures.xdb0,textures/pfx/pfx_smokepuffs2.dds,43808,256,128,6,DXT5
textures.xdb0,textures/pfx/pfx_smokepuffs2.thm,138,,,,
textures.xdb0,textures/pfx/pfx_spark_01.dds,1520,32,32,6,DXT5
textures.xdb0,textures/pfx/pfx_spark_01.thm,138,,,,
textures.xdb0,textures/pfx/pfx_spark_02.dds,21972,64,64,7,RGB
textures.xdb0,textures/pfx/pfx_spark_02.thm,138,,,,
textures.xdb0,textures/pfx/pfx_sparks.dds,43808,256,128,6,DXT5
textures.xdb0,textures/pfx/pfx_sparks.thm,138,,,,
textures.xdb0,textures/pfx/pfx_sparks1.dds,87528,512,256,10,DXT1
textures.xdb0,textures/pfx/pfx_sparks2.dds,43856,256,128,9,DXT5
textures.xdb0,textures/pfx/pfx_specks.dds,21968,128,128,6,DXT5
textures.xdb0,textures/pfx/pfx_specks.thm,138,,,,
textures.xdb0,textures/pfx/pfx_specks_poison.dds,21968,128,128,6,DXT5
textures.xdb0,textures/pfx/pfx_specks_poison.thm,138,,,,
textures.xdb0,textures/pfx/pfx_specks_snow.dds,65664,256,256,0,DXT5
textures.xdb0,textures/pfx/pfx_spikey_star.dds,22000,128,128,8,DXT5
textures.xdb0,textures/pfx/pfx_spikey_star.thm,138,,,,
textures.xdb0,textures/pfx/pfx_splash3.dds,5600,64,64,6,DXT5
textures.xdb0,textures/pfx/pfx_splash3.thm,138,,,,
textures.xdb0,textures/pfx/pfx_splash_01.dds,22000,128,128,8,DXT5
textures.xdb0,textures/pfx/pfx_splash_01.thm,138,,,,
textures.xdb0,textures/pfx/pfx_splash_02.dds,5600,64,64,6,DXT5
textures.xdb0,textures/pfx/pfx_splash_02.thm,138,,,,
textures.xdb0,textures/pfx/pfx_step_blood.dds,2880,32,64,6,DXT5
textures.xdb0,textures/pfx/pfx_step_blood.thm,138,,,,
textures.xdb0,textures/pfx/pfx_stonedebris1.dds,21968,128,128,6,DXT5
textures.xdb0,textures/pfx/pfx_stonedebris1.thm,138,,,,
textures.xdb0,textures/pfx/pfx_stonedebris2.dds,21968,128,128,6,DXT5
textures.xdb0,textures/pfx/pfx_stonedebris2.thm,138,,,,
textures.xdb0,textures/pfx/pfx_synus.dds,5600,64,64,6,DXT5
textures.xdb0,textures/pfx/pfx_synus.thm,138,,,,
textures.xdb0,textures/pfx/pfx_teleport.dds,349680,512,512,10,DXT5
textures.xdb0,textures/pfx/pfx_teleport.thm,138,,,,
textures.xdb0,textures/pfx/pfx_test_textures.dds,87488,256,256,6,DXT5
textures.xdb0,textures/pfx/pfx_test_textures.thm,138,,,,
textures.xdb0,textures/pfx/pfx_vehglassdebris_01.dds,21968,128,128,6,DXT5
textures.xdb0,textures/pfx/pfx_vehglassdebris_01.thm,138,,,,
textures.xdb0,textures/pfx/pfx_vehmetaldebris_01.dds,5600,64,64,6,DXT5
textures.xdb0,textures/pfx/pfx_vehmetaldebris_01.thm,138,,,,
textures.xdb0,textures/pfx/pfx_water_wave.dds,21968,128,128,6,DXT5
textures.xdb0,textures/pfx/pfx_water_wave.thm,138,,,,
textures.xdb0,textures/pfx/pfx_woodchips1.dds,43840,512,64,6,DXT5
textures.xdb0,textures/pfx/pfx_woodchips1.thm,138,,,,
textures.xdb0,textures/pfx/pfx_woodchips3.dds,43840,512,64,6,DXT5
textures.xdb0,textures/pfx/pfx_woodchips3.thm,138,,,,
textures.xdb0,textures/pfx/r_pop/shells/12ga.dds,524416,1024,512,0,DXT5
textures.xdb0,textures/pfx/r_pop/shells/12ga.thm,138,,,,
textures.xdb0,textures/pfx/r_pop/shells/45acp.dds,524416,1024,512,0,DXT5
textures.xdb0,textures/pfx/r_pop/shells/45acp.thm,138,,,,
textures.xdb0,textures/pfx/r_pop/shells/545x39.dds,524416,1024,512,0,DXT5
textures.xdb0,textures/pfx/r_pop/shells/545x39.thm,138,,,,
textures.xdb0,textures/pfx/r_pop/shells/556x45.dds,524416,1024,512,0,DXT5
textures.xdb0,textures/pfx/r_pop/shells/556x45.thm,138,,,,
textures.xdb0,textures/pfx/r_pop/shells/762x39.dds,524416,1024,512,0,DXT5
textures.xdb0,textures/pfx/r_pop/shells/762x39.thm,138,,,,
textures.xdb0,textures/pfx/r_pop/shells/762x51.dds,524416,1024,512,0,DXT5
textures.xdb0,textures/pfx/r_pop/shells/762x51.thm,138,,,,
textures.xdb0,textures/pfx/r_pop/shells/762x54.dds,524416,1024,512,0,DXT5
textures.xdb0,textures/pfx/r_pop/shells/762x54.thm,138,,,,
textures.xdb0,textures/pfx/r_pop/shells/9x18.dds,524416,1024,512,0,DXT5
textures.xdb0,textures/pfx/r_pop/shells/9x18.thm,138,,,,
textures.xdb0,textures/pfx/r_pop/shells/9x19.dds,524416,1024,512,0,DXT5
textures.xdb0,textures/pfx/r_pop/shells/9x19.thm,138,,,,
textures.xdb0,textures/pfx/r_pop/shells/9x39.dds,524416,1024,512,0,DXT5
textures.xdb0,textures/pfx/r_pop/shells/9x39.thm,138,,,,
textures.xdb0,textures/pfx/r_pop/shells/fake_shells.dds,8320,128,64,0,DXT5
textures.xdb0,textures/pfx/r_pop/shells/fake_shells.thm,138,,,,
textures.xdb0,textures/prop/mtl_truba_ch_02_bump.dds,349712,256,1024,11,DXT3
textures.xdb0,textures/prop/mtl_truba_pod_02_bump.dds,349712,256,1024,11,DXT3
textures.xdb0,textures/prop/mtl_tubes3_bump.dds,174928,512,256,10,DXT3
textures.xdb0,textures/prop/mtl_tubes3b_bump.dds,349680,512,512,10,DXT3
textures.xdb0,textures/prop/mtl_tubes7_bump.dds,1398256,1024,1024,11,DXT3
textures.xdb0,textures/prop/prop_agit.dds,699192,1024,1024,11,DXT1
textures.xdb0,textures/prop/prop_agit.thm,163,,,,
textures.xdb0,textures/prop/prop_antena_front.dds,349680,512,512,10,DXT5
textures.xdb0,textures/prop/prop_antena_front.thm,163,,,,
textures.xdb0,textures/prop/prop_antena_pipes.dds,349680,512,512,10,DXT5
textures.xdb0,textures/prop/prop_antena_pipes.thm,163,,,,
textures.xdb0,textures/prop/prop_antena_platform.dds,349680,512,512,10,DXT5
textures.xdb0,textures/prop/prop_antena_platform.thm,163,,,,
textures.xdb0,textures/prop/prop_audio_video.dds,174904,512,512,10,DXT1
textures.xdb0,textures/prop/prop_audio_video.thm,164,,,,
textures.xdb0,textures/prop/prop_audio_video_bump#.dds,349568,512,512,6,DXT5
textures.xdb0,textures/prop/prop_audio_video_bump#.thm,138,,,,
textures.xdb0,textures/prop/prop_audio_video_bump.dds,262272,512,512,1,DXT5
textures.xdb0,textures/prop/prop_audio_video_bump.thm,138,,,,
textures.xdb0,textures/prop/prop_bag.dds,174904,512,512,10,DXT1
textures.xdb0,textures/prop/prop_bag.thm,181,,,,
textures.xdb0,textures/prop/prop_bag_bump#.dds,349568,512,512,6,DXT5
textures.xdb0,textures/prop/prop_bag_bump#.thm,138,,,,
textures.xdb0,textures/prop/prop_bag_bump.dds,349680,512,512,10,DXT5
textures.xdb0,textures/prop/prop_bag_bump.thm,138,,,,
textures.xdb0,textures/prop/prop_balkon_perila_01.dds,87528,512,256,10,DXT1
textures.xdb0,textures/prop/prop_balkon_perila_01.thm,163,,,,
textures.xdb0,textures/prop/prop_ballon1.dds,699216,512,1024,11,DXT3
textures.xdb0,textures/prop/prop_ballon1.thm,187,,,,
textures.xdb0,textures/prop/prop_ballon1_bump#.dds,174848,256,512,6,DXT5
textures.xdb0,textures/prop/prop_ballon1_bump#.thm,138,,,,
textures.xdb0,textures/prop/prop_ballon1_bump.dds,174928,256,512,10,DXT5
textures.xdb0,textures/prop/prop_ballon1_bump.thm,138,,,,
textures.xdb0,textures/prop/prop_ballon2.dds,87528,256,512,10,DXT1
textures.xdb0,textures/prop/prop_ballon2.thm,187,,,,
textures.xdb0,textures/prop/prop_ballon2_bump#.dds,174848,256,512,6,DXT5
textures.xdb0,textures/prop/prop_ballon2_bump#.thm,138,,,,
textures.xdb0,textures/prop/prop_ballon2_bump.dds,131200,256,512,0,DXT5
textures.xdb0,textures/prop/prop_ballon2_bump.thm,138,,,,
textures.xdb0,textures/prop/prop_ballon3.dds,87528,256,512,10,DXT1
textures.xdb0,textures/prop/prop_ballon3.thm,187,,,,
textures.xdb0,textures/prop/prop_ballon3_bump#.dds,174848,256,512,6,DXT5
textures.xdb0,textures/prop/prop_ballon3_bump#.thm,138,,,,
textures.xdb0,textures/prop/prop_ballon3_bump.dds,131200,256,512,0,DXT5
textures.xdb0,textures/prop/prop_ballon3_bump.thm,138,,,,
textures.xdb0,textures/prop/prop_banka1.dds,43832,256,256,9,DXT1
textures.xdb0,textures/prop/prop_banka2.dds,43832,256,256,9,DXT1
textures.xdb0,textures/prop/prop_banka3.dds,43832,256,256,9,DXT1
textures.xdb0,textures/prop/prop_bar_logo.dds,87528,512,256,10,DXT1
textures.xdb0,textures/prop/prop_bar_logo.thm,138,,,,
textures.xdb0,textures/prop/prop_barbwire1.dds,349672,512,1024,11,DXT1
textures.xdb0,textures/prop/prop_barbwire1.thm,162,,,,
textures.xdb0,textures/prop/prop_barbwire1_bump#.dds,699008,512,1024,6,DXT5
textures.xdb0,textures/prop/prop_barbwire1_bump#.thm,138,,,,
textures.xdb0,textures/prop/prop_barbwire1_bump.dds,699216,512,1024,11,DXT5
textures.xdb0,textures/prop/prop_barbwire1_bump.thm,138,,,,
textures.xdb0,textures/prop/prop_barbwire2.dds,699192,1024,1024,11,DXT1
textures.xdb1,textures/prop/prop_barbwire2.thm,138,,,,
textures.xdb1,textures/prop/prop_barbwire3.dds,699192,1024,1024,11,DXT1
textures.xdb1,textures/prop/prop_barbwire3.thm,162,,,,
textures.xdb1,textures/prop/prop_barbwire3_bump#.dds,349568,512,512,6,DXT5
textures.xdb1,textures/prop/prop_barbwire3_bump#.thm,138,,,,
textures.xdb1,textures/prop/prop_barbwire3_bump.dds,349680,512,512,10,DXT5
textures.xdb1,textures/prop/prop_barbwire3_bump.thm,138,,,,
textures.xdb1,textures/prop/prop_barbwire4.dds,174904,512,512,10,DXT1
textures.xdb1,textures/prop/prop_barocamera.dds,699216,1024,512,11,DXT5
textures.xdb1,textures/prop/prop_barocamera.thm,190,,,,
textures.xdb1,textures/prop/prop_barocamera_bump#.dds,699008,1024,512,6,DXT5
textures.xdb1,textures/prop/prop_barocamera_bump#.thm,138,,,,
textures.xdb1,textures/prop/prop_barocamera_bump.dds,699216,1024,512,11,DXT5
textures.xdb1,textures/prop/prop_barocamera_bump.thm,138,,,,
textures.xdb1,textures/prop/prop_barometr.dds,11064,128,128,8,DXT1
textures.xdb1,textures/prop/prop_barometr.thm,138,,,,
textures.xdb1,textures/prop/prop_barrel1_small.dds,5608,64,128,8,DXT1
textures.xdb1,textures/prop/prop_barrel2.dds,1398248,1024,2048,12,DXT1
textures.xdb1,textures/prop/prop_barrel2.thm,163,,,,
textures.xdb1,textures/prop/prop_batarea_p.dds,21992,256,128,9,DXT1
textures.xdb1,textures/prop/prop_batarea_p.thm,187,,,,
textures.xdb1,textures/prop/prop_bathhole.dds,11064,128,128,8,DXT1
textures.xdb1,textures/prop/prop_bathhole.thm,138,,,,
textures.xdb1,textures/prop/prop_bathhole1.dds,11064,128,128,8,DXT1
textures.xdb1,textures/prop/prop_bathhole1.thm,138,,,,
textures.xdb1,textures/prop/prop_bathhole2.dds,824,32,32,6,DXT1
textures.xdb1,textures/prop/prop_bathhole2.thm,138,,,,
textures.xdb1,textures/prop/prop_bayda_wall2.dds,174904,512,512,10,DXT1
textures.xdb1,textures/prop/prop_bayda_wall2.thm,189,,,,
textures.xdb1,textures/prop/prop_bayda_wall2_bump#.dds,349568,512,512,6,DXT5
textures.xdb1,textures/prop/prop_bayda_wall2_bump#.thm,138,,,,
textures.xdb1,textures/prop/prop_bayda_wall2_bump.dds,262272,512,512,0,DXT5
textures.xdb1,textures/prop/prop_bayda_wall2_bump.thm,138,,,,
textures.xdb1,textures/prop/prop_bayda_wall_2.dds,174904,512,512,10,DXT1
textures.xdb1,textures/prop/prop_bear.dds,174904,512,512,10,DXT1
textures.xdb1,textures/prop/prop_bear.thm,181,,,,
textures.xdb1,textures/prop/prop_bear_bump#.dds,349568,512,512,6,DXT5
textures.xdb1,textures/prop/prop_bear_bump#.thm,138,,,,
textures.xdb1,textures/prop/prop_bear_bump.dds,349680,512,512,10,DXT5
textures.xdb1,textures/prop/prop_bear_bump.thm,138,,,,
textures.xdb1,textures/prop/prop_bed1.dds,43848,512,128,10,DXT1
textures.xdb1,textures/prop/prop_bed1.thm,138,,,,
textures.xdb1,textures/prop/prop_bed1a.dds,1512,32,64,7,DXT1
textures.xdb1,textures/prop/prop_bed1a.thm,138,,,,
textures.xdb1,textures/prop/prop_bed2.dds,349672,1024,512,11,DXT1
textures.xdb1,textures/prop/prop_bed2.thm,184,,,,
textures.xdb1,textures/prop/prop_bed2_bump#.dds,174848,512,256,6,DXT5
textures.xdb1,textures/prop/prop_bed2_bump#.thm,138,,,,
textures.xdb1,textures/prop/prop_bed2_bump.dds,174928,512,256,10,DXT5
textures.xdb1,textures/prop/prop_bed2_bump.thm,138,,,,
textures.xdb1,textures/prop/prop_bed2a.dds,87528,512,256,10,DXT1
textures.xdb1,textures/prop/prop_bed2a.thm,184,,,,
textures.xdb1,textures/prop/prop_bed2b.dds,2952,256,16,9,DXT1
textures.xdb1,textures/prop/prop_bed2b.thm,138,,,,
textures.xdb1,textures/prop/prop_bed2c.dds,21992,256,128,9,DXT1
textures.xdb1,textures/prop/prop_bed2d.dds,21992,256,128,9,DXT1
textures.xdb1,textures/prop/prop_bed2e.dds,21992,256,128,9,DXT1
textures.xdb1,textures/prop/prop_bed2h.dds,21992,256,128,9,DXT1
textures.xdb1,textures/prop/prop_benzo_iov.dds,174904,512,512,10,DXT1
textures.xdb1,textures/prop/prop_bidon.dds,174904,512,512,10,DXT1
textures.xdb1,textures/prop/prop_bidon.thm,183,,,,
textures.xdb1,textures/prop/prop_bidon_bump#.dds,349680,512,512,10,DXT5
textures.xdb1,textures/prop/prop_bidon_bump#.thm,138,,,,
textures.xdb1,textures/prop/prop_bidon_bump.dds,349680,512,512,10,DXT5
textures.xdb1,textures/prop/prop_bidon_bump.thm,138,,,,
textures.xdb1,textures/prop/prop_bike_wheel.dds,87536,256,256,9,DXT5
textures.xdb1,textures/prop/prop_bike_wheel.thm,138,,,,
textures.xdb1,textures/prop/prop_biliard.dds,174904,512,512,10,DXT1
textures.xdb1,textures/prop/prop_biliard.thm,160,,,,
textures.xdb1,textures/prop/prop_biliard_bump#.dds,349568,512,512,6,DXT5
textures.xdb1,textures/prop/prop_biliard_bump#.thm,138,,,,
textures.xdb1,textures/prop/prop_biliard_bump.dds,349680,512,512,10,DXT3
textures.xdb1,textures/prop/prop_biliard_bump.thm,138,,,,
textures.xdb1,textures/prop/prop_blanket.dds,699192,1024,1024,11,DXT1
textures.xdb1,textures/prop/prop_blanket.thm,160,,,,
textures.xdb1,textures/prop/prop_blanket_bump#.dds,349568,512,512,6,DXT5
textures.xdb1,textures/prop/prop_blanket_bump#.thm,138,,,,
textures.xdb1,textures/prop/prop_blanket_bump.dds,349680,512,512,10,DXT5
textures.xdb1,textures/prop/prop_blanket_bump.thm,138,,,,
textures.xdb1,textures/prop/prop_blevotina.dds,262272,512,512,1,DXT5
textures.xdb1,textures/prop/prop_blevotina.thm,162,,,,
textures.xdb1,textures/prop/prop_blevotina_bump#.dds,192,8,8,0,DXT5
textures.xdb1,textures/prop/prop_blevotina_bump#.thm,138,,,,
textures.xdb1,textures/prop/prop_blevotina_bump.dds,262272,512,512,1,DXT5
textures.xdb1,textures/prop/prop_blevotina_bump.thm,138,,,,
textures.xdb1,textures/prop/prop_blind01.dds,87528,256,512,10,DXT1
textures.xdb1,textures/prop/prop_blind01.thm,185,,,,
textures.xdb1,textures/prop/prop_blind01_bump#.dds,349568,512,512,6,DXT5
textures.xdb1,textures/prop/prop_blind01_bump#.thm,138,,,,
textures.xdb1,textures/prop/prop_blind01_bump.dds,349680,512,512,10,DXT3
textures.xdb1,textures/prop/prop_blind01_bump.thm,138,,,,
textures.xdb1,textures/prop/prop_blue_gate.dds,349680,512,512,10,DXT5
textures.xdb1,textures/prop/prop_blue_gate.thm,187,,,,
textures.xdb1,textures/prop/prop_blue_gate_bump#.dds,349568,512,512,6,DXT5
textures.xdb1,textures/prop/prop_blue_gate_bump#.thm,138,,,,
textures.xdb1,textures/prop/prop_blue_gate_bump.dds,262272,512,512,0,DXT5
textures.xdb1,textures/prop/prop_blue_gate_bump.thm,138,,,,
textures.xdb1,textures/prop/prop_bochenok.dds,699192,1024,1024,11,DXT1
textures.xdb1,textures/prop/prop_bochenok.thm,184,,,,
textures.xdb1,textures/prop/prop_bochenok_bump#.dds,1398256,1024,1024,11,DXT5
textures.xdb1,textures/prop/prop_bochenok_bump#.thm,138,,,,
textures.xdb1,textures/prop/prop_bochenok_bump.dds,1398256,1024,1024,11,DXT5
textures.xdb1,textures/prop/prop_bochenok_bump.thm,138,,,,
textures.xdb1,textures/prop/prop_boloto_colour.dds,2872,64,64,7,DXT1
textures.xdb1,textures/prop/prop_book.dds,174904,512,512,10,DXT1
textures.xdb1,textures/prop/prop_book.thm,138,,,,
textures.xdb1,textures/prop/prop_book_list.dds,87528,512,256,10,DXT1
textures.xdb1,textures/prop/prop_book_list.thm,138,,,,
textures.xdb1,textures/prop/prop_border.dds,174920,256,1024,11,DXT1
textures.xdb1,textures/prop/prop_border.thm,187,,,,
textures.xdb1,textures/prop/prop_border_bump#.dds,87488,128,512,6,DXT5
textures.xdb1,textures/prop/prop_border_bump#.thm,138,,,,
textures.xdb1,textures/prop/prop_border_bump.dds,87568,128,512,10,DXT3
textures.xdb1,textures/prop/prop_border_bump.thm,138,,,,
textures.xdb1,textures/prop/prop_bottle_box.dds,87536,256,256,9,DXT5
textures.xdb1,textures/prop/prop_bottle_box.thm,138,,,,
textures.xdb1,textures/prop/prop_box1.dds,43832,256,256,9,DXT1
textures.xdb1,textures/prop/prop_box1.thm,183,,,,
textures.xdb1,textures/prop/prop_box1a.dds,43832,256,256,9,DXT1
textures.xdb1,textures/prop/prop_box1a_bump#.dds,87488,256,256,6,DXT5
textures.xdb1,textures/prop/prop_box1a_bump#.thm,138,,,,
textures.xdb1,textures/prop/prop_box1a_bump.dds,87536,256,256,9,DXT5
textures.xdb1,textures/prop/prop_box1a_bump.thm,138,,,,
textures.xdb1,textures/prop/prop_box1b.dds,43832,256,256,9,DXT1
textures.xdb1,textures/prop/prop_box2.dds,43832,256,256,9,DXT1
textures.xdb1,textures/prop/prop_box2.thm,183,,,,
textures.xdb1,textures/prop/prop_box2a.dds,43832,256,256,9,DXT1
textures.xdb1,textures/prop/prop_box2b.dds,43832,256,256,9,DXT1
textures.xdb1,textures/prop/prop_box_3.dds,43832,256,256,9,DXT1
textures.xdb1,textures/prop/prop_box_3.thm,183,,,,
textures.xdb1,textures/prop/prop_box_3_bump#.dds,87488,256,256,6,DXT5
textures.xdb1,textures/prop/prop_box_3_bump#.thm,138,,,,
textures.xdb1,textures/prop/prop_box_3_bump.dds,87536,256,256,9,DXT3
textures.xdb1,textures/prop/prop_box_3_bump.thm,138,,,,
textures.xdb1,textures/prop/prop_braiding1.dds,2888,128,32,8,DXT1
textures.xdb1,textures/prop/prop_braiding1.thm,162,,,,
textures.xdb1,textures/prop/prop_braiding1_bump#.dds,5616,128,32,6,DXT5
textures.xdb1,textures/prop/prop_braiding1_bump#.thm,138,,,,
textures.xdb1,textures/prop/prop_braiding1_bump.dds,21980,128,32,8,RGB
textures.xdb1,textures/prop/prop_braiding1_bump.thm,138,,,,
textures.xdb1,textures/prop/prop_brezent.dds,174904,512,512,10,DXT1
textures.xdb1,textures/prop/prop_brezent.thm,185,,,,
textures.xdb1,textures/prop/prop_brezent_bump#.dds,349568,512,512,6,DXT5
textures.xdb1,textures/prop/prop_brezent_bump#.thm,138,,,,
textures.xdb1,textures/prop/prop_brezent_bump.dds,349680,512,512,10,DXT3
textures.xdb1,textures/prop/prop_brezent_bump.thm,138,,,,
textures.xdb1,textures/prop/prop_bridge_01.dds,699192,1024,1024,11,DXT1
textures.xdb1,textures/prop/prop_bridge_01.thm,162,,,,
textures.xdb1,textures/prop/prop_bridge_01_bump#.dds,349568,512,512,6,DXT5
textures.xdb1,textures/prop/prop_bridge_01_bump#.thm,138,,,,
textures.xdb1,textures/prop/prop_bridge_01_bump.dds,349680,512,512,10,DXT5
textures.xdb1,textures/prop/prop_bridge_01_bump.thm,138,,,,
textures.xdb1,textures/prop/prop_budka_dw.dds,174904,512,512,10,DXT1
textures.xdb1,textures/prop/prop_bunker_dw.dds,349672,1024,512,11,DXT1
textures.xdb1,textures/prop/prop_busdead1.dds,174904,512,512,10,DXT1
textures.xdb1,textures/prop/prop_busdead1a.dds,43832,256,256,9,DXT1
textures.xdb1,textures/prop/prop_busdead1b.dds,43832,256,256,9,DXT1
textures.xdb1,textures/prop/prop_busdead1c.dds,5608,128,64,8,DXT1
textures.xdb1,textures/prop/prop_busdead1f.dds,43832,256,256,9,DXT1
textures.xdb1,textures/prop/prop_buss_gr.dds,87528,256,512,10,DXT1
textures.xdb1,textures/prop/prop_busskuzov_gr.dds,87528,512,256,10,DXT1
textures.xdb1,textures/prop/prop_cable_bobbin.dds,174904,512,512,10,DXT1
textures.xdb1,textures/prop/prop_cable_bobbin.thm,165,,,,
textures.xdb1,textures/prop/prop_cable_bobbin_bump#.dds,87488,256,256,6,DXT5
textures.xdb1,textures/prop/prop_cable_bobbin_bump#.thm,138,,,,
textures.xdb1,textures/prop/prop_cable_bobbin_bump.dds,87536,256,256,9,DXT3
textures.xdb1,textures/prop/prop_cable_bobbin_bump.thm,138,,,,
textures.xdb1,textures/prop/prop_carpet.dds,1398256,1024,1024,11,DXT5
textures.xdb1,textures/prop/prop_carpet.thm,184,,,,
textures.xdb1,textures/prop/prop_carpet_bump#.dds,1398256,1024,1024,11,DXT5
textures.xdb1,textures/prop/prop_carpet_bump#.thm,138,,,,
textures.xdb1,textures/prop/prop_carpet_bump.dds,1398256,1024,1024,11,DXT5
textures.xdb1,textures/prop/prop_carpet_bump.thm,138,,,,
textures.xdb1,textures/prop/prop_cash_register.dds,43832,256,256,9,DXT1
textures.xdb1,textures/prop/prop_cash_register.thm,191,,,,
textures.xdb1,textures/prop/prop_cash_register_bump#.dds,87488,256,256,6,DXT5
textures.xdb1,textures/prop/prop_cash_register_bump#.thm,138,,,,
textures.xdb1,textures/prop/prop_cash_register_bump.dds,87536,256,256,9,DXT5
textures.xdb1,textures/prop/prop_cash_register_bump.thm,138,,,,
textures.xdb1,textures/prop/prop_cccp.dds,11064,128,128,8,DXT1
textures.xdb1,textures/prop/prop_ceil.dds,43832,256,256,9,DXT1
textures.xdb1,textures/prop/prop_ceil2.dds,11064,128,128,8,DXT1
textures.xdb1,textures/prop/prop_ceil2.thm,138,,,,
textures.xdb1,textures/prop/prop_cell_orn.dds,174904,512,512,10,DXT1
textures.xdb1,textures/prop/prop_chair1.dds,43832,256,256,9,DXT1
textures.xdb1,textures/prop/prop_chair1.thm,138,,,,
textures.xdb1,textures/prop/prop_chair1a.dds,43832,256,256,9,DXT1
textures.xdb1,textures/prop/prop_chair1a.thm,138,,,,
textures.xdb1,textures/prop/prop_chair2.dds,43832,256,256,9,DXT1
textures.xdb1,textures/prop/prop_chair2.thm,138,,,,
textures.xdb1,textures/prop/prop_chair_2.dds,43832,256,256,9,DXT1
textures.xdb1,textures/prop/prop_clock1.dds,11064,128,128,8,DXT1
textures.xdb1,textures/prop/prop_clock1.thm,138,,,,
textures.xdb1,textures/prop/prop_cloth2.dds,11064,128,128,8,DXT1
textures.xdb1,textures/prop/prop_cloth2.thm,184,,,,
textures.xdb1,textures/prop/prop_cloth2_bump#.dds,21968,128,128,6,DXT5
textures.xdb1,textures/prop/prop_cloth2_bump#.thm,138,,,,
textures.xdb1,textures/prop/prop_cloth2_bump.dds,22000,128,128,8,DXT5
textures.xdb1,textures/prop/prop_cloth2_bump.thm,138,,,,
textures.xdb1,textures/prop/prop_clothw.dds,174904,512,512,10,DXT1
textures.xdb1,textures/prop/prop_clothw.thm,163,,,,
textures.xdb1,textures/prop/prop_code_1.dds,87536,256,256,9,DXT5
textures.xdb1,textures/prop/prop_code_1.thm,138,,,,
textures.xdb1,textures/prop/prop_color_b.dds,11064,128,128,8,DXT1
textures.xdb1,textures/prop/prop_color_b.thm,138,,,,
textures.xdb1,textures/prop/prop_color_g.dds,11064,128,128,8,DXT1
textures.xdb1,textures/prop/prop_color_g.thm,138,,,,
textures.xdb1,textures/prop/prop_color_mapping_grid_color_1x1.dds,174904,512,512,10,DXT1
textures.xdb1,textures/prop/prop_color_mapping_grid_color_1x4.dds,699208,512,2048,12,DXT1
textures.xdb1,textures/prop/prop_color_r.dds,11064,128,128,8,DXT1
textures.xdb1,textures/prop/prop_color_r.thm,138,,,,
textures.xdb1,textures/prop/prop_control_center_02.dds,699192,1024,1024,11,DXT1
textures.xdb1,textures/prop/prop_crate1.dds,87528,512,256,10,DXT1
textures.xdb1,textures/prop/prop_crate1.thm,186,,,,
textures.xdb1,textures/prop/prop_crate1_bump#.dds,174848,512,256,6,DXT5
textures.xdb1,textures/prop/prop_crate1_bump#.thm,138,,,,
textures.xdb1,textures/prop/prop_crate1_bump.dds,174928,512,256,10,DXT3
textures.xdb1,textures/prop/prop_crate1_bump.thm,138,,,,
textures.xdb1,textures/prop/prop_crate2.dds,43832,256,256,9,DXT1
textures.xdb1,textures/prop/prop_crate2.thm,184,,,,
textures.xdb1,textures/prop/prop_crate2_bump#.dds,349568,512,512,6,DXT5
textures.xdb1,textures/prop/prop_crate2_bump#.thm,138,,,,
textures.xdb1,textures/prop/prop_crate2_bump.dds,349680,512,512,10,DXT5
textures.xdb1,textures/prop/prop_crate2_bump.thm,138,,,,
textures.xdb1,textures/prop/prop_crate_cs.dds,87528,512,256,10,DXT1
textures.xdb1,textures/prop/prop_crush_ceil.dds,43832,256,256,9,DXT1
textures.xdb1,textures/prop/prop_crush_ceil2.dds,11064,128,128,8,DXT1
textures.xdb1,textures/prop/prop_curtain.dds,174928,256,512,10,DXT5
textures.xdb1,textures/prop/prop_curtain.thm,138,,,,
textures.xdb1,textures/prop/prop_dangerbox.dds,174904,512,512,10,DXT1
textures.xdb1,textures/prop/prop_dangerbox.thm,187,,,,
textures.xdb1,textures/prop/prop_dangerbox_2.dds,174904,512,512,10,DXT1
textures.xdb1,textures/prop/prop_dangerbox_2.thm,189,,,,
textures.xdb1,textures/prop/prop_dangerbox_2_bump#.dds,349680,512,512,10,DXT5
textures.xdb1,textures/prop/prop_dangerbox_2_bump#.thm,138,,,,
textures.xdb1,textures/prop/prop_dangerbox_2_bump.dds,349680,512,512,10,DXT5
textures.xdb1,textures/prop/prop_dangerbox_2_bump.thm,138,,,,
textures.xdb1,textures/prop/prop_dangerbox_bump#.dds,349680,512,512,10,DXT5
textures.xdb1,textures/prop/prop_dangerbox_bump#.thm,138,,,,
textures.xdb1,textures/prop/prop_dangerbox_bump.dds,349680,512,512,10,DXT5
textures.xdb1,textures/prop/prop_dangerbox_bump.thm,138,,,,
textures.xdb1,textures/prop/prop_director.dds,21992,256,128,9,DXT1
textures.xdb1,textures/prop/prop_dizell.dds,174904,512,512,10,DXT1
textures.xdb1,textures/prop/prop_dizell.thm,184,,,,
textures.xdb1,textures/prop/prop_dizell_bump#.dds,349568,512,512,6,DXT5
textures.xdb1,textures/prop/prop_dizell_bump#.thm,138,,,,
textures.xdb1,textures/prop/prop_dizell_bump.dds,349680,512,512,10,DXT5
textures.xdb1,textures/prop/prop_dizell_bump.thm,138,,,,
textures.xdb1,textures/prop/prop_dolg.dds,43808,256,128,6,DXT5
textures.xdb1,textures/prop/prop_dolg.thm,138,,,,
textures.xdb1,textures/prop/prop_dolg_gerb.dds,43832,256,256,9,DXT1
textures.xdb1,textures/prop/prop_dolg_gerb.thm,138,,,,
textures.xdb1,textures/prop/prop_dolg_signs.dds,43832,256,256,9,DXT1
textures.xdb1,textures/prop/prop_dolg_signs.thm,138,,,,
textures.xdb1,textures/prop/prop_dom_01.dds,11064,128,128,8,DXT1
textures.xdb1,textures/prop/prop_dom_02.dds,11064,128,128,8,DXT1
textures.xdb1,textures/prop/prop_dom_03.dds,11064,128,128,8,DXT1
textures.xdb1,textures/prop/prop_dom_04.dds,11064,128,128,8,DXT1
textures.xdb1,textures/prop/prop_dom_05.dds,11064,128,128,8,DXT1
textures.xdb1,textures/prop/prop_dom_06.dds,11064,128,128,8,DXT1
textures.xdb1,textures/prop/prop_door1.dds,87528,256,512,10,DXT1
textures.xdb1,textures/prop/prop_door1.thm,185,,,,
textures.xdb1,textures/prop/prop_door2.dds,87528,256,512,10,DXT1
textures.xdb1,textures/prop/prop_door2.thm,188,,,,
textures.xdb1,textures/prop/prop_door3.dds,174904,512,512,10,DXT1
textures.xdb1,textures/prop/prop_door3.thm,191,,,,
textures.xdb1,textures/prop/prop_door4.dds,174904,512,512,10,DXT1
textures.xdb1,textures/prop/prop_door4.thm,191,,,,
textures.xdb1,textures/prop/prop_door5.dds,87528,256,512,10,DXT1
textures.xdb1,textures/prop/prop_door5.thm,188,,,,
textures.xdb1,textures/prop/prop_door5_bump#.dds,174892,128,256,9,RGB
textures.xdb1,textures/prop/prop_door5_bump.dds,174892,128,256,9,RGB
textures.xdb1,textures/prop/prop_door5a.dds,21992,128,256,9,DXT1
textures.xdb1,textures/prop/prop_door6.dds,87528,256,512,10,DXT1
textures.xdb1,textures/prop/prop_door6.thm,186,,,,
textures.xdb1,textures/prop/prop_door7.dds,174904,512,512,10,DXT1
textures.xdb1,textures/prop/prop_door7.thm,191,,,,
textures.xdb1,textures/prop/prop_door7_bump#.dds,349680,512,512,10,DXT5
textures.xdb1,textures/prop/prop_door7_bump.dds,349680,512,512,10,DXT5
textures.xdb1,textures/prop/prop_door8.dds,21992,128,256,9,DXT1
textures.xdb1,textures/prop/prop_door8.thm,163,,,,
textures.xdb1,textures/prop/prop_door9.dds,349672,512,1024,11,DXT1
textures.xdb1,textures/prop/prop_door9.thm,186,,,,
textures.xdb1,textures/prop/prop_door9_bump#.dds,699216,512,1024,11,DXT5
textures.xdb1,textures/prop/prop_door9_bump.dds,699216,512,1024,11,DXT5
textures.xdb1,textures/prop/prop_door_a.dds,87528,256,512,10,DXT1
textures.xdb1,textures/prop/prop_door_a.thm,184,,,,
textures.xdb1,textures/prop/prop_door_a_bump#.dds,699008,512,1024,6,DXT5
textures.xdb1,textures/prop/prop_door_a_bump#.thm,138,,,,
textures.xdb1,textures/prop/prop_door_a_bump.dds,699216,512,1024,11,DXT5
textures.xdb1,textures/prop/prop_door_a_bump.thm,138,,,,
textures.xdb1,textures/prop/prop_door_lock_01.dds,2872,64,64,7,DXT1
textures.xdb1,textures/prop/prop_door_ql.dds,87528,256,512,10,DXT1
textures.xdb1,textures/prop/prop_door_ql.thm,163,,,,
textures.xdb1,textures/prop/prop_door_tual.dds,87528,256,512,10,DXT1
textures.xdb1,textures/prop/prop_door_tual.thm,187,,,,
textures.xdb1,textures/prop/prop_door_tual_bump#.dds,174848,256,512,6,DXT5
textures.xdb1,textures/prop/prop_door_tual_bump#.thm,138,,,,
textures.xdb1,textures/prop/prop_door_tual_bump.dds,174928,256,512,10,DXT5
textures.xdb1,textures/prop/prop_door_tual_bump.thm,138,,,,
textures.xdb1,textures/prop/prop_doorbox_iov.dds,43848,128,512,10,DXT1
textures.xdb1,textures/prop/prop_doorbox_iov.thm,138,,,,
textures.xdb1,textures/prop/prop_el_box.dds,174904,512,512,10,DXT1
textures.xdb1,textures/prop/prop_el_box.thm,159,,,,
textures.xdb1,textures/prop/prop_el_box_bump#.dds,349568,512,512,6,DXT5
textures.xdb1,textures/prop/prop_el_box_bump#.thm,138,,,,
textures.xdb1,textures/prop/prop_el_box_bump.dds,349680,512,512,10,DXT5
textures.xdb1,textures/prop/prop_el_box_bump.thm,138,,,,
textures.xdb1,textures/prop/prop_el_shkaf_01.dds,174904,512,512,10,DXT1
textures.xdb1,textures/prop/prop_el_shkaf_01.thm,189,,,,
textures.xdb1,textures/prop/prop_el_shkaf_01_bump#.dds,349568,512,512,6,DXT5
textures.xdb1,textures/prop/prop_el_shkaf_01_bump#.thm,138,,,,
textures.xdb1,textures/prop/prop_el_shkaf_01_bump.dds,1398256,1024,1024,11,DXT5
textures.xdb1,textures/prop/prop_el_shkaf_01_bump.thm,138,,,,
textures.xdb1,textures/prop/prop_elbox.dds,21992,256,128,9,DXT1
textures.xdb1,textures/prop/prop_elec_door01.dds,87528,256,512,10,DXT1
textures.xdb1,textures/prop/prop_elec_door_01.dds,87528,256,512,10,DXT1
textures.xdb1,textures/prop/prop_elec_door_01.thm,195,,,,
textures.xdb1,textures/prop/prop_elec_door_01_wall.dds,43832,256,256,9,DXT1
textures.xdb1,textures/prop/prop_elec_door_01_wall.thm,163,,,,
textures.xdb1,textures/prop/prop_elec_kran.dds,43848,512,128,10,DXT1
textures.xdb1,textures/prop/prop_elec_kran.thm,189,,,,
textures.xdb1,textures/prop/prop_elec_kran_02.dds,43832,256,256,9,DXT1
textures.xdb1,textures/prop/prop_elec_kran_02.thm,138,,,,
textures.xdb1,textures/prop/prop_elec_kran_a.dds,43848,512,128,10,DXT1
textures.xdb1,textures/prop/prop_elec_kran_a.thm,162,,,,
textures.xdb1,textures/prop/prop_elec_kran_b.dds,43848,512,128,10,DXT1
textures.xdb1,textures/prop/prop_elec_kran_b.thm,189,,,,
textures.xdb1,textures/prop/prop_elec_kran_bump#.dds,87488,512,128,6,DXT5
textures.xdb1,textures/prop/prop_elec_kran_bump#.thm,138,,,,
textures.xdb1,textures/prop/prop_elec_kran_bump.dds,87568,512,128,10,DXT5
textures.xdb1,textures/prop/prop_elec_kran_bump.thm,138,,,,
textures.xdb1,textures/prop/prop_elec_kran_c.dds,43832,256,256,9,DXT1
textures.xdb1,textures/prop/prop_elec_kran_c.thm,163,,,,
textures.xdb1,textures/prop/prop_elec_kran_soc.dds,43848,512,128,10,DXT1
textures.xdb1,textures/prop/prop_elec_kran_soc.thm,138,,,,
textures.xdb1,textures/prop/prop_elec_warning.dds,11064,128,128,8,DXT1
textures.xdb1,textures/prop/prop_electricalunit1.dds,43832,256,256,9,DXT1
textures.xdb1,textures/prop/prop_electricalunit1.thm,193,,,,
textures.xdb1,textures/prop/prop_electricalunit1_bump#.dds,87488,256,256,6,DXT5
textures.xdb1,textures/prop/prop_electricalunit1_bump#.thm,138,,,,
textures.xdb1,textures/prop/prop_electricalunit1_bump.dds,87488,256,256,6,DXT5
textures.xdb1,textures/prop/prop_electricalunit1_bump.thm,138,,,,
textures.xdb1,textures/prop/prop_electricalunit2.dds,21992,128,256,9,DXT1
textures.xdb1,textures/prop/prop_electricalunit2.thm,195,,,,
textures.xdb1,textures/prop/prop_electricalunit2_bump#.dds,43808,128,256,6,DXT5
textures.xdb1,textures/prop/prop_electricalunit2_bump#.thm,138,,,,
textures.xdb1,textures/prop/prop_electricalunit2_bump.dds,43808,128,256,6,DXT5
textures.xdb1,textures/prop/prop_electricalunit2_bump.thm,138,,,,
textures.xdb1,textures/prop/prop_electricalunit3.dds,43832,256,256,9,DXT1
textures.xdb1,textures/prop/prop_electricalunit3.thm,193,,,,
textures.xdb1,textures/prop/prop_electricalunit3_bump#.dds,87488,256,256,6,DXT5
textures.xdb1,textures/prop/prop_electricalunit3_bump#.thm,138,,,,
textures.xdb1,textures/prop/prop_electricalunit3_bump.dds,87488,256,256,6,DXT5
textures.xdb1,textures/prop/prop_electricalunit3_bump.thm,138,,,,
textures.xdb1,textures/prop/prop_electricalunit3a.dds,21992,256,128,9,DXT1
textures.xdb1,textures/prop/prop_electricalunit3a.thm,196,,,,
textures.xdb1,textures/prop/prop_electricalunit3a_bump#.dds,43808,256,128,6,DXT5
textures.xdb1,textures/prop/prop_electricalunit3a_bump#.thm,138,,,,
textures.xdb1,textures/prop/prop_electricalunit3a_bump.dds,43808,256,128,6,DXT5
textures.xdb1,textures/prop/prop_electricalunit3a_bump.thm,138,,,,
textures.xdb1,textures/prop/prop_electricalunit3b.dds,43832,256,256,9,DXT1
textures.xdb1,textures/prop/prop_electricalunit3b.thm,163,,,,
textures.xdb1,textures/prop/prop_electricalunit4.dds,174904,512,512,10,DXT1
textures.xdb1,textures/prop/prop_electricalunit4.thm,193,,,,
textures.xdb1,textures/prop/prop_electricalunit4_bump#.dds,349568,512,512,6,DXT5
textures.xdb1,textures/prop/prop_electricalunit4_bump#.thm,138,,,,
textures.xdb1,textures/prop/prop_electricalunit4_bump.dds,349568,512,512,6,DXT5
textures.xdb1,textures/prop/prop_electricalunit4_bump.thm,138,,,,
textures.xdb1,textures/prop/prop_electrobox1.dds,43832,256,256,9,DXT1
textures.xdb1,textures/prop/prop_electrobox1.thm,163,,,,
textures.xdb1,textures/prop/prop_electroengine1.dds,21992,256,128,9,DXT1
textures.xdb1,textures/prop/prop_electroengine1.thm,192,,,,
textures.xdb1,textures/prop/prop_electroengine1_bump#.dds,87488,256,256,6,DXT5
textures.xdb1,textures/prop/prop_electroengine1_bump#.thm,138,,,,
textures.xdb1,textures/prop/prop_electroengine1_bump.dds,87536,256,256,9,DXT3
textures.xdb1,textures/prop/prop_electroengine1_bump.thm,138,,,,
textures.xdb1,textures/prop/prop_electroengine1_cs.dds,43832,256,256,9,DXT1
textures.xdb1,textures/prop/prop_electroengine1_cs.thm,195,,,,
textures.xdb1,textures/prop/prop_electroengine1_cs_bump#.dds,87536,256,256,9,DXT5
textures.xdb1,textures/prop/prop_electroengine1_cs_bump.dds,87536,256,256,9,DXT5
textures.xdb1,textures/prop/prop_electroengine1_cs_bump.thm,138,,,,
textures.xdb1,textures/prop/prop_electroengine1_soc.dds,21992,256,128,9,DXT1
textures.xdb1,textures/prop/prop_electroengine1_soc.thm,196,,,,
textures.xdb1,textures/prop/prop_electroengine1_soc_bump#.dds,43808,256,128,6,DXT5
textures.xdb1,textures/prop/prop_electroengine1_soc_bump#.thm,138,,,,
textures.xdb1,textures/prop/prop_electroengine1_soc_bump.dds,43856,256,128,9,DXT5
textures.xdb1,textures/prop/prop_electroengine1_soc_bump.thm,138,,,,
textures.xdb1,textures/prop/prop_electrounit4.dds,11064,128,128,8,DXT1
textures.xdb1,textures/prop/prop_elektr.dds,11064,128,128,8,DXT1
textures.xdb1,textures/prop/prop_elektr.thm,138,,,,
textures.xdb1,textures/prop/prop_elektro.dds,43832,256,256,9,DXT1
textures.xdb1,textures/prop/prop_elektro.thm,138,,,,
textures.xdb1,textures/prop/prop_elektro_2.dds,21992,128,256,9,DXT1
textures.xdb1,textures/prop/prop_elektro_2.thm,162,,,,
textures.xdb1,textures/prop/prop_elektro_2_bump#.dds,43808,128,256,6,DXT5
textures.xdb1,textures/prop/prop_elektro_2_bump#.thm,138,,,,
textures.xdb1,textures/prop/prop_elektro_2_bump.dds,43856,128,256,9,DXT5
textures.xdb1,textures/prop/prop_elektro_2_bump.thm,138,,,,
textures.xdb1,textures/prop/prop_fabric_det.dds,2872,64,64,7,DXT1
textures.xdb1,textures/prop/prop_facts.dds,21992,128,256,9,DXT1
textures.xdb1,textures/prop/prop_facts.thm,138,,,,
textures.xdb1,textures/prop/prop_fake_bed_fireplace.dds,43832,256,256,9,DXT1
textures.xdb1,textures/prop/prop_fake_bed_fireplace.thm,138,,,,
textures.xdb1,textures/prop/prop_fake_dead.dds,11064,128,128,8,DXT1
textures.xdb1,textures/prop/prop_fake_dead.thm,138,,,,
textures.xdb1,textures/prop/prop_fake_kollision.dds,11064,128,128,8,DXT1
textures.xdb1,textures/prop/prop_fake_kollision.thm,138,,,,
textures.xdb1,textures/prop/prop_fake_ladder.dds,11064,128,128,8,DXT1
textures.xdb1,textures/prop/prop_fake_ladder.thm,138,,,,
textures.xdb1,textures/prop/prop_fake_nosun.dds,11064,128,128,8,DXT1
textures.xdb1,textures/prop/prop_fake_nosun.thm,138,,,,
textures.xdb1,textures/prop/prop_fake_occ.dds,11064,128,128,8,DXT1
textures.xdb1,textures/prop/prop_fake_occ.thm,138,,,,
textures.xdb1,textures/prop/prop_fake_sound.dds,11064,128,128,8,DXT1
textures.xdb1,textures/prop/prop_fake_sound.thm,138,,,,
textures.xdb1,textures/prop/prop_foodstul.dds,43832,256,256,9,DXT1
textures.xdb1,textures/prop/prop_freez.dds,174904,512,512,10,DXT1
textures.xdb1,textures/prop/prop_freez.thm,183,,,,
textures.xdb1,textures/prop/prop_freez_bump#.dds,349568,512,512,6,DXT5
textures.xdb1,textures/prop/prop_freez_bump#.thm,138,,,,
textures.xdb1,textures/prop/prop_freez_bump.dds,349680,512,512,10,DXT3
textures.xdb1,textures/prop/prop_freez_bump.thm,138,,,,
textures.xdb1,textures/prop/prop_fresco_1.dds,699208,2048,512,12,DXT1
textures.xdb1,textures/prop/prop_fresco_1.thm,161,,,,
textures.xdb1,textures/prop/prop_fresco_1_bump#.dds,1397888,2048,512,6,DXT5
textures.xdb1,textures/prop/prop_fresco_1_bump#.thm,138,,,,
textures.xdb1,textures/prop/prop_fresco_1_bump.dds,1398288,2048,512,12,DXT5
textures.xdb1,textures/prop/prop_fresco_1_bump.thm,138,,,,
textures.xdb1,textures/prop/prop_fresco_2.dds,1398248,2048,1024,12,DXT1
textures.xdb1,textures/prop/prop_fresco_2.thm,161,,,,
textures.xdb1,textures/prop/prop_fresco_2_bump#.dds,2795648,2048,1024,6,DXT5
textures.xdb1,textures/prop/prop_fresco_2_bump#.thm,138,,,,
textures.xdb1,textures/prop/prop_fresco_2_bump.dds,2796368,2048,1024,12,DXT5
textures.xdb1,textures/prop/prop_fresco_2_bump.thm,138,,,,
textures.xdb1,textures/prop/prop_friendship_sign.dds,174904,512,512,10,DXT1
textures.xdb1,textures/prop/prop_friendship_sign.thm,168,,,,
textures.xdb1,textures/prop/prop_friendship_sign_bump#.dds,349568,512,512,6,DXT5
textures.xdb1,textures/prop/prop_friendship_sign_bump#.thm,138,,,,
textures.xdb1,textures/prop/prop_friendship_sign_bump.dds,349680,512,512,10,DXT5
textures.xdb1,textures/prop/prop_friendship_sign_bump.thm,138,,,,
textures.xdb1,textures/prop/prop_garbage1.dds,11064,128,128,8,DXT1
textures.xdb1,textures/prop/prop_garbage1.thm,138,,,,
textures.xdb1,textures/prop/prop_gasplita.dds,43832,256,256,9,DXT1
textures.xdb1,textures/prop/prop_gasplitatop.dds,11064,128,128,8,DXT1
textures.xdb1,textures/prop/prop_generator.dds,174904,512,512,10,DXT1
textures.xdb1,textures/prop/prop_generator.thm,187,,,,
textures.xdb1,textures/prop/prop_generator_bump#.dds,349568,512,512,6,DXT5
textures.xdb1,textures/prop/prop_generator_bump#.thm,138,,,,
textures.xdb1,textures/prop/prop_generator_bump.dds,349680,512,512,10,DXT5
textures.xdb1,textures/prop/prop_generator_bump.thm,138,,,,
textures.xdb1,textures/prop/prop_gidravlika.dds,22024,64,512,10,DXT1
textures.xdb1,textures/prop/prop_gidravlika.thm,138,,,,
textures.xdb1,textures/prop/prop_girder_01.dds,43848,512,128,10,DXT1
textures.xdb1,textures/prop/prop_girder_01.thm,189,,,,
textures.xdb1,textures/prop/prop_girder_02.dds,43848,512,128,10,DXT1
textures.xdb1,textures/prop/prop_girder_02.thm,189,,,,
textures.xdb1,textures/prop/prop_girder_02_bump#.dds,87488,512,128,6,DXT5
textures.xdb1,textures/prop/prop_girder_02_bump#.thm,138,,,,
textures.xdb1,textures/prop/prop_girder_02_bump.dds,87568,512,128,10,DXT5
textures.xdb1,textures/prop/prop_girder_02_bump.thm,138,,,,
textures.xdb1,textures/prop/prop_girl_1.dds,11064,128,128,8,DXT1
textures.xdb1,textures/prop/prop_governmentbox_1.dds,174904,512,512,10,DXT1
textures.xdb1,textures/prop/prop_governmentbox_1.thm,193,,,,
textures.xdb1,textures/prop/prop_governmentbox_1_bump#.dds,349680,512,512,10,DXT5
textures.xdb1,textures/prop/prop_governmentbox_1_bump#.thm,138,,,,
textures.xdb1,textures/prop/prop_governmentbox_1_bump.dds,349680,512,512,10,DXT5
textures.xdb1,textures/prop/prop_governmentbox_1_bump.thm,138,,,,
textures.xdb1,textures/prop/prop_govno.dds,43832,256,256,9,DXT1
textures.xdb1,textures/prop/prop_govno.thm,161,,,,
textures.xdb1,textures/prop/prop_grafit.dds,43832,256,256,9,DXT1
textures.xdb1,textures/prop/prop_grafit.thm,138,,,,
textures.xdb1,textures/prop/prop_grate1.dds,43832,256,256,9,DXT1
textures.xdb1,textures/prop/prop_grate1.thm,184,,,,
textures.xdb1,textures/prop/prop_grate1_bump#.dds,87488,256,256,6,DXT5
textures.xdb1,textures/prop/prop_grate1_bump#.thm,138,,,,
textures.xdb1,textures/prop/prop_grate1_bump.dds,87536,256,256,9,DXT5
textures.xdb1,textures/prop/prop_grate1_bump.thm,138,,,,
textures.xdb1,textures/prop/prop_grate2.dds,21992,256,128,9,DXT1
textures.xdb1,textures/prop/prop_grate2.thm,188,,,,
textures.xdb1,textures/prop/prop_grate3.dds,5608,128,64,8,DXT1
textures.xdb1,textures/prop/prop_grate4.dds,11064,128,128,8,DXT1
textures.xdb1,textures/prop/prop_grate4.thm,138,,,,
textures.xdb1,textures/prop/prop_grate5.dds,21992,256,128,9,DXT1
textures.xdb1,textures/prop/prop_grate5.thm,186,,,,
textures.xdb1,textures/prop/prop_grate5_bump#.dds,43808,256,128,6,DXT5
textures.xdb1,textures/prop/prop_grate5_bump#.thm,138,,,,
textures.xdb1,textures/prop/prop_grate5_bump.dds,43856,256,128,9,DXT5
textures.xdb1,textures/prop/prop_grate5_bump.thm,138,,,,
textures.xdb1,textures/prop/prop_grate_01.dds,174928,512,256,10,DXT5
textures.xdb1,textures/prop/prop_grate_01.thm,188,,,,
textures.xdb1,textures/prop/prop_grate_01_bump#.dds,174848,512,256,6,DXT5
textures.xdb1,textures/prop/prop_grate_01_bump#.thm,138,,,,
textures.xdb1,textures/prop/prop_grate_01_bump.dds,131200,512,256,0,DXT5
textures.xdb1,textures/prop/prop_grate_01_bump.thm,138,,,,
textures.xdb1,textures/prop/prop_grate_02.dds,174928,512,256,10,DXT5
textures.xdb1,textures/prop/prop_grate_02.thm,188,,,,
textures.xdb1,textures/prop/prop_grate_02_bump#.dds,174848,512,256,6,DXT5
textures.xdb1,textures/prop/prop_grate_02_bump#.thm,138,,,,
textures.xdb1,textures/prop/prop_grate_02_bump.dds,131200,512,256,0,DXT5
textures.xdb1,textures/prop/prop_grate_02_bump.thm,138,,,,
textures.xdb1,textures/prop/prop_groza.dds,43832,256,256,9,DXT1
textures.xdb1,textures/prop/prop_hanger1.dds,1512,32,64,7,DXT1
textures.xdb1,textures/prop/prop_hanger2.dds,824,32,32,6,DXT1
textures.xdb1,textures/prop/prop_hanglock1.dds,5608,64,128,8,DXT1
textures.xdb1,textures/prop/prop_hanglock1.thm,138,,,,
textures.xdb1,textures/prop/prop_hanglock2.dds,2872,64,64,7,DXT1
textures.xdb1,textures/prop/prop_house_door1.dds,43848,128,512,10,DXT1
textures.xdb1,textures/prop/prop_house_door2.dds,174920,256,1024,11,DXT1
textures.xdb1,textures/prop/prop_house_door2.thm,138,,,,
textures.xdb1,textures/prop/prop_instrument_1.dds,349680,512,512,10,DXT5
textures.xdb1,textures/prop/prop_instrument_1.thm,165,,,,
textures.xdb1,textures/prop/prop_instrument_1_bump#.dds,349568,512,512,6,DXT5
textures.xdb1,textures/prop/prop_instrument_1_bump#.thm,138,,,,
textures.xdb1,textures/prop/prop_instrument_1_bump.dds,349680,512,512,10,DXT5
textures.xdb1,textures/prop/prop_instrument_1_bump.thm,138,,,,
textures.xdb1,textures/prop/prop_instrument_2.dds,43832,256,256,9,DXT1
textures.xdb1,textures/prop/prop_instrument_2.thm,138,,,,
textures.xdb1,textures/prop/prop_instrument_3.dds,43832,256,256,9,DXT1
textures.xdb1,textures/prop/prop_item2.dds,174904,512,512,10,DXT1
textures.xdb1,textures/prop/prop_item2.thm,158,,,,
textures.xdb1,textures/prop/prop_item2_bump#.dds,192,8,8,0,DXT5
textures.xdb1,textures/prop/prop_item2_bump.dds,349680,512,512,10,DXT5
textures.xdb1,textures/prop/prop_item3.dds,174904,512,512,10,DXT1
textures.xdb1,textures/prop/prop_item3.thm,138,,,,
textures.xdb1,textures/prop/prop_iten4.dds,174904,512,512,10,DXT1
textures.xdb1,textures/prop/prop_iten4.thm,158,,,,
textures.xdb1,textures/prop/prop_iten4_bump#.dds,349568,512,512,6,DXT5
textures.xdb1,textures/prop/prop_iten4_bump#.thm,138,,,,
textures.xdb1,textures/prop/prop_iten4_bump.dds,349680,512,512,10,DXT5
textures.xdb1,textures/prop/prop_iten4_bump.thm,138,,,,
textures.xdb1,textures/prop/prop_kabel_01.dds,1544,16,128,8,DXT1
textures.xdb1,textures/prop/prop_kanistra.dds,43832,256,256,9,DXT1
textures.xdb1,textures/prop/prop_kanistra.thm,186,,,,
textures.xdb1,textures/prop/prop_kanistra_bump#.dds,349652,256,256,9,RGB
textures.xdb1,textures/prop/prop_kanistra_bump#.thm,138,,,,
textures.xdb1,textures/prop/prop_kanistra_bump.dds,349652,256,256,9,RGB
textures.xdb1,textures/prop/prop_kanistra_bump.thm,138,,,,
textures.xdb1,textures/prop/prop_kastrula.dds,21992,128,256,9,DXT1
textures.xdb1,textures/prop/prop_kastrula.thm,163,,,,
textures.xdb1,textures/prop/prop_kitchen_krujka.dds,131200,512,512,0,DXT1
textures.xdb1,textures/prop/prop_kitchen_krujka.thm,167,,,,
textures.xdb1,textures/prop/prop_kitchen_krujka_bump#.dds,349680,512,512,10,DXT5
textures.xdb1,textures/prop/prop_kitchen_krujka_bump.dds,349680,512,512,10,DXT5
textures.xdb1,textures/prop/prop_kitchen_krujka_bump.thm,138,,,,
textures.xdb1,textures/prop/prop_kitchen_stuff.dds,174904,512,512,10,DXT1
textures.xdb1,textures/prop/prop_kitchen_stuff.thm,166,,,,
textures.xdb1,textures/prop/prop_kitchen_stuff_bump#.dds,349568,512,512,6,DXT5
textures.xdb1,textures/prop/prop_kitchen_stuff_bump#.thm,138,,,,
textures.xdb1,textures/prop/prop_kitchen_stuff_bump.dds,349680,512,512,10,DXT3
textures.xdb1,textures/prop/prop_kitchen_stuff_bump.thm,138,,,,
textures.xdb1,textures/prop/prop_kniga.dds,5608,64,128,8,DXT1
textures.xdb1,textures/prop/prop_kolba_light.dds,11064,128,128,8,DXT1
textures.xdb1,textures/prop/prop_kolba_light.thm,138,,,,
textures.xdb1,textures/prop/prop_koleso_kabin.dds,174904,512,512,10,DXT1
textures.xdb1,textures/prop/prop_koleso_kabin.thm,190,,,,
textures.xdb1,textures/prop/prop_koleso_kabin_bump#.dds,349680,512,512,10,DXT5
textures.xdb1,textures/prop/prop_koleso_kabin_bump#.thm,138,,,,
textures.xdb1,textures/prop/prop_koleso_kabin_bump.dds,349680,512,512,10,DXT5
textures.xdb1,textures/prop/prop_koleso_kabin_bump.thm,138,,,,
textures.xdb1,textures/prop/prop_koleso_opori.dds,349672,512,1024,11,DXT1
textures.xdb1,textures/prop/prop_koleso_opori.thm,192,,,,
textures.xdb1,textures/prop/prop_koleso_opori_bump#.dds,699216,512,1024,11,DXT5
textures.xdb1,textures/prop/prop_koleso_opori_bump#.thm,138,,,,
textures.xdb1,textures/prop/prop_koleso_opori_bump.dds,699216,512,1024,11,DXT5
textures.xdb1,textures/prop/prop_koleso_opori_bump.thm,138,,,,
textures.xdb1,textures/prop/prop_komp.dds,174904,512,512,10,DXT1
textures.xdb1,textures/prop/prop_komp.thm,180,,,,
textures.xdb1,textures/prop/prop_komp_bump#.dds,349680,512,512,10,DXT5
textures.xdb1,textures/prop/prop_komp_bump#.thm,138,,,,
textures.xdb1,textures/prop/prop_komp_bump.dds,349680,512,512,10,DXT5
textures.xdb1,textures/prop/prop_komp_bump.thm,138,,,,
textures.xdb1,textures/prop/prop_konserv1.dds,11064,128,128,8,DXT1
textures.xdb1,textures/prop/prop_konserv1.thm,138,,,,
textures.xdb1,textures/prop/prop_konserv2.dds,11064,128,128,8,DXT1
textures.xdb1,textures/prop/prop_konserv2.thm,138,,,,
textures.xdb1,textures/prop/prop_konserv3.dds,11064,128,128,8,DXT1
textures.xdb1,textures/prop/prop_konserva.dds,43832,256,256,9,DXT1
textures.xdb1,textures/prop/prop_konserva.thm,138,,,,
textures.xdb1,textures/prop/prop_konserva_2.dds,87536,256,256,9,DXT3
textures.xdb1,textures/prop/prop_konserva_2.thm,138,,,,
textures.xdb1,textures/prop/prop_krisagenerator.dds,43832,256,256,9,DXT1
textures.xdb1,textures/prop/prop_krisagenerator.thm,163,,,,
textures.xdb1,textures/prop/prop_kruchok.dds,2872,64,64,7,DXT1
textures.xdb1,textures/prop/prop_kruchok.thm,138,,,,
textures.xdb1,textures/prop/prop_kucha.dds,43832,256,256,9,DXT1
textures.xdb1,textures/prop/prop_kucha.thm,161,,,,
textures.xdb1,textures/prop/prop_kukla.dds,43832,256,256,9,DXT1
textures.xdb1,textures/prop/prop_kukla.thm,138,,,,
textures.xdb1,textures/prop/prop_lamp_gal01.dds,2888,128,32,8,DXT1
textures.xdb1,textures/prop/prop_lamp_gal02.dds,2888,128,32,8,DXT1
textures.xdb1,textures/prop/prop_lamp_halogen_cy.dds,43832,256,256,9,DXT1
textures.xdb1,textures/prop/prop_lampa_g.dds,184,8,8,4,DXT1
textures.xdb1,textures/prop/prop_lampa_g.thm,138,,,,
textures.xdb1,textures/prop/prop_lampa_g_red.dds,184,8,8,4,DXT1
textures.xdb1,textures/prop/prop_lampa_g_red2.dds,184,8,8,4,DXT1
textures.xdb1,textures/prop/prop_lampa_g_red2.thm,138,,,,
textures.xdb1,textures/prop/prop_lampa_galogen.dds,43848,512,128,10,DXT1
textures.xdb1,textures/prop/prop_lampa_galogen.thm,138,,,,
textures.xdb1,textures/prop/prop_lampa_galogen_1.dds,5640,256,32,9,DXT1
textures.xdb1,textures/prop/prop_lampa_galogen_2s.dds,5640,256,32,9,DXT1
textures.xdb1,textures/prop/prop_lampa_o.dds,11064,128,128,8,DXT1
textures.xdb1,textures/prop/prop_lampa_o.thm,138,,,,
textures.xdb1,textures/prop/prop_lampa_r.dds,43848,512,128,10,DXT1
textures.xdb1,textures/prop/prop_lamppost.dds,43832,256,256,9,DXT1
textures.xdb1,textures/prop/prop_lamppost.thm,161,,,,
textures.xdb1,textures/prop/prop_lamppost1.dds,43832,256,256,9,DXT1
textures.xdb1,textures/prop/prop_lamppost1.thm,185,,,,
textures.xdb1,textures/prop/prop_lamppost1a.dds,43832,256,256,9,DXT1
textures.xdb1,textures/prop/prop_lamppost1a.thm,185,,,,
textures.xdb1,textures/prop/prop_lamppost1b.dds,11064,128,128,8,DXT1
textures.xdb1,textures/prop/prop_lamppost1b.thm,186,,,,
textures.xdb1,textures/prop/prop_lamppost2.dds,11064,128,128,8,DXT1
textures.xdb1,textures/prop/prop_lamppost2.thm,185,,,,
textures.xdb1,textures/prop/prop_lamppost2a.dds,11064,128,128,8,DXT1
textures.xdb1,textures/prop/prop_lamppost2a.thm,138,,,,
textures.xdb1,textures/prop/prop_lamppost_bump#.dds,87488,256,256,6,DXT5
textures.xdb1,textures/prop/prop_lamppost_bump#.thm,138,,,,
textures.xdb1,textures/prop/prop_lamppost_bump.dds,87536,256,256,9,DXT3
textures.xdb1,textures/prop/prop_lamppost_bump.thm,138,,,,
textures.xdb1,textures/prop/prop_lamppost_iov.dds,174904,512,512,10,DXT1
textures.xdb1,textures/prop/prop_lamppost_iov.thm,165,,,,
textures.xdb1,textures/prop/prop_lamppost_iov_bump#.dds,349568,512,512,6,DXT5
textures.xdb1,textures/prop/prop_lamppost_iov_bump#.thm,138,,,,
textures.xdb1,textures/prop/prop_lamppost_iov_bump.dds,349680,512,512,10,DXT5
textures.xdb1,textures/prop/prop_lamppost_iov_bump.thm,138,,,,
textures.xdb1,textures/prop/prop_lamps_01.dds,11064,128,128,8,DXT1
textures.xdb1,textures/prop/prop_lamps_01.thm,138,,,,
textures.xdb1,textures/prop/prop_lep1.dds,5640,256,32,9,DXT1
textures.xdb1,textures/prop/prop_lep1.thm,138,,,,
textures.xdb1,textures/prop/prop_lep1a.dds,43832,256,256,9,DXT1
textures.xdb1,textures/prop/prop_lep1a.thm,138,,,,
textures.xdb1,textures/prop/prop_lep_big.dds,840,16,64,7,DXT1
textures.xdb1,textures/prop/prop_lep_big.thm,138,,,,
textures.xdb1,textures/prop/prop_letterbox.dds,174904,512,512,10,DXT1
textures.xdb1,textures/prop/prop_letterbox.thm,187,,,,
textures.xdb1,textures/prop/prop_letterbox_bump#.dds,349568,512,512,6,DXT5
textures.xdb1,textures/prop/prop_letterbox_bump#.thm,138,,,,
textures.xdb1,textures/prop/prop_letterbox_bump.dds,349680,512,512,10,DXT5
textures.xdb1,textures/prop/prop_letterbox_bump.thm,138,,,,
textures.xdb1,textures/prop/prop_lex_target.dds,43832,256,256,9,DXT1
textures.xdb1,textures/prop/prop_lift.dds,43848,128,512,10,DXT1
textures.xdb1,textures/prop/prop_lift.thm,138,,,,
textures.xdb1,textures/prop/prop_lift_button.dds,2872,64,64,7,DXT1
textures.xdb1,textures/prop/prop_lift_button.thm,138,,,,
textures.xdb1,textures/prop/prop_lift_door.dds,87528,256,512,10,DXT1
textures.xdb1,textures/prop/prop_lift_door.thm,185,,,,
textures.xdb1,textures/prop/prop_linol_iov.dds,1398256,1024,1024,11,DXT5
textures.xdb1,textures/prop/prop_linol_iov.thm,187,,,,
textures.xdb1,textures/prop/prop_linol_iov_bump#.dds,349680,512,512,10,DXT5
textures.xdb1,textures/prop/prop_linol_iov_bump#.thm,138,,,,
textures.xdb1,textures/prop/prop_linol_iov_bump.dds,1398256,1024,1024,11,DXT5
textures.xdb1,textures/prop/prop_linol_iov_bump.thm,138,,,,
textures.xdb1,textures/prop/prop_lock.dds,43832,256,256,9,DXT1
textures.xdb1,textures/prop/prop_lock.thm,138,,,,
textures.xdb1,textures/prop/prop_locker1.dds,43832,256,256,9,DXT1
textures.xdb1,textures/prop/prop_locker1.thm,138,,,,
textures.xdb1,textures/prop/prop_locker1_s.dds,312,16,16,5,DXT1
textures.xdb1,textures/prop/prop_lodochka.dds,174904,512,512,10,DXT1
textures.xdb1,textures/prop/prop_lodochka.thm,138,,,,
textures.xdb1,textures/prop/prop_luza.dds,2872,64,64,7,DXT1
textures.xdb1,textures/prop/prop_m_vagon.dds,349680,512,512,10,DXT5
textures.xdb1,textures/prop/prop_m_vagon.thm,185,,,,
textures.xdb1,textures/prop/prop_m_vagon_bump#.dds,349680,512,512,10,DXT5
textures.xdb1,textures/prop/prop_m_vagon_bump#.thm,138,,,,
textures.xdb1,textures/prop/prop_m_vagon_bump.dds,349680,512,512,10,DXT5
textures.xdb1,textures/prop/prop_m_vagon_bump.thm,138,,,,
textures.xdb1,textures/prop/prop_machik.dds,2872,64,64,7,DXT1
textures.xdb1,textures/prop/prop_map.dds,1398248,2048,1024,12,DXT1
textures.xdb1,textures/prop/prop_map.thm,165,,,,
textures.xdb1,textures/prop/prop_map_2.dds,699192,1024,1024,11,DXT1
textures.xdb1,textures/prop/prop_map_2.thm,138,,,,
textures.xdb1,textures/prop/prop_map_3.dds,174904,512,512,10,DXT1
textures.xdb1,textures/prop/prop_map_3.thm,138,,,,
textures.xdb1,textures/prop/prop_map_dolg.dds,43832,256,256,9,DXT1
textures.xdb1,textures/prop/prop_map_flag.dds,496,16,16,5,DXT3
textures.xdb1,textures/prop/prop_map_flag.thm,138,,,,
textures.xdb1,textures/prop/prop_mask_setka.dds,174904,512,512,10,DXT1
textures.xdb1,textures/prop/prop_mask_setka.thm,138,,,,
textures.xdb1,textures/prop/prop_mattress.dds,87528,512,256,10,DXT1
textures.xdb1,textures/prop/prop_mattress1.dds,349672,1024,512,11,DXT1
textures.xdb1,textures/prop/prop_mattress1.thm,189,,,,
textures.xdb1,textures/prop/prop_mattress1_bump#.dds,174848,512,256,6,DXT5
textures.xdb1,textures/prop/prop_mattress1_bump#.thm,138,,,,
textures.xdb1,textures/prop/prop_mattress1_bump.dds,174928,512,256,10,DXT5
textures.xdb1,textures/prop/prop_mattress1_bump.thm,138,,,,
textures.xdb1,textures/prop/prop_mattress2.dds,349672,1024,512,11,DXT1
textures.xdb1,textures/prop/prop_mattress2.thm,162,,,,
textures.xdb1,textures/prop/prop_mattress2_blue.dds,65664,512,256,0,DXT1
textures.xdb1,textures/prop/prop_mattress2_bump#.dds,87520,512,256,9,DXT1
textures.xdb1,textures/prop/prop_mattress2_bump#.thm,138,,,,
textures.xdb1,textures/prop/prop_mattress2_bump.dds,699216,1024,512,11,DXT5
textures.xdb1,textures/prop/prop_mattress2_bump.thm,138,,,,
textures.xdb1,textures/prop/prop_mattress2_pillow.dds,65664,512,256,0,DXT1
textures.xdb1,textures/prop/prop_mebel.dds,174904,512,512,10,DXT1
textures.xdb1,textures/prop/prop_mebel.thm,163,,,,
textures.xdb1,textures/prop/prop_monitor.dds,43832,256,256,9,DXT1
textures.xdb1,textures/prop/prop_monitor.thm,185,,,,
textures.xdb1,textures/prop/prop_monitor2.dds,43832,256,256,9,DXT1
textures.xdb1,textures/prop/prop_monitor2.thm,185,,,,
textures.xdb1,textures/prop/prop_monitor_bump#.dds,87488,256,256,6,DXT5
textures.xdb1,textures/prop/prop_monitor_bump#.thm,138,,,,
textures.xdb1,textures/prop/prop_monitor_bump.dds,87536,256,256,9,DXT5
textures.xdb1,textures/prop/prop_monitor_bump.thm,138,,,,
textures.xdb1,textures/prop/prop_mozg.dds,349680,512,512,10,DXT5
textures.xdb1,textures/prop/prop_mozg.thm,157,,,,
textures.xdb1,textures/prop/prop_mozg_bump#.dds,349568,512,512,6,DXT5
textures.xdb1,textures/prop/prop_mozg_bump#.thm,138,,,,
textures.xdb1,textures/prop/prop_mozg_bump.dds,349680,512,512,10,DXT5
textures.xdb1,textures/prop/prop_mozg_bump.thm,138,,,,
textures.xdb1,textures/prop/prop_mtl_big_wheel.dds,349680,512,512,10,DXT5
textures.xdb1,textures/prop/prop_mtl_big_wheel.thm,166,,,,
textures.xdb1,textures/prop/prop_mtl_big_wheel_bump#.dds,349568,512,512,6,DXT5
textures.xdb1,textures/prop/prop_mtl_big_wheel_bump#.thm,138,,,,
textures.xdb1,textures/prop/prop_mtl_big_wheel_bump.dds,262272,512,512,0,DXT5
textures.xdb1,textures/prop/prop_mtl_big_wheel_bump.thm,138,,,,
textures.xdb1,textures/prop/prop_multiprovod_01.dds,174904,512,512,10,DXT1
textures.xdb1,textures/prop/prop_multiprovod_01.thm,163,,,,
textures.xdb1,textures/prop/prop_mus_kont_01.dds,174904,512,512,10,DXT1
textures.xdb1,textures/prop/prop_mus_kont_01a.dds,699192,1024,1024,11,DXT1
textures.xdb1,textures/prop/prop_mus_kont_01a.thm,186,,,,
textures.xdb1,textures/prop/prop_musor_01.dds,174904,512,512,10,DXT1
textures.xdb1,textures/prop/prop_musor_01.thm,186,,,,
textures.xdb1,textures/prop/prop_musor_01_1.dds,174904,512,512,10,DXT1
textures.xdb1,textures/prop/prop_musor_01_1.thm,186,,,,
textures.xdb1,textures/prop/prop_musor_01_bump#.dds,349568,512,512,6,DXT5
textures.xdb1,textures/prop/prop_musor_01_bump#.thm,138,,,,
textures.xdb1,textures/prop/prop_musor_01_bump.dds,349680,512,512,10,DXT5
textures.xdb1,textures/prop/prop_musor_01_bump.thm,138,,,,
textures.xdb1,textures/prop/prop_musor_02.dds,174904,512,512,10,DXT1
textures.xdb1,textures/prop/prop_musor_02.thm,186,,,,
textures.xdb1,textures/prop/prop_musor_02_bump#.dds,349568,512,512,6,DXT5
textures.xdb1,textures/prop/prop_musor_02_bump#.thm,138,,,,
textures.xdb1,textures/prop/prop_musor_02_bump.dds,349680,512,512,10,DXT5
textures.xdb1,textures/prop/prop_musor_02_bump.thm,138,,,,
textures.xdb1,textures/prop/prop_musor_02_soc.dds,43832,256,256,9,DXT1
textures.xdb1,textures/prop/prop_musor_02_soc.thm,190,,,,
textures.xdb1,textures/prop/prop_musor_02_soc_bump#.dds,87488,256,256,6,DXT5
textures.xdb1,textures/prop/prop_musor_02_soc_bump#.thm,138,,,,
textures.xdb1,textures/prop/prop_musor_02_soc_bump.dds,87536,256,256,9,DXT5
textures.xdb1,textures/prop/prop_musor_02_soc_bump.thm,138,,,,
textures.xdb1,textures/prop/prop_number.dds,43832,256,256,9,DXT1
textures.xdb1,textures/prop/prop_number1.dds,43832,256,256,9,DXT1
textures.xdb1,textures/prop/prop_number1.thm,138,,,,
textures.xdb1,textures/prop/prop_ognetushit.dds,174904,512,512,10,DXT1
textures.xdb1,textures/prop/prop_ognetushit.thm,163,,,,
textures.xdb1,textures/prop/prop_osadok_iov.dds,174904,512,512,10,DXT1
textures.xdb1,textures/prop/prop_paper.dds,174904,512,512,10,DXT1
textures.xdb1,textures/prop/prop_paper.thm,138,,,,
textures.xdb1,textures/prop/prop_pasp_01.dds,87536,256,256,9,DXT5
textures.xdb1,textures/prop/prop_pautina.dds,5592560,2048,2048,12,DXT5
textures.xdb1,textures/prop/prop_pautina.thm,44352,,,,
textures.xdb1,textures/prop/prop_phone_01.dds,349680,512,512,10,DXT3
textures.xdb1,textures/prop/prop_phone_01_bump.dds,349680,512,512,10,DXT3
textures.xdb1,textures/prop/prop_piano.dds,174904,512,512,10,DXT1
textures.xdb1,textures/prop/prop_piano.thm,138,,,,
textures.xdb1,textures/prop/prop_pila.dds,87536,256,256,9,DXT5
textures.xdb1,textures/prop/prop_pila.thm,157,,,,
textures.xdb1,textures/prop/prop_pila_bump#.dds,87488,256,256,6,DXT5
textures.xdb1,textures/prop/prop_pila_bump#.thm,138,,,,
textures.xdb1,textures/prop/prop_pila_bump.dds,87536,256,256,9,DXT5
textures.xdb1,textures/prop/prop_pila_bump.thm,138,,,,
textures.xdb1,textures/prop/prop_pisuar_01_cy.dds,43832,256,256,9,DXT1
textures.xdb1,textures/prop/prop_pisuar_01_cy.thm,138,,,,
textures.xdb1,textures/prop/prop_plafond1.dds,5608,64,128,8,DXT1
textures.xdb1,textures/prop/prop_playyard_giraffe.dds,87528,256,512,10,DXT1
textures.xdb1,textures/prop/prop_playyard_giraffe.thm,196,,,,
textures.xdb1,textures/prop/prop_playyard_giraffe_bump#.dds,174848,256,512,6,DXT5
textures.xdb1,textures/prop/prop_playyard_giraffe_bump#.thm,138,,,,
textures.xdb1,textures/prop/prop_playyard_giraffe_bump.dds,174928,256,512,10,DXT5
textures.xdb1,textures/prop/prop_playyard_giraffe_bump.thm,138,,,,
textures.xdb1,textures/prop/prop_plita.dds,174904,512,512,10,DXT1
textures.xdb1,textures/prop/prop_plita.thm,183,,,,
textures.xdb1,textures/prop/prop_plita_bump#.dds,349568,512,512,6,DXT5
textures.xdb1,textures/prop/prop_plita_bump#.thm,138,,,,
textures.xdb1,textures/prop/prop_plita_bump.dds,349680,512,512,10,DXT3
textures.xdb1,textures/prop/prop_plita_bump.thm,138,,,,
textures.xdb1,textures/prop/prop_plitaelcom.dds,11064,128,128,8,DXT1
textures.xdb1,textures/prop/prop_plitka_lab.dds,699192,1024,1024,11,DXT1
textures.xdb1,textures/prop/prop_plitka_lab.thm,186,,,,
textures.xdb1,textures/prop/prop_plitka_lab2.dds,699192,1024,1024,11,DXT1
textures.xdb1,textures/prop/prop_plitka_lab2.thm,186,,,,
textures.xdb1,textures/prop/prop_plitka_lab_br.dds,11064,128,128,8,DXT1
textures.xdb1,textures/prop/prop_plitka_lab_bump#.dds,1398256,1024,1024,11,DXT5
textures.xdb1,textures/prop/prop_plitka_lab_bump#.thm,138,,,,
textures.xdb1,textures/prop/prop_plitka_lab_bump.dds,1398256,1024,1024,11,DXT5
textures.xdb1,textures/prop/prop_plitka_lab_bump.thm,138,,,,
textures.xdb1,textures/prop/prop_plitka_lab_n.dds,699192,1024,1024,11,DXT1
textures.xdb1,textures/prop/prop_plitka_lab_n.thm,186,,,,
textures.xdb1,textures/prop/prop_pool.dds,43832,256,256,9,DXT1
textures.xdb1,textures/prop/prop_poster_01.dds,87528,512,256,10,DXT1
textures.xdb1,textures/prop/prop_poster_01.thm,165,,,,
textures.xdb1,textures/prop/prop_poster_02.dds,43832,256,256,9,DXT1
textures.xdb1,textures/prop/prop_poster_02.thm,138,,,,
textures.xdb1,textures/prop/prop_poster_03.dds,87528,256,512,10,DXT1
textures.xdb1,textures/prop/prop_poster_03.thm,138,,,,
textures.xdb1,textures/prop/prop_posters01.dds,43832,256,256,9,DXT1
textures.xdb1,textures/prop/prop_posters01.thm,138,,,,
textures.xdb1,textures/prop/prop_potolok_ptu_iov.dds,174904,512,512,10,DXT1
textures.xdb1,textures/prop/prop_pribori_02.dds,174904,512,512,10,DXT1
textures.xdb1,textures/prop/prop_pribori_02.thm,188,,,,
textures.xdb1,textures/prop/prop_pribori_02_bump#.dds,349568,512,512,6,DXT5
textures.xdb1,textures/prop/prop_pribori_02_bump#.thm,138,,,,
textures.xdb1,textures/prop/prop_pribori_02_bump.dds,349680,512,512,10,DXT3
textures.xdb1,textures/prop/prop_pribori_02_bump.thm,138,,,,
textures.xdb1,textures/prop/prop_pribori_face_01.dds,174904,512,512,10,DXT1
textures.xdb1,textures/prop/prop_pribori_face_01.thm,193,,,,
textures.xdb1,textures/prop/prop_pribori_face_01_bump#.dds,349568,512,512,6,DXT5
textures.xdb1,textures/prop/prop_pribori_face_01_bump#.thm,138,,,,
textures.xdb1,textures/prop/prop_pribori_face_01_bump.dds,349680,512,512,10,DXT3
textures.xdb1,textures/prop/prop_pribori_face_01_bump.thm,138,,,,
textures.xdb1,textures/prop/prop_pribors_ql.dds,87528,256,512,10,DXT1
textures.xdb1,textures/prop/prop_pribors_ql.thm,190,,,,
textures.xdb1,textures/prop/prop_pribors_ql_bump#.dds,174848,256,512,6,DXT5
textures.xdb1,textures/prop/prop_pribors_ql_bump#.thm,138,,,,
textures.xdb1,textures/prop/prop_pribors_ql_bump.dds,174928,256,512,10,DXT5
textures.xdb1,textures/prop/prop_pribors_ql_bump.thm,138,,,,
textures.xdb1,textures/prop/prop_priluki.dds,11064,128,128,8,DXT1
textures.xdb1,textures/prop/prop_priluki.thm,158,,,,
textures.xdb1,textures/prop/prop_prima_bump#.dds,21968,128,128,6,DXT5
textures.xdb1,textures/prop/prop_prima_bump#.thm,138,,,,
textures.xdb1,textures/prop/prop_prima_bump.dds,22000,128,128,8,DXT5
textures.xdb1,textures/prop/prop_prima_bump.thm,138,,,,
textures.xdb1,textures/prop/prop_primab.dds,11064,128,128,8,DXT1
textures.xdb1,textures/prop/prop_primab.thm,158,,,,
textures.xdb1,textures/prop/prop_primar.dds,11064,128,128,8,DXT1
textures.xdb1,textures/prop/prop_primar.thm,158,,,,
textures.xdb1,textures/prop/prop_projektor.dds,87536,256,256,9,DXT5
textures.xdb1,textures/prop/prop_projektor.thm,187,,,,
textures.xdb1,textures/prop/prop_projektor_bump#.dds,87488,256,256,6,DXT5
textures.xdb1,textures/prop/prop_projektor_bump#.thm,138,,,,
textures.xdb1,textures/prop/prop_projektor_bump.dds,87536,256,256,9,DXT3
textures.xdb1,textures/prop/prop_projektor_bump.thm,138,,,,
textures.xdb1,textures/prop/prop_prometey_bump#.dds,1397888,1024,1024,6,DXT5
textures.xdb1,textures/prop/prop_prometey_bump#.thm,138,,,,
textures.xdb1,textures/prop/prop_prometey_bump.dds,1398256,1024,1024,11,DXT5
textures.xdb1,textures/prop/prop_prometey_bump.thm,161,,,,
textures.xdb1,textures/prop/prop_prometey_d.dds,699192,1024,1024,11,DXT1
textures.xdb1,textures/prop/prop_prometey_d.thm,161,,,,
textures.xdb1,textures/prop/prop_provod_01.dds,5640,32,256,9,DXT1
textures.xdb1,textures/prop/prop_provod_01.thm,138,,,,
textures.xdb1,textures/prop/prop_provod_01_bump#.dds,11104,32,256,6,DXT5
textures.xdb1,textures/prop/prop_provod_01_bump#.thm,138,,,,
textures.xdb1,textures/prop/prop_provod_01_bump.dds,11152,32,256,9,DXT3
textures.xdb1,textures/prop/prop_provod_01_bump.thm,138,,,,
textures.xdb1,textures/prop/prop_provod_02.dds,5640,32,256,9,DXT1
textures.xdb1,textures/prop/prop_provod_02.thm,162,,,,
textures.xdb1,textures/prop/prop_provod_02_bump#.dds,11152,32,256,9,DXT5
textures.xdb1,textures/prop/prop_provod_02_bump#.thm,138,,,,
textures.xdb1,textures/prop/prop_provod_02_bump.dds,21980,32,128,8,RGB
textures.xdb1,textures/prop/prop_provod_02_bump.thm,138,,,,
textures.xdb1,textures/prop/prop_provod_03.dds,5640,32,256,9,DXT1
textures.xdb1,textures/prop/prop_provod_03.thm,138,,,,
textures.xdb1,textures/prop/prop_provod_04.dds,699216,1024,512,11,DXT5
textures.xdb1,textures/prop/prop_provod_04.thm,189,,,,
textures.xdb1,textures/prop/prop_provod_04_bump#.dds,174848,512,256,6,DXT5
textures.xdb1,textures/prop/prop_provod_04_bump#.thm,138,,,,
textures.xdb1,textures/prop/prop_provod_04_bump.dds,174928,512,256,10,DXT3
textures.xdb1,textures/prop/prop_provod_04_bump.thm,138,,,,
textures.xdb1,textures/prop/prop_provod_05.dds,5640,32,256,9,DXT1
textures.xdb1,textures/prop/prop_provod_05.thm,138,,,,
textures.xdb1,textures/prop/prop_provod_06.dds,699216,1024,512,11,DXT5
textures.xdb1,textures/prop/prop_provod_06_bump#.dds,174928,512,256,10,DXT5
textures.xdb1,textures/prop/prop_provod_06_bump.dds,174928,512,256,10,DXT5
textures.xdb1,textures/prop/prop_prozektor.dds,2872,64,64,7,DXT1
textures.xdb1,textures/prop/prop_prozektor.thm,138,,,,
textures.xdb1,textures/prop/prop_psyradar.dds,174904,512,512,10,DXT1
textures.xdb1,textures/prop/prop_psyradar.thm,138,,,,
textures.xdb1,textures/prop/prop_pult1.dds,174904,512,512,10,DXT1
textures.xdb1,textures/prop/prop_pult1.thm,163,,,,
textures.xdb1,textures/prop/prop_pult2.dds,174904,512,512,10,DXT1
textures.xdb1,textures/prop/prop_pult2.thm,163,,,,
textures.xdb1,textures/prop/prop_pult3.dds,87528,256,512,10,DXT1
textures.xdb1,textures/prop/prop_pult3.thm,165,,,,
textures.xdb1,textures/prop/prop_pult4.dds,174904,512,512,10,DXT1
textures.xdb1,textures/prop/prop_pult4.thm,163,,,,
textures.xdb1,textures/prop/prop_pult5.dds,174904,512,512,10,DXT1
textures.xdb1,textures/prop/prop_pult5.thm,183,,,,
textures.xdb1,textures/prop/prop_pult5_bump#.dds,349568,512,512,6,DXT5
textures.xdb1,textures/prop/prop_pult5_bump#.thm,138,,,,
textures.xdb1,textures/prop/prop_pult5_bump.dds,349680,512,512,10,DXT5
textures.xdb1,textures/prop/prop_pult5_bump.thm,138,,,,
textures.xdb1,textures/prop/prop_r.dds,43832,256,256,9,DXT1
textures.xdb1,textures/prop/prop_r.thm,138,,,,
textures.xdb1,textures/prop/prop_r_t.dds,43832,256,256,9,DXT1
textures.xdb1,textures/prop/prop_radiation.dds,11064,128,128,8,DXT1
textures.xdb1,textures/prop/prop_radiation.thm,138,,,,
textures.xdb1,textures/prop/prop_radiator1.dds,21992,128,256,9,DXT1
textures.xdb1,textures/prop/prop_radiator1.thm,165,,,,
textures.xdb1,textures/prop/prop_radiator2.dds,21992,128,256,9,DXT1
textures.xdb1,textures/prop/prop_radiator2.thm,165,,,,
textures.xdb1,textures/prop/prop_railing.dds,87536,256,256,9,DXT5
textures.xdb1,textures/prop/prop_railing.thm,185,,,,
textures.xdb1,textures/prop/prop_railing_bump#.dds,87488,256,256,6,DXT5
textures.xdb1,textures/prop/prop_railing_bump#.thm,138,,,,
textures.xdb1,textures/prop/prop_railing_bump.dds,65664,256,256,0,DXT5
textures.xdb1,textures/prop/prop_railing_bump.thm,138,,,,
textures.xdb1,textures/prop/prop_railings1.dds,87528,512,256,10,DXT1
textures.xdb1,textures/prop/prop_railroad_light.dds,174904,512,512,10,DXT1
textures.xdb1,textures/prop/prop_railroad_light.thm,138,,,,
textures.xdb1,textures/prop/prop_reshetka_01.dds,21992,256,128,9,DXT1
textures.xdb1,textures/prop/prop_reshetka_01.thm,165,,,,
textures.xdb1,textures/prop/prop_rez.dds,43832,256,256,9,DXT1
textures.xdb1,textures/prop/prop_rlight_dw.dds,174904,512,512,10,DXT1
textures.xdb1,textures/prop/prop_roadblock1.dds,349672,1024,512,11,DXT1
textures.xdb1,textures/prop/prop_roadblock1.thm,188,,,,
textures.xdb1,textures/prop/prop_roadblock1_j.dds,349672,1024,512,11,DXT1
textures.xdb1,textures/prop/prop_roadblock1_j.thm,188,,,,
textures.xdb1,textures/prop/prop_roadblock_bump#.dds,174892,256,128,9,RGB
textures.xdb1,textures/prop/prop_roadblock_bump#.thm,138,,,,
textures.xdb1,textures/prop/prop_roadblock_bump.dds,174892,256,128,9,RGB
textures.xdb1,textures/prop/prop_roadblock_bump.thm,138,,,,
textures.xdb1,textures/prop/prop_roadborder1.dds,43848,512,128,10,DXT1
textures.xdb1,textures/prop/prop_roadborder1_bump#.dds,87568,512,128,10,DXT5
textures.xdb1,textures/prop/prop_roadborder1_bump.dds,87568,512,128,10,DXT5
textures.xdb1,textures/prop/prop_roadborder1_rear.dds,11080,256,64,9,DXT1
textures.xdb1,textures/prop/prop_roadborder1_rear_bump#.dds,87568,512,128,10,DXT5
textures.xdb1,textures/prop/prop_roadborder1_rear_bump.dds,87568,512,128,10,DXT5
textures.xdb1,textures/prop/prop_roadborder2.dds,11080,256,64,9,DXT1
textures.xdb1,textures/prop/prop_roadborder21.dds,43920,512,64,10,DXT3
textures.xdb1,textures/prop/prop_roadborder21.thm,192,,,,
textures.xdb1,textures/prop/prop_roadborder21_bump#.dds,43920,512,64,10,DXT5
textures.xdb1,textures/prop/prop_roadborder21_bump#.thm,138,,,,
textures.xdb1,textures/prop/prop_roadborder21_bump.dds,43920,512,64,10,DXT5
textures.xdb1,textures/prop/prop_roadborder21_bump.thm,138,,,,
textures.xdb1,textures/prop/prop_roadborder3.dds,43912,1024,64,11,DXT1
textures.xdb1,textures/prop/prop_roadborder3.thm,165,,,,
textures.xdb1,textures/prop/prop_roadborder_2.dds,87528,512,256,10,DXT1
textures.xdb1,textures/prop/prop_roadborder_2.thm,192,,,,
textures.xdb1,textures/prop/prop_roadborder_2_bump#.dds,174848,512,256,6,DXT5
textures.xdb1,textures/prop/prop_roadborder_2_bump#.thm,138,,,,
textures.xdb1,textures/prop/prop_roadborder_2_bump.dds,131200,512,256,0,DXT5
textures.xdb1,textures/prop/prop_roadborder_2_bump.thm,138,,,,
textures.xdb1,textures/prop/prop_roadborder_2iov.dds,87528,512,256,10,DXT1
textures.xdb1,textures/prop/prop_roadborder_2iov.thm,192,,,,
textures.xdb1,textures/prop/prop_roadborder_2iov_bump#.dds,174928,512,256,10,DXT5
textures.xdb1,textures/prop/prop_roadborder_2iov_bump.dds,699180,512,256,10,RGB
textures.xdb1,textures/prop/prop_roadborder_j2.dds,11080,256,64,9,DXT1
textures.xdb1,textures/prop/prop_roadborder_j2.thm,165,,,,
textures.xdb1,textures/prop/prop_roadborder_j2d.dds,22032,256,64,9,DXT3
textures.xdb1,textures/prop/prop_safe.dds,699192,1024,1024,11,DXT1
textures.xdb1,textures/prop/prop_safe.thm,182,,,,
textures.xdb1,textures/prop/prop_safe_1.dds,699192,1024,1024,11,DXT1
textures.xdb1,textures/prop/prop_safe_1.thm,184,,,,
textures.xdb1,textures/prop/prop_safe_1_bump#.dds,1398256,1024,1024,11,DXT5
textures.xdb1,textures/prop/prop_safe_1_bump#.thm,138,,,,
textures.xdb1,textures/prop/prop_safe_1_bump.dds,1398256,1024,1024,11,DXT5
textures.xdb1,textures/prop/prop_safe_1_bump.thm,138,,,,
textures.xdb1,textures/prop/prop_safe_bump#.dds,349568,512,512,6,DXT5
textures.xdb1,textures/prop/prop_safe_bump#.thm,138,,,,
textures.xdb1,textures/prop/prop_safe_bump.dds,349680,512,512,10,DXT5
textures.xdb1,textures/prop/prop_safe_bump.thm,138,,,,
textures.xdb1,textures/prop/prop_sandaliki.dds,43832,256,256,9,DXT1
textures.xdb1,textures/prop/prop_sandaliki.thm,138,,,,
textures.xdb1,textures/prop/prop_scale_ql.dds,11064,128,128,8,DXT1
textures.xdb1,textures/prop/prop_schetchik.dds,21992,128,256,9,DXT1
textures.xdb1,textures/prop/prop_schetchik.thm,162,,,,
textures.xdb1,textures/prop/prop_schetchik_bump#.dds,43808,128,256,6,DXT5
textures.xdb1,textures/prop/prop_schetchik_bump#.thm,138,,,,
textures.xdb1,textures/prop/prop_schetchik_bump.dds,43808,128,256,6,DXT5
textures.xdb1,textures/prop/prop_schetchik_bump.thm,138,,,,
textures.xdb1,textures/prop/prop_seno_01.dds,174904,512,512,10,DXT1
textures.xdb1,textures/prop/prop_sheet.dds,87528,512,256,10,DXT1
textures.xdb1,textures/prop/prop_sheet.thm,158,,,,
textures.xdb1,textures/prop/prop_sheet_bump#.dds,174848,512,256,6,DXT5
textures.xdb1,textures/prop/prop_sheet_bump#.thm,138,,,,
textures.xdb1,textures/prop/prop_sheet_bump.dds,174928,512,256,10,DXT5
textures.xdb1,textures/prop/prop_sheet_bump.thm,138,,,,
textures.xdb1,textures/prop/prop_shirma.dds,21992,128,256,9,DXT1
textures.xdb1,textures/prop/prop_shirma1.dds,21992,128,256,9,DXT1
textures.xdb1,textures/prop/prop_shit_lab.dds,174904,512,512,10,DXT1
textures.xdb1,textures/prop/prop_shitok.dds,43832,256,256,9,DXT1
textures.xdb1,textures/prop/prop_shitok.thm,184,,,,
textures.xdb1,textures/prop/prop_shitok_bump#.dds,87488,256,256,6,DXT5
textures.xdb1,textures/prop/prop_shitok_bump#.thm,138,,,,
textures.xdb1,textures/prop/prop_shitok_bump.dds,349652,256,256,9,RGB
textures.xdb1,textures/prop/prop_shitok_bump.thm,138,,,,
textures.xdb1,textures/prop/prop_shlang_01.dds,22024,512,64,10,DXT1
textures.xdb1,textures/prop/prop_shlang_01.thm,189,,,,
textures.xdb1,textures/prop/prop_shlang_01_bump#.dds,11104,32,256,6,DXT5
textures.xdb1,textures/prop/prop_shlang_01_bump#.thm,138,,,,
textures.xdb1,textures/prop/prop_shlang_01_bump.dds,174908,512,64,10,RGB
textures.xdb1,textures/prop/prop_shlang_01_bump.thm,138,,,,
textures.xdb1,textures/prop/prop_sigaret.dds,43832,256,256,9,DXT1
textures.xdb1,textures/prop/prop_sigaret.thm,160,,,,
textures.xdb1,textures/prop/prop_sigaret_bump#.dds,87488,256,256,6,DXT5
textures.xdb1,textures/prop/prop_sigaret_bump#.thm,138,,,,
textures.xdb1,textures/prop/prop_sigaret_bump.dds,87536,256,256,9,DXT5
textures.xdb1,textures/prop/prop_sigaret_bump.thm,138,,,,
textures.xdb1,textures/prop/prop_sigarets.dds,5608,128,64,8,DXT1
textures.xdb1,textures/prop/prop_sigarets.thm,138,,,,
textures.xdb1,textures/prop/prop_signs.dds,699192,1024,1024,11,DXT1
textures.xdb1,textures/prop/prop_signs.thm,183,,,,
textures.xdb1,textures/prop/prop_signs_02.dds,174904,512,512,10,DXT1
textures.xdb1,textures/prop/prop_signs_02.thm,163,,,,
textures.xdb1,textures/prop/prop_signs_03.dds,174904,512,512,10,DXT1
textures.xdb1,textures/prop/prop_signs_03.thm,163,,,,
textures.xdb1,textures/prop/prop_signs_04.dds,174904,512,512,10,DXT1
textures.xdb1,textures/prop/prop_signs_04.thm,162,,,,
textures.xdb1,textures/prop/prop_signs_05.dds,699192,1024,1024,11,DXT1
textures.xdb1,textures/prop/prop_signs_05.thm,186,,,,
textures.xdb1,textures/prop/prop_signs_05_bump#.dds,1397888,1024,1024,6,DXT5
textures.xdb1,textures/prop/prop_signs_05_bump#.thm,138,,,,
textures.xdb1,textures/prop/prop_signs_05_bump.dds,1048704,1024,1024,0,DXT5
textures.xdb1,textures/prop/prop_signs_05_bump.thm,138,,,,
textures.xdb1,textures/prop/prop_signs_bump#.dds,349568,512,512,6,DXT5
textures.xdb1,textures/prop/prop_signs_bump#.thm,138,,,,
textures.xdb1,textures/prop/prop_signs_bump.dds,349680,512,512,10,DXT5
textures.xdb1,textures/prop/prop_signs_bump.thm,138,,,,
textures.xdb1,textures/prop/prop_slab.dds,11080,256,64,9,DXT1
textures.xdb1,textures/prop/prop_slab.thm,157,,,,
textures.xdb1,textures/prop/prop_slab_bump#.dds,21984,256,64,6,DXT5
textures.xdb1,textures/prop/prop_slab_bump#.thm,138,,,,
textures.xdb1,textures/prop/prop_slab_bump.dds,22032,256,64,9,DXT5
textures.xdb1,textures/prop/prop_slab_bump.thm,138,,,,
textures.xdb1,textures/prop/prop_small_lamps.dds,11064,128,128,8,DXT1
textures.xdb1,textures/prop/prop_small_lamps.thm,138,,,,
textures.xdb1,textures/prop/prop_small_stove.dds,174904,512,512,10,DXT1
textures.xdb1,textures/prop/prop_small_stove.thm,189,,,,
textures.xdb1,textures/prop/prop_small_stove_bump#.dds,349568,512,512,6,DXT5
textures.xdb1,textures/prop/prop_small_stove_bump#.thm,138,,,,
textures.xdb1,textures/prop/prop_small_stove_bump.dds,262272,512,512,0,DXT5
textures.xdb1,textures/prop/prop_small_stove_bump.thm,138,,,,
textures.xdb1,textures/prop/prop_sobaka_dead.dds,43832,256,256,9,DXT1
textures.xdb1,textures/prop/prop_socket1.dds,2872,64,64,7,DXT1
textures.xdb1,textures/prop/prop_socket1.thm,138,,,,
textures.xdb1,textures/prop/prop_sodavoda.dds,174904,512,512,10,DXT1
textures.xdb1,textures/prop/prop_sodavoda.thm,186,,,,
textures.xdb1,textures/prop/prop_sodavoda_bump#.dds,349680,512,512,10,DXT5
textures.xdb1,textures/prop/prop_sodavoda_bump#.thm,138,,,,
textures.xdb1,textures/prop/prop_sodavoda_bump.dds,349680,512,512,10,DXT5
textures.xdb1,textures/prop/prop_sodavoda_bump.thm,138,,,,
textures.xdb1,textures/prop/prop_spade.dds,174904,512,512,10,DXT1
textures.xdb1,textures/prop/prop_spade.thm,183,,,,
textures.xdb1,textures/prop/prop_spade_bump#.dds,349568,512,512,6,DXT5
textures.xdb1,textures/prop/prop_spade_bump#.thm,138,,,,
textures.xdb1,textures/prop/prop_spade_bump.dds,349680,512,512,10,DXT5
textures.xdb1,textures/prop/prop_spade_bump.thm,138,,,,
textures.xdb1,textures/prop/prop_speakerphone.dds,43824,256,256,8,DXT1
textures.xdb1,textures/prop/prop_speakerphone.thm,138,,,,
textures.xdb1,textures/prop/prop_stancija_1.dds,1398288,2048,512,12,DXT5
textures.xdb1,textures/prop/prop_stancija_1.thm,138,,,,
textures.xdb1,textures/prop/prop_stena_07_d.dds,174904,512,512,10,DXT1
textures.xdb1,textures/prop/prop_stena_07_d.thm,187,,,,
textures.xdb1,textures/prop/prop_stena_07_d_bump#.dds,349568,512,512,6,DXT5
textures.xdb1,textures/prop/prop_stena_07_d_bump#.thm,138,,,,
textures.xdb1,textures/prop/prop_stena_07_d_bump.dds,1398256,1024,1024,11,DXT3
textures.xdb1,textures/prop/prop_stena_07_d_bump.thm,138,,,,
textures.xdb1,textures/prop/prop_stoyka.dds,699192,1024,1024,11,DXT1
textures.xdb1,textures/prop/prop_stupeni_a.dds,174904,512,512,10,DXT1
textures.xdb1,textures/prop/prop_stupeni_a.thm,188,,,,
textures.xdb1,textures/prop/prop_stupeni_b.dds,174904,512,512,10,DXT1
textures.xdb1,textures/prop/prop_stupeni_b.thm,188,,,,
textures.xdb1,textures/prop/prop_switch.dds,11064,128,128,8,DXT1
textures.xdb1,textures/prop/prop_switch.thm,138,,,,
textures.xdb1,textures/prop/prop_switch1.dds,2872,64,64,7,DXT1
textures.xdb1,textures/prop/prop_switch1.thm,138,,,,
textures.xdb1,textures/prop/prop_switch_iov.dds,11064,128,128,8,DXT1
textures.xdb1,textures/prop/prop_switch_iov.thm,138,,,,
textures.xdb1,textures/prop/prop_tabl.dds,43832,256,256,9,DXT1
textures.xdb1,textures/prop/prop_tabl.thm,138,,,,
textures.xdb1,textures/prop/prop_tabl_02.dds,21992,256,128,9,DXT1
textures.xdb1,textures/prop/prop_tabl_pod_01.dds,5608,128,64,8,DXT1
textures.xdb1,textures/prop/prop_tabl_pod_01.thm,164,,,,
textures.xdb1,textures/prop/prop_tabl_pod_01_bump#.dds,11056,128,64,6,DXT5
textures.xdb1,textures/prop/prop_tabl_pod_01_bump#.thm,138,,,,
textures.xdb1,textures/prop/prop_tabl_pod_01_bump.dds,11088,128,64,8,DXT5
textures.xdb1,textures/prop/prop_tabl_pod_01_bump.thm,138,,,,
textures.xdb1,textures/prop/prop_table1.dds,21992,128,256,9,DXT1
textures.xdb1,textures/prop/prop_table1.thm,184,,,,
textures.xdb1,textures/prop/prop_table1_bump#.dds,43808,128,256,6,DXT5
textures.xdb1,textures/prop/prop_table1_bump#.thm,138,,,,
textures.xdb1,textures/prop/prop_table1_bump.dds,174892,128,256,9,RGB
textures.xdb1,textures/prop/prop_table1_bump.thm,138,,,,
textures.xdb1,textures/prop/prop_table1a.dds,2888,128,32,8,DXT1
textures.xdb1,textures/prop/prop_table1a.thm,138,,,,
textures.xdb1,textures/prop/prop_table1b.dds,2888,128,32,8,DXT1
textures.xdb1,textures/prop/prop_table1b.thm,138,,,,
textures.xdb1,textures/prop/prop_table1c.dds,349672,512,1024,11,DXT1
textures.xdb1,textures/prop/prop_table1c.thm,184,,,,
textures.xdb1,textures/prop/prop_table2.dds,21992,128,256,9,DXT1
textures.xdb1,textures/prop/prop_target.dds,43832,256,256,9,DXT1
textures.xdb1,textures/prop/prop_target.thm,184,,,,
textures.xdb1,textures/prop/prop_target_bump#.dds,87488,256,256,6,DXT5
textures.xdb1,textures/prop/prop_target_bump#.thm,138,,,,
textures.xdb1,textures/prop/prop_target_bump.dds,87536,256,256,9,DXT5
textures.xdb1,textures/prop/prop_target_bump.thm,138,,,,
textures.xdb1,textures/prop/prop_teapot_1.dds,43832,256,256,9,DXT1
textures.xdb1,textures/prop/prop_teapot_1.thm,186,,,,
textures.xdb1,textures/prop/prop_teapot_1_bump#.dds,87488,256,256,6,DXT5
textures.xdb1,textures/prop/prop_teapot_1_bump#.thm,138,,,,
textures.xdb1,textures/prop/prop_teapot_1_bump.dds,65664,256,256,0,DXT5
textures.xdb1,textures/prop/prop_teapot_1_bump.thm,138,,,,
textures.xdb1,textures/prop/prop_tempmeter1.dds,43832,256,256,9,DXT1
textures.xdb1,textures/prop/prop_tempmeter2.dds,824,32,32,6,DXT1
textures.xdb1,textures/prop/prop_tempmeter2.thm,138,,,,
textures.xdb1,textures/prop/prop_test.dds,43832,256,256,9,DXT1
textures.xdb1,textures/prop/prop_test_02.dds,43832,256,256,9,DXT1
textures.xdb1,textures/prop/prop_tor1.dds,22024,64,512,10,DXT1
textures.xdb1,textures/prop/prop_tor1a.dds,22024,64,512,10,DXT1
textures.xdb1,textures/prop/prop_tor2.dds,21992,128,256,9,DXT1
textures.xdb1,textures/prop/prop_tor2a.dds,21992,128,256,9,DXT1
textures.xdb1,textures/prop/prop_tor3.dds,21992,128,256,9,DXT1
textures.xdb1,textures/prop/prop_tor3.thm,163,,,,
textures.xdb1,textures/prop/prop_tor4.dds,21992,128,256,9,DXT1
textures.xdb1,textures/prop/prop_torsion1.dds,11080,256,64,9,DXT1
textures.xdb1,textures/prop/prop_torsion1.thm,138,,,,
textures.xdb1,textures/prop/prop_trainwheel1.dds,11064,128,128,8,DXT1
textures.xdb1,textures/prop/prop_trainwheel1.thm,163,,,,
textures.xdb1,textures/prop/prop_trainwheel1a.dds,43832,256,256,9,DXT1
textures.xdb1,textures/prop/prop_trainwheel1a.thm,163,,,,
textures.xdb1,textures/prop/prop_trainwheel2.dds,11064,128,128,8,DXT1
textures.xdb1,textures/prop/prop_trainwheel2.thm,163,,,,
textures.xdb1,textures/prop/prop_trainwheel2a.dds,43832,256,256,9,DXT1
textures.xdb1,textures/prop/prop_trainwheel2a.thm,163,,,,
textures.xdb1,textures/prop/prop_transformer_dw.dds,174904,512,512,10,DXT1
textures.xdb1,textures/prop/prop_transformer_dw.thm,192,,,,
textures.xdb1,textures/prop/prop_transformer_dw_bump#.dds,349680,512,512,10,DXT5
textures.xdb1,textures/prop/prop_transformer_dw_bump#.thm,138,,,,
textures.xdb1,textures/prop/prop_transformer_dw_bump.dds,349680,512,512,10,DXT5
textures.xdb1,textures/prop/prop_transformer_dw_bump.thm,138,,,,
textures.xdb1,textures/prop/prop_trash_1.dds,174904,512,512,10,DXT1
textures.xdb1,textures/prop/prop_trash_1.thm,138,,,,
textures.xdb1,textures/prop/prop_trofy_board.dds,21992,128,256,9,DXT1
textures.xdb1,textures/prop/prop_trofy_board.thm,163,,,,
textures.xdb1,textures/prop/prop_trube.dds,21992,256,128,9,DXT1
textures.xdb1,textures/prop/prop_trube.thm,165,,,,
textures.xdb1,textures/prop/prop_truckdead1.dds,21992,256,128,9,DXT1
textures.xdb1,textures/prop/prop_truckdead1a.dds,174904,512,512,10,DXT1
textures.xdb1,textures/prop/prop_truckdead1b.dds,43832,256,256,9,DXT1
textures.xdb1,textures/prop/prop_truckdead1c.dds,43848,512,128,10,DXT1
textures.xdb1,textures/prop/prop_tubedetails1.dds,21992,256,128,9,DXT1
textures.xdb1,textures/prop/prop_tubedetails1.thm,165,,,,
textures.xdb1,textures/prop/prop_tubedetails1_bump#.dds,43808,256,128,6,DXT5
textures.xdb1,textures/prop/prop_tubedetails1_bump#.thm,138,,,,
textures.xdb1,textures/prop/prop_tubedetails1_bump.dds,43856,256,128,9,DXT3
textures.xdb1,textures/prop/prop_tubedetails1_bump.thm,138,,,,
textures.xdb1,textures/prop/prop_tubedetails2.dds,11064,128,128,8,DXT1
textures.xdb1,textures/prop/prop_tv.dds,43832,256,256,9,DXT1
textures.xdb1,textures/prop/prop_tv.thm,138,,,,
textures.xdb1,textures/prop/prop_ukazatel.dds,43832,256,256,9,DXT1
textures.xdb1,textures/prop/prop_ukazatel.thm,163,,,,
textures.xdb1,textures/prop/prop_umivalnik_01.dds,43832,256,256,9,DXT1
textures.xdb1,textures/prop/prop_umivalnik_01.thm,188,,,,
textures.xdb1,textures/prop/prop_umivalnik_01_bump#.dds,349652,256,256,9,RGB
textures.xdb1,textures/prop/prop_umivalnik_01_bump#.thm,138,,,,
textures.xdb1,textures/prop/prop_umivalnik_01_bump.dds,349652,256,256,9,RGB
textures.xdb1,textures/prop/prop_umivalnik_01_bump.thm,138,,,,
textures.xdb1,textures/prop/prop_unitaz_old.dds,43832,256,256,9,DXT1
textures.xdb1,textures/prop/prop_unitaz_old.thm,186,,,,
textures.xdb1,textures/prop/prop_unitaz_old_bump#.dds,349652,256,256,9,RGB
textures.xdb1,textures/prop/prop_unitaz_old_bump#.thm,138,,,,
textures.xdb1,textures/prop/prop_unitaz_old_bump.dds,349652,256,256,9,RGB
textures.xdb1,textures/prop/prop_unitaz_old_bump.thm,138,,,,
textures.xdb1,textures/prop/prop_urna.dds,43832,256,256,9,DXT1
textures.xdb1,textures/prop/prop_urna.thm,181,,,,
textures.xdb1,textures/prop/prop_urna_bump#.dds,349652,256,256,9,RGB
textures.xdb1,textures/prop/prop_urna_bump#.thm,138,,,,
textures.xdb1,textures/prop/prop_urna_bump.dds,349652,256,256,9,RGB
textures.xdb1,textures/prop/prop_urna_bump.thm,138,,,,
textures.xdb1,textures/prop/prop_vac.dds,43832,256,256,9,DXT1
textures.xdb1,textures/prop/prop_vac.thm,163,,,,
textures.xdb1,textures/prop/prop_vac_2.dds,43832,256,256,9,DXT1
textures.xdb1,textures/prop/prop_vac_2.thm,185,,,,
textures.xdb1,textures/prop/prop_vagon.dds,174904,512,512,10,DXT1
textures.xdb1,textures/prop/prop_vagon.thm,189,,,,
textures.xdb1,textures/prop/prop_vagon01.dds,87528,512,256,10,DXT1
textures.xdb1,textures/prop/prop_vagon01a.dds,43832,256,256,9,DXT1
textures.xdb1,textures/prop/prop_vagon01b.dds,43848,512,128,10,DXT1
textures.xdb1,textures/prop/prop_vagon01b.thm,138,,,,
textures.xdb1,textures/prop/prop_vagon01c.dds,87528,512,256,10,DXT1
textures.xdb1,textures/prop/prop_vagon01d.dds,11080,256,64,9,DXT1
textures.xdb1,textures/prop/prop_vagon01e.dds,11064,128,128,8,DXT1
textures.xdb1,textures/prop/prop_vagon01e.thm,138,,,,
textures.xdb1,textures/prop/prop_vagon02.dds,87528,512,256,10,DXT1
textures.xdb1,textures/prop/prop_vagon02a.dds,43832,256,256,9,DXT1
textures.xdb1,textures/prop/prop_vagon02b.dds,11080,256,64,9,DXT1
textures.xdb1,textures/prop/prop_vagon02e.dds,11064,128,128,8,DXT1
textures.xdb1,textures/prop/prop_vagon04.dds,174904,512,512,10,DXT1
textures.xdb1,textures/prop/prop_vagon04.thm,185,,,,
textures.xdb1,textures/prop/prop_vagon04_bump#.dds,349680,512,512,10,DXT5
textures.xdb1,textures/prop/prop_vagon04_bump#.thm,138,,,,
textures.xdb1,textures/prop/prop_vagon04_bump.dds,349680,512,512,10,DXT5
textures.xdb1,textures/prop/prop_vagon04_bump.thm,138,,,,
textures.xdb1,textures/prop/prop_vagon04a.dds,174904,512,512,10,DXT1
textures.xdb1,textures/prop/prop_vagon04a.thm,186,,,,
textures.xdb1,textures/prop/prop_vagon04a_bump#.dds,349568,512,512,6,DXT5
textures.xdb1,textures/prop/prop_vagon04a_bump#.thm,138,,,,
textures.xdb1,textures/prop/prop_vagon04a_bump.dds,349680,512,512,10,DXT5
textures.xdb1,textures/prop/prop_vagon04a_bump.thm,138,,,,
textures.xdb1,textures/prop/prop_vagon_d.dds,174904,512,512,10,DXT1
textures.xdb1,textures/prop/prop_vagon_d.thm,189,,,,
textures.xdb1,textures/prop/prop_vagon_gr.dds,174904,512,512,10,DXT1
textures.xdb1,textures/prop/prop_vagon_gr.thm,189,,,,
textures.xdb1,textures/prop/prop_vagon_iov.dds,174904,512,512,10,DXT1
textures.xdb1,textures/prop/prop_vagon_iov.thm,189,,,,
textures.xdb1,textures/prop/prop_vagon_iov2.dds,174904,512,512,10,DXT1
textures.xdb1,textures/prop/prop_vagon_iov2.thm,163,,,,
textures.xdb1,textures/prop/prop_vagon_iov_d.dds,174904,512,512,10,DXT1
textures.xdb1,textures/prop/prop_vagon_iov_d.thm,189,,,,
textures.xdb1,textures/prop/prop_vagon_iov_d_bump#.dds,349680,512,512,10,DXT5
textures.xdb1,textures/prop/prop_vagon_iov_d_bump#.thm,138,,,,
textures.xdb1,textures/prop/prop_vagon_iov_d_bump.dds,349680,512,512,10,DXT5
textures.xdb1,textures/prop/prop_vagon_iov_d_bump.thm,138,,,,
textures.xdb1,textures/prop/prop_vagon_iov_gr.dds,174904,512,512,10,DXT1
textures.xdb1,textures/prop/prop_vagon_iov_gr.thm,189,,,,
textures.xdb1,textures/prop/prop_vanna_old.dds,174904,512,512,10,DXT1
textures.xdb1,textures/prop/prop_vanna_old.thm,163,,,,
textures.xdb1,textures/prop/prop_vent.dds,43832,256,256,9,DXT1
textures.xdb1,textures/prop/prop_vent.thm,182,,,,
textures.xdb1,textures/prop/prop_vent1.dds,11064,128,128,8,DXT1
textures.xdb1,textures/prop/prop_vent1.thm,183,,,,
textures.xdb1,textures/prop/prop_vent1_bump#.dds,87488,256,256,6,DXT5
textures.xdb1,textures/prop/prop_vent1_bump#.thm,138,,,,
textures.xdb1,textures/prop/prop_vent1_bump.dds,87536,256,256,9,DXT5
textures.xdb1,textures/prop/prop_vent1_bump.thm,138,,,,
textures.xdb1,textures/prop/prop_vent_bump#.dds,349652,256,256,9,RGB
textures.xdb1,textures/prop/prop_vent_bump#.thm,138,,,,
textures.xdb1,textures/prop/prop_vent_bump.dds,349652,256,256,9,RGB
textures.xdb1,textures/prop/prop_vent_bump.thm,138,,,,
textures.xdb1,textures/prop/prop_ventstack_01.dds,43832,256,256,9,DXT1
textures.xdb1,textures/prop/prop_ventstack_01.thm,189,,,,
textures.xdb1,textures/prop/prop_ventstack_01_bump#.dds,87488,256,256,6,DXT5
textures.xdb1,textures/prop/prop_ventstack_01_bump#.thm,138,,,,
textures.xdb1,textures/prop/prop_ventstack_01_bump.dds,65664,256,256,0,DXT5
textures.xdb1,textures/prop/prop_ventstack_01_bump.thm,138,,,,
textures.xdb1,textures/prop/prop_verevka.dds,5640,32,256,9,DXT1
textures.xdb1,textures/prop/prop_vesy_1.dds,174904,512,512,10,DXT1
textures.xdb1,textures/prop/prop_vesy_1.thm,184,,,,
textures.xdb1,textures/prop/prop_vesy_1_bump#.dds,349568,512,512,6,DXT5
textures.xdb1,textures/prop/prop_vesy_1_bump#.thm,138,,,,
textures.xdb1,textures/prop/prop_vesy_1_bump.dds,349680,512,512,10,DXT5
textures.xdb1,textures/prop/prop_vesy_1_bump.thm,138,,,,
textures.xdb1,textures/prop/prop_vishka_01.dds,174904,512,512,10,DXT1
textures.xdb1,textures/prop/prop_vishka_01.thm,187,,,,
textures.xdb1,textures/prop/prop_vishka_01_bump#.dds,349568,512,512,6,DXT5
textures.xdb1,textures/prop/prop_vishka_01_bump#.thm,138,,,,
textures.xdb1,textures/prop/prop_vishka_01_bump.dds,349680,512,512,10,DXT3
textures.xdb1,textures/prop/prop_vishka_01_bump.thm,138,,,,
textures.xdb1,textures/prop/prop_vnz_ant.dds,87536,256,256,9,DXT5
textures.xdb1,textures/prop/prop_vnz_ant.thm,185,,,,
textures.xdb1,textures/prop/prop_vnz_ant_bump#.dds,87488,256,256,6,DXT5
textures.xdb1,textures/prop/prop_vnz_ant_bump#.thm,138,,,,
textures.xdb1,textures/prop/prop_vnz_ant_bump.dds,87536,256,256,9,DXT5
textures.xdb1,textures/prop/prop_vnz_ant_bump.thm,138,,,,
textures.xdb1,textures/prop/prop_voda1.dds,87536,256,256,9,DXT3
textures.xdb1,textures/prop/prop_voda1.thm,138,,,,
textures.xdb1,textures/prop/prop_voda1_bump#.dds,262272,512,512,0,DXT5
textures.xdb1,textures/prop/prop_voda1_bump.dds,262272,512,512,0,DXT5
textures.xdb1,textures/prop/prop_voda1_bump.thm,138,,,,
textures.xdb1,textures/prop/prop_voda2.dds,131200,512,512,0,DXT1
textures.xdb1,textures/prop/prop_voda2.thm,158,,,,
textures.xdb1,textures/prop/prop_voda2_bump#.dds,262272,512,512,0,DXT5
textures.xdb1,textures/prop/prop_voda2_bump.dds,262272,512,512,0,DXT5
textures.xdb1,textures/prop/prop_voda2_bump.thm,138,,,,
textures.xdb1,textures/prop/prop_w.dds,43808,256,256,6,DXT1
textures.xdb1,textures/prop/prop_w.thm,138,,,,
textures.xdb1,textures/prop/prop_w_t_03.dds,43808,256,256,6,DXT1
textures.xdb1,textures/prop/prop_w_t_03.thm,138,,,,
textures.xdb1,textures/prop/prop_wardrobe1.dds,21992,128,256,9,DXT1
textures.xdb1,textures/prop/prop_wardrobe1a.dds,21992,128,256,9,DXT1
textures.xdb1,textures/prop/prop_wardrobe1a.thm,163,,,,
textures.xdb1,textures/prop/prop_wardrobe2.dds,21992,128,256,9,DXT1
textures.xdb1,textures/prop/prop_wardrobe2a.dds,21992,128,256,9,DXT1
textures.xdb1,textures/prop/prop_waterpump1.dds,174904,512,512,10,DXT1
textures.xdb1,textures/prop/prop_waterpump1_step.dds,21992,256,128,9,DXT1
textures.xdb1,textures/prop/prop_waterpump1_step.thm,195,,,,
textures.xdb1,textures/prop/prop_waterpump1_step_bump#.dds,43808,256,128,6,DXT5
textures.xdb1,textures/prop/prop_waterpump1_step_bump#.thm,138,,,,
textures.xdb1,textures/prop/prop_waterpump1_step_bump.dds,43856,256,128,9,DXT5
textures.xdb1,textures/prop/prop_waterpump1_step_bump.thm,138,,,,
textures.xdb1,textures/prop/prop_web.dds,349568,512,512,6,DXT5
textures.xdb1,textures/prop/prop_web.thm,138,,,,
textures.xdb1,textures/prop/prop_wheel1_small.dds,2872,64,64,7,DXT1
textures.xdb1,textures/prop/prop_wheel2_small.dds,11064,128,128,8,DXT1
textures.xdb1,textures/prop/prop_wheel2_small.thm,138,,,,
textures.xdb1,textures/prop/prop_wires1.dds,312,16,16,5,DXT1
textures.xdb1,textures/prop/prop_wires1.thm,138,,,,
textures.xdb1,textures/prop/prop_woodenreel1.dds,699192,1024,1024,11,DXT1
textures.xdb1,textures/prop/prop_woodenreel1.thm,187,,,,
textures.xdb1,textures/prop/prop_woodenreel1_bump#.dds,1398256,1024,1024,11,DXT5
textures.xdb1,textures/prop/prop_woodenreel1_bump#.thm,138,,,,
textures.xdb1,textures/prop/prop_woodenreel1_bump.dds,1398256,1024,1024,11,DXT5
textures.xdb1,textures/prop/prop_woodenreel1_bump.thm,138,,,,
textures.xdb1,textures/prop/prop_yantar.dds,11064,128,128,8,DXT1
textures.xdb1,textures/prop/prop_yantar.thm,138,,,,
textures.xdb1,textures/prop/prop_zabor_iov.dds,174904,512,512,10,DXT1
textures.xdb1,textures/prop/prop_zabor_iov.thm,138,,,,
textures.xdb1,textures/prop/prop_zapravka.dds,11064,128,128,8,DXT1
textures.xdb1,textures/prop/prop_zapravka.thm,138,,,,
textures.xdb1,textures/prop/prop_zurnal.dds,43832,256,256,9,DXT1
textures.xdb1,textures/rec/rec_map.dds,6272,32,32,0,DXT5
textures.xdb1,textures/repair/repair_armor_repair_fa.dds,131200,512,512,0,DXT1
textures.xdb1,textures/repair/repair_armor_repair_fa.thm,172,,,,
textures.xdb1,textures/repair/repair_armor_repair_fa_bump#.dds,262272,512,512,0,DXT5
textures.xdb1,textures/repair/repair_armor_repair_fa_bump.dds,262272,512,512,0,DXT5
textures.xdb1,textures/repair/repair_armor_repair_fa_bump.thm,138,,,,
textures.xdb1,textures/repair/repair_armor_repair_pro.dds,131200,512,512,0,DXT1
textures.xdb1,textures/repair/repair_armor_repair_pro.thm,173,,,,
textures.xdb1,textures/repair/repair_armor_repair_pro_bump#.dds,262272,512,512,0,DXT5
textures.xdb1,textures/repair/repair_armor_repair_pro_bump.dds,262272,512,512,0,DXT5
textures.xdb1,textures/repair/repair_armor_repair_pro_bump.thm,138,,,,
textures.xdb1,textures/repair/repair_cleaning_kit.dds,131200,512,512,0,DXT1
textures.xdb1,textures/repair/repair_cleaning_kit.thm,169,,,,
textures.xdb1,textures/repair/repair_cleaning_kit_bump#.dds,262272,512,512,0,DXT5
textures.xdb1,textures/repair/repair_cleaning_kit_bump.dds,262272,512,512,0,DXT5
textures.xdb1,textures/repair/repair_cleaning_kit_bump.thm,138,,,,
textures.xdb1,textures/repair/repair_cleaning_kit_r7.dds,131200,512,512,0,DXT1
textures.xdb1,textures/repair/repair_cleaning_kit_r7.thm,172,,,,
textures.xdb1,textures/repair/repair_cleaning_kit_r7_bump#.dds,262272,512,512,0,DXT5
textures.xdb1,textures/repair/repair_cleaning_kit_r7_bump.dds,262272,512,512,0,DXT5
textures.xdb1,textures/repair/repair_cleaning_kit_r7_bump.thm,138,,,,
textures.xdb1,textures/repair/repair_cleaning_kit_u.dds,131200,512,512,0,DXT1
textures.xdb1,textures/repair/repair_cleaning_kit_u.thm,171,,,,
textures.xdb1,textures/repair/repair_cleaning_kit_u_bump#.dds,262272,512,512,0,DXT5
textures.xdb1,textures/repair/repair_cleaning_kit_u_bump.dds,262272,512,512,0,DXT5
textures.xdb1,textures/repair/repair_cleaning_kit_u_bump.thm,138,,,,
textures.xdb1,textures/repair/repair_glue.dds,131200,512,512,0,DXT1
textures.xdb1,textures/repair/repair_glue.thm,161,,,,
textures.xdb1,textures/repair/repair_glue_bump#.dds,262272,512,512,0,DXT5
textures.xdb1,textures/repair/repair_glue_bump.dds,262272,512,512,0,DXT5
textures.xdb1,textures/repair/repair_glue_bump.thm,138,,,,
textures.xdb1,textures/repair/repair_grease_solvent.dds,131200,512,512,0,DXT1
textures.xdb1,textures/repair/repair_grease_solvent.thm,171,,,,
textures.xdb1,textures/repair/repair_grease_solvent_bump#.dds,262272,512,512,0,DXT5
textures.xdb1,textures/repair/repair_grease_solvent_bump.dds,262272,512,512,0,DXT5
textures.xdb1,textures/repair/repair_grease_solvent_bump.thm,138,,,,
textures.xdb1,textures/repair/repair_gun_oil.dds,131200,512,512,0,DXT1
textures.xdb1,textures/repair/repair_gun_oil.thm,164,,,,
textures.xdb1,textures/repair/repair_gun_oil_bump#.dds,262272,512,512,0,DXT5
textures.xdb1,textures/repair/repair_gun_oil_bump.dds,262272,512,512,0,DXT5
textures.xdb1,textures/repair/repair_gun_oil_bump.thm,138,,,,
textures.xdb1,textures/repair/repair_gun_oil_ru.dds,131200,512,512,0,DXT1
textures.xdb1,textures/repair/repair_gun_oil_ru.thm,167,,,,
textures.xdb1,textures/repair/repair_gun_oil_ru_bump#.dds,262272,512,512,0,DXT5
textures.xdb1,textures/repair/repair_gun_oil_ru_bump.dds,262272,512,512,0,DXT5
textures.xdb1,textures/repair/repair_gun_oil_ru_bump.thm,138,,,,
textures.xdb1,textures/repair/repair_helmet_repair.dds,262272,512,512,0,DXT5
textures.xdb1,textures/repair/repair_poltergeist.dds,32896,256,256,0,DXT1
textures.xdb1,textures/repair/repair_sewing_kit.dds,131200,512,512,0,DXT1
textures.xdb1,textures/repair/repair_sharpening_stones.dds,131200,512,512,0,DXT1
textures.xdb1,textures/repair/repair_steel_wool.dds,32896,256,256,0,DXT1
textures.xdb1,textures/repair/repair_textile_patch_b.dds,131200,512,512,0,DXT1
textures.xdb1,textures/repair/repair_textile_patch_e.dds,131200,512,512,0,DXT1
textures.xdb1,textures/repair/repair_textile_patch_m.dds,131200,512,512,0,DXT1
textures.xdb1,textures/repair/repair_toolkit_nato.dds,131200,512,512,0,DXT1
textures.xdb1,textures/repair/repair_toolkit_p.dds,131200,512,512,0,DXT1
textures.xdb1,textures/repair/repair_toolkit_s.dds,131200,512,512,0,DXT1
textures.xdb1,textures/repair/repair_toolkit_wp.dds,174904,512,512,10,DXT1
textures.xdb1,textures/roof/roof_crete_01.dds,349672,1024,512,11,DXT1
textures.xdb1,textures/roof/roof_crete_01.thm,187,,,,
textures.xdb1,textures/roof/roof_crete_01_bump#.dds,174848,512,256,6,DXT5
textures.xdb1,textures/roof/roof_crete_01_bump#.thm,138,,,,
textures.xdb1,textures/roof/roof_crete_01_bump.dds,174928,512,256,10,DXT5
textures.xdb1,textures/roof/roof_crete_01_bump.thm,138,,,,
textures.xdb1,textures/roof/roof_golima.dds,174904,512,512,10,DXT1
textures.xdb1,textures/roof/roof_golima.thm,183,,,,
textures.xdb1,textures/roof/roof_golima_bump#.dds,349568,512,512,6,DXT5
textures.xdb1,textures/roof/roof_golima_bump#.thm,138,,,,
textures.xdb1,textures/roof/roof_golima_bump.dds,349680,512,512,10,DXT5
textures.xdb1,textures/roof/roof_golima_bump.thm,138,,,,
textures.xdb1,textures/roof/roof_metal_01.dds,174904,512,512,10,DXT1
textures.xdb1,textures/roof/roof_metal_01.thm,186,,,,
textures.xdb1,textures/roof/roof_metal_01_bump#.dds,349568,512,512,6,DXT5
textures.xdb1,textures/roof/roof_metal_01_bump#.thm,138,,,,
textures.xdb1,textures/roof/roof_metal_01_bump.dds,349680,512,512,10,DXT3
textures.xdb1,textures/roof/roof_metal_01_bump.thm,138,,,,
textures.xdb1,textures/roof/roof_metal_01_holes.dds,174904,512,512,10,DXT1
textures.xdb1,textures/roof/roof_metal_01_holes.thm,192,,,,
textures.xdb1,textures/roof/roof_metal_01_holes_bump#.dds,349568,512,512,6,DXT5
textures.xdb1,textures/roof/roof_metal_01_holes_bump#.thm,138,,,,
textures.xdb1,textures/roof/roof_metal_01_holes_bump.dds,349680,512,512,10,DXT3
textures.xdb1,textures/roof/roof_metal_01_holes_bump.thm,138,,,,
textures.xdb1,textures/roof/roof_schiffer_01.dds,174904,512,512,10,DXT1
textures.xdb1,textures/roof/roof_schiffer_01.thm,189,,,,
textures.xdb1,textures/roof/roof_schiffer_01_bump#.dds,349680,512,512,10,DXT5
textures.xdb1,textures/roof/roof_schiffer_01_bump#.thm,138,,,,
textures.xdb1,textures/roof/roof_schiffer_01_bump.dds,349680,512,512,10,DXT5
textures.xdb1,textures/roof/roof_schiffer_01_bump.thm,138,,,,
textures.xdb1,textures/roof/roof_schiffer_01_redish_alternative.dds,174904,512,512,10,DXT1
textures.xdb1,textures/roof/roof_schiffer_02.dds,174904,512,512,10,DXT1
textures.xdb1,textures/roof/roof_schiffer_02.thm,189,,,,
textures.xdb1,textures/roof/roof_smola.dds,174904,512,512,10,DXT1
textures.xdb1,textures/roof/roof_smola.thm,183,,,,
textures.xdb1,textures/roof/roof_smola_02.dds,174904,512,512,10,DXT1
textures.xdb1,textures/roof/roof_smola_02.thm,185,,,,
textures.xdb1,textures/roof/roof_smola_02_bump#.dds,87536,256,256,9,DXT5
textures.xdb1,textures/roof/roof_smola_02_bump#.thm,138,,,,
textures.xdb1,textures/roof/roof_smola_02_bump.dds,349680,512,512,10,DXT5
textures.xdb1,textures/roof/roof_smola_02_bump.thm,138,,,,
textures.xdb1,textures/roof/roof_smola_bump#.dds,349568,512,512,6,DXT5
textures.xdb1,textures/roof/roof_smola_bump#.thm,138,,,,
textures.xdb1,textures/roof/roof_smola_bump.dds,349680,512,512,10,DXT3
textures.xdb1,textures/roof/roof_smola_bump.thm,138,,,,
textures.xdb1,textures/shaders/s_dirt.dds,524416,1024,1024,0,DXT1
textures.xdb1,textures/shaders/s_raindrops.dds,1310848,1280,1024,0,DXT5
textures.xdb1,textures/shaders/s_rainscroll.dds,174904,512,512,10,DXT1
textures.xdb1,textures/shaders/s_rainstreak.dds,1310848,1280,1024,0,DXT5
textures.xdb1,textures/shoker_mod/explosions/explosion_smoke01.dds,349680,512,512,10,DXT5
textures.xdb1,textures/shoker_mod/explosions/explosion_smoke02.dds,87536,256,256,9,DXT5
textures.xdb1,textures/shoker_mod/explosions/explosion_smoke03.dds,349680,512,512,10,DXT5
textures.xdb1,textures/shoker_mod/explosions/final_expl.dds,1048704,1024,1024,0,DXT5
textures.xdb1,textures/shoker_mod/explosions/firesmokeparticle.dds,22000,128,128,8,DXT5
textures.xdb1,textures/shoker_mod/explosions/smoke128_3w.dds,21976,128,128,6,DXT5
textures.xdb1,textures/shoker_mod/explosions/smoke2.dds,87536,256,256,9,DXT5
textures.xdb1,textures/shoker_mod/explosions/smoke6.dds,87536,256,256,9,DXT5
textures.xdb1,textures/shoker_mod/explosions/smoke_white_tiled3.dds,349712,512,512,10,DXT5
textures.xdb1,textures/shoker_mod/explosions/smokeex7.dds,87536,256,256,9,DXT5
textures.xdb1,textures/shoker_mod/pfx/pfx_ak_shells_1.dds,131200,512,256,0,DXT5
textures.xdb1,textures/shoker_mod/pfx/pfx_shells1.dds,174848,512,256,6,DXT5
textures.xdb1,textures/shoker_mod/pfx/pfx_shells1.thm,138,,,,
textures.xdb1,textures/shoker_mod/pfx/pfx_shells2.dds,174848,512,256,6,DXT5
textures.xdb1,textures/shoker_mod/pfx/pfx_shells2.thm,138,,,,
textures.xdb1,textures/shoker_mod/pfx/pfx_shells3.dds,524416,1024,512,0,DXT5
textures.xdb1,textures/shoker_mod/pfx/pfx_shells3.thm,138,,,,
textures.xdb1,textures/shoker_mod/pfx/pfx_smoke_1.dds,349568,1024,256,6,DXT5
textures.xdb1,textures/sign/sign_alco.dds,174904,512,512,10,DXT1
textures.xdb1,textures/sign/sign_bioh.dds,11064,128,128,8,DXT1
textures.xdb1,textures/sign/sign_bioh.thm,138,,,,
textures.xdb1,textures/sign/sign_director.dds,21992,256,128,9,DXT1
textures.xdb1,textures/sign/sign_gerb.dds,11064,128,128,8,DXT1
textures.xdb1,textures/sign/sign_gerb.thm,138,,,,
textures.xdb1,textures/sign/sign_gr.dds,43832,256,256,9,DXT1
textures.xdb1,textures/sign/sign_gr.thm,138,,,,
textures.xdb1,textures/sign/sign_height1.dds,2872,64,64,7,DXT1
textures.xdb1,textures/sign/sign_height2.dds,2872,64,64,7,DXT1
textures.xdb1,textures/sign/sign_height2.thm,138,,,,
textures.xdb1,textures/sign/sign_hospital.dds,174904,512,512,10,DXT1
textures.xdb1,textures/sign/sign_hospital.thm,138,,,,
textures.xdb1,textures/sign/sign_info_01r.dds,174904,512,512,10,DXT1
textures.xdb1,textures/sign/sign_info_01r.thm,138,,,,
textures.xdb1,textures/sign/sign_info_02r.dds,43832,256,256,9,DXT1
textures.xdb1,textures/sign/sign_info_02r.thm,138,,,,
textures.xdb1,textures/sign/sign_info_03r.dds,174928,512,256,10,DXT3
textures.xdb1,textures/sign/sign_moscovgr.dds,87528,512,256,10,DXT1
textures.xdb1,textures/sign/sign_moscovgr.thm,161,,,,
textures.xdb1,textures/sign/sign_moscovgr_bump#.dds,699216,1024,512,11,DXT5
textures.xdb1,textures/sign/sign_moscovgr_bump#.thm,138,,,,
textures.xdb1,textures/sign/sign_moscovgr_bump.dds,699216,1024,512,11,DXT5
textures.xdb1,textures/sign/sign_moscovgr_bump.thm,138,,,,
textures.xdb1,textures/sign/sign_natogr.dds,21992,128,256,9,DXT1
textures.xdb1,textures/sign/sign_natogr.thm,138,,,,
textures.xdb1,textures/sign/sign_prodmag_iov.dds,22024,512,64,10,DXT1
textures.xdb1,textures/sign/sign_prodmag_iov.thm,138,,,,
textures.xdb1,textures/sign/sign_rad.dds,11064,128,128,8,DXT1
textures.xdb1,textures/sign/sign_rad.thm,138,,,,
textures.xdb1,textures/sign/sign_radiation.dds,43832,256,256,9,DXT1
textures.xdb1,textures/sign/sign_radiation.thm,138,,,,
textures.xdb1,textures/sign/sign_railcross1.dds,840,64,16,7,DXT1
textures.xdb1,textures/sign/sign_railcross1_pole.dds,1544,16,128,8,DXT1
textures.xdb1,textures/sign/sign_railcross1_rear.dds,840,64,16,7,DXT1
textures.xdb1,textures/sign/sign_railcross1a.dds,11064,128,128,8,DXT1
textures.xdb1,textures/sign/sign_railcross1a_rear.dds,11064,128,128,8,DXT1
textures.xdb1,textures/sign/sign_selhoz.dds,174904,512,512,10,DXT1
textures.xdb1,textures/sign/sign_set2_iov.dds,174904,512,512,10,DXT1
textures.xdb1,textures/sign/sign_set2_iov.thm,138,,,,
textures.xdb1,textures/sign/sign_set_iov.dds,174904,512,512,10,DXT1
textures.xdb1,textures/sign/sign_set_iov.thm,138,,,,
textures.xdb1,textures/sign/sign_sport_centre.dds,87528,512,256,10,DXT1
textures.xdb1,textures/sign/sign_sport_centre.thm,189,,,,
textures.xdb1,textures/sign/sign_sportgr.dds,87528,256,512,10,DXT1
textures.xdb1,textures/sign/sign_sportgr.thm,138,,,,
textures.xdb1,textures/sign/sign_stop.dds,349672,1024,512,11,DXT1
textures.xdb1,textures/sign/sign_stop.thm,163,,,,
textures.xdb1,textures/sign/sign_stop1.dds,22000,128,128,8,DXT5
textures.xdb1,textures/sign/sign_stop1.thm,138,,,,
textures.xdb1,textures/sign/sign_stop1_rear.dds,11064,128,128,8,DXT1
textures.xdb1,textures/sign/sign_stop1_rear.thm,138,,,,
textures.xdb1,textures/sign/sign_stop1_rotten.dds,349680,512,512,10,DXT5
textures.xdb1,textures/sign/sign_voltage1.dds,11064,128,128,8,DXT1
textures.xdb1,textures/sign/sign_voltage1.thm,138,,,,
textures.xdb1,textures/sign/sign_voltage2.dds,5608,128,64,8,DXT1
textures.xdb1,textures/sign/sign_voltage2.thm,138,,,,
textures.xdb1,textures/sign/sign_vorota_iov.dds,174904,512,512,10,DXT1
textures.xdb1,textures/sign/sign_ziggyroad1.dds,11064,128,128,8,DXT1
textures.xdb1,textures/sign/sign_ziggyroad1_rear.dds,11064,128,128,8,DXT1
textures.xdb1,textures/sign/sign_znaki.dds,43832,256,256,9,DXT1
textures.xdb1,textures/sky/sky_12_vibros_cube#small.dds,3200,32,32,0,DXT1
textures.xdb1,textures/sky/sky_12_vibros_cube#small.thm,138,,,,
textures.xdb1,textures/sky/sky_12_vibros_cube.dds,786560,512,512,0,DXT1
textures.xdb1,textures/sky/sky_12_vibros_cube.thm,138,,,,
textures.xdb1,textures/sky/sky_13_cube#small.dds,3200,32,32,0,DXT1
textures.xdb1,textures/sky/sky_13_cube#small.thm,138,,,,
textures.xdb1,textures/sky/sky_13_cube.dds,786560,512,512,0,DXT1
textures.xdb1,textures/sky/sky_13_cube.thm,138,,,,
textures.xdb1,textures/sky/sky_13_cube_night#small.dds,3200,32,32,0,DXT1
textures.xdb1,textures/sky/sky_13_cube_night#small.thm,138,,,,
textures.xdb1,textures/sky/sky_13_cube_night.dds,786560,512,512,0,DXT1
textures.xdb1,textures/sky/sky_13_cube_night.thm,138,,,,
textures.xdb1,textures/sky/sky_13_vibros_cube#small.dds,3200,32,32,0,DXT1
textures.xdb1,textures/sky/sky_13_vibros_cube#small.thm,138,,,,
textures.xdb1,textures/sky/sky_13_vibros_cube.dds,786560,512,512,0,DXT1
textures.xdb1,textures/sky/sky_13_vibros_cube.thm,138,,,,
textures.xdb1,textures/sky/sky_14_cube#small.dds,3200,32,32,0,DXT1
textures.xdb1,textures/sky/sky_14_cube#small.thm,138,,,,
textures.xdb1,textures/sky/sky_14_cube.dds,786560,512,512,0,DXT1
textures.xdb1,textures/sky/sky_14_cube.thm,138,,,,
textures.xdb1,textures/sky/sky_17_clouds_cube#small.dds,3200,32,32,0,DXT1
textures.xdb1,textures/sky/sky_17_clouds_cube#small.thm,138,,,,
textures.xdb1,textures/sky/sky_17_clouds_cube.dds,786560,512,512,0,DXT1
textures.xdb1,textures/sky/sky_17_clouds_cube.thm,138,,,,
textures.xdb1,textures/sky/sky_17_cube#small.dds,3200,32,32,0,DXT1
textures.xdb1,textures/sky/sky_17_cube#small.thm,138,,,,
textures.xdb1,textures/sky/sky_17_cube.dds,786560,512,512,0,DXT1
textures.xdb1,textures/sky/sky_17_cube.thm,138,,,,
textures.xdb1,textures/sky/sky_18_cube#small.dds,3200,32,32,0,DXT1
textures.xdb1,textures/sky/sky_18_cube#small.thm,138,,,,
textures.xdb1,textures/sky/sky_18_cube.dds,786560,512,512,0,DXT1
textures.xdb1,textures/sky/sky_18_cube.thm,138,,,,
textures.xdb1,textures/sky/sky_19_cube#small.dds,3200,32,32,0,DXT1
textures.xdb1,textures/sky/sky_19_cube#small.thm,138,,,,
textures.xdb1,textures/sky/sky_19_cube.dds,786560,512,512,0,DXT1
textures.xdb1,textures/sky/sky_19_cube.thm,138,,,,
textures.xdb1,textures/sky/sky_1_clouds_cube#small.dds,3200,32,32,0,DXT1
textures.xdb1,textures/sky/sky_1_clouds_cube#small.thm,138,,,,
textures.xdb1,textures/sky/sky_1_clouds_cube.dds,786560,512,512,0,DXT1
textures.xdb1,textures/sky/sky_1_clouds_cube.thm,138,,,,
textures.xdb1,textures/sky/sky_20_clouds_cube#small.dds,3200,32,32,0,DXT1
textures.xdb1,textures/sky/sky_20_clouds_cube#small.thm,138,,,,
textures.xdb1,textures/sky/sky_20_clouds_cube.dds,786560,512,512,0,DXT1
textures.xdb1,textures/sky/sky_20_clouds_cube.thm,138,,,,
textures.xdb1,textures/sky/sky_20_cube#small.dds,3200,32,32,0,DXT1
textures.xdb1,textures/sky/sky_20_cube#small.thm,138,,,,
textures.xdb1,textures/sky/sky_20_cube.dds,786560,512,512,0,DXT1
textures.xdb1,textures/sky/sky_20_cube.thm,138,,,,
textures.xdb1,textures/sky/sky_2_clouds_cube#small.dds,3200,32,32,0,DXT1
textures.xdb1,textures/sky/sky_2_clouds_cube#small.thm,138,,,,
textures.xdb1,textures/sky/sky_2_clouds_cube.dds,786560,512,512,0,DXT1
textures.xdb1,textures/sky/sky_2_clouds_cube.thm,138,,,,
textures.xdb1,textures/sky/sky_2_cube#small.dds,3200,32,32,0,DXT1
textures.xdb1,textures/sky/sky_2_cube#small.thm,138,,,,
textures.xdb1,textures/sky/sky_2_cube.dds,786560,512,512,0,DXT1
textures.xdb1,textures/sky/sky_2_cube.thm,138,,,,
textures.xdb1,textures/sky/sky_3_cube#small.dds,3200,32,32,0,DXT1
textures.xdb1,textures/sky/sky_3_cube#small.thm,138,,,,
textures.xdb1,textures/sky/sky_3_cube.dds,786560,512,512,0,DXT1
textures.xdb1,textures/sky/sky_3_cube.thm,138,,,,
textures.xdb1,textures/sky/sky_4_cube#small.dds,3200,32,32,0,DXT1
textures.xdb1,textures/sky/sky_4_cube#small.thm,138,,,,
textures.xdb1,textures/sky/sky_4_cube.dds,786560,512,512,0,DXT1
textures.xdb1,textures/sky/sky_4_cube.thm,138,,,,
textures.xdb1,textures/sky/sky_5_cube#small.dds,3200,32,32,0,DXT1
textures.xdb1,textures/sky/sky_5_cube#small.thm,138,,,,
textures.xdb1,textures/sky/sky_5_cube.dds,786560,512,512,0,DXT1
textures.xdb1,textures/sky/sky_5_cube.thm,138,,,,
textures.xdb1,textures/sky/sky_6_cube#small.dds,3200,32,32,0,DXT1
textures.xdb1,textures/sky/sky_6_cube#small.thm,138,,,,
textures.xdb1,textures/sky/sky_6_cube.dds,786560,512,512,0,DXT1
textures.xdb1,textures/sky/sky_6_cube.thm,138,,,,
textures.xdb1,textures/sky/sky_7_cube#small.dds,3200,32,32,0,DXT1
textures.xdb1,textures/sky/sky_7_cube#small.thm,138,,,,
textures.xdb1,textures/sky/sky_7_cube.dds,786560,512,512,0,DXT1
textures.xdb1,textures/sky/sky_7_cube.thm,138,,,,
textures.xdb1,textures/sky/sky_8_cube#small.dds,3200,32,32,0,DXT1
textures.xdb1,textures/sky/sky_8_cube#small.thm,138,,,,
textures.xdb1,textures/sky/sky_8_cube.dds,786560,512,512,0,DXT1
textures.xdb1,textures/sky/sky_8_cube.thm,138,,,,
textures.xdb1,textures/sky/sky_9_cube#small.dds,3200,32,32,0,DXT1
textures.xdb1,textures/sky/sky_9_cube#small.thm,138,,,,
textures.xdb1,textures/sky/sky_9_cube.dds,786560,512,512,0,DXT1
textures.xdb1,textures/sky/sky_9_cube.thm,138,,,,
textures.xdb1,textures/sky/sky_cube_cone.dds,4224,64,64,0,DXT5
textures.xdb1,textures/sky/sky_cube_cone.thm,138,,,,
textures.xdb1,textures/sky/sky_cube_weapons.dds,49280,128,128,0,DXT1
textures.xdb1,textures/sky/sky_cube_weapons.thm,138,,,,
textures.xdb1,textures/sky/sky_heli.dds,12416,64,64,0,DXT1
textures.xdb1,textures/sky/sky_heli.thm,138,,,,
textures.xdb1,textures/sky/sky_oblaka.dds,262272,512,512,0,DXT5
textures.xdb1,textures/sky/sky_oblaka.thm,138,,,,
textures.xdb1,textures/sky/af1_cloudy/cloudy_1#small.dds,6272,32,32,0,DXT5
textures.xdb1,textures/sky/af1_cloudy/cloudy_1.dds,786560,512,512,0,DXT1
textures.xdb1,textures/sky/af1_cloudy/cloudy_2#small.dds,6272,32,32,0,DXT5
textures.xdb1,textures/sky/af1_cloudy/cloudy_2.dds,786560,512,512,0,DXT1
textures.xdb1,textures/sky/af1_cloudy/cloudy_3#small.dds,6272,32,32,0,DXT5
textures.xdb1,textures/sky/af1_cloudy/cloudy_3.dds,786560,512,512,0,DXT1
textures.xdb1,textures/sky/af1_cloudy/cloudy_4#small.dds,6272,32,32,0,DXT5
textures.xdb1,textures/sky/af1_cloudy/cloudy_4.dds,786560,512,512,0,DXT1
textures.xdb1,textures/sky/af1_cloudy/cloudy_5#small.dds,6272,32,32,0,DXT5
textures.xdb1,textures/sky/af1_cloudy/cloudy_5.dds,786560,512,512,0,DXT1
textures.xdb1,textures/sky/af1_foggy/foggy_1#small.dds,6272,32,32,0,DXT5
textures.xdb1,textures/sky/af1_foggy/foggy_1.dds,786560,512,512,0,DXT1
textures.xdb1,textures/sky/af1_foggy/foggy_2#small.dds,6272,32,32,0,DXT5
textures.xdb1,textures/sky/af1_foggy/foggy_2.dds,786560,512,512,0,DXT1
textures.xdb1,textures/sky/af1_foggy/foggy_3#small.dds,6272,32,32,0,DXT5
textures.xdb1,textures/sky/af1_foggy/foggy_3.dds,786560,512,512,0,DXT1
textures.xdb1,textures/sky/af1_foggy/foggy_4#small.dds,6272,32,32,0,DXT5
textures.xdb1,textures/sky/af1_foggy/foggy_4.dds,786560,512,512,0,DXT1
textures.xdb1,textures/sky/af1_foggy/foggy_5#small.dds,6272,32,32,0,DXT5
textures.xdb1,textures/sky/af1_foggy/foggy_5.dds,786560,512,512,0,DXT1
textures.xdb1,textures/sky/af3_blowout/blowout1#small.dds,6272,32,32,0,DXT5
textures.xdb1,textures/sky/af3_blowout/blowout1.dds,786560,512,512,0,DXT1
textures.xdb1,textures/sky/af3_blowout/blowout1_1#small.dds,6272,32,32,0,DXT5
textures.xdb1,textures/sky/af3_blowout/blowout1_1.dds,786560,512,512,0,DXT1
textures.xdb1,textures/sky/af3_blowout/blowout2#small.dds,6272,32,32,0,DXT5
textures.xdb1,textures/sky/af3_blowout/blowout2.dds,786560,512,512,0,DXT1
textures.xdb1,textures/sky/af3_blowout/blowout2_night#small.dds,6272,32,32,0,DXT5
textures.xdb1,textures/sky/af3_blowout/blowout2_night.dds,786560,512,512,0,DXT1
textures.xdb1,textures/sky/af3_blowout/blowout3#small.dds,6272,32,32,0,DXT5
textures.xdb1,textures/sky/af3_blowout/blowout3.dds,786560,512,512,0,DXT1
textures.xdb1,textures/sky/af3_blowout/blowout3_1#small.dds,6272,32,32,0,DXT5
textures.xdb1,textures/sky/af3_blowout/blowout3_1.dds,786560,512,512,0,DXT1
textures.xdb1,textures/sky/af3_blowout/blowout3_1_night#small.dds,6272,32,32,0,DXT5
textures.xdb1,textures/sky/af3_blowout/blowout3_1_night.dds,786560,512,512,0,DXT1
textures.xdb1,textures/sky/af3_blowout/blowout3_2#small.dds,6272,32,32,0,DXT5
textures.xdb1,textures/sky/af3_blowout/blowout3_2.dds,786560,512,512,0,DXT1
textures.xdb1,textures/sky/af3_blowout/blowout3_2_night#small.dds,6272,32,32,0,DXT5
textures.xdb1,textures/sky/af3_blowout/blowout3_2_night.dds,786560,512,512,0,DXT1
textures.xdb1,textures/sky/af3_blowout/blowout3_3#small.dds,6272,32,32,0,DXT5
textures.xdb1,textures/sky/af3_blowout/blowout3_3.dds,786560,512,512,0,DXT1
textures.xdb1,textures/sky/af3_blowout/blowout3_3_night#small.dds,6272,32,32,0,DXT5
textures.xdb1,textures/sky/af3_blowout/blowout3_3_night.dds,786560,512,512,0,DXT1
textures.xdb1,textures/sky/af3_blowout/blowout3_night#small.dds,6272,32,32,0,DXT5
textures.xdb1,textures/sky/af3_blowout/blowout3_night.dds,786560,512,512,0,DXT1
textures.xdb1,textures/sky/af3_blowout/blowout4#small.dds,6272,32,32,0,DXT5
textures.xdb1,textures/sky/af3_blowout/blowout4.dds,786560,512,512,0,DXT1
textures.xdb1,textures/sky/af3_blowout/blowout4_1#small.dds,6272,32,32,0,DXT5
textures.xdb1,textures/sky/af3_blowout/blowout4_1.dds,786560,512,512,0,DXT1
textures.xdb1,textures/sky/af3_blowout/blowout4_1_night#small.dds,6272,32,32,0,DXT5
textures.xdb1,textures/sky/af3_blowout/blowout4_1_night.dds,786560,512,512,0,DXT1
textures.xdb1,textures/sky/af3_blowout/blowout4_night#small.dds,6272,32,32,0,DXT5
textures.xdb1,textures/sky/af3_blowout/blowout4_night.dds,786560,512,512,0,DXT1
textures.xdb1,textures/sky/af3_blowout/blowout5#small.dds,6272,32,32,0,DXT5
textures.xdb1,textures/sky/af3_blowout/blowout5.dds,786560,512,512,0,DXT1
textures.xdb1,textures/sky/af3_blowout/blowout5_night#small.dds,6272,32,32,0,DXT5
textures.xdb1,textures/sky/af3_blowout/blowout5_night.dds,786560,512,512,0,DXT1
textures.xdb1,textures/sky/af3_blowout/blowout5psi#small.dds,6272,32,32,0,DXT5
textures.xdb1,textures/sky/af3_blowout/blowout5psi.dds,786560,512,512,0,DXT1
textures.xdb1,textures/sky/af3_blowout/blowout5psi_night#small.dds,6272,32,32,0,DXT5
textures.xdb1,textures/sky/af3_blowout/blowout5psi_night.dds,786560,512,512,0,DXT1
textures.xdb1,textures/sky/af3_blowout/blowout6#small.dds,6272,32,32,0,DXT5
textures.xdb1,textures/sky/af3_blowout/blowout6.dds,786560,512,512,0,DXT1
textures.xdb1,textures/sky/af3_blowout/blowout6_night#small.dds,6272,32,32,0,DXT5
textures.xdb1,textures/sky/af3_blowout/blowout6_night.dds,786560,512,512,0,DXT1
textures.xdb1,textures/sky/af3_blowout/blowout7#small.dds,6272,32,32,0,DXT5
textures.xdb1,textures/sky/af3_blowout/blowout7.dds,786560,512,512,0,DXT1
textures.xdb1,textures/sky/af3_blowout/blowout7_night#small.dds,6272,32,32,0,DXT5
textures.xdb1,textures/sky/af3_blowout/blowout7_night.dds,786560,512,512,0,DXT1
textures.xdb1,textures/sky/af3_clear/00-00-fm#small.dds,6272,32,32,0,DXT5
textures.xdb1,textures/sky/af3_clear/00-00-fm.dds,3145856,1024,1024,0,DXT1
textures.xdb1,textures/sky/af3_clear/00-00-hm#small.dds,6272,32,32,0,DXT5
textures.xdb1,textures/sky/af3_clear/00-00-hm.dds,3145856,1024,1024,0,DXT1
textures.xdb1,textures/sky/af3_clear/00-00-nm#small.dds,6272,32,32,0,DXT5
textures.xdb1,textures/sky/af3_clear/00-00-nm.dds,3145856,1024,1024,0,DXT1
textures.xdb1,textures/sky/af3_clear/01-00-fm#small.dds,6272,32,32,0,DXT5
textures.xdb1,textures/sky/af3_clear/01-00-fm.dds,3145856,1024,1024,0,DXT1
textures.xdb1,textures/sky/af3_clear/01-00-hm#small.dds,6272,32,32,0,DXT5
textures.xdb1,textures/sky/af3_clear/01-00-hm.dds,3145856,1024,1024,0,DXT1
textures.xdb1,textures/sky/af3_clear/01-00-nm#small.dds,6272,32,32,0,DXT5
textures.xdb1,textures/sky/af3_clear/01-00-nm.dds,3145856,1024,1024,0,DXT1
textures.xdb1,textures/sky/af3_clear/02-00-fm#small.dds,6272,32,32,0,DXT5
textures.xdb1,textures/sky/af3_clear/02-00-fm.dds,3145856,1024,1024,0,DXT1
textures.xdb1,textures/sky/af3_clear/02-00-hm#small.dds,6272,32,32,0,DXT5
textures.xdb1,textures/sky/af3_clear/02-00-hm.dds,3145856,1024,1024,0,DXT1
textures.xdb1,textures/sky/af3_clear/02-00-nm#small.dds,6272,32,32,0,DXT5
textures.xdb1,textures/sky/af3_clear/02-00-nm.dds,3145856,1024,1024,0,DXT1
textures.xdb1,textures/sky/af3_clear/03-00-fm#small.dds,6272,32,32,0,DXT5
textures.xdb1,textures/sky/af3_clear/03-00-fm.dds,3145856,1024,1024,0,DXT1
textures.xdb1,textures/sky/af3_clear/03-00-hm#small.dds,6272,32,32,0,DXT5
textures.xdb1,textures/sky/af3_clear/03-00-hm.dds,3145856,1024,1024,0,DXT1
textures.xdb1,textures/sky/af3_clear/04-00-fm#small.dds,6272,32,32,0,DXT5
textures.xdb1,textures/sky/af3_clear/04-00-fm.dds,3145856,1024,1024,0,DXT1
textures.xdb1,textures/sky/af3_clear/04-00-hm#small.dds,6272,32,32,0,DXT5
textures.xdb1,textures/sky/af3_clear/04-00-hm.dds,3145856,1024,1024,0,DXT1
textures.xdb1,textures/sky/af3_clear/04-30#small.dds,6272,32,32,0,DXT5
textures.xdb1,textures/sky/af3_clear/04-30.dds,786560,512,512,0,DXT1
textures.xdb1,textures/sky/af3_clear/05-00#small.dds,6272,32,32,0,DXT5
textures.xdb1,textures/sky/af3_clear/05-00.dds,3145856,1024,1024,0,DXT1
textures.xdb1,textures/sky/af3_clear/05-30#small.dds,6272,32,32,0,DXT5
textures.xdb1,textures/sky/af3_clear/05-30.dds,786560,512,512,0,DXT1
textures.xdb1,textures/sky/af3_clear/06-00#small.dds,6272,32,32,0,DXT5
textures.xdb1,textures/sky/af3_clear/06-00.dds,786560,512,512,0,DXT1
textures.xdb1,textures/sky/af3_clear/07-00#small.dds,6272,32,32,0,DXT5
textures.xdb1,textures/sky/af3_clear/07-00.dds,786560,512,512,0,DXT1
textures.xdb1,textures/sky/af3_clear/08-00#small.dds,6272,32,32,0,DXT5
textures.xdb1,textures/sky/af3_clear/08-00.dds,786560,512,512,0,DXT1
textures.xdb1,textures/sky/af3_clear/09-00#small.dds,6272,32,32,0,DXT5
textures.xdb1,textures/sky/af3_clear/09-00.dds,786560,512,512,0,DXT1
textures.xdb1,textures/sky/af3_clear/10-00#small.dds,6272,32,32,0,DXT5
textures.xdb1,textures/sky/af3_clear/10-00.dds,786560,512,512,0,DXT1
textures.xdb1,textures/sky/af3_clear/11-00#small.dds,6272,32,32,0,DXT5
textures.xdb1,textures/sky/af3_clear/11-00.dds,786560,512,512,0,DXT1
textures.xdb1,textures/sky/af3_clear/12-00#small.dds,6272,32,32,0,DXT5
textures.xdb1,textures/sky/af3_clear/12-00.dds,786560,512,512,0,DXT1
textures.xdb1,textures/sky/af3_clear/13-00#small.dds,6272,32,32,0,DXT5
textures.xdb1,textures/sky/af3_clear/13-00.dds,786560,512,512,0,DXT1
textures.xdb1,textures/sky/af3_clear/14-00#small.dds,6272,32,32,0,DXT5
textures.xdb1,textures/sky/af3_clear/14-00.dds,786560,512,512,0,DXT1
textures.xdb1,textures/sky/af3_clear/15-00#small.dds,6272,32,32,0,DXT5
textures.xdb1,textures/sky/af3_clear/15-00.dds,786560,512,512,0,DXT1
textures.xdb1,textures/sky/af3_clear/16-00#small.dds,6272,32,32,0,DXT5
textures.xdb1,textures/sky/af3_clear/16-00.dds,786560,512,512,0,DXT1
textures.xdb1,textures/sky/af3_clear/17-00#small.dds,6272,32,32,0,DXT5
textures.xdb1,textures/sky/af3_clear/17-00.dds,786560,512,512,0,DXT1
textures.xdb1,textures/sky/af3_clear/18-00#small.dds,6272,32,32,0,DXT5
textures.xdb1,textures/sky/af3_clear/18-00.dds,786560,512,512,0,DXT1
textures.xdb1,textures/sky/af3_clear/19-00#small.dds,6272,32,32,0,DXT5
textures.xdb1,textures/sky/af3_clear/19-00.dds,786560,512,512,0,DXT1
textures.xdb1,textures/sky/af3_clear/20-00#small.dds,6272,32,32,0,DXT5
textures.xdb1,textures/sky/af3_clear/20-00.dds,786560,512,512,0,DXT1
textures.xdb1,textures/sky/af3_clear/20-30#small.dds,6272,32,32,0,DXT5
textures.xdb1,textures/sky/af3_clear/20-30.dds,786560,512,512,0,DXT1
textures.xdb1,textures/sky/af3_clear/21-00#small.dds,6272,32,32,0,DXT5
textures.xdb1,textures/sky/af3_clear/21-00.dds,786560,512,512,0,DXT1
textures.xdb1,textures/sky/af3_clear/21-30#small.dds,6272,32,32,0,DXT5
textures.xdb1,textures/sky/af3_clear/21-30.dds,786560,512,512,0,DXT1
textures.xdb1,textures/sky/af3_clear/22-00-fm#small.dds,6272,32,32,0,DXT5
textures.xdb1,textures/sky/af3_clear/22-00-fm.dds,786560,512,512,0,DXT1
textures.xdb1,textures/sky/af3_clear/22-00-hm#small.dds,6272,32,32,0,DXT5
textures.xdb1,textures/sky/af3_clear/22-00-hm.dds,786560,512,512,0,DXT1
textures.xdb1,textures/sky/af3_clear/23-00-fm#small.dds,6272,32,32,0,DXT5
textures.xdb1,textures/sky/af3_clear/23-00-fm.dds,786560,512,512,0,DXT1
textures.xdb1,textures/sky/af3_clear/23-00-hm#small.dds,6272,32,32,0,DXT5
textures.xdb1,textures/sky/af3_clear/23-00-hm.dds,786560,512,512,0,DXT1
textures.xdb1,textures/sky/af3_cloudy/05-00#small.dds,6272,32,32,0,DXT5
textures.xdb1,textures/sky/af3_cloudy/05-00.dds,3145856,1024,1024,0,DXT1
textures.xdb1,textures/sky/af3_cloudy/06-00#small.dds,6272,32,32,0,DXT5
textures.xdb1,textures/sky/af3_cloudy/06-00.dds,3145856,1024,1024,0,DXT1
textures.xdb1,textures/sky/af3_cloudy/07-00#small.dds,6272,32,32,0,DXT5
textures.xdb1,textures/sky/af3_cloudy/07-00.dds,3145856,1024,1024,0,DXT1
textures.xdb1,textures/sky/af3_cloudy/08-00#small.dds,24704,32,32,1,RGB
textures.xdb1,textures/sky/af3_cloudy/08-00.dds,6291584,1024,1024,0,DXT5
textures.xdb1,textures/sky/af3_cloudy/09-00#small.dds,24704,32,32,1,RGB
textures.xdb1,textures/sky/af3_cloudy/09-00.dds,6291584,1024,1024,0,DXT5
textures.xdb1,textures/sky/af3_cloudy/10-00#small.dds,24704,32,32,1,RGB
textures.xdb1,textures/sky/af3_cloudy/10-00.dds,6291584,1024,1024,0,DXT5
textures.xdb1,textures/sky/af3_cloudy/11-00#small.dds,24704,32,32,1,RGB
textures.xdb1,textures/sky/af3_cloudy/11-00.dds,6291584,1024,1024,0,DXT5
textures.xdb1,textures/sky/af3_cloudy/12-00#small.dds,24704,32,32,1,RGB
textures.xdb1,textures/sky/af3_cloudy/12-00.dds,6291584,1024,1024,0,DXT5
textures.xdb1,textures/sky/af3_cloudy/13-00#small.dds,24704,32,32,1,RGB
textures.xdb1,textures/sky/af3_cloudy/13-00.dds,6291584,1024,1024,0,DXT5
textures.xdb1,textures/sky/af3_cloudy/14-00#small.dds,24704,32,32,1,RGB
textures.xdb1,textures/sky/af3_cloudy/14-00.dds,6291584,1024,1024,0,DXT5
textures.xdb1,textures/sky/af3_cloudy/15-00#small.dds,24704,32,32,1,RGB
textures.xdb1,textures/sky/af3_cloudy/15-00.dds,6291584,1024,1024,0,DXT5
textures.xdb1,textures/sky/af3_cloudy/16-00#small.dds,24704,32,32,1,RGB
textures.xdb1,textures/sky/af3_cloudy/16-00.dds,6291584,1024,1024,0,DXT5
textures.xdb1,textures/sky/af3_cloudy/17-00#small.dds,6272,32,32,0,DXT5
textures.xdb1,textures/sky/af3_cloudy/17-00.dds,3145856,1024,1024,0,DXT1
textures.xdb1,textures/sky/af3_cloudy/18-00#small.dds,6272,32,32,0,DXT5
textures.xdb1,textures/sky/af3_cloudy/18-00.dds,3145856,1024,1024,0,DXT1
textures.xdb1,textures/sky/af3_cloudy/19-00#small.dds,6272,32,32,0,DXT5
textures.xdb1,textures/sky/af3_cloudy/19-00.dds,786560,512,512,0,DXT1
textures.xdb1,textures/sky/af3_cloudy/20-00#small.dds,6272,32,32,0,DXT5
textures.xdb1,textures/sky/af3_cloudy/20-00.dds,786560,512,512,0,DXT1
textures.xdb1,textures/sky/af3_foggy/06-00#small.dds,6272,32,32,0,DXT5
textures.xdb1,textures/sky/af3_foggy/06-00.dds,786560,512,512,0,DXT1
textures.xdb1,textures/sky/af3_foggy/07-00#small.dds,6272,32,32,0,DXT5
textures.xdb1,textures/sky/af3_foggy/07-00.dds,786560,512,512,0,DXT1
textures.xdb1,textures/sky/af3_foggy/09-00#small.dds,6272,32,32,0,DXT5
textures.xdb1,textures/sky/af3_foggy/09-00.dds,786560,512,512,0,DXT1
textures.xdb1,textures/sky/af3_foggy/10-00#small.dds,6272,32,32,0,DXT5
textures.xdb1,textures/sky/af3_foggy/10-00.dds,786560,512,512,0,DXT1
textures.xdb1,textures/sky/af3_foggy/11-00#small.dds,6272,32,32,0,DXT5
textures.xdb1,textures/sky/af3_foggy/11-00.dds,786560,512,512,0,DXT1
textures.xdb1,textures/sky/af3_foggy/12-00#small.dds,6272,32,32,0,DXT5
textures.xdb1,textures/sky/af3_foggy/12-00.dds,786560,512,512,0,DXT1
textures.xdb1,textures/sky/af3_foggy/13-00#small.dds,6272,32,32,0,DXT5
textures.xdb1,textures/sky/af3_foggy/13-00.dds,786560,512,512,0,DXT1
textures.xdb1,textures/sky/af3_foggy/14-00#small.dds,6272,32,32,0,DXT5
textures.xdb1,textures/sky/af3_foggy/14-00.dds,786560,512,512,0,DXT1
textures.xdb1,textures/sky/af3_foggy/15-00#small.dds,6272,32,32,0,DXT5
textures.xdb1,textures/sky/af3_foggy/15-00.dds,786560,512,512,0,DXT1
textures.xdb1,textures/sky/af3_foggy/16-00#small.dds,6272,32,32,0,DXT5
textures.xdb1,textures/sky/af3_foggy/16-00.dds,786560,512,512,0,DXT1
textures.xdb1,textures/sky/af3_foggy/17-00#small.dds,6272,32,32,0,DXT5
textures.xdb1,textures/sky/af3_foggy/17-00.dds,786560,512,512,0,DXT1
textures.xdb1,textures/sky/af3_foggy/18-00#small.dds,6272,32,32,0,DXT5
textures.xdb1,textures/sky/af3_foggy/18-00.dds,786560,512,512,0,DXT1
textures.xdb1,textures/sky/af3_foggy/19-00#small.dds,6272,32,32,0,DXT5
textures.xdb1,textures/sky/af3_foggy/19-00.dds,786560,512,512,0,DXT1
textures.xdb1,textures/sky/af3_foggy/20-00#small.dds,6272,32,32,0,DXT5
textures.xdb1,textures/sky/af3_foggy/20-00.dds,786560,512,512,0,DXT1
textures.xdb1,textures/sky/af3_partly/00-00-fm#small.dds,6272,32,32,0,DXT5
textures.xdb1,textures/sky/af3_partly/00-00-fm.dds,3145856,1024,1024,0,DXT1
textures.xdb1,textures/sky/af3_partly/00-00-hm#small.dds,6272,32,32,0,DXT5
textures.xdb1,textures/sky/af3_partly/00-00-hm.dds,3145856,1024,1024,0,DXT1
textures.xdb1,textures/sky/af3_partly/00-00-nm#small.dds,6272,32,32,0,DXT5
textures.xdb1,textures/sky/af3_partly/00-00-nm.dds,3145856,1024,1024,0,DXT1
textures.xdb1,textures/sky/af3_partly/01-00-fm#small.dds,6272,32,32,0,DXT5
textures.xdb1,textures/sky/af3_partly/01-00-fm.dds,3145856,1024,1024,0,DXT1
textures.xdb1,textures/sky/af3_partly/01-00-hm#small.dds,6272,32,32,0,DXT5
textures.xdb1,textures/sky/af3_partly/01-00-hm.dds,3145856,1024,1024,0,DXT1
textures.xdb1,textures/sky/af3_partly/01-00-nm#small.dds,6272,32,32,0,DXT5
textures.xdb1,textures/sky/af3_partly/01-00-nm.dds,3145856,1024,1024,0,DXT1
textures.xdb1,textures/sky/af3_partly/02-00-fm#small.dds,6272,32,32,0,DXT5
textures.xdb1,textures/sky/af3_partly/02-00-fm.dds,3145856,1024,1024,0,DXT1
textures.xdb1,textures/sky/af3_partly/02-00-hm#small.dds,6272,32,32,0,DXT5
textures.xdb1,textures/sky/af3_partly/02-00-hm.dds,3145856,1024,1024,0,DXT1
textures.xdb1,textures/sky/af3_partly/02-00-nm#small.dds,6272,32,32,0,DXT5
textures.xdb1,textures/sky/af3_partly/02-00-nm.dds,3145856,1024,1024,0,DXT1
textures.xdb1,textures/sky/af3_partly/03-00-fm#small.dds,6272,32,32,0,DXT5
textures.xdb1,textures/sky/af3_partly/03-00-fm.dds,3145856,1024,1024,0,DXT1
textures.xdb1,textures/sky/af3_partly/03-00-hm#small.dds,6272,32,32,0,DXT5
textures.xdb1,textures/sky/af3_partly/03-00-hm.dds,3145856,1024,1024,0,DXT1
textures.xdb1,textures/sky/af3_partly/04-00-fm#small.dds,6272,32,32,0,DXT5
textures.xdb1,textures/sky/af3_partly/04-00-fm.dds,3145856,1024,1024,0,DXT1
textures.xdb1,textures/sky/af3_partly/04-00-hm#small.dds,6272,32,32,0,DXT5
textures.xdb1,textures/sky/af3_partly/04-00-hm.dds,3145856,1024,1024,0,DXT1
textures.xdb1,textures/sky/af3_partly/04-30#small.dds,24704,32,32,1,RGB
textures.xdb1,textures/sky/af3_partly/04-30.dds,6291584,1024,1024,0,DXT5
textures.xdb1,textures/sky/af3_partly/05-00#small.dds,24704,32,32,1,RGB
textures.xdb1,textures/sky/af3_partly/05-00.dds,6291584,1024,1024,0,DXT5
textures.xdb1,textures/sky/af3_partly/05-30#small.dds,24704,32,32,1,RGB
textures.xdb1,textures/sky/af3_partly/05-30.dds,6291584,1024,1024,0,DXT5
textures.xdb1,textures/sky/af3_partly/06-00#small.dds,24704,32,32,1,RGB
textures.xdb1,textures/sky/af3_partly/06-00.dds,6291584,1024,1024,0,DXT5
textures.xdb1,textures/sky/af3_partly/07-00#small.dds,24704,32,32,1,RGB
textures.xdb1,textures/sky/af3_partly/07-00.dds,1572992,512,512,0,DXT5
textures.xdb1,textures/sky/af3_partly/08-00#small.dds,24704,32,32,0,RGB
textures.xdb1,textures/sky/af3_partly/08-00.dds,6291584,1024,1024,0,DXT5
textures.xdb1,textures/sky/af3_partly/09-00#small.dds,24704,32,32,1,RGB
textures.xdb1,textures/sky/af3_partly/09-00.dds,6291584,1024,1024,0,DXT5
textures.xdb1,textures/sky/af3_partly/10-00#small.dds,24704,32,32,1,RGB
textures.xdb1,textures/sky/af3_partly/10-00.dds,6291584,1024,1024,0,DXT5
textures.xdb1,textures/sky/af3_partly/11-00#small.dds,24704,32,32,1,RGB
textures.xdb1,textures/sky/af3_partly/11-00.dds,6291584,1024,1024,0,DXT5
textures.xdb1,textures/sky/af3_partly/12-00#small.dds,24704,32,32,1,RGB
textures.xdb1,textures/sky/af3_partly/12-00.dds,3145856,1024,1024,0,DXT1
textures.xdb1,textures/sky/af3_partly/13-00#small.dds,24704,32,32,1,RGB
textures.xdb1,textures/sky/af3_partly/13-00.dds,6291584,1024,1024,0,DXT5
textures.xdb1,textures/sky/af3_partly/14-00#small.dds,24704,32,32,1,RGB
textures.xdb1,textures/sky/af3_partly/14-00.dds,6291584,1024,1024,0,DXT5
textures.xdb1,textures/sky/af3_partly/15-00#small.dds,24704,32,32,1,RGB
textures.xdb1,textures/sky/af3_partly/15-00.dds,6291584,1024,1024,0,DXT5
textures.xdb1,textures/sky/af3_partly/16-00#small.dds,24704,32,32,1,RGB
textures.xdb1,textures/sky/af3_partly/16-00.dds,6291584,1024,1024,0,DXT5
textures.xdb1,textures/sky/af3_partly/17-00#small.dds,24704,32,32,1,RGB
textures.xdb1,textures/sky/af3_partly/17-00.dds,6291584,1024,1024,0,DXT5
textures.xdb1,textures/sky/af3_partly/18-00#small.dds,24704,32,32,1,RGB
textures.xdb1,textures/sky/af3_partly/18-00.dds,6291584,1024,1024,0,DXT5
textures.xdb1,textures/sky/af3_partly/19-00#small.dds,24704,32,32,0,RGB
textures.xdb1,textures/sky/af3_partly/19-00.dds,6291584,1024,1024,0,DXT5
textures.xdb1,textures/sky/af3_partly/20-00#small.dds,24704,32,32,1,RGB
textures.xdb1,textures/sky/af3_partly/20-00.dds,6291584,1024,1024,0,DXT5
textures.xdb1,textures/sky/af3_partly/20-30#small.dds,24704,32,32,1,RGB
textures.xdb1,textures/sky/af3_partly/20-30.dds,6291584,1024,1024,0,DXT5
textures.xdb1,textures/sky/af3_partly/21-00#small.dds,24704,32,32,1,RGB
textures.xdb1,textures/sky/af3_partly/21-00.dds,6291584,1024,1024,0,DXT5
textures.xdb1,textures/sky/af3_partly/21-30#small.dds,24704,32,32,0,RGB
textures.xdb1,textures/sky/af3_partly/21-30.dds,6291584,1024,1024,0,DXT5
textures.xdb1,textures/sky/af3_partly/22-00-fm#small.dds,6272,32,32,0,DXT5
textures.xdb1,textures/sky/af3_partly/22-00-fm.dds,3145856,1024,1024,0,DXT1
textures.xdb1,textures/sky/af3_partly/22-00-hm#small.dds,6272,32,32,0,DXT5
textures.xdb1,textures/sky/af3_partly/22-00-hm.dds,3145856,1024,1024,0,DXT1
textures.xdb1,textures/sky/af3_partly/23-00-fm#small.dds,6272,32,32,0,DXT5
textures.xdb1,textures/sky/af3_partly/23-00-fm.dds,3145856,1024,1024,0,DXT1
textures.xdb1,textures/sky/af3_partly/23-00-hm#small.dds,6272,32,32,0,DXT5
textures.xdb1,textures/sky/af3_partly/23-00-hm.dds,3145856,1024,1024,0,DXT1
textures.xdb1,textures/sky/af3_rainy/07-00#small.dds,6272,32,32,0,DXT5
textures.xdb1,textures/sky/af3_rainy/07-00.dds,3145856,1024,1024,0,DXT1
textures.xdb1,textures/sky/af3_rainy/09-00_19-00#small.dds,6272,32,32,0,DXT5
textures.xdb1,textures/sky/af3_rainy/09-00_19-00.dds,3145856,1024,1024,0,DXT1
textures.xdb1,textures/sky/af3_rainy/13-00#small.dds,6272,32,32,0,DXT5
textures.xdb1,textures/sky/af3_rainy/13-00.dds,3145856,1024,1024,0,DXT1
textures.xdb1,textures/sky/af3_rainy/15-00#small.dds,6272,32,32,0,DXT5
textures.xdb1,textures/sky/af3_rainy/15-00-2#small.dds,6272,32,32,0,DXT5
textures.xdb1,textures/sky/af3_rainy/15-00-2.dds,3145856,1024,1024,0,DXT1
textures.xdb1,textures/sky/af3_rainy/15-00.dds,3145856,1024,1024,0,DXT1
textures.xdb1,textures/sky/af3_rainy/16-00#small.dds,6272,32,32,0,DXT5
textures.xdb1,textures/sky/af3_rainy/16-00.dds,3145856,1024,1024,0,DXT1
textures.xdb1,textures/sky/af3_rainy/20-00#small.dds,6272,32,32,0,DXT5
textures.xdb1,textures/sky/af3_rainy/20-00.dds,3145856,1024,1024,0,DXT1
textures.xdb1,textures/ston/ston_asfalt2_hr_iov.dds,699216,512,1024,11,DXT5
textures.xdb1,textures/ston/ston_asfalt_a.dds,174904,512,512,10,DXT1
textures.xdb1,textures/ston/ston_asfalt_a.thm,191,,,,
textures.xdb1,textures/ston/ston_asfalt_a_bump#.dds,349680,512,512,10,DXT5
textures.xdb1,textures/ston/ston_asfalt_a_bump#.thm,138,,,,
textures.xdb1,textures/ston/ston_asfalt_a_bump.dds,349680,512,512,10,DXT5
textures.xdb1,textures/ston/ston_asfalt_a_bump.thm,138,,,,
textures.xdb1,textures/ston/ston_asfalt_a_det.dds,262272,512,512,0,DXT5
textures.xdb1,textures/ston/ston_asfalt_a_gray.dds,174904,512,512,10,DXT1
textures.xdb1,textures/ston/ston_asfalt_a_gray.thm,191,,,,
textures.xdb1,textures/ston/ston_asfalt_a_nd.dds,262272,512,512,0,DXT5
textures.xdb1,textures/ston/ston_asfalt_a_r.dds,43848,512,128,10,DXT1
textures.xdb1,textures/ston/ston_asfalt_a_r.thm,162,,,,
textures.xdb1,textures/ston/ston_asfalt_hr_iov_bump#.dds,349680,512,512,10,DXT5
textures.xdb1,textures/ston/ston_asfalt_hr_iov_bump#.thm,138,,,,
textures.xdb1,textures/ston/ston_asfalt_hr_iov_bump.dds,349680,512,512,10,DXT5
textures.xdb1,textures/ston/ston_asfalt_hr_iov_bump.thm,138,,,,
textures.xdb1,textures/ston/ston_asfalt_iov_old_01.dds,349680,512,512,10,DXT5
textures.xdb1,textures/ston/ston_asfalt_sm_iov.dds,262272,512,512,0,DXT5
textures.xdb1,textures/ston/ston_beton04.dds,174904,512,512,10,DXT1
textures.xdb1,textures/ston/ston_beton04.thm,187,,,,
textures.xdb1,textures/ston/ston_beton05.dds,174904,512,512,10,DXT1
textures.xdb1,textures/ston/ston_beton05.thm,184,,,,
textures.xdb1,textures/ston/ston_beton05_bump#.dds,349680,512,512,10,DXT5
textures.xdb1,textures/ston/ston_beton05_bump#.thm,138,,,,
textures.xdb1,textures/ston/ston_beton05_bump.dds,349680,512,512,10,DXT5
textures.xdb1,textures/ston/ston_beton05_bump.thm,138,,,,
textures.xdb1,textures/ston/ston_beton_01d.dds,174904,512,512,10,DXT1
textures.xdb1,textures/ston/ston_beton_01d.thm,162,,,,
textures.xdb1,textures/ston/ston_beton_03.dds,43848,512,128,10,DXT1
textures.xdb1,textures/ston/ston_beton_03.thm,165,,,,
textures.xdb1,textures/ston/ston_beton_ch_01.dds,174904,512,512,10,DXT1
textures.xdb1,textures/ston/ston_beton_ch_01.thm,188,,,,
textures.xdb1,textures/ston/ston_beton_ch_01_a.dds,174904,512,512,10,DXT1
textures.xdb1,textures/ston/ston_beton_ch_01_a.thm,188,,,,
textures.xdb1,textures/ston/ston_beton_ch_01_a_bump#.dds,349568,512,512,6,DXT5
textures.xdb1,textures/ston/ston_beton_ch_01_a_bump.dds,349568,512,512,6,DXT5
textures.xdb1,textures/ston/ston_beton_ch_01_a_bump.thm,138,,,,
textures.xdb1,textures/ston/ston_beton_ch_01_bump#.dds,349680,512,512,10,DXT5
textures.xdb1,textures/ston/ston_beton_ch_01_bump#.thm,138,,,,
textures.xdb1,textures/ston/ston_beton_ch_01_bump.dds,349680,512,512,10,DXT5
textures.xdb1,textures/ston/ston_beton_ch_01_bump.thm,138,,,,
textures.xdb1,textures/ston/ston_beton_ch_02.dds,43832,256,256,9,DXT1
textures.xdb1,textures/ston/ston_beton_ch_02.thm,162,,,,
textures.xdb1,textures/ston/ston_beton_ch_03.dds,87528,512,256,10,DXT1
textures.xdb1,textures/ston/ston_beton_ch_03.thm,162,,,,
textures.xdb1,textures/ston/ston_beton_ch_04.dds,22024,512,64,10,DXT1
textures.xdb1,textures/ston/ston_beton_ch_04.thm,162,,,,
textures.xdb1,textures/ston/ston_beton_ch_06.dds,349672,1024,512,11,DXT1
textures.xdb1,textures/ston/ston_beton_ch_06.thm,162,,,,
textures.xdb1,textures/ston/ston_beton_ch_06_bump#.dds,699008,1024,512,6,DXT5
textures.xdb1,textures/ston/ston_beton_ch_06_bump.dds,699008,1024,512,6,DXT5
textures.xdb1,textures/ston/ston_beton_ch_06_bump.thm,138,,,,
textures.xdb1,textures/ston/ston_beton_ch_06_glass.dds,349672,1024,512,11,DXT1
textures.xdb1,textures/ston/ston_beton_ch_06_glass.thm,138,,,,
textures.xdb1,textures/ston/ston_beton_ch_07.dds,174920,1024,256,11,DXT1
textures.xdb1,textures/ston/ston_beton_ch_07.thm,188,,,,
textures.xdb1,textures/ston/ston_beton_ch_07_bump#.dds,349712,1024,256,11,DXT5
textures.xdb1,textures/ston/ston_beton_ch_07_bump#.thm,138,,,,
textures.xdb1,textures/ston/ston_beton_ch_07_bump.dds,349712,1024,256,11,DXT5
textures.xdb1,textures/ston/ston_beton_ch_07_bump.thm,138,,,,
textures.xdb1,textures/ston/ston_beton_ch_08.dds,699192,2048,512,10,DXT1
textures.xdb1,textures/ston/ston_beton_ch_08.thm,193,,,,
textures.xdb1,textures/ston/ston_beton_ch_09.dds,174904,512,512,10,DXT1
textures.xdb1,textures/ston/ston_beton_ch_09.thm,186,,,,
textures.xdb1,textures/ston/ston_beton_ch_09_bump#.dds,349568,512,512,6,DXT5
textures.xdb1,textures/ston/ston_beton_ch_09_bump.dds,349568,512,512,6,DXT5
textures.xdb1,textures/ston/ston_beton_ch_09_bump.thm,138,,,,
textures.xdb1,textures/ston/ston_beton_ch_09_d.dds,174904,512,512,10,DXT1
textures.xdb1,textures/ston/ston_beton_ch_09_d.thm,188,,,,
textures.xdb1,textures/ston/ston_beton_ch_09a.dds,174904,512,512,10,DXT1
textures.xdb1,textures/ston/ston_beton_ch_09a.thm,186,,,,
textures.xdb1,textures/ston/ston_beton_ch_10.dds,174904,512,512,10,DXT1
textures.xdb1,textures/ston/ston_beton_ch_10.thm,194,,,,
textures.xdb1,textures/ston/ston_beton_ch_10_bump#.dds,349568,512,512,6,DXT5
textures.xdb1,textures/ston/ston_beton_ch_10_bump.dds,349568,512,512,6,DXT5
textures.xdb1,textures/ston/ston_beton_ch_10_bump.thm,138,,,,
textures.xdb1,textures/ston/ston_beton_ch_12.dds,174904,512,512,10,DXT1
textures.xdb1,textures/ston/ston_beton_ch_12.thm,188,,,,
textures.xdb1,textures/ston/ston_beton_ch_12_bump#.dds,349680,512,512,10,DXT5
textures.xdb1,textures/ston/ston_beton_ch_12_bump#.thm,138,,,,
textures.xdb1,textures/ston/ston_beton_ch_12_bump.dds,349680,512,512,10,DXT5
textures.xdb1,textures/ston/ston_beton_ch_12_bump.thm,138,,,,
textures.xdb1,textures/ston/ston_beton_ch_13.dds,174904,512,512,10,DXT1
textures.xdb1,textures/ston/ston_beton_ch_13.thm,162,,,,
textures.xdb1,textures/ston/ston_beton_ch_14.dds,174904,512,512,10,DXT1
textures.xdb1,textures/ston/ston_beton_ch_141.dds,349672,1024,512,11,DXT1
textures.xdb1,textures/ston/ston_beton_ch_141.thm,191,,,,
textures.xdb1,textures/ston/ston_beton_ch_15.dds,174904,512,512,10,DXT1
textures.xdb1,textures/ston/ston_beton_ch_15.thm,186,,,,
textures.xdb1,textures/ston/ston_beton_floor_iov_01.dds,174904,512,512,10,DXT1
textures.xdb1,textures/ston/ston_beton_floor_iov_01.thm,162,,,,
textures.xdb1,textures/ston/ston_beton_floor_iov_01_bump#.dds,349680,512,512,10,DXT5
textures.xdb1,textures/ston/ston_beton_floor_iov_01_bump#.thm,138,,,,
textures.xdb1,textures/ston/ston_beton_floor_iov_01_bump.dds,349680,512,512,10,DXT5
textures.xdb1,textures/ston/ston_beton_floor_iov_01_bump.thm,138,,,,
textures.xdb1,textures/ston/ston_beton_iov_01.dds,174904,512,512,10,DXT1
textures.xdb1,textures/ston/ston_beton_iov_01.thm,192,,,,
textures.xdb1,textures/ston/ston_beton_iov_02 copy.dds,174904,512,512,10,DXT1
textures.xdb1,textures/ston/ston_beton_iov_02 copy.thm,189,,,,
textures.xdb1,textures/ston/ston_beton_iov_02.dds,174904,512,512,10,DXT1
textures.xdb1,textures/ston/ston_beton_iov_02.thm,190,,,,
textures.xdb1,textures/ston/ston_beton_iov_02_bump#.dds,1397888,1024,1024,6,DXT5
textures.xdb1,textures/ston/ston_beton_iov_02_bump.dds,1397888,1024,1024,6,DXT5
textures.xdb1,textures/ston/ston_beton_iov_02_bump.thm,138,,,,
textures.xdb1,textures/ston/ston_beton_iov_05.dds,174904,512,512,10,DXT1
textures.xdb1,textures/ston/ston_beton_iov_05.thm,192,,,,
textures.xdb1,textures/ston/ston_beton_iov_06.dds,174904,512,512,10,DXT1
textures.xdb1,textures/ston/ston_beton_iov_06.thm,189,,,,
textures.xdb1,textures/ston/ston_beton_iov_06_bump#.dds,349680,512,512,10,DXT5
textures.xdb1,textures/ston/ston_beton_iov_06_bump#.thm,138,,,,
textures.xdb1,textures/ston/ston_beton_iov_06_bump.dds,349680,512,512,10,DXT5
textures.xdb1,textures/ston/ston_beton_iov_06_bump.thm,138,,,,
textures.xdb1,textures/ston/ston_beton_iov_dirt_01.dds,174904,512,512,10,DXT1
textures.xdb1,textures/ston/ston_beton_iov_dirt_01.thm,192,,,,
textures.xdb1,textures/ston/ston_beton_iov_dirt_01_bump#.dds,349568,512,512,6,DXT5
textures.xdb1,textures/ston/ston_beton_iov_dirt_01_bump.dds,349568,512,512,6,DXT5
textures.xdb1,textures/ston/ston_beton_iov_dirt_01_bump.thm,138,,,,
textures.xdb1,textures/ston/ston_beton_lom_iov.dds,174904,512,512,10,DXT1
textures.xdb1,textures/ston/ston_beton_lom_iov.thm,188,,,,
textures.xdb1,textures/ston/ston_beton_pod_01.dds,349680,512,512,10,DXT5
textures.xdb1,textures/ston/ston_beton_pod_01.thm,188,,,,
textures.xdb1,textures/ston/ston_beton_pod_03.dds,349672,1024,512,11,DXT1
textures.xdb1,textures/ston/ston_beton_pod_03.thm,193,,,,
textures.xdb1,textures/ston/ston_beton_pod_03_border.dds,43912,1024,64,11,DXT1
textures.xdb1,textures/ston/ston_beton_pod_03_border.thm,162,,,,
textures.xdb1,textures/ston/ston_beton_pod_03_bump#.dds,699216,1024,512,11,DXT5
textures.xdb1,textures/ston/ston_beton_pod_03_bump#.thm,138,,,,
textures.xdb1,textures/ston/ston_beton_pod_03_bump.dds,699200,1024,512,10,DXT5
textures.xdb1,textures/ston/ston_beton_pod_03_bump.thm,138,,,,
textures.xdb1,textures/ston/ston_beton_pod_05.dds,349672,1024,512,11,DXT1
textures.xdb1,textures/ston/ston_beton_pod_05.thm,191,,,,
textures.xdb1,textures/ston/ston_beton_pod_05_bump#.dds,699008,1024,512,6,DXT5
textures.xdb1,textures/ston/ston_beton_pod_05_bump.dds,699008,1024,512,6,DXT5
textures.xdb1,textures/ston/ston_beton_pod_05_bump.thm,138,,,,
textures.xdb1,textures/ston/ston_beton_potolok2_iov.dds,174904,512,512,10,DXT1
textures.xdb1,textures/ston/ston_beton_potolok2_iov.thm,188,,,,
textures.xdb1,textures/ston/ston_beton_potolok_contrast_iov.dds,174904,512,512,10,DXT1
textures.xdb1,textures/ston/ston_beton_potolok_contrast_iov.thm,162,,,,
textures.xdb1,textures/ston/ston_beton_potolok_grey_iov.dds,349680,512,512,10,DXT5
textures.xdb1,textures/ston/ston_beton_potolok_iov.dds,349680,512,512,10,DXT5
textures.xdb1,textures/ston/ston_beton_stena_iov.dds,174904,512,512,10,DXT1
textures.xdb1,textures/ston/ston_beton_stena_iov.thm,162,,,,
textures.xdb1,textures/ston/ston_beton_stena_iov_hi.dds,174904,512,512,10,DXT1
textures.xdb1,textures/ston/ston_beton_stena_iov_hi.thm,186,,,,
textures.xdb1,textures/ston/ston_beton_stena_iov_n.dds,699216,512,1024,11,DXT5
textures.xdb1,textures/ston/ston_big_iov.dds,349680,512,512,10,DXT5
textures.xdb1,textures/ston/ston_big_iov.thm,186,,,,
textures.xdb1,textures/ston/ston_big_iov_bump#.dds,349680,512,512,10,DXT5
textures.xdb1,textures/ston/ston_big_iov_bump#.thm,138,,,,
textures.xdb1,textures/ston/ston_big_iov_bump.dds,349680,512,512,10,DXT5
textures.xdb1,textures/ston/ston_big_iov_bump.thm,138,,,,
textures.xdb1,textures/ston/ston_bordur.dds,174920,256,1024,11,DXT1
textures.xdb1,textures/ston/ston_bordur.thm,187,,,,
textures.xdb1,textures/ston/ston_bordur_j01.dds,43848,512,128,10,DXT1
textures.xdb1,textures/ston/ston_bordur_j01.thm,190,,,,
textures.xdb1,textures/ston/ston_bordur_j01_bump#.dds,87568,512,128,10,DXT5
textures.xdb1,textures/ston/ston_bordur_j01_bump#.thm,138,,,,
textures.xdb1,textures/ston/ston_bordur_j01_bump.dds,87568,512,128,10,DXT5
textures.xdb1,textures/ston/ston_bordur_j01_bump.thm,138,,,,
textures.xdb1,textures/ston/ston_bordur_j02b.dds,87528,512,256,10,DXT1
textures.xdb1,textures/ston/ston_bordur_j02b.thm,190,,,,
textures.xdb1,textures/ston/ston_bordur_j02b_bump#.dds,174928,512,256,10,DXT5
textures.xdb1,textures/ston/ston_bordur_j02b_bump#.thm,138,,,,
textures.xdb1,textures/ston/ston_bordur_j02b_bump.dds,174928,512,256,10,DXT5
textures.xdb1,textures/ston/ston_bordur_j02b_bump.thm,138,,,,
textures.xdb1,textures/ston/ston_bordur_j03.dds,87528,512,256,10,DXT1
textures.xdb1,textures/ston/ston_bordur_j03.thm,187,,,,
textures.xdb1,textures/ston/ston_bort_j01.dds,87528,512,256,10,DXT1
textures.xdb1,textures/ston/ston_bort_j01.thm,187,,,,
textures.xdb1,textures/ston/ston_bort_j01_bump#.dds,174928,512,256,10,DXT5
textures.xdb1,textures/ston/ston_bort_j01_bump#.thm,138,,,,
textures.xdb1,textures/ston/ston_bort_j01_bump.dds,174928,512,256,10,DXT5
textures.xdb1,textures/ston/ston_bort_j01_bump.thm,138,,,,
textures.xdb1,textures/ston/ston_br2_iov.dds,174904,512,512,10,DXT1
textures.xdb1,textures/ston/ston_br2_iov.thm,184,,,,
textures.xdb1,textures/ston/ston_br2_iov_bump#.dds,349680,512,512,10,DXT5
textures.xdb1,textures/ston/ston_br2_iov_bump#.thm,138,,,,
textures.xdb1,textures/ston/ston_br2_iov_bump.dds,349680,512,512,10,DXT5
textures.xdb1,textures/ston/ston_br2_iov_bump.thm,138,,,,
textures.xdb1,textures/ston/ston_br_hr_iov.dds,174904,512,512,10,DXT1
textures.xdb1,textures/ston/ston_br_hr_iov.thm,182,,,,
textures.xdb1,textures/ston/ston_brick_gr.dds,11064,128,128,8,DXT1
textures.xdb1,textures/ston/ston_brick_gr.thm,162,,,,
textures.xdb1,textures/ston/ston_brickinside_iov.dds,174904,512,512,10,DXT1
textures.xdb1,textures/ston/ston_brickinside_iov.thm,188,,,,
textures.xdb1,textures/ston/ston_bricks1.dds,174904,512,512,10,DXT1
textures.xdb1,textures/ston/ston_bricks1.thm,184,,,,
textures.xdb1,textures/ston/ston_bricks10.dds,174904,512,512,10,DXT1
textures.xdb1,textures/ston/ston_bricks10.thm,188,,,,
textures.xdb1,textures/ston/ston_bricks12.dds,87528,512,256,10,DXT1
textures.xdb1,textures/ston/ston_bricks12.thm,164,,,,
textures.xdb1,textures/ston/ston_bricks12_bump#.dds,174848,512,256,6,DXT5
textures.xdb1,textures/ston/ston_bricks12_bump.dds,174848,512,256,6,DXT5
textures.xdb1,textures/ston/ston_bricks12_bump.thm,138,,,,
textures.xdb1,textures/ston/ston_bricks12a.dds,87528,512,256,10,DXT1
textures.xdb1,textures/ston/ston_bricks12a.thm,164,,,,
textures.xdb1,textures/ston/ston_bricks1_bump#.dds,349680,512,512,10,DXT5
textures.xdb1,textures/ston/ston_bricks1_bump#.thm,138,,,,
textures.xdb1,textures/ston/ston_bricks1_bump.dds,349680,512,512,10,DXT5
textures.xdb1,textures/ston/ston_bricks1_bump.thm,138,,,,
textures.xdb1,textures/ston/ston_bricks2.dds,87528,256,512,10,DXT1
textures.xdb1,textures/ston/ston_bricks2.thm,184,,,,
textures.xdb1,textures/ston/ston_bricks2_bump#.dds,174928,256,512,10,DXT5
textures.xdb1,textures/ston/ston_bricks2_bump#.thm,138,,,,
textures.xdb1,textures/ston/ston_bricks2_bump.dds,174928,256,512,10,DXT5
textures.xdb1,textures/ston/ston_bricks2_bump.thm,138,,,,
textures.xdb1,textures/ston/ston_bricks3.dds,349664,1024,512,10,DXT1
textures.xdb1,textures/ston/ston_bricks3.thm,186,,,,
textures.xdb1,textures/ston/ston_bricks3_bump#.dds,699200,1024,512,10,DXT5
textures.xdb1,textures/ston/ston_bricks3_bump#.thm,138,,,,
textures.xdb1,textures/ston/ston_bricks3_bump.dds,699200,1024,512,10,DXT5
textures.xdb1,textures/ston/ston_bricks3_bump.thm,138,,,,
textures.xdb1,textures/ston/ston_bricks4.dds,174904,512,512,10,DXT1
textures.xdb1,textures/ston/ston_bricks4.thm,185,,,,
textures.xdb1,textures/ston/ston_bricks4_bump#.dds,1397888,1024,1024,6,DXT5
textures.xdb1,textures/ston/ston_bricks4_bump.dds,1397888,1024,1024,6,DXT5
textures.xdb1,textures/ston/ston_bricks4_bump.thm,138,,,,
textures.xdb1,textures/ston/ston_bricks5.dds,87528,512,256,10,DXT1
textures.xdb1,textures/ston/ston_bricks5.thm,188,,,,
textures.xdb1,textures/ston/ston_bricks6.dds,699216,1024,512,11,DXT5
textures.xdb1,textures/ston/ston_bricks6a.dds,174928,512,256,10,DXT5
textures.xdb1,textures/ston/ston_bricks7.dds,43832,256,256,9,DXT1
textures.xdb1,textures/ston/ston_bricks7.thm,184,,,,
textures.xdb1,textures/ston/ston_bricks7_bump#.dds,349680,512,512,10,DXT5
textures.xdb1,textures/ston/ston_bricks7_bump#.thm,138,,,,
textures.xdb1,textures/ston/ston_bricks7_bump.dds,349680,512,512,10,DXT5
textures.xdb1,textures/ston/ston_bricks7_bump.thm,138,,,,
textures.xdb1,textures/ston/ston_bricks8.dds,43832,256,256,9,DXT1
textures.xdb1,textures/ston/ston_bricks8.thm,184,,,,
textures.xdb1,textures/ston/ston_bricks8_bez_zeleni.dds,43832,256,256,9,DXT1
textures.xdb1,textures/ston/ston_bricks8_bez_zeleni.thm,184,,,,
textures.xdb1,textures/ston/ston_bricks9.dds,43832,256,256,9,DXT1
textures.xdb1,textures/ston/ston_bricks9.thm,184,,,,
textures.xdb1,textures/ston/ston_bricks9_bump#.dds,349680,512,512,10,DXT5
textures.xdb1,textures/ston/ston_bricks9_bump#.thm,138,,,,
textures.xdb1,textures/ston/ston_bricks9_bump.dds,349680,512,512,10,DXT5
textures.xdb1,textures/ston/ston_bricks9_bump.thm,138,,,,
textures.xdb1,textures/ston/ston_bricks9_red.dds,87536,256,256,9,DXT5
textures.xdb1,textures/ston/ston_bricks_1973.dds,87528,512,256,10,DXT1
textures.xdb1,textures/ston/ston_bricks_1973.thm,188,,,,
textures.xdb1,textures/ston/ston_bricks_j10.dds,349672,1024,512,11,DXT1
textures.xdb1,textures/ston/ston_bricks_j10.thm,189,,,,
textures.xdb1,textures/ston/ston_bricks_j10_bump#.dds,174928,512,256,10,DXT5
textures.xdb1,textures/ston/ston_bricks_j10_bump#.thm,138,,,,
textures.xdb1,textures/ston/ston_bricks_j10_bump.dds,699216,1024,512,11,DXT5
textures.xdb1,textures/ston/ston_bricks_j10_bump.thm,138,,,,
textures.xdb1,textures/ston/ston_briks_01_ch.dds,699192,1024,1024,11,DXT1
textures.xdb1,textures/ston/ston_briks_01_ch.thm,190,,,,
textures.xdb1,textures/ston/ston_briks_ch.dds,174904,512,512,10,DXT1
textures.xdb1,textures/ston/ston_briks_ch.thm,185,,,,
textures.xdb1,textures/ston/ston_briks_ch_bump#.dds,349680,512,512,10,DXT5
textures.xdb1,textures/ston/ston_briks_ch_bump#.thm,138,,,,
textures.xdb1,textures/ston/ston_briks_ch_bump.dds,349680,512,512,10,DXT5
textures.xdb1,textures/ston/ston_briks_ch_bump.thm,138,,,,
textures.xdb1,textures/ston/ston_briks_ch_iov.dds,174904,512,512,10,DXT1
textures.xdb1,textures/ston/ston_briks_ch_iov.thm,189,,,,
textures.xdb1,textures/ston/ston_briks_ch_iov_bump#.dds,349680,512,512,10,DXT5
textures.xdb1,textures/ston/ston_briks_ch_iov_bump#.thm,138,,,,
textures.xdb1,textures/ston/ston_briks_ch_iov_bump.dds,349680,512,512,10,DXT5
textures.xdb1,textures/ston/ston_briks_ch_iov_bump.thm,138,,,,
textures.xdb1,textures/ston/ston_briks_iov_dirt_01.dds,174904,512,512,10,DXT1
textures.xdb1,textures/ston/ston_briks_iov_dirt_01.thm,186,,,,
textures.xdb1,textures/ston/ston_det2.dds,43808,256,256,6,DXT1
textures.xdb1,textures/ston/ston_det2.thm,138,,,,
textures.xdb1,textures/ston/ston_floor_01gr.dds,349672,1024,512,11,DXT1
textures.xdb1,textures/ston/ston_floor_01gr.thm,188,,,,
textures.xdb1,textures/ston/ston_floor_01gr_bump#.dds,699216,1024,512,11,DXT5
textures.xdb1,textures/ston/ston_floor_01gr_bump#.thm,138,,,,
textures.xdb1,textures/ston/ston_floor_01gr_bump.dds,699216,1024,512,11,DXT5
textures.xdb1,textures/ston/ston_floor_01gr_bump.thm,138,,,,
textures.xdb1,textures/ston/ston_floor_03.dds,349672,1024,512,11,DXT1
textures.xdb1,textures/ston/ston_floor_03.thm,186,,,,
textures.xdb1,textures/ston/ston_floor_03_bump#.dds,699216,1024,512,11,DXT5
textures.xdb1,textures/ston/ston_floor_03_bump#.thm,138,,,,
textures.xdb1,textures/ston/ston_floor_03_bump.dds,699216,1024,512,11,DXT5
textures.xdb1,textures/ston/ston_floor_03_bump.thm,138,,,,
textures.xdb1,textures/ston/ston_floor_03a.dds,174904,512,512,10,DXT1
textures.xdb1,textures/ston/ston_floor_03a.thm,162,,,,
textures.xdb1,textures/ston/ston_floor_04.dds,174904,512,512,10,DXT1
textures.xdb1,textures/ston/ston_floor_04.thm,185,,,,
textures.xdb1,textures/ston/ston_floor_04_bump#.dds,349680,512,512,10,DXT5
textures.xdb1,textures/ston/ston_floor_04_bump#.thm,138,,,,
textures.xdb1,textures/ston/ston_floor_04_bump.dds,349680,512,512,10,DXT5
textures.xdb1,textures/ston/ston_floor_04_bump.thm,138,,,,
textures.xdb1,textures/ston/ston_granit_01.dds,349680,512,512,10,DXT5
textures.xdb1,textures/ston/ston_granit_01.thm,162,,,,
textures.xdb1,textures/ston/ston_granit_02.dds,174904,512,512,10,DXT1
textures.xdb1,textures/ston/ston_granit_02.thm,162,,,,
textures.xdb1,textures/ston/ston_kazarmawall_iov.dds,349672,1024,512,11,DXT1
textures.xdb1,textures/ston/ston_kazarmawall_iov.thm,189,,,,
textures.xdb1,textures/ston/ston_kirpichi_a.dds,174904,512,512,10,DXT1
textures.xdb1,textures/ston/ston_kirpichi_a.thm,185,,,,
textures.xdb1,textures/ston/ston_kirpichi_a_bump#.dds,349680,512,512,10,DXT5
textures.xdb1,textures/ston/ston_kirpichi_a_bump#.thm,138,,,,
textures.xdb1,textures/ston/ston_kirpichi_a_bump.dds,349680,512,512,10,DXT5
textures.xdb1,textures/ston/ston_kirpichi_a_bump.thm,138,,,,
textures.xdb1,textures/ston/ston_marble_br_iov.dds,174904,512,512,10,DXT1
textures.xdb1,textures/ston/ston_marble_br_iov.thm,184,,,,
textures.xdb1,textures/ston/ston_megabrick_iov.dds,174904,512,512,10,DXT1
textures.xdb1,textures/ston/ston_megabrick_iov.thm,182,,,,
textures.xdb1,textures/ston/ston_megabrick_iov_1.dds,174904,512,512,10,DXT1
textures.xdb1,textures/ston/ston_megabrick_iov_1.thm,182,,,,
textures.xdb1,textures/ston/ston_megabrick_iov_bump#.dds,1397888,1024,1024,6,DXT5
textures.xdb1,textures/ston/ston_megabrick_iov_bump.dds,1397888,1024,1024,6,DXT5
textures.xdb1,textures/ston/ston_megabrick_iov_bump.thm,138,,,,
textures.xdb1,textures/ston/ston_monolith.dds,174904,512,512,10,DXT1
textures.xdb1,textures/ston/ston_monolith.thm,187,,,,
textures.xdb1,textures/ston/ston_monolith_bump.dds,349680,512,512,10,DXT5
textures.xdb1,textures/ston/ston_mramor_iov.dds,174904,512,512,10,DXT1
textures.xdb1,textures/ston/ston_mramor_iov.thm,161,,,,
textures.xdb1,textures/ston/ston_musor2_iov.dds,349680,512,512,10,DXT5
textures.xdb1,textures/ston/ston_musor_iov.dds,349680,512,512,10,DXT5
textures.xdb1,textures/ston/ston_musor_iov.thm,189,,,,
textures.xdb1,textures/ston/ston_oblicovka_dark03.dds,87560,1024,128,11,DXT1
textures.xdb1,textures/ston/ston_oblicovka_dark03.thm,190,,,,
textures.xdb1,textures/ston/ston_oblicovka_gr01.dds,174904,512,512,10,DXT1
textures.xdb1,textures/ston/ston_oblicovka_gr01.thm,191,,,,
textures.xdb1,textures/ston/ston_oblicovka_gr01_bump#.dds,349680,512,512,10,DXT5
textures.xdb1,textures/ston/ston_oblicovka_gr01_bump#.thm,138,,,,
textures.xdb1,textures/ston/ston_oblicovka_gr01_bump.dds,349680,512,512,10,DXT5
textures.xdb1,textures/ston/ston_oblicovka_gr01_bump.thm,138,,,,
textures.xdb1,textures/ston/ston_oblicovka_gr02.dds,87528,512,256,10,DXT1
textures.xdb1,textures/ston/ston_oblicovka_gr02.thm,191,,,,
textures.xdb1,textures/ston/ston_oblicovka_gr02_bump#.dds,699216,1024,512,11,DXT5
textures.xdb1,textures/ston/ston_oblicovka_gr02_bump#.thm,138,,,,
textures.xdb1,textures/ston/ston_oblicovka_gr02_bump.dds,699216,1024,512,11,DXT5
textures.xdb1,textures/ston/ston_oblicovka_gr02_bump.thm,138,,,,
textures.xdb1,textures/ston/ston_oblicovka_gr03_1.dds,87528,512,256,10,DXT1
textures.xdb1,textures/ston/ston_oblicovka_gr03_1.thm,193,,,,
textures.xdb1,textures/ston/ston_oblicovka_gr03_1_bump#.dds,174928,512,256,10,DXT5
textures.xdb1,textures/ston/ston_oblicovka_gr03_1_bump#.thm,138,,,,
textures.xdb1,textures/ston/ston_oblicovka_gr03_1_bump.dds,174928,512,256,10,DXT5
textures.xdb1,textures/ston/ston_oblicovka_gr03_1_bump.thm,138,,,,
textures.xdb1,textures/ston/ston_oblicovka_gr04.dds,174904,512,512,10,DXT1
textures.xdb1,textures/ston/ston_oblicovka_gr04.thm,191,,,,
textures.xdb1,textures/ston/ston_oblicovka_gr04_bump#.dds,349680,512,512,10,DXT5
textures.xdb1,textures/ston/ston_oblicovka_gr04_bump#.thm,138,,,,
textures.xdb1,textures/ston/ston_oblicovka_gr04_bump.dds,349680,512,512,10,DXT5
textures.xdb1,textures/ston/ston_oblicovka_gr04_bump.thm,138,,,,
textures.xdb1,textures/ston/ston_old_beton_iov.dds,174904,512,512,10,DXT1
textures.xdb1,textures/ston/ston_old_beton_iov.thm,188,,,,
textures.xdb1,textures/ston/ston_old_beton_iov_bump.dds,349680,512,512,10,DXT5
textures.xdb1,textures/ston/ston_old_wall_iov.dds,349672,1024,512,11,DXT1
textures.xdb1,textures/ston/ston_old_wall_iov.thm,188,,,,
textures.xdb1,textures/ston/ston_osnova.dds,174904,512,512,10,DXT1
textures.xdb1,textures/ston/ston_osnova.thm,183,,,,
textures.xdb1,textures/ston/ston_osnova_bump#.dds,349680,512,512,10,DXT5
textures.xdb1,textures/ston/ston_osnova_bump#.thm,138,,,,
textures.xdb1,textures/ston/ston_osnova_bump.dds,349680,512,512,10,DXT5
textures.xdb1,textures/ston/ston_osnova_bump.thm,138,,,,
textures.xdb1,textures/ston/ston_plints1.dds,174904,512,512,10,DXT1
textures.xdb1,textures/ston/ston_plints1.thm,162,,,,
textures.xdb1,textures/ston/ston_plints2.dds,43832,256,256,9,DXT1
textures.xdb1,textures/ston/ston_plints2.thm,162,,,,
textures.xdb1,textures/ston/ston_plita_iov.dds,349680,512,512,10,DXT5
textures.xdb1,textures/ston/ston_plita_most_iov.dds,349680,512,512,10,DXT5
textures.xdb1,textures/ston/ston_plitka_iov_green.dds,174904,512,512,10,DXT1
textures.xdb1,textures/ston/ston_plitka_iov_green.thm,181,,,,
textures.xdb1,textures/ston/ston_plitka_iov_wall_01.dds,174904,512,512,10,DXT1
textures.xdb1,textures/ston/ston_plitka_iov_wall_01.thm,190,,,,
textures.xdb1,textures/ston/ston_plitka_iov_wall_uzor.dds,349680,512,512,10,DXT5
textures.xdb1,textures/ston/ston_plitka_pink_iov.dds,174904,512,512,10,DXT1
textures.xdb1,textures/ston/ston_plitka_pink_iov.thm,189,,,,
textures.xdb1,textures/ston/ston_plitka_y_02.dds,174904,512,512,10,DXT1
textures.xdb1,textures/ston/ston_plitka_y_02.thm,187,,,,
textures.xdb1,textures/ston/ston_pobelka_01.dds,349672,1024,512,11,DXT1
textures.xdb1,textures/ston/ston_pobelka_01.thm,187,,,,
textures.xdb1,textures/ston/ston_pobelka_01_br.dds,349672,1024,512,11,DXT1
textures.xdb1,textures/ston/ston_pobelka_01_br.thm,190,,,,
textures.xdb1,textures/ston/ston_pobelka_01_br_bump#.dds,699216,1024,512,11,DXT5
textures.xdb1,textures/ston/ston_pobelka_01_br_bump#.thm,138,,,,
textures.xdb1,textures/ston/ston_pobelka_01_br_bump.dds,699216,1024,512,11,DXT5
textures.xdb1,textures/ston/ston_pobelka_01_br_bump.thm,138,,,,
textures.xdb1,textures/ston/ston_pobelka_01_bump#.dds,699216,1024,512,11,DXT5
textures.xdb1,textures/ston/ston_pobelka_01_bump#.thm,138,,,,
textures.xdb1,textures/ston/ston_pobelka_01_bump.dds,699216,1024,512,11,DXT5
textures.xdb1,textures/ston/ston_pobelka_01_bump.thm,138,,,,
textures.xdb1,textures/ston/ston_pobelka_gr01.dds,349672,1024,512,11,DXT1
textures.xdb1,textures/ston/ston_pobelka_gr01.thm,191,,,,
textures.xdb1,textures/ston/ston_pobelka_gr01_bump#.dds,699216,1024,512,11,DXT5
textures.xdb1,textures/ston/ston_pobelka_gr01_bump#.thm,138,,,,
textures.xdb1,textures/ston/ston_pobelka_gr01_bump.dds,699216,1024,512,11,DXT5
textures.xdb1,textures/ston/ston_pobelka_gr01_bump.thm,138,,,,
textures.xdb1,textures/ston/ston_pol_gr02.dds,87528,512,256,10,DXT1
textures.xdb1,textures/ston/ston_pol_gr02.thm,185,,,,
textures.xdb1,textures/ston/ston_pol_gr02_bump#.dds,174928,512,256,10,DXT5
textures.xdb1,textures/ston/ston_pol_gr02_bump#.thm,138,,,,
textures.xdb1,textures/ston/ston_pol_gr02_bump.dds,174928,512,256,10,DXT5
textures.xdb1,textures/ston/ston_pol_gr02_bump.thm,138,,,,
textures.xdb1,textures/ston/ston_pol_m_01.dds,349680,512,512,10,DXT5
textures.xdb1,textures/ston/ston_pol_m_01.thm,185,,,,
textures.xdb1,textures/ston/ston_pol_smola_iov.dds,174904,512,512,10,DXT1
textures.xdb1,textures/ston/ston_pol_smola_iov.thm,187,,,,
textures.xdb1,textures/ston/ston_pol_smola_iov_bump#.dds,349680,512,512,10,DXT5
textures.xdb1,textures/ston/ston_pol_smola_iov_bump#.thm,138,,,,
textures.xdb1,textures/ston/ston_pol_smola_iov_bump.dds,349680,512,512,10,DXT5
textures.xdb1,textures/ston/ston_pol_smola_iov_bump.thm,138,,,,
textures.xdb1,textures/ston/ston_redwall_iov.dds,349672,1024,512,11,DXT1
textures.xdb1,textures/ston/ston_redwall_iov.thm,185,,,,
textures.xdb1,textures/ston/ston_reka_ch.dds,174920,1024,256,11,DXT1
textures.xdb1,textures/ston/ston_reka_ch.thm,191,,,,
textures.xdb1,textures/ston/ston_rocks1.dds,699008,1024,1024,6,DXT1
textures.xdb1,textures/ston/ston_rocks1.thm,185,,,,
textures.xdb1,textures/ston/ston_rocks1_1.dds,699008,1024,1024,6,DXT1
textures.xdb1,textures/ston/ston_rocks1_1.thm,183,,,,
textures.xdb1,textures/ston/ston_rocks1_1_s.dds,43808,256,256,6,DXT1
textures.xdb1,textures/ston/ston_rocks1_1_s.thm,183,,,,
textures.xdb1,textures/ston/ston_rocks1_bump#.dds,1397888,1024,1024,6,DXT5
textures.xdb1,textures/ston/ston_rocks1_bump#.thm,138,,,,
textures.xdb1,textures/ston/ston_rocks1_bump.dds,1397888,1024,1024,6,DXT5
textures.xdb1,textures/ston/ston_rocks1_bump.thm,161,,,,
textures.xdb1,textures/ston/ston_rocks2.dds,87528,512,256,10,DXT1
textures.xdb1,textures/ston/ston_rocks2.thm,183,,,,
textures.xdb1,textures/ston/ston_ros_wall_02.dds,174904,512,512,10,DXT1
textures.xdb1,textures/ston/ston_ros_wall_02.thm,186,,,,
textures.xdb1,textures/ston/ston_ros_wall_03.dds,174904,512,512,10,DXT1
textures.xdb1,textures/ston/ston_ros_wall_03.thm,186,,,,
textures.xdb1,textures/ston/ston_srarkon_iov.dds,349672,1024,512,11,DXT1
textures.xdb1,textures/ston/ston_srarkon_iov.thm,189,,,,
textures.xdb1,textures/ston/ston_stairs1.dds,349672,1024,512,11,DXT1
textures.xdb1,textures/ston/ston_stairs1.thm,184,,,,
textures.xdb1,textures/ston/ston_stairs1_bump#.dds,174928,512,256,10,DXT5
textures.xdb1,textures/ston/ston_stairs1_bump#.thm,138,,,,
textures.xdb1,textures/ston/ston_stairs1_bump.dds,174928,512,256,10,DXT5
textures.xdb1,textures/ston/ston_stairs1_bump.thm,138,,,,
textures.xdb1,textures/ston/ston_stanc.dds,174904,512,512,10,DXT1
textures.xdb1,textures/ston/ston_stanc.thm,181,,,,
textures.xdb1,textures/ston/ston_stanc_bl.dds,174904,512,512,10,DXT1
textures.xdb1,textures/ston/ston_stanc_bl.thm,181,,,,
textures.xdb1,textures/ston/ston_stanc_bump#.dds,349680,512,512,10,DXT5
textures.xdb1,textures/ston/ston_stanc_bump#.thm,138,,,,
textures.xdb1,textures/ston/ston_stanc_bump.dds,349680,512,512,10,DXT5
textures.xdb1,textures/ston/ston_stanc_bump.thm,138,,,,
textures.xdb1,textures/ston/ston_stanc_g.dds,174920,1024,256,11,DXT1
textures.xdb1,textures/ston/ston_stanc_g.thm,162,,,,
textures.xdb1,textures/ston/ston_stena_01.dds,87528,512,256,10,DXT1
textures.xdb1,textures/ston/ston_stena_01.thm,164,,,,
textures.xdb1,textures/ston/ston_stena_04a.dds,174904,512,512,10,DXT1
textures.xdb1,textures/ston/ston_stena_04a.thm,188,,,,
textures.xdb1,textures/ston/ston_stena_04b.dds,43832,256,256,9,DXT1
textures.xdb1,textures/ston/ston_stena_04b.thm,190,,,,
textures.xdb1,textures/ston/ston_stena_04b_bump#.dds,87536,256,256,9,DXT5
textures.xdb1,textures/ston/ston_stena_04b_bump#.thm,138,,,,
textures.xdb1,textures/ston/ston_stena_04b_bump.dds,87536,256,256,9,DXT5
textures.xdb1,textures/ston/ston_stena_04b_bump.thm,138,,,,
textures.xdb1,textures/ston/ston_stena_04c.dds,43832,256,256,9,DXT1
textures.xdb1,textures/ston/ston_stena_04c.thm,186,,,,
textures.xdb1,textures/ston/ston_stena_04c_bump#.dds,87536,256,256,9,DXT5
textures.xdb1,textures/ston/ston_stena_04c_bump#.thm,138,,,,
textures.xdb1,textures/ston/ston_stena_04c_bump.dds,87536,256,256,9,DXT5
textures.xdb1,textures/ston/ston_stena_04c_bump.thm,138,,,,
textures.xdb1,textures/ston/ston_stena_04d.dds,87528,512,256,10,DXT1
textures.xdb1,textures/ston/ston_stena_04d.thm,190,,,,
textures.xdb1,textures/ston/ston_stena_04e.dds,87528,512,256,10,DXT1
textures.xdb1,textures/ston/ston_stena_04e.thm,190,,,,
textures.xdb1,textures/ston/ston_stena_04f.dds,87528,512,256,10,DXT1
textures.xdb1,textures/ston/ston_stena_04f.thm,164,,,,
textures.xdb1,textures/ston/ston_stena_04g.dds,174904,512,512,10,DXT1
textures.xdb1,textures/ston/ston_stena_04g.thm,164,,,,
textures.xdb1,textures/ston/ston_stena_04h.dds,87528,512,256,10,DXT1
textures.xdb1,textures/ston/ston_stena_04h.thm,190,,,,
textures.xdb1,textures/ston/ston_stena_05b.dds,174904,512,512,10,DXT1
textures.xdb1,textures/ston/ston_stena_05b.thm,186,,,,
textures.xdb1,textures/ston/ston_stena_05b_bump#.dds,349680,512,512,10,DXT5
textures.xdb1,textures/ston/ston_stena_05b_bump#.thm,138,,,,
textures.xdb1,textures/ston/ston_stena_05b_bump.dds,349680,512,512,10,DXT5
textures.xdb1,textures/ston/ston_stena_05b_bump.thm,138,,,,
textures.xdb1,textures/ston/ston_stena_05b_j.dds,174904,512,512,10,DXT1
textures.xdb1,textures/ston/ston_stena_05b_j.thm,186,,,,
textures.xdb1,textures/ston/ston_stena_06a.dds,174904,512,512,10,DXT1
textures.xdb1,textures/ston/ston_stena_06a.thm,188,,,,
textures.xdb1,textures/ston/ston_stena_07_a.dds,174904,512,512,10,DXT1
textures.xdb1,textures/ston/ston_stena_07_a.thm,191,,,,
textures.xdb1,textures/ston/ston_stena_07_a_j.dds,174904,512,512,10,DXT1
textures.xdb1,textures/ston/ston_stena_07_a_j.thm,191,,,,
textures.xdb1,textures/ston/ston_stena_07_d.dds,174904,512,512,10,DXT1
textures.xdb1,textures/ston/ston_stena_07_d.thm,187,,,,
textures.xdb1,textures/ston/ston_stena_ch.dds,174904,512,512,10,DXT1
textures.xdb1,textures/ston/ston_stena_ch.thm,184,,,,
textures.xdb1,textures/ston/ston_stena_ch_01.dds,349672,512,1024,11,DXT1
textures.xdb1,textures/ston/ston_stena_ch_01.thm,162,,,,
textures.xdb1,textures/ston/ston_stena_ch_02.dds,174904,512,512,10,DXT1
textures.xdb1,textures/ston/ston_stena_ch_02.thm,188,,,,
textures.xdb1,textures/ston/ston_stena_ch_02_bump#.dds,349680,512,512,10,DXT5
textures.xdb1,textures/ston/ston_stena_ch_02_bump#.thm,138,,,,
textures.xdb1,textures/ston/ston_stena_ch_02_bump.dds,349680,512,512,10,DXT5
textures.xdb1,textures/ston/ston_stena_ch_02_bump.thm,138,,,,
textures.xdb1,textures/ston/ston_stena_ch_04.dds,174904,512,512,10,DXT1
textures.xdb1,textures/ston/ston_stena_ch_04.thm,188,,,,
textures.xdb1,textures/ston/ston_stena_ch_04_bump#.dds,349680,512,512,10,DXT5
textures.xdb1,textures/ston/ston_stena_ch_04_bump#.thm,138,,,,
textures.xdb1,textures/ston/ston_stena_ch_04_bump.dds,349680,512,512,10,DXT5
textures.xdb1,textures/ston/ston_stena_ch_04_bump.thm,138,,,,
textures.xdb1,textures/ston/ston_stena_ch_05.dds,43832,256,256,9,DXT1
textures.xdb1,textures/ston/ston_stena_ch_05.thm,162,,,,
textures.xdb1,textures/ston/ston_stena_ch_06.dds,349672,1024,512,11,DXT1
textures.xdb1,textures/ston/ston_stena_ch_06.thm,162,,,,
textures.xdb1,textures/ston/ston_stena_ch_07.dds,87528,256,512,10,DXT1
textures.xdb1,textures/ston/ston_stena_ch_07.thm,188,,,,
textures.xdb1,textures/ston/ston_stena_ch_07_bump#.dds,174928,256,512,10,DXT5
textures.xdb1,textures/ston/ston_stena_ch_07_bump#.thm,138,,,,
textures.xdb1,textures/ston/ston_stena_ch_07_bump.dds,174928,256,512,10,DXT5
textures.xdb1,textures/ston/ston_stena_ch_07_bump.thm,138,,,,
textures.xdb1,textures/ston/ston_stena_ch_11_1.dds,349672,1024,512,11,DXT1
textures.xdb1,textures/ston/ston_stena_ch_11_1.thm,167,,,,
textures.xdb1,textures/ston/ston_stena_ch_11_2.dds,174904,512,512,10,DXT1
textures.xdb1,textures/ston/ston_stena_ch_11_2.thm,192,,,,
textures.xdb1,textures/ston/ston_stena_ch_12.dds,174904,512,512,10,DXT1
textures.xdb1,textures/ston/ston_stena_ch_12.thm,162,,,,
textures.xdb1,textures/ston/ston_stena_ch_12_bump#.dds,349568,512,512,6,DXT5
textures.xdb1,textures/ston/ston_stena_ch_12_bump.dds,349568,512,512,6,DXT5
textures.xdb1,textures/ston/ston_stena_ch_12_bump.thm,138,,,,
textures.xdb1,textures/ston/ston_stena_ch_13.dds,174920,1024,256,11,DXT1
textures.xdb1,textures/ston/ston_stena_ch_13.thm,165,,,,
textures.xdb1,textures/ston/ston_stena_ch_131.dds,174920,1024,256,11,DXT1
textures.xdb1,textures/ston/ston_stena_ch_131.thm,162,,,,
textures.xdb1,textures/ston/ston_stena_ch_14.dds,349672,1024,512,11,DXT1
textures.xdb1,textures/ston/ston_stena_ch_14.thm,190,,,,
textures.xdb1,textures/ston/ston_stena_ch_15.dds,174920,1024,256,11,DXT1
textures.xdb1,textures/ston/ston_stena_ch_15.thm,162,,,,
textures.xdb1,textures/ston/ston_stena_ch_16.dds,349672,1024,512,11,DXT1
textures.xdb1,textures/ston/ston_stena_ch_16.thm,191,,,,
textures.xdb1,textures/ston/ston_stena_da_01.dds,174904,512,512,10,DXT1
textures.xdb1,textures/ston/ston_stena_da_01.thm,187,,,,
textures.xdb1,textures/ston/ston_stena_pod_01.dds,349672,1024,512,11,DXT1
textures.xdb1,textures/ston/ston_stena_pod_01.thm,189,,,,
textures.xdb1,textures/ston/ston_stena_pod_02.dds,174904,512,512,10,DXT1
textures.xdb1,textures/ston/ston_stena_pod_02.thm,162,,,,
textures.xdb1,textures/ston/ston_stena_pod_03.dds,349672,1024,512,11,DXT1
textures.xdb1,textures/ston/ston_stena_pod_03.thm,189,,,,
textures.xdb1,textures/ston/ston_stena_pod_03_bump#.dds,699216,1024,512,11,DXT5
textures.xdb1,textures/ston/ston_stena_pod_03_bump#.thm,138,,,,
textures.xdb1,textures/ston/ston_stena_pod_03_bump.dds,699216,1024,512,11,DXT5
textures.xdb1,textures/ston/ston_stena_pod_03_bump.thm,138,,,,
textures.xdb1,textures/ston/ston_stena_pod_04.dds,174904,512,512,10,DXT1
textures.xdb1,textures/ston/ston_stena_pod_04.thm,187,,,,
textures.xdb1,textures/ston/ston_stena_pod_08.dds,349672,1024,512,11,DXT1
textures.xdb1,textures/ston/ston_stena_pod_08.thm,188,,,,
textures.xdb1,textures/ston/ston_stena_pod_09.dds,349664,1024,512,10,DXT1
textures.xdb1,textures/ston/ston_stena_pod_09.thm,189,,,,
textures.xdb1,textures/ston/ston_stena_yz_iov.dds,349672,1024,512,11,DXT1
textures.xdb1,textures/ston/ston_stena_yz_iov.thm,162,,,,
textures.xdb1,textures/ston/ston_stolb.dds,87688,2048,64,12,DXT1
textures.xdb1,textures/ston/ston_stolb.thm,162,,,,
textures.xdb1,textures/ston/ston_stolb_rail.dds,174920,256,1024,11,DXT1
textures.xdb1,textures/ston/ston_stolb_rail.thm,193,,,,
textures.xdb1,textures/ston/ston_stripes_iov.dds,174904,512,512,10,DXT1
textures.xdb1,textures/ston/ston_stripes_iov.thm,188,,,,
textures.xdb1,textures/ston/ston_stripes_iov_bump#.dds,349680,512,512,10,DXT5
textures.xdb1,textures/ston/ston_stripes_iov_bump#.thm,138,,,,
textures.xdb1,textures/ston/ston_stripes_iov_bump.dds,349680,512,512,10,DXT5
textures.xdb1,textures/ston/ston_stripes_iov_bump.thm,138,,,,
textures.xdb1,textures/ston/ston_stucco_old_iov.dds,174904,512,512,10,DXT1
textures.xdb1,textures/ston/ston_stucco_old_iov.thm,187,,,,
textures.xdb1,textures/ston/ston_stuccobrick2_iov.dds,349664,1024,512,10,DXT1
textures.xdb1,textures/ston/ston_stuccobrick2_iov.thm,195,,,,
textures.xdb1,textures/ston/ston_stuccobrick2_iov_bump#.dds,699200,1024,512,10,DXT5
textures.xdb1,textures/ston/ston_stuccobrick2_iov_bump#.thm,138,,,,
textures.xdb1,textures/ston/ston_stuccobrick2_iov_bump.dds,699200,1024,512,10,DXT5
textures.xdb1,textures/ston/ston_stuccobrick2_iov_bump.thm,138,,,,
textures.xdb1,textures/ston/ston_stuccowall2_iov.dds,349672,1024,512,11,DXT1
textures.xdb1,textures/ston/ston_stuccowall2_iov.thm,189,,,,
textures.xdb1,textures/ston/ston_stuccowall3_iov.dds,349672,1024,512,11,DXT1
textures.xdb1,textures/ston/ston_stuccowall3_iov.thm,189,,,,
textures.xdb1,textures/ston/ston_stuccowall_iov_01.dds,174904,512,512,10,DXT1
textures.xdb1,textures/ston/ston_stuccowall_iov_01.thm,162,,,,
textures.xdb1,textures/ston/ston_stuccowall_iov_01_bump#.dds,349568,512,512,6,DXT5
textures.xdb1,textures/ston/ston_stuccowall_iov_01_bump.dds,349568,512,512,6,DXT5
textures.xdb1,textures/ston/ston_stuccowall_iov_01_bump.thm,138,,,,
textures.xdb1,textures/ston/ston_stupen_02.dds,43848,512,128,10,DXT1
textures.xdb1,textures/ston/ston_stupen_02.thm,162,,,,
textures.xdb1,textures/ston/ston_stupeni_iov.dds,174904,512,512,10,DXT1
textures.xdb1,textures/ston/ston_stupeni_iov.thm,161,,,,
textures.xdb1,textures/ston/ston_temp#.dds,11064,128,128,8,DXT1
textures.xdb1,textures/ston/ston_temp#.thm,138,,,,
textures.xdb1,textures/ston/ston_temp.dds,11064,128,128,8,DXT1
textures.xdb1,textures/ston/ston_temp.thm,138,,,,
textures.xdb1,textures/ston/ston_tr_iov.dds,349672,1024,512,11,DXT1
textures.xdb1,textures/ston/ston_tr_iov.thm,187,,,,
textures.xdb1,textures/ston/ston_trotuar_bg_iov.dds,174904,512,512,10,DXT1
textures.xdb1,textures/ston/ston_trotuar_bg_iov.thm,190,,,,
textures.xdb1,textures/ston/ston_trotuar_bg_iov_bump#.dds,349680,512,512,10,DXT5
textures.xdb1,textures/ston/ston_trotuar_bg_iov_bump#.thm,138,,,,
textures.xdb1,textures/ston/ston_trotuar_bg_iov_bump.dds,349680,512,512,10,DXT5
textures.xdb1,textures/ston/ston_trotuar_bg_iov_bump.thm,138,,,,
textures.xdb1,textures/ston/ston_trotuar_sm_iov.dds,174904,512,512,10,DXT1
textures.xdb1,textures/ston/ston_trotuar_sm_iov.thm,185,,,,
textures.xdb1,textures/ston/ston_truba_ch.dds,174904,512,512,10,DXT1
textures.xdb1,textures/ston/ston_truba_ch.thm,162,,,,
textures.xdb1,textures/ston/ston_truba_ch01.dds,174904,512,512,10,DXT1
textures.xdb1,textures/ston/ston_truba_ch01.thm,162,,,,
textures.xdb1,textures/ston/ston_walls1_1.dds,349664,1024,512,10,DXT1
textures.xdb1,textures/ston/ston_walls1_1.thm,187,,,,
textures.xdb1,textures/ston/ston_walls1_1_bump#.dds,699200,1024,512,10,DXT5
textures.xdb1,textures/ston/ston_walls1_1_bump#.thm,138,,,,
textures.xdb1,textures/ston/ston_walls1_1_bump.dds,699200,1024,512,10,DXT5
textures.xdb1,textures/ston/ston_walls1_1_bump.thm,138,,,,
textures.xdb1,textures/ston/ston_walls2.dds,43832,256,256,9,DXT1
textures.xdb1,textures/ston/ston_walls2.thm,183,,,,
textures.xdb1,textures/ston/ston_walls2_1.dds,174904,512,512,10,DXT1
textures.xdb1,textures/ston/ston_walls2_1.thm,186,,,,
textures.xdb1,textures/ston/ston_walls2_bump#.dds,349680,512,512,10,DXT5
textures.xdb1,textures/ston/ston_walls2_bump#.thm,138,,,,
textures.xdb1,textures/ston/ston_walls2_bump.dds,349680,512,512,10,DXT5
textures.xdb1,textures/ston/ston_walls2_bump.thm,138,,,,
textures.xdb1,textures/ston/ston_walls4.dds,87528,512,256,10,DXT1
textures.xdb1,textures/ston/ston_walls4.thm,183,,,,
textures.xdb1,textures/ston/ston_walls4_border.dds,43848,512,128,10,DXT1
textures.xdb1,textures/ston/ston_walls4_border.thm,162,,,,
textures.xdb1,textures/ston/ston_walls4_bump#.dds,174928,512,256,10,DXT5
textures.xdb1,textures/ston/ston_walls4_bump#.thm,138,,,,
textures.xdb1,textures/ston/ston_walls4_bump.dds,174928,512,256,10,DXT5
textures.xdb1,textures/ston/ston_walls4_bump.thm,138,,,,
textures.xdb1,textures/ston/ston_walls5.dds,43848,512,128,10,DXT1
textures.xdb1,textures/ston/ston_walls5.thm,183,,,,
textures.xdb1,textures/ston/ston_walls5_bump#.dds,87568,512,128,10,DXT5
textures.xdb1,textures/ston/ston_walls5_bump#.thm,138,,,,
textures.xdb1,textures/ston/ston_walls5_bump.dds,87568,512,128,10,DXT5
textures.xdb1,textures/ston/ston_walls5_bump.thm,138,,,,
textures.xdb1,textures/ston/ston_walls6.dds,43808,256,256,6,DXT1
textures.xdb1,textures/ston/ston_walls6.thm,183,,,,
textures.xdb1,textures/ston/ston_walls6_bump#.dds,349680,512,512,10,DXT5
textures.xdb1,textures/ston/ston_walls6_bump#.thm,138,,,,
textures.xdb1,textures/ston/ston_walls6_bump.dds,349680,512,512,10,DXT5
textures.xdb1,textures/ston/ston_walls6_bump.thm,138,,,,
textures.xdb1,textures/ston/ston_walls8.dds,87528,512,256,10,DXT1
textures.xdb1,textures/ston/ston_walls8.thm,162,,,,
textures.xdb1,textures/ston/ston_walls_distr1.dds,43832,256,256,9,DXT1
textures.xdb1,textures/ston/ston_walls_distr1.thm,162,,,,
textures.xdb1,textures/ston/ston_walls_out_02.dds,87528,512,256,10,DXT1
textures.xdb1,textures/ston/ston_walls_out_02.thm,164,,,,
textures.xdb1,textures/ston/ston_wallshuba2_iov.dds,43832,256,256,9,DXT1
textures.xdb1,textures/ston/ston_wallshuba2_iov.thm,162,,,,
textures.xdb1,textures/ston/ston_wallshuba_iov.dds,349672,1024,512,11,DXT1
textures.xdb1,textures/ston/ston_wallshuba_iov.thm,192,,,,
textures.xdb1,textures/ston/ston_wallshuba_iov_bump#.dds,699216,1024,512,11,DXT5
textures.xdb1,textures/ston/ston_wallshuba_iov_bump#.thm,138,,,,
textures.xdb1,textures/ston/ston_wallshuba_iov_bump.dds,699216,1024,512,11,DXT5
textures.xdb1,textures/ston/ston_wallshuba_iov_bump.thm,138,,,,
textures.xdb1,textures/ston/ston_zabor_02.dds,174904,512,512,10,DXT1
textures.xdb1,textures/ston/ston_zabor_02.thm,187,,,,
textures.xdb1,textures/ston/ston_zabor_iov.dds,174904,512,512,10,DXT1
textures.xdb1,textures/ston/ston_zabor_iov.thm,184,,,,
textures.xdb1,textures/ston/ston_zabor_iov_bump.dds,349680,512,512,10,DXT5
textures.xdb1,textures/sumka/sumka_4.dds,174904,512,512,10,DXT1
textures.xdb1,textures/terrain/terrain_agroprom.thm,162,,,,
textures.xdb1,textures/terrain/terrain_agroprom_mask.dds,1048704,1024,1024,0,DXT5
textures.xdb1,textures/terrain/terrain_agroprom_mask.thm,138,,,,
textures.xdb1,textures/terrain/terrain_bar.thm,162,,,,
textures.xdb1,textures/terrain/terrain_bar_mask.dds,4194432,2048,2048,0,DXT5
textures.xdb1,textures/terrain/terrain_bar_mask.thm,138,,,,
textures.xdb1,textures/terrain/terrain_darkcape.thm,162,,,,
textures.xdb1,textures/terrain/terrain_darkcape_mask.dds,2097280,2048,2048,1,DXT1
textures.xdb1,textures/terrain/terrain_darkcape_mask.thm,138,,,,
textures.xdb1,textures/terrain/terrain_darkvalley.thm,162,,,,
textures.xdb1,textures/terrain/terrain_darkvalley_mask.dds,1048704,1024,1024,0,DXT5
textures.xdb1,textures/terrain/terrain_darkvalley_mask.thm,138,,,,
textures.xdb1,textures/terrain/terrain_dom.thm,162,,,,
textures.xdb1,textures/terrain/terrain_dry_gully_1.thm,163,,,,
textures.xdb1,textures/terrain/terrain_dry_gully_1_mask.dds,1048704,1024,1024,0,DXT5
textures.xdb1,textures/terrain/terrain_dry_gully_1_mask.thm,138,,,,
textures.xdb1,textures/terrain/terrain_escape.thm,162,,,,
textures.xdb1,textures/terrain/terrain_escape_mask.dds,4194432,2048,2048,0,DXT5
textures.xdb1,textures/terrain/terrain_escape_mask.thm,138,,,,
textures.xdb1,textures/terrain/terrain_frodo_gen.thm,162,,,,
textures.xdb1,textures/terrain/terrain_frodo_gen_mask.dds,2097280,2048,2048,0,DXT1
textures.xdb1,textures/terrain/terrain_frodo_gen_mask.thm,162,,,,
textures.xdb1,textures/terrain/terrain_garbage_new.thm,162,,,,
textures.xdb1,textures/terrain/terrain_garbage_new_mask.dds,1048704,1024,1024,0,DXT5
textures.xdb1,textures/terrain/terrain_garbage_new_mask.thm,138,,,,
textures.xdb1,textures/terrain/terrain_gr.thm,162,,,,
textures.xdb1,textures/terrain/terrain_gr_mask.dds,4194432,2048,2048,0,DXT5
textures.xdb1,textures/terrain/terrain_gr_mask.thm,138,,,,
textures.xdb1,textures/terrain/terrain_jupiter.thm,162,,,,
textures.xdb1,textures/terrain/terrain_jupiter_det.thm,138,,,,
textures.xdb1,textures/terrain/terrain_jupiter_mask.dds,4194432,2048,2048,0,DXT5
textures.xdb1,textures/terrain/terrain_jupiter_mask.thm,138,,,,
textures.xdb1,textures/terrain/terrain_limansk.thm,162,,,,
textures.xdb1,textures/terrain/terrain_limansk_mask.dds,4194432,2048,2048,0,DXT5
textures.xdb1,textures/terrain/terrain_limansk_mask.thm,138,,,,
textures.xdb1,textures/terrain/terrain_marsh.thm,163,,,,
textures.xdb1,textures/terrain/terrain_marsh_mask.dds,4194432,2048,2048,0,DXT5
textures.xdb1,textures/terrain/terrain_marsh_mask.thm,138,,,,
textures.xdb1,textures/terrain/terrain_military_1.thm,162,,,,
textures.xdb1,textures/terrain/terrain_military_1_mask.dds,1048704,1024,1024,0,DXT5
textures.xdb1,textures/terrain/terrain_military_1_mask.thm,138,,,,
textures.xdb1,textures/terrain/terrain_poligon2.thm,162,,,,
textures.xdb1,textures/terrain/terrain_poligon2_mask.dds,4194432,2048,2048,0,DXT5
textures.xdb1,textures/terrain/terrain_poligon2_mask.thm,162,,,,
textures.xdb1,textures/terrain/terrain_pripyat.thm,162,,,,
textures.xdb1,textures/terrain/terrain_pripyat_det.thm,138,,,,
textures.xdb1,textures/terrain/terrain_pripyat_mask.dds,4194432,2048,2048,0,DXT5
textures.xdb1,textures/terrain/terrain_pripyat_mask.thm,138,,,,
textures.xdb1,textures/terrain/terrain_prypiat.thm,162,,,,
textures.xdb1,textures/terrain/terrain_prypiat_mask.dds,4194432,2048,2048,0,DXT5
textures.xdb1,textures/terrain/terrain_prypiat_mask.thm,138,,,,
textures.xdb1,textures/terrain/terrain_radar_2.thm,162,,,,
textures.xdb1,textures/terrain/terrain_radar_2_mask.dds,4194432,2048,2048,0,DXT5
textures.xdb1,textures/terrain/terrain_radar_2_mask.thm,138,,,,
textures.xdb1,textures/terrain/terrain_red_forest.thm,162,,,,
textures.xdb1,textures/terrain/terrain_red_forest_mask.dds,1048704,1024,1024,0,DXT5
textures.xdb1,textures/terrain/terrain_red_forest_mask.thm,138,,,,
textures.xdb1,textures/terrain/terrain_stancia_land.thm,162,,,,
textures.xdb1,textures/terrain/terrain_stancia_land_mask.dds,4194432,2048,2048,0,DXT5
textures.xdb1,textures/terrain/terrain_stancia_land_mask.thm,138,,,,
textures.xdb1,textures/terrain/terrain_yantar.thm,162,,,,
textures.xdb1,textures/terrain/terrain_yantar_det.thm,138,,,,
textures.xdb1,textures/terrain/terrain_yantar_mask.dds,1048704,1024,1024,0,DXT5
textures.xdb1,textures/terrain/terrain_yantar_mask.thm,138,,,,
textures.xdb1,textures/terrain/terrain_zaton.thm,162,,,,
textures.xdb1,textures/terrain/terrain_zaton_det.thm,138,,,,
textures.xdb1,textures/terrain/terrain_zaton_mask.dds,4194432,2048,2048,0,DXT5
textures.xdb1,textures/terrain/terrain_zaton_mask.thm,138,,,,
textures.xdb1,textures/tgzitems/bageats.dds,174904,512,512,10,DXT1
textures.xdb1,textures/tgzitems/bageats.thm,138,,,,
textures.xdb1,textures/tgzitems/bageats_bump.dds,349680,512,512,10,DXT5
textures.xdb1,textures/tgzitems/bageats_bump.thm,138,,,,
textures.xdb1,textures/tgzitems/co2.dds,32896,256,256,0,DXT1
textures.xdb1,textures/tgzitems/co2.thm,155,,,,
textures.xdb1,textures/tgzitems/co2_bump.dds,65664,256,256,0,DXT5
textures.xdb1,textures/tgzitems/co2_bump.thm,138,,,,
textures.xdb1,textures/tgzitems/horn.dds,174904,512,512,10,DXT1
textures.xdb1,textures/tgzitems/horn.thm,156,,,,
textures.xdb1,textures/tgzitems/horn_bump.dds,349680,512,512,10,DXT5
textures.xdb1,textures/tgzitems/horn_bump.thm,138,,,,
textures.xdb1,textures/tgzitems/lscord.dds,5640,32,256,9,DXT1
textures.xdb1,textures/tgzitems/lscord.thm,162,,,,
textures.xdb1,textures/tgzitems/medoballs.dds,349680,512,512,10,DXT5
textures.xdb1,textures/tgzitems/medoballs.thm,179,,,,
textures.xdb1,textures/tgzitems/medoballs_bump.dds,349680,512,512,10,DXT5
textures.xdb1,textures/tgzitems/medoballs_bump.thm,138,,,,
textures.xdb1,textures/tgzitems/skawallstuff.dds,174904,512,512,10,DXT1
textures.xdb1,textures/tgzitems/skawallstuff.thm,162,,,,
textures.xdb1,textures/tgzitems/skawallstuff_bump#.dds,349680,512,512,10,DXT5
textures.xdb1,textures/tgzitems/skawallstuff_bump.dds,349680,512,512,10,DXT5
textures.xdb1,textures/tgzitems/skawallstuff_bump.thm,138,,,,
textures.xdb1,textures/tgzitems/snow1.dds,174904,512,512,10,DXT1
textures.xdb1,textures/tgzitems/snow1.thm,138,,,,
textures.xdb1,textures/tgzitems/trans.dds,349680,512,512,10,DXT5
textures.xdb1,textures/tgzitems/trans.thm,138,,,,
textures.xdb1,textures/tgzitems/trans_bump.dds,349680,512,512,10,DXT5
textures.xdb1,textures/tgzitems/trans_bump.thm,138,,,,
textures.xdb1,textures/tile/tile_border_dark_01.dds,87560,1024,128,11,DXT1
textures.xdb1,textures/tile/tile_border_dark_01.thm,190,,,,
textures.xdb1,textures/tile/tile_border_dark_01_bump#.dds,174992,1024,128,11,DXT5
textures.xdb1,textures/tile/tile_border_dark_01_bump#.thm,138,,,,
textures.xdb1,textures/tile/tile_border_dark_01_bump.dds,174992,1024,128,11,DXT3
textures.xdb1,textures/tile/tile_border_dark_01_bump.thm,138,,,,
textures.xdb1,textures/tile/tile_green.dds,174904,512,512,10,DXT1
textures.xdb1,textures/tile/tile_green.thm,181,,,,
textures.xdb1,textures/tile/tile_green_bump#.dds,349680,512,512,10,DXT5
textures.xdb1,textures/tile/tile_green_bump#.thm,138,,,,
textures.xdb1,textures/tile/tile_green_bump.dds,349680,512,512,10,DXT3
textures.xdb1,textures/tile/tile_green_bump.thm,138,,,,
textures.xdb1,textures/tile/tile_marble_1.dds,699192,1024,1024,11,DXT1
textures.xdb1,textures/tile/tile_marble_1.thm,184,,,,
textures.xdb1,textures/tile/tile_marble_1_bump#.dds,1398256,1024,1024,11,DXT5
textures.xdb1,textures/tile/tile_marble_1_bump#.thm,138,,,,
textures.xdb1,textures/tile/tile_marble_1_bump.dds,1398256,1024,1024,11,DXT3
textures.xdb1,textures/tile/tile_marble_1_bump.thm,138,,,,
textures.xdb1,textures/tile/tile_marble_2.dds,174904,512,512,10,DXT1
textures.xdb1,textures/tile/tile_marble_2.thm,161,,,,
textures.xdb1,textures/tile/tile_mortar_01.dds,174904,512,512,10,DXT1
textures.xdb1,textures/tile/tile_mortar_01.thm,185,,,,
textures.xdb1,textures/tile/tile_mortar_01_bump#.dds,349680,512,512,10,DXT5
textures.xdb1,textures/tile/tile_mortar_01_bump#.thm,138,,,,
textures.xdb1,textures/tile/tile_mortar_01_bump.dds,262272,512,512,1,DXT5
textures.xdb1,textures/tile/tile_mortar_01_bump.thm,138,,,,
textures.xdb1,textures/tile/tile_plitka_lab.dds,699192,1024,1024,11,DXT1
textures.xdb1,textures/tile/tile_plitka_lab.thm,186,,,,
textures.xdb1,textures/tile/tile_plitka_lab_bump#.dds,1398256,1024,1024,11,DXT5
textures.xdb1,textures/tile/tile_plitka_lab_bump#.thm,138,,,,
textures.xdb1,textures/tile/tile_plitka_lab_bump.dds,1398256,1024,1024,11,DXT3
textures.xdb1,textures/tile/tile_plitka_lab_bump.thm,138,,,,
textures.xdb1,textures/tile/tile_plitka_qllab.dds,699192,1024,1024,11,DXT1
textures.xdb1,textures/tile/tile_plitka_qllab.thm,188,,,,
textures.xdb1,textures/tile/tile_plitka_qllab_02.dds,174904,512,512,10,DXT1
textures.xdb1,textures/tile/tile_plitka_qllab_bump#.dds,1398256,1024,1024,11,DXT5
textures.xdb1,textures/tile/tile_plitka_qllab_bump#.thm,138,,,,
textures.xdb1,textures/tile/tile_plitka_qllab_bump.dds,1398256,1024,1024,11,DXT5
textures.xdb1,textures/tile/tile_plitka_qllab_bump.thm,138,,,,
textures.xdb1,textures/tile/tile_plitka_y_02.dds,699192,1024,1024,11,DXT1
textures.xdb1,textures/tile/tile_plitka_y_02.thm,187,,,,
textures.xdb1,textures/tile/tile_plitka_y_02_bump#.dds,349680,512,512,10,DXT5
textures.xdb1,textures/tile/tile_plitka_y_02_bump#.thm,138,,,,
textures.xdb1,textures/tile/tile_plitka_y_02_bump.dds,1398256,1024,1024,11,DXT5
textures.xdb1,textures/tile/tile_plitka_y_02_bump.thm,138,,,,
textures.xdb1,textures/tile/tile_stena_ch.dds,174904,512,512,10,DXT1
textures.xdb1,textures/tile/tile_stena_ch.thm,184,,,,
textures.xdb1,textures/tile/tile_stena_ch_bump#.dds,349680,512,512,10,DXT5
textures.xdb1,textures/tile/tile_stena_ch_bump#.thm,138,,,,
textures.xdb1,textures/tile/tile_stena_ch_bump.dds,349680,512,512,10,DXT5
textures.xdb1,textures/tile/tile_stena_ch_bump.thm,138,,,,
textures.xdb1,textures/tile/tile_walls_dark_01.dds,174904,512,512,10,DXT1
textures.xdb1,textures/tile/tile_walls_dark_01.thm,190,,,,
textures.xdb1,textures/tile/tile_walls_dark_01_br.dds,174904,512,512,10,DXT1
textures.xdb1,textures/tile/tile_walls_dark_01_br.thm,193,,,,
textures.xdb1,textures/tile/tile_walls_green_01.dds,174904,512,512,10,DXT1
textures.xdb1,textures/tile/tile_walls_green_01.thm,190,,,,
textures.xdb1,textures/tile/tile_walls_green_01_br.dds,174904,512,512,10,DXT1
textures.xdb1,textures/tile/tile_walls_green_01_br.thm,193,,,,
textures.xdb1,textures/tile/tile_walls_green_02.dds,174904,512,512,10,DXT1
textures.xdb1,textures/tile/tile_walls_green_02.thm,190,,,,
textures.xdb1,textures/tile/tile_walls_mortar_01.dds,174904,512,512,10,DXT1
textures.xdb1,textures/tile/tile_walls_mortar_01.thm,191,,,,
textures.xdb1,textures/tile/tile_walls_mortar_01_bump#.dds,349680,512,512,10,DXT5
textures.xdb1,textures/tile/tile_walls_mortar_01_bump#.thm,138,,,,
textures.xdb1,textures/tile/tile_walls_mortar_01_bump.dds,349680,512,512,10,DXT5
textures.xdb1,textures/tile/tile_walls_mortar_01_bump.thm,138,,,,
textures.xdb1,textures/tile/tile_walls_pink_01.dds,174904,512,512,10,DXT1
textures.xdb1,textures/tile/tile_walls_pink_01.thm,189,,,,
textures.xdb1,textures/tile/tile_walls_pink_01_br.dds,174904,512,512,10,DXT1
textures.xdb1,textures/tile/tile_walls_pink_01_br.thm,193,,,,
textures.xdb1,textures/tile/tile_walls_pink_01_bump#.dds,1398256,1024,1024,11,DXT5
textures.xdb1,textures/tile/tile_walls_pink_01_bump#.thm,138,,,,
textures.xdb1,textures/tile/tile_walls_pink_01_bump.dds,1398256,1024,1024,11,DXT5
textures.xdb1,textures/tile/tile_walls_pink_01_bump.thm,138,,,,
textures.xdb1,textures/tile/tile_walls_red_01.dds,174904,512,512,10,DXT1
textures.xdb1,textures/tile/tile_walls_red_01.thm,188,,,,
textures.xdb1,textures/tile/tile_walls_red_01_bump#.dds,1398256,1024,1024,11,DXT5
textures.xdb1,textures/tile/tile_walls_red_01_bump#.thm,138,,,,
textures.xdb1,textures/tile/tile_walls_red_01_bump.dds,1398256,1024,1024,11,DXT3
textures.xdb1,textures/tile/tile_walls_red_01_bump.thm,138,,,,
textures.xdb1,textures/tile/tile_walls_rg01.dds,174904,512,512,10,DXT1
textures.xdb1,textures/tile/tile_walls_rg01.thm,186,,,,
textures.xdb1,textures/tile/tile_walls_rg01_bump#.dds,349680,512,512,10,DXT5
textures.xdb1,textures/tile/tile_walls_rg01_bump#.thm,138,,,,
textures.xdb1,textures/tile/tile_walls_rg01_bump.dds,349680,512,512,10,DXT3
textures.xdb1,textures/tile/tile_walls_rg01_bump.thm,138,,,,
textures.xdb1,textures/tile/tile_walls_rg04.dds,43832,256,256,9,DXT1
textures.xdb1,textures/tile/tile_walls_rg04.thm,186,,,,
textures.xdb1,textures/tile/tile_walls_rg04_bump#.dds,87536,256,256,9,DXT5
textures.xdb1,textures/tile/tile_walls_rg04_bump#.thm,138,,,,
textures.xdb1,textures/tile/tile_walls_rg04_bump.dds,87536,256,256,9,DXT3
textures.xdb1,textures/tile/tile_walls_rg04_bump.thm,138,,,,
textures.xdb1,textures/tile/tile_walls_tualgr01.dds,43848,128,512,10,DXT1
textures.xdb1,textures/tile/tile_walls_tualgr01.thm,190,,,,
textures.xdb1,textures/tile/tile_walls_tualgr01_bump#.dds,349660,128,512,10,RGB
textures.xdb1,textures/tile/tile_walls_tualgr01_bump#.thm,138,,,,
textures.xdb1,textures/tile/tile_walls_tualgr01_bump.dds,87568,128,512,10,DXT3
textures.xdb1,textures/tile/tile_walls_tualgr01_bump.thm,138,,,,
textures.xdb1,textures/tile/tile_walls_white_01.dds,174904,512,512,10,DXT1
textures.xdb1,textures/tile/tile_walls_white_01.thm,190,,,,
textures.xdb1,textures/tile/tile_walls_white_01_br.dds,174904,512,512,10,DXT1
textures.xdb1,textures/tile/tile_walls_white_01_br.thm,193,,,,
textures.xdb1,textures/tile/tile_walls_white_01_br_bump#.dds,349680,512,512,10,DXT5
textures.xdb1,textures/tile/tile_walls_white_01_br_bump#.thm,138,,,,
textures.xdb1,textures/tile/tile_walls_white_01_br_bump.dds,349680,512,512,10,DXT5
textures.xdb1,textures/tile/tile_walls_white_01_br_bump.thm,138,,,,
textures.xdb1,textures/tile/tile_walls_white_01_bump#.dds,349680,512,512,10,DXT5
textures.xdb1,textures/tile/tile_walls_white_01_bump#.thm,138,,,,
textures.xdb1,textures/tile/tile_walls_white_01_bump.dds,1398256,1024,1024,11,DXT5
textures.xdb1,textures/tile/tile_walls_white_01_bump.thm,138,,,,
textures.xdb1,textures/tile/tile_walls_white_02.dds,174904,512,512,10,DXT1
textures.xdb1,textures/tile/tile_walls_white_02.thm,190,,,,
textures.xdb1,textures/tile/tile_walls_white_02_bump#.dds,349680,512,512,10,DXT5
textures.xdb1,textures/tile/tile_walls_white_02_bump#.thm,138,,,,
textures.xdb1,textures/tile/tile_walls_white_02_bump.dds,1398256,1024,1024,11,DXT5
textures.xdb1,textures/tile/tile_walls_white_02_bump.thm,138,,,,
textures.xdb1,textures/tile/tile_white_01.dds,699192,1024,1024,11,DXT1
textures.xdb1,textures/tile/tile_white_01.thm,184,,,,
textures.xdb1,textures/tile/tile_white_01_bump#.dds,1398256,1024,1024,11,DXT5
textures.xdb1,textures/tile/tile_white_01_bump#.thm,138,,,,
textures.xdb1,textures/tile/tile_white_01_bump.dds,1398256,1024,1024,11,DXT5
textures.xdb1,textures/tile/tile_white_01_bump.thm,138,,,,
textures.xdb1,textures/tile/tile_white_02.dds,174920,1024,256,11,DXT1
textures.xdb1,textures/tile/tile_white_02.thm,161,,,,
textures.xdb1,textures/tile/tile_white_02_bump#.dds,349712,1024,256,11,DXT5
textures.xdb1,textures/tile/tile_white_02_bump#.thm,138,,,,
textures.xdb1,textures/tile/tile_white_02_bump.dds,349712,1024,256,11,DXT5
textures.xdb1,textures/tile/tile_white_02_bump.thm,138,,,,
textures.xdb1,textures/tile/tile_white_blasted_01.dds,699192,1024,1024,11,DXT1
textures.xdb1,textures/tile/tile_white_blasted_01.thm,192,,,,
textures.xdb1,textures/tile/tile_white_blasted_01_bump#.dds,1398256,1024,1024,11,DXT5
textures.xdb1,textures/tile/tile_white_blasted_01_bump#.thm,138,,,,
textures.xdb1,textures/tile/tile_white_blasted_01_bump.dds,1398256,1024,1024,11,DXT5
textures.xdb1,textures/tile/tile_white_blasted_01_bump.thm,138,,,,
textures.xdb1,textures/tree/tree_fuflo.dds,5600,64,64,6,DXT5
textures.xdb1,textures/tree/tree_fuflo.thm,138,,,,
textures.xdb1,textures/trees/trees_a_bush.dds,349568,1024,512,6,DXT1
textures.xdb1,textures/trees/trees_a_bush.thm,138,,,,
textures.xdb1,textures/trees/trees_anomal_ql.dds,43808,256,256,6,DXT1
textures.xdb1,textures/trees/trees_anomal_ql.thm,138,,,,
textures.xdb1,textures/trees/trees_anomal_ql02.dds,21968,256,128,6,DXT1
textures.xdb1,textures/trees/trees_anomal_ql02.thm,138,,,,
textures.xdb1,textures/trees/trees_atp_alder_branch.dds,349672,512,1024,11,DXT1
textures.xdb1,textures/trees/trees_atp_alder_branch.thm,169,,,,
textures.xdb1,textures/trees/trees_atp_alder_branch_dry.dds,349672,512,1024,11,DXT1
textures.xdb1,textures/trees/trees_atp_alder_branch_dry.thm,169,,,,
textures.xdb1,textures/trees/trees_atp_alder_branch_red.dds,349672,512,1024,11,DXT1
textures.xdb1,textures/trees/trees_atp_alder_branch_sm1.dds,699192,1024,1024,11,DXT1
textures.xdb1,textures/trees/trees_atp_alder_branch_sm1_dry.dds,699192,1024,1024,11,DXT1
textures.xdb1,textures/trees/trees_atp_alder_branch_sm1_red.dds,699192,1024,1024,11,DXT1
textures.xdb1,textures/trees/trees_atp_alder_branch_sm2.dds,349680,512,512,10,DXT5
textures.xdb1,textures/trees/trees_atp_alder_branch_sm2_dry.dds,699192,1024,1024,11,DXT1
textures.xdb1,textures/trees/trees_atp_alder_branch_sm2_red.dds,699192,1024,1024,11,DXT1
textures.xdb1,textures/trees/trees_atp_b01_frond.dds,349672,512,1024,11,DXT1
textures.xdb1,textures/trees/trees_atp_birch_bark.dds,699208,512,2048,12,DXT1
textures.xdb1,textures/trees/trees_atp_birch_bark.thm,138,,,,
textures.xdb1,textures/trees/trees_atp_birch_bark2.dds,699208,512,2048,12,DXT1
textures.xdb1,textures/trees/trees_atp_birch_bark2.thm,195,,,,
textures.xdb1,textures/trees/trees_atp_birch_bark2_aurora.dds,699208,512,2048,12,DXT1
textures.xdb1,textures/trees/trees_atp_birch_bark2_bump#.dds,262272,256,1024,0,DXT5
textures.xdb1,textures/trees/trees_atp_birch_bark2_bump#.thm,138,,,,
textures.xdb1,textures/trees/trees_atp_birch_bark2_bump.dds,262272,256,1024,0,DXT5
textures.xdb1,textures/trees/trees_atp_birch_bark2_bump.thm,138,,,,
textures.xdb1,textures/trees/trees_atp_birch_bark_aurora.dds,699208,512,2048,12,DXT1
textures.xdb1,textures/trees/trees_atp_birch_branch.dds,349672,512,1024,11,DXT1
textures.xdb1,textures/trees/trees_atp_birch_branch.thm,169,,,,
textures.xdb1,textures/trees/trees_atp_birch_branch_dry.dds,349672,512,1024,11,DXT1
textures.xdb1,textures/trees/trees_atp_birch_branch_dry.thm,169,,,,
textures.xdb1,textures/trees/trees_atp_birch_dark_branch.dds,349672,512,1024,11,DXT1
textures.xdb1,textures/trees/trees_atp_birch_dark_branch.thm,169,,,,
textures.xdb1,textures/trees/trees_atp_birch_det.dds,174920,256,1024,11,DXT1
textures.xdb1,textures/trees/trees_atp_birch_det.thm,168,,,,
textures.xdb1,textures/trees/trees_atp_birch_det_bump#.dds,262272,256,1024,0,DXT5
textures.xdb1,textures/trees/trees_atp_birch_det_bump#.thm,138,,,,
textures.xdb1,textures/trees/trees_atp_birch_det_bump.dds,262272,256,1024,0,DXT5
textures.xdb1,textures/trees/trees_atp_birch_det_bump.thm,138,,,,
textures.xdb1,textures/trees/trees_atp_birch_frond.dds,699216,512,1024,11,DXT3
textures.xdb1,textures/trees/trees_atp_branch_normal_1#.dds,87536,256,256,9,DXT5
textures.xdb1,textures/trees/trees_atp_branch_normal_1.dds,87536,256,256,9,DXT5
textures.xdb1,textures/trees/trees_atp_branch_normal_1.thm,138,,,,
textures.xdb1,textures/trees/trees_atp_branch_normal_2#.dds,87536,256,256,9,DXT5
textures.xdb1,textures/trees/trees_atp_branch_normal_2.dds,87536,256,256,9,DXT5
textures.xdb1,textures/trees/trees_atp_branch_normal_2.thm,138,,,,
textures.xdb1,textures/trees/trees_atp_branch_normal_3#.dds,87536,256,256,9,DXT5
textures.xdb1,textures/trees/trees_atp_branch_normal_3.dds,87536,256,256,9,DXT5
textures.xdb1,textures/trees/trees_atp_branch_normal_3.thm,138,,,,
textures.xdb1,textures/trees/trees_atp_burnt_bark.dds,699208,512,2048,12,DXT1
textures.xdb1,textures/trees/trees_atp_burnt_bark.thm,185,,,,
textures.xdb1,textures/trees/trees_atp_burnt_bark_bump#.dds,1398288,512,2048,12,DXT5
textures.xdb1,textures/trees/trees_atp_burnt_bark_bump#.thm,138,,,,
textures.xdb1,textures/trees/trees_atp_burnt_bark_bump.dds,1398288,512,2048,12,DXT5
textures.xdb1,textures/trees/trees_atp_burnt_bark_bump.thm,138,,,,
textures.xdb1,textures/trees/trees_atp_cherry_branch.dds,699192,1024,1024,11,DXT1
textures.xdb1,textures/trees/trees_atp_cherry_branch_sm1.dds,349680,512,512,10,DXT5
textures.xdb1,textures/trees/trees_atp_cherry_branch_sm1_dry.dds,699192,1024,1024,11,DXT1
textures.xdb1,textures/trees/trees_atp_cherry_branch_sm1_red.dds,699192,1024,1024,11,DXT1
textures.xdb1,textures/trees/trees_atp_cherry_branch_sm2.dds,699192,1024,1024,11,DXT1
textures.xdb1,textures/trees/trees_atp_cherry_branch_sm2_dry.dds,699192,1024,1024,11,DXT1
textures.xdb1,textures/trees/trees_atp_cherry_branch_sm2_red.dds,699192,1024,1024,11,DXT1
textures.xdb1,textures/trees/trees_atp_oak_branch.dds,349672,512,1024,11,DXT1
textures.xdb1,textures/trees/trees_atp_oak_branch.thm,169,,,,
textures.xdb1,textures/trees/trees_atp_oak_branch_dry.dds,349672,512,1024,11,DXT1
textures.xdb1,textures/trees/trees_atp_oak_branch_dry.thm,169,,,,
textures.xdb1,textures/trees/trees_atp_oak_branch_red.dds,349672,512,1024,11,DXT1
textures.xdb1,textures/trees/trees_atp_oak_branch_sm1.dds,349680,512,512,10,DXT5
textures.xdb1,textures/trees/trees_atp_oak_branch_sm1_dry.dds,699192,1024,1024,11,DXT1
textures.xdb1,textures/trees/trees_atp_oak_branch_sm1_red.dds,699192,1024,1024,11,DXT1
textures.xdb1,textures/trees/trees_atp_oak_branch_sm2.dds,699192,1024,1024,11,DXT1
textures.xdb1,textures/trees/trees_atp_oak_branch_sm2_dry.dds,699192,1024,1024,11,DXT1
textures.xdb1,textures/trees/trees_atp_oak_branch_sm2_red.dds,699192,1024,1024,11,DXT1
textures.xdb1,textures/trees/trees_atp_oak_frond3.dds,349672,512,1024,11,DXT1
textures.xdb1,textures/trees/trees_atp_pine_bark.dds,174920,256,1024,11,DXT1
textures.xdb1,textures/trees/trees_atp_pine_bark.thm,180,,,,
textures.xdb1,textures/trees/trees_atp_pine_bark_bump#.dds,349712,256,1024,11,DXT5
textures.xdb1,textures/trees/trees_atp_pine_bark_bump#.thm,138,,,,
textures.xdb1,textures/trees/trees_atp_pine_bark_bump.dds,349712,256,1024,11,DXT5
textures.xdb1,textures/trees/trees_atp_pine_bark_bump.thm,138,,,,
textures.xdb1,textures/trees/trees_atp_pine_branch.dds,699192,1024,1024,11,DXT1
textures.xdb1,textures/trees/trees_atp_pine_branch.thm,169,,,,
textures.xdb1,textures/trees/trees_atp_pine_branch_broken.dds,699192,1024,1024,11,DXT1
textures.xdb1,textures/trees/trees_atp_pine_branch_broken.thm,169,,,,
textures.xdb1,textures/trees/trees_atp_pine_branch_dry.dds,699192,1024,1024,11,DXT1
textures.xdb1,textures/trees/trees_atp_pine_branch_dry.thm,169,,,,
textures.xdb1,textures/trees/trees_atp_pine_branch_long.dds,349672,512,1024,11,DXT1
textures.xdb1,textures/trees/trees_atp_pine_branch_long.thm,169,,,,
textures.xdb1,textures/trees/trees_atp_pine_branch_long_broken.dds,349672,512,1024,11,DXT1
textures.xdb1,textures/trees/trees_atp_pine_branch_long_broken.thm,169,,,,
textures.xdb1,textures/trees/trees_atp_pine_branch_long_dry.dds,349672,512,1024,11,DXT1
textures.xdb1,textures/trees/trees_atp_pine_branch_long_dry.thm,169,,,,
textures.xdb1,textures/trees/trees_atp_pine_branch_long_red.dds,349672,512,1024,11,DXT1
textures.xdb1,textures/trees/trees_atp_pine_branch_red.dds,699192,1024,1024,11,DXT1
textures.xdb1,textures/trees/trees_atp_pine_cap.dds,174904,512,512,10,DXT1
textures.xdb1,textures/trees/trees_atp_pine_cap.thm,183,,,,
textures.xdb1,textures/trees/trees_atp_pine_cap_bump#.dds,262272,512,512,0,DXT5
textures.xdb1,textures/trees/trees_atp_pine_cap_bump#.thm,138,,,,
textures.xdb1,textures/trees/trees_atp_pine_cap_bump.dds,262272,512,512,0,DXT5
textures.xdb1,textures/trees/trees_atp_pine_cap_bump.thm,138,,,,
textures.xdb1,textures/trees/trees_atp_pine_fake_sux01.dds,174928,256,512,10,DXT5
textures.xdb1,textures/trees/trees_atp_pine_frond.dds,349672,512,1024,11,DXT1
textures.xdb1,textures/trees/trees_atp_poplar_branch.dds,349672,512,1024,11,DXT1
textures.xdb1,textures/trees/trees_atp_poplar_branch.thm,169,,,,
textures.xdb1,textures/trees/trees_atp_poplar_branch_dry.dds,349672,512,1024,11,DXT1
textures.xdb1,textures/trees/trees_atp_poplar_branch_dry.thm,169,,,,
textures.xdb1,textures/trees/trees_atp_poplar_branch_red.dds,349672,512,1024,11,DXT1
textures.xdb1,textures/trees/trees_atp_sosnodub_branch.dds,699192,1024,1024,11,DXT1
textures.xdb1,textures/trees/trees_atp_spruce_bark.dds,349712,256,1024,11,DXT5
textures.xdb1,textures/trees/trees_atp_spruce_bark.thm,186,,,,
textures.xdb1,textures/trees/trees_atp_spruce_bark_bump#.dds,349712,256,1024,11,DXT5
textures.xdb1,textures/trees/trees_atp_spruce_bark_bump#.thm,138,,,,
textures.xdb1,textures/trees/trees_atp_spruce_bark_bump.dds,349712,256,1024,11,DXT5
textures.xdb1,textures/trees/trees_atp_spruce_bark_bump.thm,138,,,,
textures.xdb1,textures/trees/trees_atp_spruce_branch.dds,699192,1024,1024,11,DXT1
textures.xdb1,textures/trees/trees_atp_spruce_branch.thm,169,,,,
textures.xdb1,textures/trees/trees_atp_spruce_branch_broken.dds,699192,1024,1024,11,DXT1
textures.xdb1,textures/trees/trees_atp_spruce_branch_broken.thm,169,,,,
textures.xdb1,textures/trees/trees_atp_spruce_branch_dry.dds,699192,1024,1024,11,DXT1
textures.xdb1,textures/trees/trees_atp_spruce_branch_dry.thm,169,,,,
textures.xdb1,textures/trees/trees_atp_spruce_branch_red.dds,699192,1024,1024,11,DXT1
textures.xdb1,textures/trees/trees_atp_spruce_cap.dds,174904,512,512,10,DXT1
textures.xdb1,textures/trees/trees_atp_spruce_cap.thm,185,,,,
textures.xdb1,textures/trees/trees_atp_spruce_cap_bump#.dds,349680,512,512,10,DXT5
textures.xdb1,textures/trees/trees_atp_spruce_cap_bump#.thm,138,,,,
textures.xdb1,textures/trees/trees_atp_spruce_cap_bump.dds,349680,512,512,10,DXT5
textures.xdb1,textures/trees/trees_atp_spruce_cap_bump.thm,138,,,,
textures.xdb1,textures/trees/trees_atp_spruce_frond.dds,43848,128,512,10,DXT1
textures.xdb1,textures/trees/trees_atp_willow_branch1.dds,349712,256,1024,11,DXT5
textures.xdb1,textures/trees/trees_atp_willow_branch1.thm,169,,,,
textures.xdb1,textures/trees/trees_atp_willow_branch1_dry.dds,699208,512,2048,12,DXT1
textures.xdb1,textures/trees/trees_atp_willow_branch1_dry.thm,169,,,,
textures.xdb1,textures/trees/trees_atp_willow_branch2.dds,699208,512,2048,12,DXT1
textures.xdb1,textures/trees/trees_atp_willow_branch2.thm,169,,,,
textures.xdb1,textures/trees/trees_atp_willow_branch2_dry.dds,699208,512,2048,12,DXT1
textures.xdb1,textures/trees/trees_atp_willow_branch2_dry.thm,169,,,,
textures.xdb1,textures/trees/trees_bark.dds,43808,256,256,6,DXT1
textures.xdb1,textures/trees/trees_bark.thm,175,,,,
textures.xdb1,textures/trees/trees_bark_a_01.dds,174920,256,1024,11,DXT1
textures.xdb1,textures/trees/trees_bark_a_01.thm,180,,,,
textures.xdb1,textures/trees/trees_bark_a_011.dds,699208,512,2048,12,DXT1
textures.xdb1,textures/trees/trees_bark_a_01_bump#.dds,349568,256,1024,6,DXT5
textures.xdb1,textures/trees/trees_bark_a_01_bump#.thm,138,,,,
textures.xdb1,textures/trees/trees_bark_a_01_bump.dds,349712,256,1024,11,DXT5
textures.xdb1,textures/trees/trees_bark_a_01_bump.thm,138,,,,
textures.xdb1,textures/trees/trees_bark_a_02.dds,699208,512,2048,12,DXT1
textures.xdb1,textures/trees/trees_bark_a_02.thm,180,,,,
textures.xdb1,textures/trees/trees_bark_a_02_bump#.dds,1398288,512,2048,12,DXT5
textures.xdb1,textures/trees/trees_bark_a_02_bump#.thm,138,,,,
textures.xdb1,textures/trees/trees_bark_a_02_bump.dds,1398288,512,2048,12,DXT5
textures.xdb1,textures/trees/trees_bark_a_02_bump.thm,138,,,,
textures.xdb1,textures/trees/trees_bark_bump#.dds,349568,512,512,6,DXT5
textures.xdb1,textures/trees/trees_bark_bump#.thm,138,,,,
textures.xdb1,textures/trees/trees_bark_bump.dds,349568,512,512,6,DXT5
textures.xdb1,textures/trees/trees_bark_bump.thm,138,,,,
textures.xdb1,textures/trees/trees_bark_mox.dds,43808,256,256,6,DXT1
textures.xdb1,textures/trees/trees_bark_mox.thm,154,,,,
textures.xdb1,textures/trees/trees_bark_sosna.dds,43808,256,256,6,DXT1
textures.xdb1,textures/trees/trees_bark_sosna.thm,181,,,,
textures.xdb1,textures/trees/trees_bark_sosna_01.dds,174920,256,1024,11,DXT1
textures.xdb1,textures/trees/trees_bark_sosna_01.thm,184,,,,
textures.xdb1,textures/trees/trees_bark_sosna_01_bump#.dds,349568,256,1024,6,DXT5
textures.xdb1,textures/trees/trees_bark_sosna_01_bump#.thm,138,,,,
textures.xdb1,textures/trees/trees_bark_sosna_01_bump.dds,349712,256,1024,11,DXT5
textures.xdb1,textures/trees/trees_bark_sosna_01_bump.thm,138,,,,
textures.xdb1,textures/trees/trees_bark_sosna_02.dds,174920,256,1024,11,DXT1
textures.xdb1,textures/trees/trees_bark_sosna_02.thm,184,,,,
textures.xdb1,textures/trees/trees_bark_sosna_02_bump#.dds,349568,256,1024,6,DXT5
textures.xdb1,textures/trees/trees_bark_sosna_02_bump#.thm,138,,,,
textures.xdb1,textures/trees/trees_bark_sosna_02_bump.dds,349712,256,1024,11,DXT5
textures.xdb1,textures/trees/trees_bark_sosna_02_bump.thm,138,,,,
textures.xdb1,textures/trees/trees_bark_sosna_big.dds,87488,128,1024,6,DXT1
textures.xdb1,textures/trees/trees_bark_sosna_big.thm,154,,,,
textures.xdb1,textures/trees/trees_bark_sosna_bump#.dds,699008,256,2048,6,DXT5
textures.xdb1,textures/trees/trees_bark_sosna_bump#.thm,138,,,,
textures.xdb1,textures/trees/trees_bark_sosna_bump.dds,699008,256,2048,6,DXT5
textures.xdb1,textures/trees/trees_bark_sosna_bump.thm,138,,,,
textures.xdb1,textures/trees/trees_bark_sux.dds,43808,256,256,6,DXT1
textures.xdb1,textures/trees/trees_bark_sux.thm,154,,,,
textures.xdb1,textures/trees/trees_bark_sux1.dds,43808,256,256,6,DXT1
textures.xdb1,textures/trees/trees_bark_sux1.thm,154,,,,
textures.xdb1,textures/trees/trees_bark_sux2.dds,43832,256,256,9,DXT1
textures.xdb1,textures/trees/trees_bark_sux2.thm,154,,,,
textures.xdb1,textures/trees/trees_bark_sux3.dds,43808,256,256,6,DXT1
textures.xdb1,textures/trees/trees_bark_sux3.thm,154,,,,
textures.xdb1,textures/trees/trees_bark_sux_mox.dds,174920,256,1024,11,DXT1
textures.xdb1,textures/trees/trees_bark_sux_mox.thm,183,,,,
textures.xdb1,textures/trees/trees_bark_sux_mox_bump#.dds,349568,256,1024,6,DXT5
textures.xdb1,textures/trees/trees_bark_sux_mox_bump#.thm,138,,,,
textures.xdb1,textures/trees/trees_bark_sux_mox_bump.dds,349712,256,1024,11,DXT5
textures.xdb1,textures/trees/trees_bark_sux_mox_bump.thm,138,,,,
textures.xdb1,textures/trees/trees_bark_topol.dds,43808,256,256,6,DXT1
textures.xdb1,textures/trees/trees_bark_topol.thm,154,,,,
textures.xdb1,textures/trees/trees_bump#.dds,349568,512,512,6,DXT5
textures.xdb1,textures/trees/trees_bump#.thm,138,,,,
textures.xdb1,textures/trees/trees_bump.dds,349568,512,512,6,DXT5
textures.xdb1,textures/trees/trees_bump.thm,138,,,,
textures.xdb1,textures/trees/trees_byaka1.dds,174904,512,512,10,DXT1
textures.xdb1,textures/trees/trees_byaka1.thm,177,,,,
textures.xdb1,textures/trees/trees_byaka1_bump#.dds,349680,512,512,10,DXT5
textures.xdb1,textures/trees/trees_byaka1_bump#.thm,138,,,,
textures.xdb1,textures/trees/trees_byaka1_bump.dds,349680,512,512,10,DXT5
textures.xdb1,textures/trees/trees_byaka1_bump.thm,138,,,,
textures.xdb1,textures/trees/trees_det1.dds,87488,256,256,6,DXT5
textures.xdb1,textures/trees/trees_det1.thm,159,,,,
textures.xdb1,textures/trees/trees_det1_bump#.dds,87488,256,256,6,DXT5
textures.xdb1,textures/trees/trees_det1_bump#.thm,138,,,,
textures.xdb1,textures/trees/trees_det1_bump.dds,87488,256,256,6,DXT5
textures.xdb1,textures/trees/trees_det1_bump.thm,138,,,,
textures.xdb1,textures/trees/trees_det2.dds,349568,256,1024,6,DXT5
textures.xdb1,textures/trees/trees_det2.thm,159,,,,
textures.xdb1,textures/trees/trees_det2_bump#.dds,349568,256,1024,6,DXT5
textures.xdb1,textures/trees/trees_det2_bump#.thm,138,,,,
textures.xdb1,textures/trees/trees_det2_bump.dds,349568,256,1024,6,DXT5
textures.xdb1,textures/trees/trees_det2_bump.thm,138,,,,
textures.xdb1,textures/trees/trees_dub.dds,699192,1024,1024,11,DXT1
textures.xdb1,textures/trees/trees_dub.thm,154,,,,
textures.xdb1,textures/trees/trees_dub_bark.dds,174920,256,1024,11,DXT1
textures.xdb1,textures/trees/trees_dub_bark.thm,179,,,,
textures.xdb1,textures/trees/trees_dub_bark_bump#.dds,349568,256,1024,6,DXT5
textures.xdb1,textures/trees/trees_dub_bark_bump#.thm,138,,,,
textures.xdb1,textures/trees/trees_dub_bark_bump.dds,349568,256,1024,6,DXT5
textures.xdb1,textures/trees/trees_dub_bark_bump.thm,138,,,,
textures.xdb1,textures/trees/trees_dub_dry.dds,699192,1024,1024,11,DXT1
textures.xdb1,textures/trees/trees_dub_dry.thm,169,,,,
textures.xdb1,textures/trees/trees_dub_red.dds,699192,1024,1024,11,DXT1
textures.xdb1,textures/trees/trees_dub_red.thm,154,,,,
textures.xdb1,textures/trees/trees_dub_red_dry.dds,699192,1024,1024,11,DXT1
textures.xdb1,textures/trees/trees_elka.dds,699192,1024,1024,11,DXT1
textures.xdb1,textures/trees/trees_elka.thm,154,,,,
textures.xdb1,textures/trees/trees_elka2.dds,349680,512,512,10,DXT5
textures.xdb1,textures/trees/trees_elka_red.dds,174904,512,512,10,DXT1
textures.xdb1,textures/trees/trees_elka_sux.dds,699192,1024,1024,11,DXT1
textures.xdb1,textures/trees/trees_elka_sux.thm,154,,,,
textures.xdb1,textures/trees/trees_elka_suxaya.dds,174904,512,512,10,DXT1
textures.xdb1,textures/trees/trees_elkabark.dds,43808,256,256,6,DXT1
textures.xdb1,textures/trees/trees_elkabark.thm,154,,,,
textures.xdb1,textures/trees/trees_fake.dds,5600,64,64,6,DXT5
textures.xdb1,textures/trees/trees_fake.thm,138,,,,
textures.xdb1,textures/trees/trees_forestwall1.dds,699216,1024,512,11,DXT3
textures.xdb1,textures/trees/trees_forestwall1.thm,138,,,,
textures.xdb1,textures/trees/trees_forestwall2.dds,699216,1024,512,11,DXT3
textures.xdb1,textures/trees/trees_forestwall2.thm,138,,,,
textures.xdb1,textures/trees/trees_kamish_big_01.dds,699192,1024,1024,11,DXT1
textures.xdb1,textures/trees/trees_kamish_big_01.thm,168,,,,
textures.xdb1,textures/trees/trees_kamish_big_01_bump#.dds,87536,256,256,9,DXT5
textures.xdb1,textures/trees/trees_kamish_big_01_bump.dds,87536,256,256,9,DXT5
textures.xdb1,textures/trees/trees_kamish_big_01_bump.thm,138,,,,
textures.xdb1,textures/trees/trees_kamish_big_01_dry.dds,699192,1024,1024,11,DXT1
textures.xdb1,textures/trees/trees_kamish_big_02.dds,699192,1024,1024,11,DXT1
textures.xdb1,textures/trees/trees_kamish_big_02.thm,168,,,,
textures.xdb1,textures/trees/trees_kamish_big_02_bump#.dds,87536,256,256,9,DXT5
textures.xdb1,textures/trees/trees_kamish_big_02_bump.dds,87536,256,256,9,DXT5
textures.xdb1,textures/trees/trees_kamish_big_02_bump.thm,138,,,,
textures.xdb1,textures/trees/trees_kamish_big_02_dry.dds,699192,1024,1024,11,DXT1
textures.xdb1,textures/trees/trees_kamish_sux.dds,699192,1024,1024,11,DXT1
textures.xdb1,textures/trees/trees_kamish_sux.thm,165,,,,
textures.xdb1,textures/trees/trees_kamish_sux_bump#.dds,87536,256,256,9,DXT5
textures.xdb1,textures/trees/trees_kamish_sux_bump.dds,87536,256,256,9,DXT5
textures.xdb1,textures/trees/trees_kamish_sux_bump.thm,138,,,,
textures.xdb1,textures/trees/trees_kamish_sux_dry.dds,349680,512,512,10,DXT5
textures.xdb1,textures/trees/trees_kamish_sux_fake.dds,174928,512,256,10,DXT5
textures.xdb1,textures/trees/trees_kamysh.dds,87528,256,512,10,DXT1
textures.xdb1,textures/trees/trees_kamysh.thm,138,,,,
textures.xdb1,textures/trees/trees_kamysh_dry.dds,87528,256,512,10,DXT1
textures.xdb1,textures/trees/trees_new_vetka.dds,699192,1024,1024,11,DXT1
textures.xdb1,textures/trees/trees_new_vetka.thm,138,,,,
textures.xdb1,textures/trees/trees_new_vetka_green.dds,699192,1024,1024,11,DXT1
textures.xdb1,textures/trees/trees_new_vetka_green.thm,138,,,,
textures.xdb1,textures/trees/trees_new_vetka_green1.dds,699192,1024,1024,11,DXT1
textures.xdb1,textures/trees/trees_new_vetka_green1.thm,138,,,,
textures.xdb1,textures/trees/trees_new_vetka_green1_dry.dds,699192,1024,1024,11,DXT1
textures.xdb1,textures/trees/trees_new_vetka_green1_dry.thm,169,,,,
textures.xdb1,textures/trees/trees_new_vetka_green2.dds,699192,1024,1024,11,DXT1
textures.xdb1,textures/trees/trees_new_vetka_green_dry.thm,169,,,,
textures.xdb1,textures/trees/trees_orex.dds,699192,1024,1024,11,DXT1
textures.xdb1,textures/trees/trees_orex.thm,154,,,,
textures.xdb1,textures/trees/trees_orex_dry.dds,699192,1024,1024,11,DXT1
textures.xdb1,textures/trees/trees_orex_red.dds,699192,1024,1024,11,DXT1
textures.xdb1,textures/trees/trees_orex_red.thm,154,,,,
textures.xdb1,textures/trees/trees_orex_red_dry.dds,699192,1024,1024,11,DXT1
textures.xdb1,textures/trees/trees_orex_red_dry.thm,154,,,,
textures.xdb1,textures/trees/trees_osoka.dds,174904,512,512,10,DXT1
textures.xdb1,textures/trees/trees_osoka_sux.dds,174904,512,512,10,DXT1
textures.xdb1,textures/trees/trees_osoka_sux.thm,138,,,,
textures.xdb1,textures/trees/trees_osoka_sux_dry.dds,174904,512,512,10,DXT1
textures.xdb1,textures/trees/trees_osoka_sux_green.dds,349680,512,512,10,DXT5
textures.xdb1,textures/trees/trees_sosna.dds,699192,1024,1024,11,DXT1
textures.xdb1,textures/trees/trees_sosna.thm,160,,,,
textures.xdb1,textures/trees/trees_sosna_bump#.dds,349568,512,512,6,DXT5
textures.xdb1,textures/trees/trees_sosna_bump#.thm,138,,,,
textures.xdb1,textures/trees/trees_sosna_bump.dds,349568,512,512,6,DXT5
textures.xdb1,textures/trees/trees_sosna_bump.thm,138,,,,
textures.xdb1,textures/trees/trees_sosna_low.dds,699192,1024,1024,11,DXT1
textures.xdb1,textures/trees/trees_sosna_low.thm,164,,,,
textures.xdb1,textures/trees/trees_sosna_low_bump#.dds,349568,512,512,6,DXT5
textures.xdb1,textures/trees/trees_sosna_low_bump#.thm,138,,,,
textures.xdb1,textures/trees/trees_sosna_low_bump.dds,349568,512,512,6,DXT5
textures.xdb1,textures/trees/trees_sosna_low_bump.thm,138,,,,
textures.xdb1,textures/trees/trees_sosna_low_dry.dds,174904,512,512,10,DXT1
textures.xdb1,textures/trees/trees_sosna_red.dds,174904,512,512,10,DXT1
textures.xdb1,textures/trees/trees_sosna_red_low.dds,174904,512,512,10,DXT1
textures.xdb1,textures/trees/trees_sosna_red_low.thm,164,,,,
textures.xdb1,textures/trees/trees_sosna_red_low_bump.dds,349680,512,512,10,DXT5
textures.xdb1,textures/trees/trees_sosna_sux.dds,699192,1024,1024,11,DXT1
textures.xdb1,textures/trees/trees_sosna_sux.thm,160,,,,
textures.xdb1,textures/trees/trees_sosna_sux_bump#.dds,349680,512,512,10,DXT5
textures.xdb1,textures/trees/trees_sosna_sux_bump.dds,349680,512,512,10,DXT5
textures.xdb1,textures/trees/trees_sosna_sux_dry.dds,174904,512,512,10,DXT1
textures.xdb1,textures/trees/trees_sosna_sux_low.dds,699192,1024,1024,11,DXT1
textures.xdb1,textures/trees/trees_sosna_sux_low.thm,164,,,,
textures.xdb1,textures/trees/trees_spil.dds,87536,256,256,9,DXT5
textures.xdb1,textures/trees/trees_spil.thm,175,,,,
textures.xdb1,textures/trees/trees_spil_bump#.dds,349568,512,512,6,DXT5
textures.xdb1,textures/trees/trees_spil_bump#.thm,138,,,,
textures.xdb1,textures/trees/trees_spil_bump.dds,349680,512,512,10,DXT5
textures.xdb1,textures/trees/trees_spil_bump.thm,138,,,,
textures.xdb1,textures/trees/trees_sprouts.dds,349680,512,512,10,DXT5
textures.xdb1,textures/trees/trees_tina.dds,349680,512,512,10,DXT5
textures.xdb1,textures/trees/trees_tina.thm,138,,,,
textures.xdb1,textures/trees/trees_vetka.dds,699192,1024,1024,11,DXT1
textures.xdb1,textures/trees/trees_vetka.thm,138,,,,
textures.xdb1,textures/trees/trees_vetka1.dds,699192,1024,1024,11,DXT1
textures.xdb1,textures/trees/trees_vetka_green_1v.dds,699192,1024,1024,11,DXT1
textures.xdb1,textures/trees/trees_vetka_green_1v.thm,138,,,,
textures.xdb1,textures/trees/trees_vetkabig.dds,699192,1024,1024,11,DXT1
textures.xdb1,textures/trees/trees_vetkabig.thm,154,,,,
textures.xdb1,textures/trees/trees_vetkabig_dead.dds,2795648,2048,2048,6,DXT1
textures.xdb1,textures/trees/trees_vetkabig_dead.thm,154,,,,
textures.xdb1,textures/trees/trees_vetkabig_dry.dds,699192,1024,1024,11,DXT1
textures.xdb1,textures/trees/trees_vetkabig_dry.thm,169,,,,
textures.xdb1,textures/trees/trees_vetkabig_red.dds,2796344,2048,2048,12,DXT1
textures.xdb1,textures/trees/trees_vetkabig_rotten.dds,2795648,2048,2048,6,DXT1
textures.xdb1,textures/trees/trees_vetkabig_rotten.thm,154,,,,
textures.xdb1,textures/trees/trees_vetkagreen1.dds,699192,1024,1024,11,DXT1
textures.xdb1,textures/trees/trees_vetkagreen1.thm,154,,,,
textures.xdb1,textures/trees/trees_vetkagreen1_dry.dds,699192,1024,1024,11,DXT1
textures.xdb1,textures/trees/trees_vetkagreen1_dry.thm,169,,,,
textures.xdb1,textures/trees/trees_vetkagreen1_red.dds,1398256,1024,1024,11,DXT5
textures.xdb1,textures/trees/trees_vetkagreen2.dds,349680,512,512,10,DXT5
textures.xdb1,textures/trees/trees_vetkagreen3.dds,699192,1024,1024,11,DXT1
textures.xdb1,textures/trees/trees_vetkagreen3.thm,154,,,,
textures.xdb1,textures/trees/trees_vetkagreen3_dry.dds,699192,1024,1024,11,DXT1
textures.xdb1,textures/trees/trees_vetkagreen3_dry.thm,169,,,,
textures.xdb1,textures/trees/trees_vetkagreen3_red.dds,2796344,2048,2048,12,DXT1
textures.xdb1,textures/trees/trees_vetkagreen5.dds,699192,1024,1024,11,DXT1
textures.xdb1,textures/trees/trees_vetkagreen5.thm,154,,,,
textures.xdb1,textures/trees/trees_vetkagreen5_dry.dds,349680,512,512,10,DXT5
textures.xdb1,textures/trees/trees_vetkagreen5_dry.thm,169,,,,
textures.xdb1,textures/trees/trees_vetkagreen5_red.dds,1398256,1024,1024,11,DXT5
textures.xdb1,textures/trees/trees_vetkagreen6.dds,349680,512,512,10,DXT5
textures.xdb1,textures/trees/trees_vetkagreen7.dds,349680,512,512,10,DXT5
textures.xdb1,textures/trees/trees_vetkasux.dds,699192,1024,1024,11,DXT1
textures.xdb1,textures/trees/trees_vetkasux.thm,138,,,,
textures.xdb1,textures/trees/trees_vetkasux1_v.dds,699192,1024,1024,11,DXT1
textures.xdb1,textures/trees/trees_vetkasux1_v.thm,154,,,,
textures.xdb1,textures/trees/trees_vetkasux1_v_red.dds,2796344,2048,2048,12,DXT1
textures.xdb1,textures/trees/trees_vetkasux2.dds,349680,512,512,10,DXT5
textures.xdb1,textures/trees/trees_vetkasux2.thm,154,,,,
textures.xdb1,textures/trees/trees_vetkasux2_dry.dds,699192,1024,1024,11,DXT1
textures.xdb1,textures/trees/trees_vetkasux2_dry.thm,169,,,,
textures.xdb1,textures/trees/trees_vetkasux2_red.dds,349680,512,512,10,DXT5
textures.xdb1,textures/trees/trees_vetkasux3.dds,349680,512,512,10,DXT5
textures.xdb1,textures/ui/cursor.dds,4224,64,64,0,DXT3
textures.xdb1,textures/ui/cursor.thm,138,,,,
textures.xdb1,textures/ui/icon_news.dds,262272,512,512,0,DXT5
textures.xdb1,textures/ui/map_escape.dds,1048704,1024,1024,0,DXT5
textures.xdb1,textures/ui/map_marsh.dds,1048704,1024,1024,0,DXT5
textures.xdb1,textures/ui/map_red_forest.dds,1048704,1024,1024,0,DXT5
textures.xdb1,textures/ui/moty2015.dds,241792,510,470,0,DXT5
textures.xdb1,textures/ui/moty2016.dds,261872,530,490,0,DXT5
textures.xdb1,textures/ui/teamepic_logo.dds,4224,64,64,1,DXT5
textures.xdb1,textures/ui/ui_actor_achivments.dds,1048704,1024,1024,1,DXT3
textures.xdb1,textures/ui/ui_actor_achivments.thm,138,,,,
textures.xdb1,textures/ui/ui_actor_armor.dds,1048704,1024,1024,0,DXT5
textures.xdb1,textures/ui/ui_actor_dialog_screen.dds,1048704,1024,1024,1,DXT3
textures.xdb1,textures/ui/ui_actor_dialog_screen.thm,138,,,,
textures.xdb1,textures/ui/ui_actor_hint_wnd.dds,2097280,2048,1024,1,DXT5
textures.xdb1,textures/ui/ui_actor_hint_wnd.thm,138,,,,
textures.xdb1,textures/ui/ui_actor_loadgame_screen.dds,524416,1024,1024,0,DXT1
textures.xdb1,textures/ui/ui_actor_loadgame_screen.thm,138,,,,
textures.xdb1,textures/ui/ui_actor_main_menu2.dds,1048704,1024,1024,0,DXT5
textures.xdb1,textures/ui/ui_actor_menu.dds,4194432,2048,2048,1,DXT5
textures.xdb1,textures/ui/ui_actor_menu.thm,138,,,,
textures.xdb1,textures/ui/ui_actor_monsters_pda.dds,1048704,1024,1024,1,DXT5
textures.xdb1,textures/ui/ui_actor_monsters_pda.thm,138,,,,
textures.xdb1,textures/ui/ui_actor_monsters_pda_1.dds,1048704,1024,1024,0,DXT5
textures.xdb1,textures/ui/ui_actor_monsters_pda_1.thm,138,,,,
textures.xdb1,textures/ui/ui_actor_monsters_pda_2.dds,1048704,1024,1024,0,DXT5
textures.xdb1,textures/ui/ui_actor_mp_screen.dds,1048704,1024,1024,0,DXT5
textures.xdb1,textures/ui/ui_actor_mp_screen.thm,138,,,,
textures.xdb1,textures/ui/ui_actor_multiplayer_background.dds,1048704,1024,1024,0,DXT5
textures.xdb1,textures/ui/ui_actor_multiplayer_background.thm,138,,,,
textures.xdb1,textures/ui/ui_actor_multiplayer_game_menu.dds,1048704,1024,1024,1,DXT5
textures.xdb1,textures/ui/ui_actor_multiplayer_game_menu.thm,138,,,,
textures.xdb1,textures/ui/ui_actor_newsmanager_icons.dds,1048704,1024,1024,0,DXT5
textures.xdb1,textures/ui/ui_actor_newsmanager_icons.thm,138,,,,
textures.xdb1,textures/ui/ui_actor_options_background.dds,1048704,1024,1024,0,DXT5
textures.xdb1,textures/ui/ui_actor_options_background.thm,138,,,,
textures.xdb1,textures/ui/ui_actor_pda.dds,1048704,1024,1024,1,DXT5
textures.xdb1,textures/ui/ui_actor_pda.thm,138,,,,
textures.xdb1,textures/ui/ui_actor_portrets.dds,2097280,2048,2048,1,DXT1
textures.xdb1,textures/ui/ui_actor_portrets.thm,138,,,,
textures.xdb1,textures/ui/ui_actor_sleep_screen.dds,1048704,1024,1024,1,DXT5
textures.xdb1,textures/ui/ui_actor_sleep_screen.thm,138,,,,
textures.xdb1,textures/ui/ui_actor_staff_background.dds,1048704,1024,1024,0,DXT5
textures.xdb1,textures/ui/ui_actor_staff_background.thm,138,,,,
textures.xdb1,textures/ui/ui_actor_upgrades_1.dds,1048704,1024,1024,0,DXT5
textures.xdb1,textures/ui/ui_actor_upgrades_1.thm,138,,,,
textures.xdb1,textures/ui/ui_actor_upgrades_2.dds,1048704,1024,1024,0,DXT5
textures.xdb1,textures/ui/ui_actor_upgrades_2.thm,138,,,,
textures.xdb1,textures/ui/ui_actor_upgrades_3.dds,1048704,1024,1024,0,DXT5
textures.xdb1,textures/ui/ui_actor_upgrades_3.thm,138,,,,
textures.xdb1,textures/ui/ui_actor_upgrades_4.dds,1048704,1024,1024,0,DXT5
textures.xdb1,textures/ui/ui_actor_upgrades_4.thm,138,,,,
textures.xdb1,textures/ui/ui_actor_upgrades_armor.dds,1048704,1024,1024,0,DXT5
textures.xdb1,textures/ui/ui_actor_upgrades_armor.thm,138,,,,
textures.xdb1,textures/ui/ui_actor_upgrades_armor_1.dds,1048704,1024,1024,0,DXT5
textures.xdb1,textures/ui/ui_actor_upgrades_armor_1.thm,138,,,,
textures.xdb1,textures/ui/ui_actor_weapons.dds,2097280,2048,1024,0,DXT5
textures.xdb1,textures/ui/ui_actor_weapons.thm,138,,,,
textures.xdb1,textures/ui/ui_actor_widescreen_sidepanels.dds,1048704,1024,1024,1,DXT3
textures.xdb1,textures/ui/ui_actor_widescreen_sidepanels.thm,138,,,,
textures.xdb1,textures/ui/ui_actor_widescreen_sidepanels_1.dds,1048704,1024,1024,0,DXT5
textures.xdb1,textures/ui/ui_actor_widescreen_sidepanels_1.thm,138,,,,
textures.xdb1,textures/ui/ui_ani_cursor.dds,1152,32,32,1,DXT5
textures.xdb1,textures/ui/ui_ani_cursor.seq,21,,,,
textures.xdb1,textures/ui/ui_ani_cursor_01.dds,4224,64,64,0,DXT5
textures.xdb1,textures/ui/ui_ani_cursor_01.thm,138,,,,
textures.xdb1,textures/ui/ui_ani_cursor_02.dds,4224,64,64,0,DXT5
textures.xdb1,textures/ui/ui_ani_cursor_02.thm,138,,,,
textures.xdb1,textures/ui/ui_ani_cursor_03.dds,4224,64,64,0,DXT5
textures.xdb1,textures/ui/ui_ani_cursor_03.thm,138,,,,
textures.xdb1,textures/ui/ui_ani_cursor_04.dds,4224,64,64,0,DXT5
textures.xdb1,textures/ui/ui_ani_cursor_04.thm,138,,,,
textures.xdb1,textures/ui/ui_ani_cursor_05.dds,4224,64,64,0,DXT5
textures.xdb1,textures/ui/ui_ani_cursor_05.thm,138,,,,
textures.xdb1,textures/ui/ui_ani_cursor_06.dds,4224,64,64,0,DXT5
textures.xdb1,textures/ui/ui_ani_cursor_06.thm,138,,,,
textures.xdb1,textures/ui/ui_ani_cursor_07.dds,4224,64,64,0,DXT5
textures.xdb1,textures/ui/ui_ani_cursor_07.thm,138,,,,
textures.xdb1,textures/ui/ui_ani_cursor_08.dds,4224,64,64,0,DXT5
textures.xdb1,textures/ui/ui_ani_cursor_08.thm,138,,,,
textures.xdb1,textures/ui/ui_arty_interface.dds,524416,1024,512,0,DXT5
textures.xdb1,textures/ui/ui_buy_menu.dds,2097280,1024,2048,0,DXT5
textures.xdb1,textures/ui/ui_common.dds,1048704,1024,1024,0,DXT5
textures.xdb1,textures/ui/ui_common.thm,138,,,,
textures.xdb1,textures/ui/ui_console.dds,1152,32,32,1,DXT5
textures.xdb1,textures/ui/ui_console.thm,138,,,,
textures.xdb1,textures/ui/ui_cooking_interface.dds,262272,1024,512,0,DXT1
textures.xdb1,textures/ui/ui_craft_interface.dds,524416,1024,512,0,DXT5
textures.xdb1,textures/ui/ui_enemy_frame.dds,1152,32,32,0,DXT5
textures.xdb1,textures/ui/ui_enemy_frame.thm,138,,,,
textures.xdb1,textures/ui/ui_fog_of_war.dds,8320,128,64,0,DXT5
textures.xdb1,textures/ui/ui_fog_of_war.thm,138,,,,
textures.xdb1,textures/ui/ui_font_arial_14_1024.dds,16512,512,32,0,DXT5
textures.xdb1,textures/ui/ui_font_arial_14_1024.ini,7709,,,,
textures.xdb1,textures/ui/ui_font_arial_14_1024.thm,138,,,,
textures.xdb1,textures/ui/ui_font_arial_14_1024_cent.dds,32896,256,128,0,RGB
textures.xdb1,textures/ui/ui_font_arial_14_1024_cent.ini,7708,,,,
textures.xdb1,textures/ui/ui_font_arial_14_1024_cent.thm,138,,,,
textures.xdb1,textures/ui/ui_font_arial_14_1024_west.dds,16512,256,64,0,RGB
textures.xdb1,textures/ui/ui_font_arial_14_1024_west.ini,7708,,,,
textures.xdb1,textures/ui/ui_font_arial_14_1024_west.thm,138,,,,
textures.xdb1,textures/ui/ui_font_arial_14_1600.dds,16512,256,64,0,DXT5
textures.xdb1,textures/ui/ui_font_arial_14_1600.ini,7708,,,,
textures.xdb1,textures/ui/ui_font_arial_14_1600.thm,138,,,,
textures.xdb1,textures/ui/ui_font_arial_14_1600_cent.dds,32896,256,128,0,RGB
textures.xdb1,textures/ui/ui_font_arial_14_1600_cent.ini,7708,,,,
textures.xdb1,textures/ui/ui_font_arial_14_1600_cent.thm,138,,,,
textures.xdb1,textures/ui/ui_font_arial_14_1600_west.dds,32896,256,128,0,RGB
textures.xdb1,textures/ui/ui_font_arial_14_1600_west.ini,7708,,,,
textures.xdb1,textures/ui/ui_font_arial_14_1600_west.thm,138,,,,
textures.xdb1,textures/ui/ui_font_arial_14_800.dds,16512,256,64,0,DXT5
textures.xdb1,textures/ui/ui_font_arial_14_800.ini,7708,,,,
textures.xdb1,textures/ui/ui_font_arial_14_800.thm,138,,,,
textures.xdb1,textures/ui/ui_font_arial_14_800_cent.dds,32896,256,128,0,RGB
textures.xdb1,textures/ui/ui_font_arial_14_800_cent.ini,7708,,,,
textures.xdb1,textures/ui/ui_font_arial_14_800_cent.thm,138,,,,
textures.xdb1,textures/ui/ui_font_arial_14_800_west.dds,16512,256,64,0,RGB
textures.xdb1,textures/ui/ui_font_arial_14_800_west.ini,7708,,,,
textures.xdb1,textures/ui/ui_font_arial_14_800_west.thm,138,,,,
textures.xdb1,textures/ui/ui_font_arial_21.dds,65664,256,256,0,DXT5
textures.xdb1,textures/ui/ui_font_arial_21_1024.dds,65664,256,256,0,DXT5
textures.xdb1,textures/ui/ui_font_arial_21_1024.ini,7710,,,,
textures.xdb1,textures/ui/ui_font_arial_21_1024.thm,138,,,,
textures.xdb1,textures/ui/ui_font_arial_21_1024_cent.dds,65664,256,256,0,RGB
textures.xdb1,textures/ui/ui_font_arial_21_1024_cent.ini,7745,,,,
textures.xdb1,textures/ui/ui_font_arial_21_1024_cent.thm,138,,,,
textures.xdb1,textures/ui/ui_font_arial_21_1024_west.dds,65664,256,256,0,RGB
textures.xdb1,textures/ui/ui_font_arial_21_1024_west.ini,7745,,,,
textures.xdb1,textures/ui/ui_font_arial_21_1024_west.thm,138,,,,
textures.xdb1,textures/ui/ui_font_arial_21_1600.dds,131200,256,512,0,DXT5
textures.xdb1,textures/ui/ui_font_arial_21_1600.ini,7708,,,,
textures.xdb1,textures/ui/ui_font_arial_21_1600.thm,138,,,,
textures.xdb1,textures/ui/ui_font_arial_21_1600_cent.dds,65664,512,128,0,RGB
textures.xdb1,textures/ui/ui_font_arial_21_1600_cent.ini,7745,,,,
textures.xdb1,textures/ui/ui_font_arial_21_1600_cent.thm,138,,,,
textures.xdb1,textures/ui/ui_font_arial_21_1600_west.dds,65664,256,256,0,RGB
textures.xdb1,textures/ui/ui_font_arial_21_1600_west.ini,7745,,,,
textures.xdb1,textures/ui/ui_font_arial_21_1600_west.thm,138,,,,
textures.xdb1,textures/ui/ui_font_arial_21_800.dds,32896,256,128,0,DXT5
textures.xdb1,textures/ui/ui_font_arial_21_800.ini,7708,,,,
textures.xdb1,textures/ui/ui_font_arial_21_800.thm,138,,,,
textures.xdb1,textures/ui/ui_font_arial_21_800_cent.dds,32896,256,128,0,RGB
textures.xdb1,textures/ui/ui_font_arial_21_800_cent.ini,7745,,,,
textures.xdb1,textures/ui/ui_font_arial_21_800_cent.thm,138,,,,
textures.xdb1,textures/ui/ui_font_arial_21_800_west.dds,32896,256,128,0,RGB
textures.xdb1,textures/ui/ui_font_arial_21_800_west.ini,7745,,,,
textures.xdb1,textures/ui/ui_font_arial_21_800_west.thm,138,,,,
textures.xdb1,textures/ui/ui_font_console.dds,131200,512,256,0,DXT5
textures.xdb1,textures/ui/ui_font_console.ini,7710,,,,
textures.xdb1,textures/ui/ui_font_console_01.ini,1796,,,,
textures.xdb1,textures/ui/ui_font_console_02.dds,65664,256,256,0,DXT5
textures.xdb1,textures/ui/ui_font_console_02.ini,7710,,,,
textures.xdb1,textures/ui/ui_font_console_02.thm,138,,,,
textures.xdb1,textures/ui/ui_font_console_03.ini,7710,,,,
textures.xdb1,textures/ui/ui_font_console_04.ini,7710,,,,
textures.xdb1,textures/ui/ui_font_graff_19.dds,65664,256,256,0,DXT5
textures.xdb1,textures/ui/ui_font_graff_19_1024.dds,65664,256,256,0,DXT5
textures.xdb1,textures/ui/ui_font_graff_19_1024.ini,7710,,,,
textures.xdb1,textures/ui/ui_font_graff_19_1024.thm,138,,,,
textures.xdb1,textures/ui/ui_font_graff_19_1024_cent.dds,65664,256,256,0,RGB
textures.xdb1,textures/ui/ui_font_graff_19_1024_cent.ini,7745,,,,
textures.xdb1,textures/ui/ui_font_graff_19_1024_cent.thm,138,,,,
textures.xdb1,textures/ui/ui_font_graff_19_1024_west.dds,65664,256,256,0,RGB
textures.xdb1,textures/ui/ui_font_graff_19_1024_west.ini,7747,,,,
textures.xdb1,textures/ui/ui_font_graff_19_1024_west.thm,138,,,,
textures.xdb1,textures/ui/ui_font_graff_19_1600.dds,131200,512,256,0,DXT5
textures.xdb1,textures/ui/ui_font_graff_19_1600.ini,7708,,,,
textures.xdb1,textures/ui/ui_font_graff_19_1600.thm,138,,,,
textures.xdb1,textures/ui/ui_font_graff_19_1600_cent.dds,131200,512,256,0,RGB
textures.xdb1,textures/ui/ui_font_graff_19_1600_cent.ini,7745,,,,
textures.xdb1,textures/ui/ui_font_graff_19_1600_cent.thm,138,,,,
textures.xdb1,textures/ui/ui_font_graff_19_1600_west.dds,131200,512,256,0,RGB
textures.xdb1,textures/ui/ui_font_graff_19_1600_west.ini,7745,,,,
textures.xdb1,textures/ui/ui_font_graff_19_1600_west.thm,138,,,,
textures.xdb1,textures/ui/ui_font_graff_19_800.dds,32896,256,128,0,DXT5
textures.xdb1,textures/ui/ui_font_graff_19_800.ini,7708,,,,
textures.xdb1,textures/ui/ui_font_graff_19_800.thm,138,,,,
textures.xdb1,textures/ui/ui_font_graff_19_800_cent.dds,32896,256,128,0,RGB
textures.xdb1,textures/ui/ui_font_graff_19_800_cent.ini,7745,,,,
textures.xdb1,textures/ui/ui_font_graff_19_800_cent.thm,138,,,,
textures.xdb1,textures/ui/ui_font_graff_19_800_west.dds,32896,256,128,0,RGB
textures.xdb1,textures/ui/ui_font_graff_19_800_west.ini,7745,,,,
textures.xdb1,textures/ui/ui_font_graff_19_800_west.thm,138,,,,
textures.xdb1,textures/ui/ui_font_graff_22.dds,65664,256,256,0,DXT5
textures.xdb1,textures/ui/ui_font_graff_22_1024.dds,65664,256,256,0,DXT5
textures.xdb1,textures/ui/ui_font_graff_22_1024.ini,7710,,,,
textures.xdb1,textures/ui/ui_font_graff_22_1024.thm,138,,,,
textures.xdb1,textures/ui/ui_font_graff_22_1024_cent.dds,65664,256,256,0,RGB
textures.xdb1,textures/ui/ui_font_graff_22_1024_cent.ini,7745,,,,
textures.xdb1,textures/ui/ui_font_graff_22_1024_cent.thm,138,,,,
textures.xdb1,textures/ui/ui_font_graff_22_1024_west.dds,65664,256,256,0,RGB
textures.xdb1,textures/ui/ui_font_graff_22_1024_west.ini,7745,,,,
textures.xdb1,textures/ui/ui_font_graff_22_1024_west.thm,138,,,,
textures.xdb1,textures/ui/ui_font_graff_22_1600.dds,131200,512,256,0,DXT5
textures.xdb1,textures/ui/ui_font_graff_22_1600.ini,7708,,,,
textures.xdb1,textures/ui/ui_font_graff_22_1600.thm,138,,,,
textures.xdb1,textures/ui/ui_font_graff_22_1600_cent.dds,131200,512,256,0,RGB
textures.xdb1,textures/ui/ui_font_graff_22_1600_cent.ini,7745,,,,
textures.xdb1,textures/ui/ui_font_graff_22_1600_cent.thm,138,,,,
textures.xdb1,textures/ui/ui_font_graff_22_1600_west.dds,131200,512,256,0,RGB
textures.xdb1,textures/ui/ui_font_graff_22_1600_west.ini,7745,,,,
textures.xdb1,textures/ui/ui_font_graff_22_1600_west.thm,138,,,,
textures.xdb1,textures/ui/ui_font_graff_22_800.dds,65664,256,256,0,DXT5
textures.xdb1,textures/ui/ui_font_graff_22_800.ini,7708,,,,
textures.xdb1,textures/ui/ui_font_graff_22_800.thm,138,,,,
textures.xdb1,textures/ui/ui_font_graff_22_800_cent.dds,65664,256,256,0,RGB
textures.xdb1,textures/ui/ui_font_graff_22_800_cent.ini,7745,,,,
textures.xdb1,textures/ui/ui_font_graff_22_800_cent.thm,138,,,,
textures.xdb1,textures/ui/ui_font_graff_22_800_west.dds,65664,256,256,0,RGB
textures.xdb1,textures/ui/ui_font_graff_22_800_west.ini,7745,,,,
textures.xdb1,textures/ui/ui_font_graff_22_800_west.thm,138,,,,
textures.xdb1,textures/ui/ui_font_graff_32.dds,131200,512,256,0,DXT5
textures.xdb1,textures/ui/ui_font_graff_32_1024.dds,131200,512,256,0,DXT5
textures.xdb1,textures/ui/ui_font_graff_32_1024.ini,7710,,,,
textures.xdb1,textures/ui/ui_font_graff_32_1024.thm,138,,,,
textures.xdb1,textures/ui/ui_font_graff_32_1024_cent.dds,131200,512,256,0,RGB
textures.xdb1,textures/ui/ui_font_graff_32_1024_cent.ini,7708,,,,
textures.xdb1,textures/ui/ui_font_graff_32_1024_cent.thm,138,,,,
textures.xdb1,textures/ui/ui_font_graff_32_1024_west.dds,131200,512,256,0,RGB
textures.xdb1,textures/ui/ui_font_graff_32_1024_west.ini,7710,,,,
textures.xdb1,textures/ui/ui_font_graff_32_1024_west.thm,138,,,,
textures.xdb1,textures/ui/ui_font_graff_32_1600.dds,262272,512,512,0,DXT5
textures.xdb1,textures/ui/ui_font_graff_32_1600.ini,7708,,,,
textures.xdb1,textures/ui/ui_font_graff_32_1600.thm,138,,,,
textures.xdb1,textures/ui/ui_font_graff_32_1600_cent.dds,262272,512,512,0,RGB
textures.xdb1,textures/ui/ui_font_graff_32_1600_cent.ini,7708,,,,
textures.xdb1,textures/ui/ui_font_graff_32_1600_cent.thm,138,,,,
textures.xdb1,textures/ui/ui_font_graff_32_1600_west.dds,262272,512,512,0,RGB
textures.xdb1,textures/ui/ui_font_graff_32_1600_west.ini,7708,,,,
textures.xdb1,textures/ui/ui_font_graff_32_1600_west.thm,138,,,,
textures.xdb1,textures/ui/ui_font_graff_32_800.dds,65664,256,256,0,DXT5
textures.xdb1,textures/ui/ui_font_graff_32_800.ini,7708,,,,
textures.xdb1,textures/ui/ui_font_graff_32_800.thm,138,,,,
textures.xdb1,textures/ui/ui_font_graff_32_800_cent.dds,65664,256,256,0,RGB
textures.xdb1,textures/ui/ui_font_graff_32_800_cent.ini,7708,,,,
textures.xdb1,textures/ui/ui_font_graff_32_800_cent.thm,138,,,,
textures.xdb1,textures/ui/ui_font_graff_32_800_west.dds,65664,256,256,0,RGB
textures.xdb1,textures/ui/ui_font_graff_32_800_west.ini,7708,,,,
textures.xdb1,textures/ui/ui_font_graff_32_800_west.thm,138,,,,
textures.xdb1,textures/ui/ui_font_graff_40_1024.dds,262272,512,512,0,DXT5
textures.xdb1,textures/ui/ui_font_graff_40_1024.ini,7710,,,,
textures.xdb1,textures/ui/ui_font_graff_40_1024.thm,138,,,,
textures.xdb1,textures/ui/ui_font_graff_40_1024_cent.dds,262272,512,512,0,RGB
textures.xdb1,textures/ui/ui_font_graff_40_1024_cent.ini,7708,,,,
textures.xdb1,textures/ui/ui_font_graff_40_1024_cent.thm,138,,,,
textures.xdb1,textures/ui/ui_font_graff_40_1024_west.dds,131200,512,256,0,RGB
textures.xdb1,textures/ui/ui_font_graff_40_1024_west.ini,7710,,,,
textures.xdb1,textures/ui/ui_font_graff_40_1024_west.thm,138,,,,
textures.xdb1,textures/ui/ui_font_graff_40_1600.dds,524416,512,1024,0,DXT5
textures.xdb1,textures/ui/ui_font_graff_40_1600.ini,7708,,,,
textures.xdb1,textures/ui/ui_font_graff_40_1600.thm,138,,,,
textures.xdb1,textures/ui/ui_font_graff_40_1600_cent.dds,524416,512,1024,0,RGB
textures.xdb1,textures/ui/ui_font_graff_40_1600_cent.ini,7708,,,,
textures.xdb1,textures/ui/ui_font_graff_40_1600_cent.thm,138,,,,
textures.xdb1,textures/ui/ui_font_graff_40_1600_west.dds,524416,512,1024,0,RGB
textures.xdb1,textures/ui/ui_font_graff_40_1600_west.ini,7708,,,,
textures.xdb1,textures/ui/ui_font_graff_40_1600_west.thm,138,,,,
textures.xdb1,textures/ui/ui_font_graff_40_800.dds,131200,512,256,0,DXT5
textures.xdb1,textures/ui/ui_font_graff_40_800.ini,7708,,,,
textures.xdb1,textures/ui/ui_font_graff_40_800.thm,138,,,,
textures.xdb1,textures/ui/ui_font_graff_40_800_cent.dds,131200,512,256,0,RGB
textures.xdb1,textures/ui/ui_font_graff_40_800_cent.ini,7708,,,,
textures.xdb1,textures/ui/ui_font_graff_40_800_cent.thm,138,,,,
textures.xdb1,textures/ui/ui_font_graff_40_800_west.dds,131200,512,256,0,RGB
textures.xdb1,textures/ui/ui_font_graff_40_800_west.ini,7708,,,,
textures.xdb1,textures/ui/ui_font_graff_40_800_west.thm,138,,,,
textures.xdb1,textures/ui/ui_font_graff_50.dds,262272,512,512,0,DXT5
textures.xdb1,textures/ui/ui_font_graff_50_1024.dds,262272,512,512,0,DXT5
textures.xdb1,textures/ui/ui_font_graff_50_1024.ini,7710,,,,
textures.xdb1,textures/ui/ui_font_graff_50_1024.thm,138,,,,
textures.xdb1,textures/ui/ui_font_graff_50_1024_cent.dds,262272,512,512,0,RGB
textures.xdb1,textures/ui/ui_font_graff_50_1024_cent.ini,7708,,,,
textures.xdb1,textures/ui/ui_font_graff_50_1024_cent.thm,138,,,,
textures.xdb1,textures/ui/ui_font_graff_50_1024_west.dds,262272,512,512,0,RGB
textures.xdb1,textures/ui/ui_font_graff_50_1024_west.ini,7710,,,,
textures.xdb1,textures/ui/ui_font_graff_50_1024_west.thm,138,,,,
textures.xdb1,textures/ui/ui_font_graff_50_1600.dds,524416,512,1024,0,DXT5
textures.xdb1,textures/ui/ui_font_graff_50_1600.ini,7708,,,,
textures.xdb1,textures/ui/ui_font_graff_50_1600.thm,138,,,,
textures.xdb1,textures/ui/ui_font_graff_50_1600_cent.dds,524416,512,1024,0,RGB
textures.xdb1,textures/ui/ui_font_graff_50_1600_cent.ini,7708,,,,
textures.xdb1,textures/ui/ui_font_graff_50_1600_cent.thm,138,,,,
textures.xdb1,textures/ui/ui_font_graff_50_1600_west.dds,524416,512,1024,0,RGB
textures.xdb1,textures/ui/ui_font_graff_50_1600_west.ini,7708,,,,
textures.xdb1,textures/ui/ui_font_graff_50_1600_west.thm,138,,,,
textures.xdb1,textures/ui/ui_font_graff_50_800.dds,262272,512,512,0,DXT5
textures.xdb1,textures/ui/ui_font_graff_50_800.ini,7708,,,,
textures.xdb1,textures/ui/ui_font_graff_50_800.thm,138,,,,
textures.xdb1,textures/ui/ui_font_graff_50_800_cent.dds,262272,512,512,0,RGB
textures.xdb1,textures/ui/ui_font_graff_50_800_cent.ini,7708,,,,
textures.xdb1,textures/ui/ui_font_graff_50_800_cent.thm,138,,,,
textures.xdb1,textures/ui/ui_font_graff_50_800_west.dds,131200,512,256,0,RGB
textures.xdb1,textures/ui/ui_font_graff_50_800_west.ini,7710,,,,
textures.xdb1,textures/ui/ui_font_graff_50_800_west.thm,138,,,,
textures.xdb1,textures/ui/ui_font_hud_01.dds,16512,128,128,0,DXT5
textures.xdb1,textures/ui/ui_font_hud_01.ini,63,,,,
textures.xdb1,textures/ui/ui_font_hud_01.thm,138,,,,
textures.xdb1,textures/ui/ui_font_hud_02.dds,65664,256,256,0,DXT5
textures.xdb1,textures/ui/ui_font_hud_02.ini,1751,,,,
textures.xdb1,textures/ui/ui_font_hud_02.thm,138,,,,
textures.xdb1,textures/ui/ui_font_letter_16.dds,32896,256,128,0,DXT5
textures.xdb1,textures/ui/ui_font_letter_16.ini,7697,,,,
textures.xdb1,textures/ui/ui_font_letter_16_1024.dds,32896,256,128,0,DXT5
textures.xdb1,textures/ui/ui_font_letter_16_1024.ini,7710,,,,
textures.xdb1,textures/ui/ui_font_letter_16_1024.thm,138,,,,
textures.xdb1,textures/ui/ui_font_letter_16_1024_cent.dds,32896,256,128,0,RGB
textures.xdb1,textures/ui/ui_font_letter_16_1024_cent.ini,7745,,,,
textures.xdb1,textures/ui/ui_font_letter_16_1024_cent.thm,138,,,,
textures.xdb1,textures/ui/ui_font_letter_16_1024_west.dds,32896,256,128,0,RGB
textures.xdb1,textures/ui/ui_font_letter_16_1024_west.ini,7745,,,,
textures.xdb1,textures/ui/ui_font_letter_16_1024_west.thm,138,,,,
textures.xdb1,textures/ui/ui_font_letter_16_1600.dds,65664,256,256,0,DXT5
textures.xdb1,textures/ui/ui_font_letter_16_1600.ini,7708,,,,
textures.xdb1,textures/ui/ui_font_letter_16_1600.thm,138,,,,
textures.xdb1,textures/ui/ui_font_letter_16_1600_cent.dds,65664,256,256,0,RGB
textures.xdb1,textures/ui/ui_font_letter_16_1600_cent.ini,7745,,,,
textures.xdb1,textures/ui/ui_font_letter_16_1600_cent.thm,138,,,,
textures.xdb1,textures/ui/ui_font_letter_16_1600_west.dds,65664,256,256,0,RGB
textures.xdb1,textures/ui/ui_font_letter_16_1600_west.ini,7708,,,,
textures.xdb1,textures/ui/ui_font_letter_16_1600_west.thm,138,,,,
textures.xdb1,textures/ui/ui_font_letter_16_800.dds,32896,256,128,0,DXT5
textures.xdb1,textures/ui/ui_font_letter_16_800.ini,7708,,,,
textures.xdb1,textures/ui/ui_font_letter_16_800.thm,138,,,,
textures.xdb1,textures/ui/ui_font_letter_16_800_cent.dds,32896,256,128,0,RGB
textures.xdb1,textures/ui/ui_font_letter_16_800_cent.ini,7745,,,,
textures.xdb1,textures/ui/ui_font_letter_16_800_cent.thm,138,,,,
textures.xdb1,textures/ui/ui_font_letter_16_800_west.dds,16512,256,64,0,RGB
textures.xdb1,textures/ui/ui_font_letter_16_800_west.ini,7745,,,,
textures.xdb1,textures/ui/ui_font_letter_16_800_west.thm,138,,,,
textures.xdb1,textures/ui/ui_font_letter_18.dds,32896,256,128,0,DXT5
textures.xdb1,textures/ui/ui_font_letter_18.ini,7697,,,,
textures.xdb1,textures/ui/ui_font_letter_18_1024.dds,131200,256,128,0,RGB
textures.xdb1,textures/ui/ui_font_letter_18_1024.ini,7710,,,,
textures.xdb1,textures/ui/ui_font_letter_18_1024.thm,138,,,,
textures.xdb1,textures/ui/ui_font_letter_18_1024_cent.dds,65664,256,256,0,RGB
textures.xdb1,textures/ui/ui_font_letter_18_1024_cent.ini,7745,,,,
textures.xdb1,textures/ui/ui_font_letter_18_1024_cent.thm,138,,,,
textures.xdb1,textures/ui/ui_font_letter_18_1024_west.dds,65664,256,256,0,RGB
textures.xdb1,textures/ui/ui_font_letter_18_1024_west.ini,7745,,,,
textures.xdb1,textures/ui/ui_font_letter_18_1024_west.thm,138,,,,
textures.xdb1,textures/ui/ui_font_letter_18_1600.dds,65664,256,256,0,DXT5
textures.xdb1,textures/ui/ui_font_letter_18_1600.ini,7708,,,,
textures.xdb1,textures/ui/ui_font_letter_18_1600.thm,138,,,,
textures.xdb1,textures/ui/ui_font_letter_18_1600_cent.dds,65664,256,256,0,RGB
textures.xdb1,textures/ui/ui_font_letter_18_1600_cent.ini,7745,,,,
textures.xdb1,textures/ui/ui_font_letter_18_1600_cent.thm,138,,,,
textures.xdb1,textures/ui/ui_font_letter_18_1600_west.dds,65664,256,256,0,RGB
textures.xdb1,textures/ui/ui_font_letter_18_1600_west.ini,7745,,,,
textures.xdb1,textures/ui/ui_font_letter_18_1600_west.thm,138,,,,
textures.xdb1,textures/ui/ui_font_letter_18_800.dds,32896,256,128,0,DXT5
textures.xdb1,textures/ui/ui_font_letter_18_800.ini,7708,,,,
textures.xdb1,textures/ui/ui_font_letter_18_800.thm,138,,,,
textures.xdb1,textures/ui/ui_font_letter_18_800_cent.dds,32896,256,128,0,RGB
textures.xdb1,textures/ui/ui_font_letter_18_800_cent.ini,7745,,,,
textures.xdb1,textures/ui/ui_font_letter_18_800_cent.thm,138,,,,
textures.xdb1,textures/ui/ui_font_letter_18_800_west.dds,32896,256,128,0,RGB
textures.xdb1,textures/ui/ui_font_letter_18_800_west.ini,7745,,,,
textures.xdb1,textures/ui/ui_font_letter_18_800_west.thm,138,,,,
textures.xdb1,textures/ui/ui_font_letter_25.dds,65664,512,128,0,DXT5
textures.xdb1,textures/ui/ui_font_letter_25.ini,7710,,,,
textures.xdb1,textures/ui/ui_font_letter_25_1024.dds,65664,512,128,0,DXT5
textures.xdb1,textures/ui/ui_font_letter_25_1024.ini,7710,,,,
textures.xdb1,textures/ui/ui_font_letter_25_1024.thm,138,,,,
textures.xdb1,textures/ui/ui_font_letter_25_1024_cent.dds,65664,512,128,0,RGB
textures.xdb1,textures/ui/ui_font_letter_25_1024_cent.ini,7745,,,,
textures.xdb1,textures/ui/ui_font_letter_25_1024_cent.thm,138,,,,
textures.xdb1,textures/ui/ui_font_letter_25_1024_west.dds,131200,512,256,0,RGB
textures.xdb1,textures/ui/ui_font_letter_25_1024_west.ini,7745,,,,
textures.xdb1,textures/ui/ui_font_letter_25_1024_west.thm,138,,,,
textures.xdb1,textures/ui/ui_font_letter_25_1600.dds,262272,512,512,0,DXT5
textures.xdb1,textures/ui/ui_font_letter_25_1600.ini,7708,,,,
textures.xdb1,textures/ui/ui_font_letter_25_1600.thm,138,,,,
textures.xdb1,textures/ui/ui_font_letter_25_1600_cent.dds,131200,512,256,0,RGB
textures.xdb1,textures/ui/ui_font_letter_25_1600_cent.ini,7745,,,,
textures.xdb1,textures/ui/ui_font_letter_25_1600_cent.thm,138,,,,
textures.xdb1,textures/ui/ui_font_letter_25_1600_west.dds,131200,512,256,0,RGB
textures.xdb1,textures/ui/ui_font_letter_25_1600_west.ini,7745,,,,
textures.xdb1,textures/ui/ui_font_letter_25_1600_west.thm,138,,,,
textures.xdb1,textures/ui/ui_font_letter_25_800.dds,65664,256,256,0,DXT5
textures.xdb1,textures/ui/ui_font_letter_25_800.ini,7708,,,,
textures.xdb1,textures/ui/ui_font_letter_25_800.thm,138,,,,
textures.xdb1,textures/ui/ui_font_letter_25_800_cent.dds,65664,256,256,0,RGB
textures.xdb1,textures/ui/ui_font_letter_25_800_cent.ini,7745,,,,
textures.xdb1,textures/ui/ui_font_letter_25_800_cent.thm,138,,,,
textures.xdb1,textures/ui/ui_font_letter_25_800_west.dds,65664,256,256,0,RGB
textures.xdb1,textures/ui/ui_font_letter_25_800_west.ini,7745,,,,
textures.xdb1,textures/ui/ui_font_letter_25_800_west.thm,138,,,,
textures.xdb1,textures/ui/ui_font_menu.ini,7710,,,,
textures.xdb1,textures/ui/ui_global_map.dds,2097280,1024,2048,0,DXT3
textures.xdb1,textures/ui/ui_global_map.thm,138,,,,
textures.xdb1,textures/ui/ui_grid.dds,8320,256,64,1,DXT1
textures.xdb1,textures/ui/ui_grid.thm,138,,,,
textures.xdb1,textures/ui/ui_hud.dds,1048704,1024,1024,0,DXT5
textures.xdb1,textures/ui/ui_hud.thm,138,,,,
textures.xdb1,textures/ui/ui_hud_grenade_mark.dds,65664,256,256,0,DXT5
textures.xdb1,textures/ui/ui_hud_grenade_mark.thm,138,,,,
textures.xdb1,textures/ui/ui_hud_hit_mark.dds,65664,256,256,0,DXT5
textures.xdb1,textures/ui/ui_hud_hit_mark.thm,138,,,,
textures.xdb1,textures/ui/ui_icon_equipment.dds,16777344,4096,4096,1,DXT5
textures.xdb1,textures/ui/ui_icon_equipment.thm,138,,,,
textures.xdb1,textures/ui/ui_icon_equipment2.dds,16777344,4096,4096,1,DXT5
textures.xdb1,textures/ui/ui_iconstotal.dds,1048704,1024,1024,0,DXT5
textures.xdb1,textures/ui/ui_ingame2_common.dds,1048704,1024,1024,0,DXT5
textures.xdb1,textures/ui/ui_ingame2_common.thm,138,,,,
textures.xdb1,textures/ui/ui_leadbox_interface.dds,262272,1024,512,0,DXT1
textures.xdb1,textures/ui/ui_load.dds,1048704,1024,1024,0,DXT5
textures.xdb1,textures/ui/ui_load.thm,138,,,,
textures.xdb1,textures/ui/ui_load_en.dds,1048704,1024,1024,0,DXT5
textures.xdb1,textures/ui/ui_load_en.thm,138,,,,
textures.xdb1,textures/ui/ui_load_ru.dds,1048704,1024,1024,0,DXT5
textures.xdb1,textures/ui/ui_load_ru.thm,138,,,,
textures.xdb1,textures/ui/ui_loot_interface.dds,262272,512,512,0,DXT5
textures.xdb1,textures/ui/ui_magnifier.dds,4224,256,32,0,DXT1
textures.xdb1,textures/ui/ui_magnifier.thm,138,,,,
textures.xdb1,textures/ui/ui_magnifier2.dds,32896,256,32,0,RGB
textures.xdb1,textures/ui/ui_mm_faction_patches.dds,131200,512,256,0,DXT5
textures.xdb1,textures/ui/ui_noise.seq,180,,,,
textures.xdb1,textures/ui/ui_noise_00.dds,65664,256,256,0,DXT5
textures.xdb1,textures/ui/ui_noise_00.thm,138,,,,
textures.xdb1,textures/ui/ui_noise_01.dds,65664,256,256,0,DXT5
textures.xdb1,textures/ui/ui_noise_01.thm,138,,,,
textures.xdb1,textures/ui/ui_noise_02.dds,65664,256,256,0,DXT5
textures.xdb1,textures/ui/ui_noise_02.thm,138,,,,
textures.xdb1,textures/ui/ui_noise_03.dds,65664,256,256,0,DXT5
textures.xdb1,textures/ui/ui_noise_03.thm,138,,,,
textures.xdb1,textures/ui/ui_noise_04.dds,65664,256,256,0,DXT5
textures.xdb1,textures/ui/ui_noise_04.thm,138,,,,
textures.xdb1,textures/ui/ui_npc_monster.dds,262272,1024,512,0,DXT1
textures.xdb1,textures/ui/ui_npc_monster.thm,138,,,,
textures.xdb1,textures/ui/ui_npc_unique.dds,2097280,1024,2048,0,DXT5
textures.xdb1,textures/ui/ui_npc_unique.thm,138,,,,
textures.xdb1,textures/ui/ui_npc_unique_2.dds,2097280,1024,2048,0,DXT5
textures.xdb1,textures/ui/ui_npc_unique_2.thm,138,,,,
textures.xdb1,textures/ui/ui_npc_unique_3.dds,2097280,1024,2048,0,DXT5
textures.xdb1,textures/ui/ui_npc_unique_3.thm,138,,,,
textures.xdb1,textures/ui/ui_npc_unique_4.dds,1048704,1024,1024,0,DXT5
textures.xdb1,textures/ui/ui_npc_unique_4.thm,138,,,,
textures.xdb1,textures/ui/ui_numpad.dds,1048704,1024,1024,0,DXT5
textures.xdb1,textures/ui/ui_numpad.thm,138,,,,
textures.xdb1,textures/ui/ui_pda2.dds,1048704,1024,1024,0,DXT5
textures.xdb1,textures/ui/ui_pda2.thm,138,,,,
textures.xdb1,textures/ui/ui_pda2_noice.dds,1048704,1024,1024,0,DXT5
textures.xdb1,textures/ui/ui_pda2_noice.thm,138,,,,
textures.xdb1,textures/ui/ui_pda_frame_sub.ini,239,,,,
textures.xdb1,textures/ui/ui_pi.dds,1398256,1024,1024,11,DXT3
textures.xdb1,textures/ui/ui_repair_interface.dds,262272,1024,512,1,DXT1
textures.xdb1,textures/ui/ui_sensors.dds,900128,1000,300,1,RGB
textures.xdb1,textures/ui/ui_static_loadgameinfo.dds,131200,512,256,0,DXT5
textures.xdb1,textures/ui/ui_static_loadgameinfo.thm,138,,,,
textures.xdb1,textures/ui/ui_static_mm_back_01.dds,2097280,2048,1024,1,DXT5
textures.xdb1,textures/ui/ui_static_mm_back_02.dds,2097280,2048,1024,1,DXT5
textures.xdb1,textures/ui/ui_static_mm_back_03.dds,2097280,2048,1024,1,DXT5
textures.xdb1,textures/ui/ui_static_mm_back_04.dds,2097280,2048,1024,1,DXT5
textures.xdb1,textures/ui/ui_static_mm_back_05.dds,2097280,2048,1024,1,DXT5
textures.xdb1,textures/veh/ammo_box1.dds,43808,256,256,6,DXT1
textures.xdb1,textures/veh/ammo_box1.thm,138,,,,
textures.xdb1,textures/veh/veh_avtobus_gaz.dds,174904,512,512,10,DXT1
textures.xdb1,textures/veh/veh_avtobus_gaz.thm,187,,,,
textures.xdb1,textures/veh/veh_avtobus_gaz_bump#.dds,349680,512,512,10,DXT5
textures.xdb1,textures/veh/veh_avtobus_gaz_bump#.thm,138,,,,
textures.xdb1,textures/veh/veh_avtobus_gaz_bump.dds,349680,512,512,10,DXT5
textures.xdb1,textures/veh/veh_avtobus_gaz_bump.thm,138,,,,
textures.xdb1,textures/veh/veh_avtobus_laz.dds,174904,512,512,10,DXT1
textures.xdb1,textures/veh/veh_avtobus_laz.thm,192,,,,
textures.xdb1,textures/veh/veh_avtobus_laz_fire_bump#.dds,349680,512,512,10,DXT5
textures.xdb1,textures/veh/veh_avtobus_laz_fire_bump#.thm,138,,,,
textures.xdb1,textures/veh/veh_avtobus_laz_fire_bump.dds,349680,512,512,10,DXT5
textures.xdb1,textures/veh/veh_avtobus_laz_fire_bump.thm,138,,,,
textures.xdb1,textures/veh/veh_bochka_pricep.dds,174904,512,512,10,DXT1
textures.xdb1,textures/veh/veh_bochka_pricep.thm,189,,,,
textures.xdb1,textures/veh/veh_bochka_pricep_bump#.dds,349680,512,512,10,DXT5
textures.xdb1,textures/veh/veh_bochka_pricep_bump#.thm,138,,,,
textures.xdb1,textures/veh/veh_bochka_pricep_bump.dds,262272,512,512,1,DXT5
textures.xdb1,textures/veh/veh_bochka_pricep_bump.thm,138,,,,
textures.xdb1,textures/veh/veh_bt9.dds,174848,512,512,6,DXT1
textures.xdb1,textures/veh/veh_bt9.thm,138,,,,
textures.xdb1,textures/veh/veh_bte.dds,699008,1024,1024,6,DXT1
textures.xdb1,textures/veh/veh_bte.thm,138,,,,
textures.xdb1,textures/veh/veh_btr.dds,174904,512,512,10,DXT1
textures.xdb1,textures/veh/veh_btr.thm,179,,,,
textures.xdb1,textures/veh/veh_btr2.dds,174904,512,512,10,DXT1
textures.xdb1,textures/veh/veh_btr2.thm,179,,,,
textures.xdb1,textures/veh/veh_btr3.dds,174904,512,512,10,DXT1
textures.xdb1,textures/veh/veh_btr3.thm,179,,,,
textures.xdb1,textures/veh/veh_btr4.dds,174904,512,512,10,DXT1
textures.xdb1,textures/veh/veh_btr4.thm,179,,,,
textures.xdb1,textures/veh/veh_btr5.dds,174904,512,512,10,DXT1
textures.xdb1,textures/veh/veh_btr5.thm,179,,,,
textures.xdb1,textures/veh/veh_btr6.dds,174904,512,512,10,DXT1
textures.xdb1,textures/veh/veh_btr6.thm,179,,,,
textures.xdb1,textures/veh/veh_btr_br.dds,174904,512,512,10,DXT1
textures.xdb1,textures/veh/veh_btr_br.thm,179,,,,
textures.xdb1,textures/veh/veh_btr_bump#.dds,349680,512,512,10,DXT5
textures.xdb1,textures/veh/veh_btr_bump#.thm,138,,,,
textures.xdb1,textures/veh/veh_btr_bump.dds,349680,512,512,10,DXT5
textures.xdb1,textures/veh/veh_btr_bump.thm,138,,,,
textures.xdb1,textures/veh/veh_btr_new.dds,174904,512,512,10,DXT1
textures.xdb1,textures/veh/veh_btr_new.thm,179,,,,
textures.xdb1,textures/veh/veh_bugger_1.dds,174904,512,512,10,DXT1
textures.xdb1,textures/veh/veh_bugger_1.thm,184,,,,
textures.xdb1,textures/veh/veh_bugger_1_bump#.dds,349680,512,512,10,DXT5
textures.xdb1,textures/veh/veh_bugger_1_bump#.thm,138,,,,
textures.xdb1,textures/veh/veh_bugger_1_bump.dds,349680,512,512,10,DXT5
textures.xdb1,textures/veh/veh_bugger_1_bump.thm,138,,,,
textures.xdb1,textures/veh/veh_bugger_bucket.dds,174904,512,512,10,DXT1
textures.xdb1,textures/veh/veh_bugger_bucket.thm,189,,,,
textures.xdb1,textures/veh/veh_bugger_bucket_bump#.dds,349680,512,512,10,DXT5
textures.xdb1,textures/veh/veh_bugger_bucket_bump#.thm,138,,,,
textures.xdb1,textures/veh/veh_bugger_bucket_bump.dds,349680,512,512,10,DXT5
textures.xdb1,textures/veh/veh_bugger_bucket_bump.thm,138,,,,
textures.xdb1,textures/veh/veh_bugger_wheel.dds,174904,512,512,10,DXT1
textures.xdb1,textures/veh/veh_bugger_wheel.thm,188,,,,
textures.xdb1,textures/veh/veh_bugger_wheel_bump#.dds,349680,512,512,10,DXT5
textures.xdb1,textures/veh/veh_bugger_wheel_bump#.thm,138,,,,
textures.xdb1,textures/veh/veh_bugger_wheel_bump.dds,349680,512,512,10,DXT5
textures.xdb1,textures/veh/veh_bugger_wheel_bump.thm,138,,,,
textures.xdb1,textures/veh/veh_buggi.dds,349568,512,512,6,DXT5
textures.xdb1,textures/veh/veh_buggi.thm,138,,,,
textures.xdb1,textures/veh/veh_buldozer.dds,174904,512,512,10,DXT1
textures.xdb1,textures/veh/veh_buldozer.thm,184,,,,
textures.xdb1,textures/veh/veh_buldozer_bump#.dds,349680,512,512,10,DXT5
textures.xdb1,textures/veh/veh_buldozer_bump#.thm,138,,,,
textures.xdb1,textures/veh/veh_buldozer_bump.dds,349680,512,512,10,DXT5
textures.xdb1,textures/veh/veh_buldozer_bump.thm,138,,,,
textures.xdb1,textures/veh/veh_buldozer_kovsh.dds,87528,512,256,10,DXT1
textures.xdb1,textures/veh/veh_buldozer_kovsh.thm,190,,,,
textures.xdb1,textures/veh/veh_buldozer_kovsh_bump#.dds,43856,256,128,9,DXT5
textures.xdb1,textures/veh/veh_buldozer_kovsh_bump#.thm,138,,,,
textures.xdb1,textures/veh/veh_buldozer_kovsh_bump.dds,174928,512,256,10,DXT5
textures.xdb1,textures/veh/veh_buldozer_kovsh_bump.thm,138,,,,
textures.xdb1,textures/veh/veh_chp75b.dds,174904,512,512,10,DXT1
textures.xdb1,textures/veh/veh_chp75b.thm,182,,,,
textures.xdb1,textures/veh/veh_chp75b_bump#.dds,349680,512,512,10,DXT5
textures.xdb1,textures/veh/veh_chp75b_bump#.thm,138,,,,
textures.xdb1,textures/veh/veh_chp75b_bump.dds,349680,512,512,10,DXT5
textures.xdb1,textures/veh/veh_chp75b_bump.thm,138,,,,
textures.xdb1,textures/veh/veh_collision.dds,5600,64,64,6,DXT5
textures.xdb1,textures/veh/veh_collision.thm,138,,,,
textures.xdb1,textures/veh/veh_diesel1.dds,174904,512,512,10,DXT1
textures.xdb1,textures/veh/veh_diesel1.thm,183,,,,
textures.xdb1,textures/veh/veh_diesel1_bump#.dds,349680,512,512,10,DXT5
textures.xdb1,textures/veh/veh_diesel1_bump#.thm,138,,,,
textures.xdb1,textures/veh/veh_diesel1_bump.dds,349680,512,512,10,DXT5
textures.xdb1,textures/veh/veh_diesel1_bump.thm,138,,,,
textures.xdb1,textures/veh/veh_diesel1b.dds,43832,256,256,9,DXT1
textures.xdb1,textures/veh/veh_diesel1b.thm,163,,,,
textures.xdb1,textures/veh/veh_diesel1c.dds,43832,256,256,9,DXT1
textures.xdb1,textures/veh/veh_diesel1c.thm,184,,,,
textures.xdb1,textures/veh/veh_diesel1c_bump#.dds,87536,256,256,9,DXT5
textures.xdb1,textures/veh/veh_diesel1c_bump#.thm,138,,,,
textures.xdb1,textures/veh/veh_diesel1c_bump.dds,87536,256,256,9,DXT5
textures.xdb1,textures/veh/veh_diesel1c_bump.thm,138,,,,
textures.xdb1,textures/veh/veh_diesel1d.dds,11080,64,256,9,DXT1
textures.xdb1,textures/veh/veh_diesel1d.thm,184,,,,
textures.xdb1,textures/veh/veh_diesel1d_bump#.dds,22032,64,256,9,DXT5
textures.xdb1,textures/veh/veh_diesel1d_bump#.thm,138,,,,
textures.xdb1,textures/veh/veh_diesel1d_bump.dds,22032,64,256,9,DXT5
textures.xdb1,textures/veh/veh_diesel1d_bump.thm,138,,,,
textures.xdb1,textures/veh/veh_diesel2c.dds,43832,256,256,9,DXT1
textures.xdb1,textures/veh/veh_diesel2c.thm,163,,,,
textures.xdb1,textures/veh/veh_diesel_2.dds,174904,512,512,10,DXT1
textures.xdb1,textures/veh/veh_diesel_2.thm,163,,,,
textures.xdb1,textures/veh/veh_ekskavator.dds,174904,512,512,10,DXT1
textures.xdb1,textures/veh/veh_ekskavator.thm,186,,,,
textures.xdb1,textures/veh/veh_ekskavator_bump#.dds,349680,512,512,10,DXT5
textures.xdb1,textures/veh/veh_ekskavator_bump#.thm,138,,,,
textures.xdb1,textures/veh/veh_ekskavator_bump.dds,349680,512,512,10,DXT5
textures.xdb1,textures/veh/veh_ekskavator_bump.thm,138,,,,
textures.xdb1,textures/veh/veh_ekskavator_kovsh.dds,87528,512,256,10,DXT1
textures.xdb1,textures/veh/veh_ekskavator_kovsh.thm,192,,,,
textures.xdb1,textures/veh/veh_ekskavator_kovsh_bump#.dds,43856,256,128,9,DXT5
textures.xdb1,textures/veh/veh_ekskavator_kovsh_bump#.thm,138,,,,
textures.xdb1,textures/veh/veh_ekskavator_kovsh_bump.dds,174928,512,256,10,DXT5
textures.xdb1,textures/veh/veh_ekskavator_kovsh_bump.thm,138,,,,
textures.xdb1,textures/veh/veh_electrichka.dds,174904,512,512,10,DXT1
textures.xdb1,textures/veh/veh_electrichka.thm,187,,,,
textures.xdb1,textures/veh/veh_electrichka_bump#.dds,349680,512,512,10,DXT5
textures.xdb1,textures/veh/veh_electrichka_bump#.thm,138,,,,
textures.xdb1,textures/veh/veh_electrichka_bump.dds,349680,512,512,10,DXT5
textures.xdb1,textures/veh/veh_electrichka_bump.thm,138,,,,
textures.xdb1,textures/veh/veh_excavator2.dds,174904,512,512,10,DXT1
textures.xdb1,textures/veh/veh_excavator2.thm,138,,,,
textures.xdb1,textures/veh/veh_gaz66.dds,174904,512,512,10,DXT1
textures.xdb1,textures/veh/veh_gaz66.thm,181,,,,
textures.xdb1,textures/veh/veh_gaz66_bump#.dds,349680,512,512,10,DXT5
textures.xdb1,textures/veh/veh_gaz66_bump#.thm,138,,,,
textures.xdb1,textures/veh/veh_gaz66_bump.dds,349680,512,512,10,DXT5
textures.xdb1,textures/veh/veh_gaz66_bump.thm,138,,,,
textures.xdb1,textures/veh/veh_gaz_f.dds,349672,1024,512,11,DXT1
textures.xdb1,textures/veh/veh_gaz_f.thm,181,,,,
textures.xdb1,textures/veh/veh_gaz_f_bump#.dds,699216,1024,512,11,DXT5
textures.xdb1,textures/veh/veh_gaz_f_bump#.thm,138,,,,
textures.xdb1,textures/veh/veh_gaz_f_bump.dds,699216,1024,512,11,DXT5
textures.xdb1,textures/veh/veh_gaz_f_bump.thm,138,,,,
textures.xdb1,textures/veh/veh_kamaz_base1.dds,174904,512,512,10,DXT1
textures.xdb1,textures/veh/veh_kamaz_base1.thm,187,,,,
textures.xdb1,textures/veh/veh_kamaz_base1_bump#.dds,349680,512,512,10,DXT5
textures.xdb1,textures/veh/veh_kamaz_base1_bump#.thm,138,,,,
textures.xdb1,textures/veh/veh_kamaz_base1_bump.dds,349680,512,512,10,DXT5
textures.xdb1,textures/veh/veh_kamaz_base1_bump.thm,138,,,,
textures.xdb1,textures/veh/veh_kamaz_kabin.dds,174848,512,512,6,DXT1
textures.xdb1,textures/veh/veh_kamaz_kabin.thm,163,,,,
textures.xdb1,textures/veh/veh_kamaz_samosval.dds,699192,1024,1024,11,DXT1
textures.xdb1,textures/veh/veh_kamaz_u_01.dds,174904,512,512,10,DXT1
textures.xdb1,textures/veh/veh_kamaz_u_01.thm,186,,,,
textures.xdb1,textures/veh/veh_kamaz_u_02.dds,174904,512,512,10,DXT1
textures.xdb1,textures/veh/veh_kamaz_u_02.thm,186,,,,
textures.xdb1,textures/veh/veh_kamaz_u_09.dds,174904,512,512,10,DXT1
textures.xdb1,textures/veh/veh_kamaz_u_09.thm,186,,,,
textures.xdb1,textures/veh/veh_kamaz_u_br.dds,174904,512,512,10,DXT1
textures.xdb1,textures/veh/veh_kamaz_u_br.thm,186,,,,
textures.xdb1,textures/veh/veh_kamaz_u_br_bump#.dds,349680,512,512,10,DXT5
textures.xdb1,textures/veh/veh_kamaz_u_br_bump#.thm,138,,,,
textures.xdb1,textures/veh/veh_kamaz_u_br_bump.dds,349680,512,512,10,DXT5
textures.xdb1,textures/veh/veh_kamaz_u_br_bump.thm,138,,,,
textures.xdb1,textures/veh/veh_kamazwheel1.dds,21992,256,128,9,DXT1
textures.xdb1,textures/veh/veh_kamazwheel1.thm,187,,,,
textures.xdb1,textures/veh/veh_kamazwheel1_bump#.dds,43856,256,128,9,DXT5
textures.xdb1,textures/veh/veh_kamazwheel1_bump#.thm,138,,,,
textures.xdb1,textures/veh/veh_kamazwheel1_bump.dds,43856,256,128,9,DXT5
textures.xdb1,textures/veh/veh_kamazwheel1_bump.thm,138,,,,
textures.xdb1,textures/veh/veh_kamazwheel1b.dds,11064,128,128,8,DXT1
textures.xdb1,textures/veh/veh_kamazwheel1b.thm,163,,,,
textures.xdb1,textures/veh/veh_kamazwheel1c.dds,2888,128,32,8,DXT1
textures.xdb1,textures/veh/veh_kamazwheel1c.thm,163,,,,
textures.xdb1,textures/veh/veh_kinder_auto.dds,174904,512,512,10,DXT1
textures.xdb1,textures/veh/veh_kinder_auto.thm,187,,,,
textures.xdb1,textures/veh/veh_kinder_auto_bump#.dds,349680,512,512,10,DXT5
textures.xdb1,textures/veh/veh_kinder_auto_bump#.thm,138,,,,
textures.xdb1,textures/veh/veh_kinder_auto_bump.dds,349680,512,512,10,DXT5
textures.xdb1,textures/veh/veh_kinder_auto_bump.thm,138,,,,
textures.xdb1,textures/veh/veh_kuchnya.dds,174904,512,512,10,DXT1
textures.xdb1,textures/veh/veh_kuchnya.thm,183,,,,
textures.xdb1,textures/veh/veh_kuchnya_bump#.dds,349680,512,512,10,DXT5
textures.xdb1,textures/veh/veh_kuchnya_bump#.thm,138,,,,
textures.xdb1,textures/veh/veh_kuchnya_bump.dds,349680,512,512,10,DXT5
textures.xdb1,textures/veh/veh_kuchnya_bump.thm,138,,,,
textures.xdb1,textures/veh/veh_lada_br.dds,174904,512,512,10,DXT1
textures.xdb1,textures/veh/veh_lada_br.thm,183,,,,
textures.xdb1,textures/veh/veh_lada_br_bump#.dds,349680,512,512,10,DXT5
textures.xdb1,textures/veh/veh_lada_br_bump#.thm,138,,,,
textures.xdb1,textures/veh/veh_lada_br_bump.dds,349680,512,512,10,DXT5
textures.xdb1,textures/veh/veh_lada_br_bump.thm,138,,,,
textures.xdb1,textures/veh/veh_ladawheels1.dds,43832,256,256,9,DXT1
textures.xdb1,textures/veh/veh_ladawheels1.thm,163,,,,
textures.xdb1,textures/veh/veh_lorry_1.dds,174904,512,512,10,DXT1
textures.xdb1,textures/veh/veh_lorry_1.thm,183,,,,
textures.xdb1,textures/veh/veh_lorry_1_bump#.dds,349680,512,512,10,DXT5
textures.xdb1,textures/veh/veh_lorry_1_bump#.thm,138,,,,
textures.xdb1,textures/veh/veh_lorry_1_bump.dds,349680,512,512,10,DXT5
textures.xdb1,textures/veh/veh_lorry_1_bump.thm,138,,,,
textures.xdb1,textures/veh/veh_lorry_2.dds,174904,512,512,10,DXT1
textures.xdb1,textures/veh/veh_lorry_2.thm,183,,,,
textures.xdb1,textures/veh/veh_lorry_2_bump#.dds,349680,512,512,10,DXT5
textures.xdb1,textures/veh/veh_lorry_2_bump#.thm,138,,,,
textures.xdb1,textures/veh/veh_lorry_2_bump.dds,349680,512,512,10,DXT5
textures.xdb1,textures/veh/veh_lorry_2_bump.thm,138,,,,
textures.xdb1,textures/veh/veh_lorry_3.dds,174904,512,512,10,DXT1
textures.xdb1,textures/veh/veh_lorry_3.thm,183,,,,
textures.xdb1,textures/veh/veh_lorry_3_bump#.dds,349680,512,512,10,DXT5
textures.xdb1,textures/veh/veh_lorry_3_bump#.thm,138,,,,
textures.xdb1,textures/veh/veh_lorry_3_bump.dds,349680,512,512,10,DXT5
textures.xdb1,textures/veh/veh_lorry_3_bump.thm,138,,,,
textures.xdb1,textures/veh/veh_mi2.dds,174904,512,512,10,DXT1
textures.xdb1,textures/veh/veh_mi2.thm,163,,,,
textures.xdb1,textures/veh/veh_mi24_army.dds,174904,512,512,10,DXT1
textures.xdb1,textures/veh/veh_mi24_army.thm,138,,,,
textures.xdb1,textures/veh/veh_mi24_bire.dds,174904,512,512,10,DXT1
textures.xdb1,textures/veh/veh_mi24_bire.thm,138,,,,
textures.xdb1,textures/veh/veh_mi24_br.dds,174904,512,512,10,DXT1
textures.xdb1,textures/veh/veh_mi24_br.thm,180,,,,
textures.xdb1,textures/veh/veh_mi24_bump#.dds,349680,512,512,10,DXT5
textures.xdb1,textures/veh/veh_mi24_bump#.thm,138,,,,
textures.xdb1,textures/veh/veh_mi24_bump.dds,349680,512,512,10,DXT5
textures.xdb1,textures/veh/veh_mi24_bump.thm,138,,,,
textures.xdb1,textures/veh/veh_mi24_fire.dds,174904,512,512,10,DXT1
textures.xdb1,textures/veh/veh_mi24_fire.thm,180,,,,
textures.xdb1,textures/veh/veh_mi24_mono.dds,174904,512,512,10,DXT1
textures.xdb1,textures/veh/veh_mi24_mono.thm,138,,,,
textures.xdb1,textures/veh/veh_mi24_vint.dds,22000,128,128,8,DXT5
textures.xdb1,textures/veh/veh_mi24_vint.thm,163,,,,
textures.xdb1,textures/veh/veh_mi6.dds,174904,512,512,10,DXT1
textures.xdb1,textures/veh/veh_mi6.thm,179,,,,
textures.xdb1,textures/veh/veh_mi6_bump#.dds,349680,512,512,10,DXT5
textures.xdb1,textures/veh/veh_mi6_bump#.thm,138,,,,
textures.xdb1,textures/veh/veh_mi6_bump.dds,349680,512,512,10,DXT5
textures.xdb1,textures/veh/veh_mi6_bump.thm,138,,,,
textures.xdb1,textures/veh/veh_mi6_fire.dds,174904,512,512,10,DXT1
textures.xdb1,textures/veh/veh_mi6_fire.thm,179,,,,
textures.xdb1,textures/veh/veh_molokovoz.dds,174904,512,512,10,DXT1
textures.xdb1,textures/veh/veh_molokovoz.thm,185,,,,
textures.xdb1,textures/veh/veh_molokovoz_bump#.dds,349680,512,512,10,DXT5
textures.xdb1,textures/veh/veh_molokovoz_bump#.thm,138,,,,
textures.xdb1,textures/veh/veh_molokovoz_bump.dds,349680,512,512,10,DXT5
textures.xdb1,textures/veh/veh_molokovoz_bump.thm,138,,,,
textures.xdb1,textures/veh/veh_moskvitch_01.dds,174904,512,512,10,DXT1
textures.xdb1,textures/veh/veh_moskvitch_01.thm,188,,,,
textures.xdb1,textures/veh/veh_moskvitch_01_bump#.dds,349680,512,512,10,DXT5
textures.xdb1,textures/veh/veh_moskvitch_01_bump#.thm,138,,,,
textures.xdb1,textures/veh/veh_moskvitch_01_bump.dds,349680,512,512,10,DXT5
textures.xdb1,textures/veh/veh_moskvitch_01_bump.thm,138,,,,
textures.xdb1,textures/veh/veh_niva1s.dds,174904,512,512,10,DXT1
textures.xdb1,textures/veh/veh_niva1s.thm,42488,,,,
textures.xdb1,textures/veh/veh_niva2.dds,174904,512,512,10,DXT1
textures.xdb1,textures/veh/veh_niva2.thm,180,,,,
textures.xdb1,textures/veh/veh_niva2_soc.dds,699008,1024,1024,6,DXT1
textures.xdb1,textures/veh/veh_niva2_soc.thm,180,,,,
textures.xdb1,textures/veh/veh_niva_bump#.dds,349680,512,512,10,DXT5
textures.xdb1,textures/veh/veh_niva_bump#.thm,138,,,,
textures.xdb1,textures/veh/veh_niva_bump.dds,349680,512,512,10,DXT5
textures.xdb1,textures/veh/veh_niva_bump.thm,138,,,,
textures.xdb1,textures/veh/veh_nivaglass1.dds,43856,256,128,9,DXT3
textures.xdb1,textures/veh/veh_nivaglass1.thm,163,,,,
textures.xdb1,textures/veh/veh_nivawheels1.dds,43832,256,256,9,DXT1
textures.xdb1,textures/veh/veh_nivawheels1.thm,187,,,,
textures.xdb1,textures/veh/veh_nivawheels1_bump#.dds,22000,128,128,8,DXT5
textures.xdb1,textures/veh/veh_nivawheels1_bump#.thm,138,,,,
textures.xdb1,textures/veh/veh_nivawheels1_bump.dds,22000,128,128,8,DXT5
textures.xdb1,textures/veh/veh_nivawheels1_bump.thm,138,,,,
textures.xdb1,textures/veh/veh_nivawheels1a.dds,5608,128,64,8,DXT1
textures.xdb1,textures/veh/veh_nivawheels1a.thm,163,,,,
textures.xdb1,textures/veh/veh_nivawheels1b.dds,43832,256,256,9,DXT1
textures.xdb1,textures/veh/veh_nivawheels1b.thm,187,,,,
textures.xdb1,textures/veh/veh_pricep.dds,87528,512,256,10,DXT1
textures.xdb1,textures/veh/veh_ship_motor_boat_1.dds,349672,1024,512,11,DXT1
textures.xdb1,textures/veh/veh_ship_motor_boat_1.thm,195,,,,
textures.xdb1,textures/veh/veh_ship_motor_boat_1_bump#.dds,699216,1024,512,11,DXT5
textures.xdb1,textures/veh/veh_ship_motor_boat_1_bump#.thm,138,,,,
textures.xdb1,textures/veh/veh_ship_motor_boat_1_bump.dds,699216,1024,512,11,DXT5
textures.xdb1,textures/veh/veh_ship_motor_boat_1_bump.thm,138,,,,
textures.xdb1,textures/veh/veh_ship_motor_boat_2.dds,349672,1024,512,11,DXT1
textures.xdb1,textures/veh/veh_ship_motor_boat_2.thm,195,,,,
textures.xdb1,textures/veh/veh_ship_motor_boat_2_bump#.dds,699216,1024,512,11,DXT5
textures.xdb1,textures/veh/veh_ship_motor_boat_2_bump#.thm,138,,,,
textures.xdb1,textures/veh/veh_ship_motor_boat_2_bump.dds,699216,1024,512,11,DXT5
textures.xdb1,textures/veh/veh_ship_motor_boat_2_bump.thm,138,,,,
textures.xdb1,textures/veh/veh_spyaircraft.dds,174904,512,512,10,DXT1
textures.xdb1,textures/veh/veh_spyaircraft.thm,187,,,,
textures.xdb1,textures/veh/veh_spyaircraft_bump#.dds,349680,512,512,10,DXT5
textures.xdb1,textures/veh/veh_spyaircraft_bump#.thm,138,,,,
textures.xdb1,textures/veh/veh_spyaircraft_bump.dds,349680,512,512,10,DXT5
textures.xdb1,textures/veh/veh_spyaircraft_bump.thm,138,,,,
textures.xdb1,textures/veh/veh_tanchik.dds,174904,512,512,10,DXT1
textures.xdb1,textures/veh/veh_tanchik.thm,183,,,,
textures.xdb1,textures/veh/veh_tanchik_bump#.dds,349680,512,512,10,DXT5
textures.xdb1,textures/veh/veh_tanchik_bump#.thm,138,,,,
textures.xdb1,textures/veh/veh_tanchik_bump.dds,349680,512,512,10,DXT5
textures.xdb1,textures/veh/veh_tanchik_bump.thm,138,,,,
textures.xdb1,textures/veh/veh_train_diesel.dds,174904,512,512,10,DXT1
textures.xdb1,textures/veh/veh_train_diesel.thm,185,,,,
textures.xdb1,textures/veh/veh_train_diesel_br.dds,174904,512,512,10,DXT1
textures.xdb1,textures/veh/veh_train_diesel_br.thm,185,,,,
textures.xdb1,textures/veh/veh_trains_sr_bump#.dds,349680,512,512,10,DXT5
textures.xdb1,textures/veh/veh_trains_sr_bump#.thm,138,,,,
textures.xdb1,textures/veh/veh_trains_sr_bump.dds,349680,512,512,10,DXT5
textures.xdb1,textures/veh/veh_trains_sr_bump.thm,138,,,,
textures.xdb1,textures/veh/veh_traktor.dds,174904,512,512,10,DXT1
textures.xdb1,textures/veh/veh_traktor.thm,186,,,,
textures.xdb1,textures/veh/veh_traktor_br.dds,174904,512,512,10,DXT1
textures.xdb1,textures/veh/veh_traktor_br.thm,186,,,,
textures.xdb1,textures/veh/veh_traktor_br_bump#.dds,87536,256,256,9,DXT5
textures.xdb1,textures/veh/veh_traktor_br_bump#.thm,138,,,,
textures.xdb1,textures/veh/veh_traktor_br_bump.dds,349680,512,512,10,DXT5
textures.xdb1,textures/veh/veh_traktor_br_bump.thm,138,,,,
textures.xdb1,textures/veh/veh_uaz_2.dds,174904,512,512,10,DXT1
textures.xdb1,textures/veh/veh_uaz_2.thm,181,,,,
textures.xdb1,textures/veh/veh_uaz_2_bump#.dds,349680,512,512,10,DXT5
textures.xdb1,textures/veh/veh_uaz_2_bump#.thm,138,,,,
textures.xdb1,textures/veh/veh_uaz_2_bump.dds,349680,512,512,10,DXT5
textures.xdb1,textures/veh/veh_uaz_2_bump.thm,138,,,,
textures.xdb1,textures/veh/veh_uaz_2_wheel.dds,43808,256,256,6,DXT1
textures.xdb1,textures/veh/veh_uaz_2_wheel.thm,138,,,,
textures.xdb1,textures/veh/veh_uaz_2_wheel_sh.dds,21968,128,256,6,DXT1
textures.xdb1,textures/veh/veh_uaz_2_wheel_sh.thm,138,,,,
textures.xdb1,textures/veh/veh_uazik.dds,174904,512,512,10,DXT1
textures.xdb1,textures/veh/veh_uazik.thm,181,,,,
textures.xdb1,textures/veh/veh_uazik_bla.dds,699008,1024,1024,6,DXT1
textures.xdb1,textures/veh/veh_uazik_bla.thm,138,,,,
textures.xdb1,textures/veh/veh_uazik_bump#.dds,349680,512,512,10,DXT5
textures.xdb1,textures/veh/veh_uazik_bump#.thm,138,,,,
textures.xdb1,textures/veh/veh_uazik_bump.dds,349680,512,512,10,DXT5
textures.xdb1,textures/veh/veh_uazik_bump.thm,138,,,,
textures.xdb1,textures/veh/veh_uazik_new.dds,174904,512,512,10,DXT1
textures.xdb1,textures/veh/veh_uazik_new.thm,185,,,,
textures.xdb1,textures/veh/veh_uazik_new_bump#.dds,349680,512,512,10,DXT5
textures.xdb1,textures/veh/veh_uazik_new_bump#.thm,138,,,,
textures.xdb1,textures/veh/veh_uazik_new_bump.dds,349680,512,512,10,DXT5
textures.xdb1,textures/veh/veh_uazik_new_bump.thm,138,,,,
textures.xdb1,textures/veh/veh_uazik_old.dds,699008,1024,1024,6,DXT1
textures.xdb1,textures/veh/veh_uazik_old.thm,138,,,,
textures.xdb1,textures/veh/veh_vagon1_01.dds,174904,512,512,10,DXT1
textures.xdb1,textures/veh/veh_vagon1_01.thm,185,,,,
textures.xdb1,textures/veh/veh_vagon1_01_bump#.dds,349680,512,512,10,DXT5
textures.xdb1,textures/veh/veh_vagon1_01_bump#.thm,138,,,,
textures.xdb1,textures/veh/veh_vagon1_01_bump.dds,349680,512,512,10,DXT5
textures.xdb1,textures/veh/veh_vagon1_01_bump.thm,138,,,,
textures.xdb1,textures/veh/veh_vagon1_02.dds,174904,512,512,10,DXT1
textures.xdb1,textures/veh/veh_vagon1_02.thm,160,,,,
textures.xdb1,textures/veh/veh_vagon1_02_bump#.dds,349680,512,512,10,DXT5
textures.xdb1,textures/veh/veh_vagon1_02_bump#.thm,138,,,,
textures.xdb1,textures/veh/veh_vagon1_02_bump.dds,349680,512,512,10,DXT5
textures.xdb1,textures/veh/veh_vagon1_02_bump.thm,138,,,,
textures.xdb1,textures/veh/veh_vagon_03.dds,174904,512,512,10,DXT1
textures.xdb1,textures/veh/veh_vagon_03.thm,184,,,,
textures.xdb1,textures/veh/veh_vagon_03_bump#.dds,349680,512,512,10,DXT5
textures.xdb1,textures/veh/veh_vagon_03_bump#.thm,138,,,,
textures.xdb1,textures/veh/veh_vagon_03_bump.dds,349680,512,512,10,DXT5
textures.xdb1,textures/veh/veh_vagon_03_bump.thm,138,,,,
textures.xdb1,textures/veh/veh_vagoni_cpm.dds,174904,512,512,10,DXT1
textures.xdb1,textures/veh/veh_vagoni_cpm.thm,186,,,,
textures.xdb1,textures/veh/veh_vagoni_cpm_bump#.dds,349680,512,512,10,DXT5
textures.xdb1,textures/veh/veh_vagoni_cpm_bump#.thm,138,,,,
textures.xdb1,textures/veh/veh_vagoni_cpm_bump.dds,349680,512,512,10,DXT5
textures.xdb1,textures/veh/veh_vagoni_cpm_bump.thm,138,,,,
textures.xdb1,textures/veh/veh_vaz2106.dds,1398256,1024,1024,11,DXT5
textures.xdb1,textures/veh/veh_vaz2106.thm,183,,,,
textures.xdb1,textures/veh/veh_vaz2106_bump.dds,1398256,1024,1024,11,DXT5
textures.xdb1,textures/veh/veh_volga_1.dds,699192,1024,1024,11,DXT1
textures.xdb1,textures/veh/veh_volga_1.thm,183,,,,
textures.xdb1,textures/veh/veh_volga_1_bump#.dds,240,8,8,4,DXT5
textures.xdb1,textures/veh/veh_volga_1_bump#.thm,138,,,,
textures.xdb1,textures/veh/veh_volga_1_bump.dds,1398256,1024,1024,11,DXT5
textures.xdb1,textures/veh/veh_volga_1_bump.thm,138,,,,
textures.xdb1,textures/veh/veh_volga_2.dds,1398256,1024,1024,11,DXT3
textures.xdb1,textures/veh/veh_volga_2.thm,183,,,,
textures.xdb1,textures/veh/veh_volga_2_bump#.dds,240,8,8,4,DXT5
textures.xdb1,textures/veh/veh_volga_2_bump#.thm,138,,,,
textures.xdb1,textures/veh/veh_volga_2_bump.dds,1398256,1024,1024,11,DXT5
textures.xdb1,textures/veh/veh_volga_2_bump.thm,138,,,,
textures.xdb1,textures/veh/veh_zaz968.dds,174904,512,512,10,DXT1
textures.xdb1,textures/veh/veh_zaz968.thm,182,,,,
textures.xdb1,textures/veh/veh_zaz968_bump#.dds,349680,512,512,10,DXT5
textures.xdb1,textures/veh/veh_zaz968_bump#.thm,138,,,,
textures.xdb1,textures/veh/veh_zaz968_bump.dds,349680,512,512,10,DXT5
textures.xdb1,textures/veh/veh_zaz968_bump.thm,138,,,,
textures.xdb1,textures/veh/veh_zaz969.dds,174904,512,512,10,DXT1
textures.xdb1,textures/veh/veh_zaz969.thm,138,,,,
textures.xdb1,textures/veh/veh_zaz_expl.dds,699008,1024,1024,6,DXT1
textures.xdb1,textures/veh/veh_zaz_expl.thm,138,,,,
textures.xdb1,textures/veh/veh_zaz_gor6.dds,174904,512,512,10,DXT1
textures.xdb1,textures/veh/veh_zaz_gor6.thm,163,,,,
textures.xdb1,textures/veh/veh_zaz_gorb.dds,174904,512,512,10,DXT1
textures.xdb1,textures/veh/veh_zaz_gorb.thm,163,,,,
textures.xdb1,textures/veh/veh_zil.dds,174904,512,512,10,DXT1
textures.xdb1,textures/veh/veh_zil.thm,179,,,,
textures.xdb1,textures/veh/veh_zil_130.dds,174904,512,512,10,DXT1
textures.xdb1,textures/veh/veh_zil_130.thm,183,,,,
textures.xdb1,textures/veh/veh_zil_130_bump#.dds,349680,512,512,10,DXT5
textures.xdb1,textures/veh/veh_zil_130_bump#.thm,138,,,,
textures.xdb1,textures/veh/veh_zil_130_bump.dds,349680,512,512,10,DXT5
textures.xdb1,textures/veh/veh_zil_130_bump.thm,138,,,,
textures.xdb1,textures/veh/veh_zil_131.dds,174904,512,512,10,DXT1
textures.xdb1,textures/veh/veh_zil_131.thm,158,,,,
textures.xdb1,textures/veh/veh_zil_131_bump#.dds,349680,512,512,10,DXT5
textures.xdb1,textures/veh/veh_zil_131_bump#.thm,138,,,,
textures.xdb1,textures/veh/veh_zil_131_bump.dds,349680,512,512,10,DXT5
textures.xdb1,textures/veh/veh_zil_131_bump.thm,138,,,,
textures.xdb1,textures/veh/veh_zil_131_flip_vert.dds,699008,1024,1024,6,DXT1
textures.xdb1,textures/veh/veh_zil_131_flip_vert.thm,138,,,,
textures.xdb1,textures/veh/veh_zil_bump#.dds,349680,512,512,10,DXT5
textures.xdb1,textures/veh/veh_zil_bump#.thm,138,,,,
textures.xdb1,textures/veh/veh_zil_bump.dds,349680,512,512,10,DXT5
textures.xdb1,textures/veh/veh_zil_bump.thm,138,,,,
textures.xdb1,textures/veh/veh_zil_fire.dds,174904,512,512,10,DXT1
textures.xdb1,textures/veh/veh_zil_fire.thm,184,,,,
textures.xdb1,textures/veh/veh_zil_fire2.dds,174904,512,512,10,DXT1
textures.xdb1,textures/veh/veh_zil_fire2.thm,184,,,,
textures.xdb1,textures/veh/veh_zil_fire3.dds,174904,512,512,10,DXT1
textures.xdb1,textures/veh/veh_zil_fire3.thm,184,,,,
textures.xdb1,textures/veh/veh_zil_fire5.dds,174904,512,512,10,DXT1
textures.xdb1,textures/veh/veh_zil_fire5.thm,184,,,,
textures.xdb1,textures/veh/veh_zil_fire_bump#.dds,349680,512,512,10,DXT5
textures.xdb1,textures/veh/veh_zil_fire_bump#.thm,138,,,,
textures.xdb1,textures/veh/veh_zil_fire_bump.dds,349680,512,512,10,DXT5
textures.xdb1,textures/veh/veh_zil_fire_bump.thm,138,,,,
textures.xdb1,textures/veh/vehmi2a.dds,699008,1024,1024,6,DXT1
textures.xdb1,textures/veh/vehmi2a.thm,138,,,,
textures.xdb1,textures/veh/vehmi2m.dds,699008,1024,1024,6,DXT1
textures.xdb1,textures/veh/vehmi2m.thm,138,,,,
textures.xdb1,textures/vehicle/veh_kamaz_samosval.dds,699192,1024,1024,11,DXT1
textures.xdb1,textures/vehicle/veh_kamaz_u_09.dds,174904,512,512,10,DXT1
textures.xdb1,textures/vehicle/veh_kamaz_u_09.thm,186,,,,
textures.xdb1,textures/vine/vine_dried_up.dds,699200,1024,512,10,DXT5
textures.xdb1,textures/vine/vine_dried_up.thm,161,,,,
textures.xdb1,textures/vine/vine_dried_up_bump#.dds,2795648,2048,1024,6,DXT5
textures.xdb1,textures/vine/vine_dried_up_bump#.thm,138,,,,
textures.xdb1,textures/vine/vine_dried_up_bump.dds,2795648,2048,1024,6,DXT5
textures.xdb1,textures/vine/vine_dried_up_bump.thm,161,,,,
textures.xdb1,textures/vine/vine_rich.dds,699200,1024,512,10,DXT5
textures.xdb1,textures/vine/vine_rich.thm,157,,,,
textures.xdb1,textures/vine/vine_rich_bump#.dds,2795648,2048,1024,6,DXT5
textures.xdb1,textures/vine/vine_rich_bump#.thm,138,,,,
textures.xdb1,textures/vine/vine_rich_bump.dds,2795648,2048,1024,6,DXT5
textures.xdb1,textures/vine/vine_rich_bump.thm,157,,,,
textures.xdb1,textures/wall/wall_border_01.dds,174920,1024,256,11,DXT1
textures.xdb1,textures/wall/wall_border_01.thm,189,,,,
textures.xdb1,textures/wall/wall_border_01_bump#.dds,349568,1024,256,6,DXT5
textures.xdb1,textures/wall/wall_border_01_bump#.thm,138,,,,
textures.xdb1,textures/wall/wall_border_01_bump.dds,349712,1024,256,11,DXT5
textures.xdb1,textures/wall/wall_border_01_bump.thm,138,,,,
textures.xdb1,textures/wall/wall_border_02.dds,349672,1024,512,11,DXT1
textures.xdb1,textures/wall/wall_border_02.thm,188,,,,
textures.xdb1,textures/wall/wall_border_02_bump#.dds,699008,1024,512,6,DXT5
textures.xdb1,textures/wall/wall_border_02_bump#.thm,138,,,,
textures.xdb1,textures/wall/wall_border_02_bump.dds,699216,1024,512,11,DXT5
textures.xdb1,textures/wall/wall_border_02_bump.thm,138,,,,
textures.xdb1,textures/wall/wall_border_03.dds,174920,1024,256,11,DXT1
textures.xdb1,textures/wall/wall_border_03.thm,189,,,,
textures.xdb1,textures/wall/wall_border_03_bump#.dds,349568,1024,256,6,DXT5
textures.xdb1,textures/wall/wall_border_03_bump#.thm,138,,,,
textures.xdb1,textures/wall/wall_border_03_bump.dds,349712,1024,256,11,DXT5
textures.xdb1,textures/wall/wall_border_03_bump.thm,138,,,,
textures.xdb1,textures/wall/wall_border_04.dds,174920,1024,256,11,DXT1
textures.xdb1,textures/wall/wall_ceiling_01.dds,699008,1024,1024,6,DXT1
textures.xdb1,textures/wall/wall_ceiling_01.thm,188,,,,
textures.xdb1,textures/wall/wall_ceiling_01_bump#.dds,349568,512,512,6,DXT5
textures.xdb1,textures/wall/wall_ceiling_01_bump#.thm,138,,,,
textures.xdb1,textures/wall/wall_ceiling_01_bump.dds,349568,512,512,6,DXT5
textures.xdb1,textures/wall/wall_ceiling_01_bump.thm,138,,,,
textures.xdb1,textures/wall/wall_cells.dds,11064,128,128,8,DXT1
textures.xdb1,textures/wall/wall_cells.thm,182,,,,
textures.xdb1,textures/wall/wall_cells_bump#.dds,21968,128,128,6,DXT5
textures.xdb1,textures/wall/wall_cells_bump#.thm,138,,,,
textures.xdb1,textures/wall/wall_cells_bump.dds,22000,128,128,8,DXT5
textures.xdb1,textures/wall/wall_cells_bump.thm,138,,,,
textures.xdb1,textures/wall/wall_farm.dds,174904,512,512,10,DXT1
textures.xdb1,textures/wall/wall_farm.thm,157,,,,
textures.xdb1,textures/wall/wall_farm_bump#.dds,349568,512,512,6,DXT5
textures.xdb1,textures/wall/wall_farm_bump#.thm,138,,,,
textures.xdb1,textures/wall/wall_farm_bump.dds,349680,512,512,10,DXT5
textures.xdb1,textures/wall/wall_farm_bump.thm,138,,,,
textures.xdb1,textures/wall/wall_house_red_01.dds,349672,1024,512,11,DXT1
textures.xdb1,textures/wall/wall_house_red_01.thm,193,,,,
textures.xdb1,textures/wall/wall_house_red_02.dds,174904,512,512,10,DXT1
textures.xdb1,textures/wall/wall_house_red_02.thm,191,,,,
textures.xdb1,textures/wall/wall_house_white_01.dds,349672,1024,512,11,DXT1
textures.xdb1,textures/wall/wall_house_white_01.thm,193,,,,
textures.xdb1,textures/wall/wall_house_white_01_bump#.dds,699008,1024,512,6,DXT5
textures.xdb1,textures/wall/wall_house_white_01_bump#.thm,138,,,,
textures.xdb1,textures/wall/wall_house_white_01_bump.dds,699216,1024,512,11,DXT5
textures.xdb1,textures/wall/wall_house_white_01_bump.thm,138,,,,
textures.xdb1,textures/wall/wall_house_white_02.dds,174904,512,512,10,DXT1
textures.xdb1,textures/wall/wall_house_white_02.thm,191,,,,
textures.xdb1,textures/wall/wall_house_white_02_bump#.dds,349568,512,512,6,DXT5
textures.xdb1,textures/wall/wall_house_white_02_bump#.thm,138,,,,
textures.xdb1,textures/wall/wall_house_white_02_bump.dds,349680,512,512,10,DXT5
textures.xdb1,textures/wall/wall_house_white_02_bump.thm,138,,,,
textures.xdb1,textures/wall/wall_hr_gr1.dds,174904,512,512,10,DXT1
textures.xdb1,textures/wall/wall_hr_gr1.thm,159,,,,
textures.xdb1,textures/wall/wall_hr_gr1_bump#.dds,349568,512,512,6,DXT5
textures.xdb1,textures/wall/wall_hr_gr1_bump#.thm,138,,,,
textures.xdb1,textures/wall/wall_hr_gr1_bump.dds,349680,512,512,10,DXT5
textures.xdb1,textures/wall/wall_hr_gr1_bump.thm,138,,,,
textures.xdb1,textures/wall/wall_hr_gr2.dds,87528,256,512,10,DXT1
textures.xdb1,textures/wall/wall_hr_gr2.thm,159,,,,
textures.xdb1,textures/wall/wall_hr_gr2_bump#.dds,174848,256,512,6,DXT5
textures.xdb1,textures/wall/wall_hr_gr2_bump#.thm,138,,,,
textures.xdb1,textures/wall/wall_hr_gr2_bump.dds,174928,256,512,10,DXT5
textures.xdb1,textures/wall/wall_hr_gr2_bump.thm,138,,,,
textures.xdb1,textures/wall/wall_orange_01.dds,174904,512,512,10,DXT1
textures.xdb1,textures/wall/wall_orange_01.thm,187,,,,
textures.xdb1,textures/wall/wall_orange_01_bump#.dds,1397888,1024,1024,6,DXT5
textures.xdb1,textures/wall/wall_orange_01_bump#.thm,138,,,,
textures.xdb1,textures/wall/wall_orange_01_bump.dds,349680,512,512,10,DXT5
textures.xdb1,textures/wall/wall_orange_01_bump.thm,138,,,,
textures.xdb1,textures/wall/wall_orange_02.dds,174904,512,512,10,DXT1
textures.xdb1,textures/wall/wall_orange_02.thm,187,,,,
textures.xdb1,textures/wall/wall_orange_02_bump#.dds,1397888,1024,1024,6,DXT5
textures.xdb1,textures/wall/wall_orange_02_bump#.thm,138,,,,
textures.xdb1,textures/wall/wall_orange_02_bump.dds,349680,512,512,10,DXT5
textures.xdb1,textures/wall/wall_orange_02_bump.thm,138,,,,
textures.xdb1,textures/wall/wall_pripyat_houses.dds,349680,512,512,10,DXT5
textures.xdb1,textures/wall/wall_pripyat_houses.thm,167,,,,
textures.xdb1,textures/wall/wall_pripyat_houses_bump#.dds,1397888,1024,1024,6,DXT5
textures.xdb1,textures/wall/wall_pripyat_houses_bump#.thm,138,,,,
textures.xdb1,textures/wall/wall_pripyat_houses_bump.dds,349680,512,512,10,DXT5
textures.xdb1,textures/wall/wall_pripyat_houses_bump.thm,138,,,,
textures.xdb1,textures/wall/wall_red_01.dds,349672,1024,512,11,DXT1
textures.xdb1,textures/wall/wall_red_01.thm,185,,,,
textures.xdb1,textures/wall/wall_red_01_bump#.dds,699008,1024,512,6,DXT5
textures.xdb1,textures/wall/wall_red_01_bump#.thm,138,,,,
textures.xdb1,textures/wall/wall_red_01_bump.dds,699216,1024,512,11,DXT5
textures.xdb1,textures/wall/wall_red_01_bump.thm,138,,,,
textures.xdb1,textures/wall/wall_roses_03.dds,43832,256,256,9,DXT1
textures.xdb1,textures/wall/wall_roses_03.thm,185,,,,
textures.xdb1,textures/wall/wall_roses_03_bump#.dds,87488,256,256,6,DXT5
textures.xdb1,textures/wall/wall_roses_03_bump#.thm,138,,,,
textures.xdb1,textures/wall/wall_roses_03_bump.dds,87536,256,256,9,DXT5
textures.xdb1,textures/wall/wall_roses_03_bump.thm,138,,,,
textures.xdb1,textures/wall/wall_schiffer_01.dds,349672,1024,512,11,DXT1
textures.xdb1,textures/wall/wall_schiffer_01.thm,191,,,,
textures.xdb1,textures/wall/wall_schiffer_01_bump#.dds,699008,1024,512,6,DXT5
textures.xdb1,textures/wall/wall_schiffer_01_bump#.thm,138,,,,
textures.xdb1,textures/wall/wall_schiffer_01_bump.dds,699216,1024,512,11,DXT5
textures.xdb1,textures/wall/wall_schiffer_01_bump.thm,138,,,,
textures.xdb1,textures/wall/wall_stalinki.dds,174904,512,512,10,DXT1
textures.xdb1,textures/wall/wall_stalinki.thm,161,,,,
textures.xdb1,textures/wall/wall_stalinki_bump#.dds,349568,512,512,6,DXT5
textures.xdb1,textures/wall/wall_stalinki_bump#.thm,138,,,,
textures.xdb1,textures/wall/wall_stalinki_bump.dds,349680,512,512,10,DXT5
textures.xdb1,textures/wall/wall_stalinki_bump.thm,138,,,,
textures.xdb1,textures/wall/wall_stena_01.dds,174904,512,512,10,DXT1
textures.xdb1,textures/wall/wall_stena_01.thm,185,,,,
textures.xdb1,textures/wall/wall_stena_01_bump#.dds,349568,512,512,6,DXT5
textures.xdb1,textures/wall/wall_stena_01_bump#.thm,138,,,,
textures.xdb1,textures/wall/wall_stena_01_bump.dds,349680,512,512,10,DXT5
textures.xdb1,textures/wall/wall_stena_01_bump.thm,138,,,,
textures.xdb1,textures/wall/wall_stena_05a.dds,174904,512,512,10,DXT1
textures.xdb1,textures/wall/wall_stena_05b.dds,174904,512,512,10,DXT1
textures.xdb1,textures/wall/wall_stena_05b.thm,186,,,,
textures.xdb1,textures/wall/wall_stena_05b_bump#.dds,349568,512,512,6,DXT5
textures.xdb1,textures/wall/wall_stena_05b_bump#.thm,138,,,,
textures.xdb1,textures/wall/wall_stena_05b_bump.dds,349680,512,512,10,DXT5
textures.xdb1,textures/wall/wall_stena_05b_bump.thm,138,,,,
textures.xdb1,textures/wall/wall_stucco_01.dds,174904,512,512,10,DXT1
textures.xdb1,textures/wall/wall_stucco_01.thm,187,,,,
textures.xdb1,textures/wall/wall_stucco_01_bump#.dds,1397888,1024,1024,6,DXT5
textures.xdb1,textures/wall/wall_stucco_01_bump#.thm,138,,,,
textures.xdb1,textures/wall/wall_stucco_01_bump.dds,349680,512,512,10,DXT5
textures.xdb1,textures/wall/wall_stucco_01_bump.thm,138,,,,
textures.xdb1,textures/wall/wall_stucco_02.dds,349672,1024,512,11,DXT1
textures.xdb1,textures/wall/wall_stucco_02.thm,189,,,,
textures.xdb1,textures/wall/wall_stucco_02_bump#.dds,699008,1024,512,6,DXT5
textures.xdb1,textures/wall/wall_stucco_02_bump#.thm,138,,,,
textures.xdb1,textures/wall/wall_stucco_02_bump.dds,699216,1024,512,11,DXT5
textures.xdb1,textures/wall/wall_stucco_02_bump.thm,157,,,,
textures.xdb1,textures/wall/wall_stucco_03.dds,349672,1024,512,11,DXT1
textures.xdb1,textures/wall/wall_stucco_03.thm,189,,,,
textures.xdb1,textures/wall/wall_stucco_03_bump#.dds,699008,1024,512,6,DXT5
textures.xdb1,textures/wall/wall_stucco_03_bump#.thm,138,,,,
textures.xdb1,textures/wall/wall_stucco_03_bump.dds,699216,1024,512,11,DXT5
textures.xdb1,textures/wall/wall_stucco_03_bump.thm,138,,,,
textures.xdb1,textures/wall/wall_stucco_04.dds,349672,1024,512,11,DXT1
textures.xdb1,textures/wall/wall_stucco_04.thm,189,,,,
textures.xdb1,textures/wall/wall_stucco_04_bump#.dds,699008,1024,512,6,DXT5
textures.xdb1,textures/wall/wall_stucco_04_bump#.thm,138,,,,
textures.xdb1,textures/wall/wall_stucco_04_bump.dds,699216,1024,512,11,DXT5
textures.xdb1,textures/wall/wall_stucco_04_bump.thm,138,,,,
textures.xdb1,textures/wall/wall_stucco_05.dds,174904,512,512,10,DXT1
textures.xdb1,textures/wall/wall_stucco_05.thm,187,,,,
textures.xdb1,textures/wall/wall_stucco_05_bump#.dds,349568,512,512,6,DXT5
textures.xdb1,textures/wall/wall_stucco_05_bump#.thm,138,,,,
textures.xdb1,textures/wall/wall_stucco_05_bump.dds,349680,512,512,10,DXT5
textures.xdb1,textures/wall/wall_stucco_05_bump.thm,138,,,,
textures.xdb1,textures/wall/wall_stucco_06.dds,349672,1024,512,11,DXT1
textures.xdb1,textures/wall/wall_stucco_06.thm,189,,,,
textures.xdb1,textures/wall/wall_stucco_06_bump#.dds,699008,1024,512,6,DXT5
textures.xdb1,textures/wall/wall_stucco_06_bump#.thm,138,,,,
textures.xdb1,textures/wall/wall_stucco_06_bump.dds,699216,1024,512,11,DXT5
textures.xdb1,textures/wall/wall_stucco_06_bump.thm,138,,,,
textures.xdb1,textures/wall/wall_stucco_07.dds,349672,1024,512,11,DXT1
textures.xdb1,textures/wall/wall_stucco_07_bump.dds,699216,1024,512,11,DXT5
textures.xdb1,textures/wall/wall_stucco_08.dds,174904,512,512,10,DXT1
textures.xdb1,textures/wall/wall_stucco_08.thm,187,,,,
textures.xdb1,textures/wall/wall_stucco_08_bump#.dds,349568,512,512,6,DXT5
textures.xdb1,textures/wall/wall_stucco_08_bump#.thm,138,,,,
textures.xdb1,textures/wall/wall_stucco_08_bump.dds,349680,512,512,10,DXT5
textures.xdb1,textures/wall/wall_stucco_08_bump.thm,138,,,,
textures.xdb1,textures/wall/wall_stucco_09.dds,174904,512,512,10,DXT1
textures.xdb1,textures/wall/wall_stucco_09.thm,187,,,,
textures.xdb1,textures/wall/wall_stucco_09_bump#.dds,349568,512,512,6,DXT5
textures.xdb1,textures/wall/wall_stucco_09_bump#.thm,138,,,,
textures.xdb1,textures/wall/wall_stucco_09_bump.dds,349680,512,512,10,DXT5
textures.xdb1,textures/wall/wall_stucco_09_bump.thm,138,,,,
textures.xdb1,textures/wall/wall_stucco_10.dds,349672,1024,512,11,DXT1
textures.xdb1,textures/wall/wall_stucco_10.thm,189,,,,
textures.xdb1,textures/wall/wall_stucco_10_bump#.dds,699008,1024,512,6,DXT5
textures.xdb1,textures/wall/wall_stucco_10_bump#.thm,138,,,,
textures.xdb1,textures/wall/wall_stucco_10_bump.dds,699216,1024,512,11,DXT5
textures.xdb1,textures/wall/wall_stucco_10_bump.thm,138,,,,
textures.xdb1,textures/wall/wall_stucco_11.dds,349672,1024,512,11,DXT1
textures.xdb1,textures/wall/wall_stucco_11.thm,188,,,,
textures.xdb1,textures/wall/wall_stucco_11_bump#.dds,699008,1024,512,6,DXT5
textures.xdb1,textures/wall/wall_stucco_11_bump#.thm,138,,,,
textures.xdb1,textures/wall/wall_stucco_11_bump.dds,699216,1024,512,11,DXT5
textures.xdb1,textures/wall/wall_stucco_11_bump.thm,138,,,,
textures.xdb1,textures/wall/wall_stucco_12.dds,349672,1024,512,11,DXT1
textures.xdb1,textures/wall/wall_stucco_12.thm,189,,,,
textures.xdb1,textures/wall/wall_stucco_12_bump#.dds,699216,1024,512,11,DXT5
textures.xdb1,textures/wall/wall_stucco_12_bump#.thm,138,,,,
textures.xdb1,textures/wall/wall_stucco_12_bump.dds,699216,1024,512,11,DXT5
textures.xdb1,textures/wall/wall_stucco_12_bump.thm,138,,,,
textures.xdb1,textures/wall/wall_stucco_13.dds,349672,1024,512,11,DXT1
textures.xdb1,textures/wall/wall_stucco_13_bump.dds,699216,1024,512,11,DXT5
textures.xdb1,textures/wall/wall_village.dds,174904,512,512,10,DXT1
textures.xdb1,textures/wall/wall_village.thm,160,,,,
textures.xdb1,textures/wall/wall_village_bump#.dds,349568,512,512,6,DXT5
textures.xdb1,textures/wall/wall_village_bump#.thm,138,,,,
textures.xdb1,textures/wall/wall_village_bump.dds,349680,512,512,10,DXT5
textures.xdb1,textures/wall/wall_village_bump.thm,138,,,,
textures.xdb1,textures/wall/wall_wallpaper_01.dds,699192,1024,1024,11,DXT1
textures.xdb1,textures/wall/wall_wallpaper_01.thm,188,,,,
textures.xdb1,textures/wall/wall_wallpaper_01_bump#.dds,349680,512,512,10,DXT5
textures.xdb1,textures/wall/wall_wallpaper_01_bump#.thm,138,,,,
textures.xdb1,textures/wall/wall_wallpaper_01_bump.dds,5592560,2048,2048,12,DXT5
textures.xdb1,textures/wall/wall_wallpaper_01_bump.thm,138,,,,
textures.xdb1,textures/wall/wall_wallpaper_02.dds,699192,1024,1024,11,DXT1
textures.xdb1,textures/wall/wall_wallpaper_02.thm,188,,,,
textures.xdb1,textures/wall/wall_wallpaper_02_bump#.dds,1398256,1024,1024,11,DXT5
textures.xdb1,textures/wall/wall_wallpaper_02_bump#.thm,138,,,,
textures.xdb1,textures/wall/wall_wallpaper_02_bump.dds,5592560,2048,2048,12,DXT5
textures.xdb1,textures/wall/wall_wallpaper_02_bump.thm,138,,,,
textures.xdb1,textures/wall/wall_wallpaper_03.dds,174904,512,512,10,DXT1
textures.xdb1,textures/wall/wall_wallpaper_03.thm,188,,,,
textures.xdb1,textures/wall/wall_wallpaper_03_bump#.dds,349568,512,512,6,DXT5
textures.xdb1,textures/wall/wall_wallpaper_03_bump#.thm,138,,,,
textures.xdb1,textures/wall/wall_wallpaper_03_bump.dds,349568,512,512,6,DXT5
textures.xdb1,textures/wall/wall_wallpaper_03_bump.thm,138,,,,
textures.xdb1,textures/wall/wall_walls_paint_01.dds,174904,512,512,10,DXT1
textures.xdb1,textures/wall/wall_walls_paint_01.thm,192,,,,
textures.xdb1,textures/wall/wall_walls_paint_01_bump#.dds,349680,512,512,10,DXT5
textures.xdb1,textures/wall/wall_walls_paint_01_bump#.thm,138,,,,
textures.xdb1,textures/wall/wall_walls_paint_01_bump.dds,349680,512,512,10,DXT5
textures.xdb1,textures/wall/wall_walls_paint_01_bump.thm,138,,,,
textures.xdb1,textures/wall/wall_walls_paint_02.dds,174848,512,512,6,DXT1
textures.xdb1,textures/wall/wall_walls_paint_02.thm,192,,,,
textures.xdb1,textures/wall/wall_walls_paint_02_bump#.dds,349568,512,512,6,DXT5
textures.xdb1,textures/wall/wall_walls_paint_02_bump#.thm,138,,,,
textures.xdb1,textures/wall/wall_walls_paint_02_bump.dds,349568,512,512,6,DXT5
textures.xdb1,textures/wall/wall_walls_paint_02_bump.thm,138,,,,
textures.xdb1,textures/wall/wall_walls_paint_03.dds,174888,512,512,8,DXT1
textures.xdb1,textures/wall/wall_walls_paint_03.thm,192,,,,
textures.xdb1,textures/wall/wall_walls_paint_03_bump#.dds,349568,512,512,6,DXT5
textures.xdb1,textures/wall/wall_walls_paint_03_bump#.thm,138,,,,
textures.xdb1,textures/wall/wall_walls_paint_03_bump.dds,349680,512,512,10,DXT5
textures.xdb1,textures/wall/wall_walls_paint_03_bump.thm,138,,,,
textures.xdb1,textures/wall/wall_walls_paint_05.dds,174904,512,512,10,DXT1
textures.xdb1,textures/wall/wall_walls_paint_05.thm,192,,,,
textures.xdb1,textures/wall/wall_walls_paint_05_bump#.dds,349568,512,512,6,DXT5
textures.xdb1,textures/wall/wall_walls_paint_05_bump#.thm,138,,,,
textures.xdb1,textures/wall/wall_walls_paint_05_bump.dds,349568,512,512,6,DXT5
textures.xdb1,textures/wall/wall_walls_paint_05_bump.thm,138,,,,
textures.xdb1,textures/wall/wall_wood_01.dds,174904,512,512,10,DXT1
textures.xdb1,textures/wall/wall_wood_01.thm,183,,,,
textures.xdb1,textures/wall/wall_wood_01_bump#.dds,349568,512,512,6,DXT5
textures.xdb1,textures/wall/wall_wood_01_bump#.thm,138,,,,
textures.xdb1,textures/wall/wall_wood_01_bump.dds,349680,512,512,10,DXT5
textures.xdb1,textures/wall/wall_wood_01_bump.thm,138,,,,
textures.xdb1,textures/wall/wall_yellow_01.dds,174904,512,512,10,DXT1
textures.xdb1,textures/wall/wall_yellow_01.thm,187,,,,
textures.xdb1,textures/wall/wall_yellow_01_bump#.dds,1397888,1024,1024,6,DXT5
textures.xdb1,textures/wall/wall_yellow_01_bump#.thm,138,,,,
textures.xdb1,textures/wall/wall_yellow_01_bump.dds,1397888,1024,1024,6,DXT5
textures.xdb1,textures/wall/wall_yellow_01_bump.thm,138,,,,
textures.xdb1,textures/wall/wall_yellow_02.dds,174904,512,512,10,DXT1
textures.xdb1,textures/wall/wall_yellow_02.thm,187,,,,
textures.xdb1,textures/wall/wall_yellow_02_bump#.dds,1397888,1024,1024,6,DXT5
textures.xdb1,textures/wall/wall_yellow_02_bump#.thm,138,,,,
textures.xdb1,textures/wall/wall_yellow_02_bump.dds,1397888,1024,1024,6,DXT5
textures.xdb1,textures/wall/wall_yellow_02_bump.thm,138,,,,
textures.xdb1,textures/wall/wall_yellow_dekor.dds,174904,512,512,10,DXT1
textures.xdb1,textures/wall/wall_yellow_dekor.thm,190,,,,
textures.xdb1,textures/wall/wall_yellow_dekor_bump#.dds,349568,512,512,6,DXT5
textures.xdb1,textures/wall/wall_yellow_dekor_bump#.thm,138,,,,
textures.xdb1,textures/wall/wall_yellow_dekor_bump.dds,349568,512,512,6,DXT5
textures.xdb1,textures/wall/wall_yellow_dekor_bump.thm,138,,,,
textures.xdb1,textures/wall/wall_yellow_gate.dds,43832,256,256,9,DXT1
textures.xdb1,textures/wall/wall_yellow_gate.thm,189,,,,
textures.xdb1,textures/wall/wall_yellow_gate_bump#.dds,87488,256,256,6,DXT5
textures.xdb1,textures/wall/wall_yellow_gate_bump#.thm,138,,,,
textures.xdb1,textures/wall/wall_yellow_gate_bump.dds,87488,256,256,6,DXT5
textures.xdb1,textures/wall/wall_yellow_gate_bump.thm,138,,,,
textures.xdb1,textures/water/water_dudv.dds,43832,256,256,9,DXT1
textures.xdb1,textures/water/water_dudv.seq,603,,,,
textures.xdb1,textures/water/water_dudv.thm,138,,,,
textures.xdb1,textures/water/water_dudv_0.dds,87536,256,256,9,DXT5
textures.xdb1,textures/water/water_dudv_0.thm,138,,,,
textures.xdb1,textures/water/water_dudv_1.dds,87536,256,256,9,DXT5
textures.xdb1,textures/water/water_dudv_1.thm,138,,,,
textures.xdb1,textures/water/water_dudv_10.dds,87536,256,256,9,DXT5
textures.xdb1,textures/water/water_dudv_10.thm,138,,,,
textures.xdb1,textures/water/water_dudv_11.dds,87536,256,256,9,DXT5
textures.xdb1,textures/water/water_dudv_11.thm,138,,,,
textures.xdb1,textures/water/water_dudv_12.dds,87536,256,256,9,DXT5
textures.xdb1,textures/water/water_dudv_12.thm,138,,,,
textures.xdb1,textures/water/water_dudv_13.dds,87536,256,256,9,DXT5
textures.xdb1,textures/water/water_dudv_13.thm,138,,,,
textures.xdb1,textures/water/water_dudv_14.dds,87536,256,256,9,DXT5
textures.xdb1,textures/water/water_dudv_14.thm,138,,,,
textures.xdb1,textures/water/water_dudv_15.dds,87536,256,256,9,DXT5
textures.xdb1,textures/water/water_dudv_15.thm,138,,,,
textures.xdb1,textures/water/water_dudv_16.dds,87536,256,256,9,DXT5
textures.xdb1,textures/water/water_dudv_16.thm,138,,,,
textures.xdb1,textures/water/water_dudv_17.dds,87536,256,256,9,DXT5
textures.xdb1,textures/water/water_dudv_17.thm,138,,,,
textures.xdb1,textures/water/water_dudv_18.dds,87536,256,256,9,DXT5
textures.xdb1,textures/water/water_dudv_18.thm,138,,,,
textures.xdb1,textures/water/water_dudv_19.dds,87536,256,256,9,DXT5
textures.xdb1,textures/water/water_dudv_19.thm,138,,,,
textures.xdb1,textures/water/water_dudv_2.dds,87536,256,256,9,DXT5
textures.xdb1,textures/water/water_dudv_2.thm,138,,,,
textures.xdb1,textures/water/water_dudv_20.dds,87536,256,256,9,DXT5
textures.xdb1,textures/water/water_dudv_20.thm,138,,,,
textures.xdb1,textures/water/water_dudv_21.dds,87536,256,256,9,DXT5
textures.xdb1,textures/water/water_dudv_21.thm,138,,,,
textures.xdb1,textures/water/water_dudv_22.dds,87536,256,256,9,DXT5
textures.xdb1,textures/water/water_dudv_22.thm,138,,,,
textures.xdb1,textures/water/water_dudv_23.dds,87536,256,256,9,DXT5
textures.xdb1,textures/water/water_dudv_23.thm,138,,,,
textures.xdb1,textures/water/water_dudv_24.dds,87536,256,256,9,DXT5
textures.xdb1,textures/water/water_dudv_24.thm,138,,,,
textures.xdb1,textures/water/water_dudv_25.dds,87536,256,256,9,DXT5
textures.xdb1,textures/water/water_dudv_25.thm,138,,,,
textures.xdb1,textures/water/water_dudv_26.dds,87536,256,256,9,DXT5
textures.xdb1,textures/water/water_dudv_26.thm,138,,,,
textures.xdb1,textures/water/water_dudv_27.dds,87536,256,256,9,DXT5
textures.xdb1,textures/water/water_dudv_27.thm,138,,,,
textures.xdb1,textures/water/water_dudv_28.dds,87536,256,256,9,DXT5
textures.xdb1,textures/water/water_dudv_28.thm,138,,,,
textures.xdb1,textures/water/water_dudv_3.dds,87536,256,256,9,DXT5
textures.xdb1,textures/water/water_dudv_3.thm,138,,,,
textures.xdb1,textures/water/water_dudv_4.dds,87536,256,256,9,DXT5
textures.xdb1,textures/water/water_dudv_4.thm,138,,,,
textures.xdb1,textures/water/water_dudv_5.dds,87536,256,256,9,DXT5
textures.xdb1,textures/water/water_dudv_5.thm,138,,,,
textures.xdb1,textures/water/water_dudv_6.dds,87536,256,256,9,DXT5
textures.xdb1,textures/water/water_dudv_6.thm,138,,,,
textures.xdb1,textures/water/water_dudv_7.dds,87536,256,256,9,DXT5
textures.xdb1,textures/water/water_dudv_7.thm,138,,,,
textures.xdb1,textures/water/water_dudv_8.dds,87536,256,256,9,DXT5
textures.xdb1,textures/water/water_dudv_8.thm,138,,,,
textures.xdb1,textures/water/water_dudv_9.dds,87536,256,256,9,DXT5
textures.xdb1,textures/water/water_dudv_9.thm,138,,,,
textures.xdb1,textures/water/water_flowing_nmap.dds,1398228,512,512,10,RGB
textures.xdb1,textures/water/water_flowing_nmap.thm,138,,,,
textures.xdb1,textures/water/water_foam.dds,349680,512,512,10,DXT5
textures.xdb1,textures/water/water_foam.thm,138,,,,
textures.xdb1,textures/water/water_normal.dds,349652,256,256,9,RGB
textures.xdb1,textures/water/water_normal.seq,661,,,,
textures.xdb1,textures/water/water_normal.thm,138,,,,
textures.xdb1,textures/water/water_normal_0.dds,349652,256,256,9,RGB
textures.xdb1,textures/water/water_normal_0.thm,138,,,,
textures.xdb1,textures/water/water_normal_1.dds,349652,256,256,9,RGB
textures.xdb1,textures/water/water_normal_1.thm,138,,,,
textures.xdb1,textures/water/water_normal_10.dds,349652,256,256,9,RGB
textures.xdb1,textures/water/water_normal_10.thm,138,,,,
textures.xdb1,textures/water/water_normal_11.dds,349652,256,256,9,RGB
textures.xdb1,textures/water/water_normal_11.thm,138,,,,
textures.xdb1,textures/water/water_normal_12.dds,349652,256,256,9,RGB
textures.xdb1,textures/water/water_normal_12.thm,138,,,,
textures.xdb1,textures/water/water_normal_13.dds,349652,256,256,9,RGB
textures.xdb1,textures/water/water_normal_13.thm,138,,,,
textures.xdb1,textures/water/water_normal_14.dds,349652,256,256,9,RGB
textures.xdb1,textures/water/water_normal_14.thm,138,,,,
textures.xdb1,textures/water/water_normal_15.dds,349652,256,256,9,RGB
textures.xdb1,textures/water/water_normal_15.thm,138,,,,
textures.xdb1,textures/water/water_normal_16.dds,349652,256,256,9,RGB
textures.xdb1,textures/water/water_normal_16.thm,138,,,,
textures.xdb1,textures/water/water_normal_17.dds,349652,256,256,9,RGB
textures.xdb1,textures/water/water_normal_17.thm,138,,,,
textures.xdb1,textures/water/water_normal_18.dds,349652,256,256,9,RGB
textures.xdb1,textures/water/water_normal_18.thm,138,,,,
textures.xdb1,textures/water/water_normal_19.dds,349652,256,256,9,RGB
textures.xdb1,textures/water/water_normal_19.thm,138,,,,
textures.xdb1,textures/water/water_normal_2.dds,349652,256,256,9,RGB
textures.xdb1,textures/water/water_normal_2.thm,138,,,,
textures.xdb1,textures/water/water_normal_20.dds,349652,256,256,9,RGB
textures.xdb1,textures/water/water_normal_20.thm,138,,,,
textures.xdb1,textures/water/water_normal_21.dds,349652,256,256,9,RGB
textures.xdb1,textures/water/water_normal_21.thm,138,,,,
textures.xdb1,textures/water/water_normal_22.dds,349652,256,256,9,RGB
textures.xdb1,textures/water/water_normal_22.thm,138,,,,
textures.xdb1,textures/water/water_normal_23.dds,349652,256,256,9,RGB
textures.xdb1,textures/water/water_normal_23.thm,138,,,,
textures.xdb1,textures/water/water_normal_24.dds,349652,256,256,9,RGB
textures.xdb1,textures/water/water_normal_24.thm,138,,,,
textures.xdb1,textures/water/water_normal_25.dds,349652,256,256,9,RGB
textures.xdb1,textures/water/water_normal_25.thm,138,,,,
textures.xdb1,textures/water/water_normal_26.dds,349652,256,256,9,RGB
textures.xdb1,textures/water/water_normal_26.thm,138,,,,
textures.xdb1,textures/water/water_normal_27.dds,349652,256,256,9,RGB
textures.xdb1,textures/water/water_normal_27.thm,138,,,,
textures.xdb1,textures/water/water_normal_28.dds,349652,256,256,9,RGB
textures.xdb1,textures/water/water_normal_28.thm,138,,,,
textures.xdb1,textures/water/water_normal_3.dds,349652,256,256,9,RGB
textures.xdb1,textures/water/water_normal_3.thm,138,,,,
textures.xdb1,textures/water/water_normal_4.dds,349652,256,256,9,RGB
textures.xdb1,textures/water/water_normal_4.thm,138,,,,
textures.xdb1,textures/water/water_normal_5.dds,349652,256,256,9,RGB
textures.xdb1,textures/water/water_normal_5.thm,138,,,,
textures.xdb1,textures/water/water_normal_6.dds,349652,256,256,9,RGB
textures.xdb1,textures/water/water_normal_6.thm,138,,,,
textures.xdb1,textures/water/water_normal_7.dds,349652,256,256,9,RGB
textures.xdb1,textures/water/water_normal_7.thm,138,,,,
textures.xdb1,textures/water/water_normal_8.dds,349652,256,256,9,RGB
textures.xdb1,textures/water/water_normal_8.thm,138,,,,
textures.xdb1,textures/water/water_normal_9.dds,349652,256,256,9,RGB
textures.xdb1,textures/water/water_normal_9.thm,138,,,,
textures.xdb1,textures/water/water_pool1.dds,22000,128,128,8,DXT5
textures.xdb1,textures/water/water_pool1.seq,1352,,,,
textures.xdb1,textures/water/water_pool1.thm,120,,,,
textures.xdb1,textures/water/water_pool2.dds,87536,256,256,9,DXT5
textures.xdb1,textures/water/water_pool2.seq,1352,,,,
textures.xdb1,textures/water/water_pool2.thm,138,,,,
textures.xdb1,textures/water/water_ryaska1.dds,349680,512,512,10,DXT5
textures.xdb1,textures/water/water_ryaska1.thm,162,,,,
textures.xdb1,textures/water/water_ryaska1_bump#.dds,349680,512,512,10,DXT5
textures.xdb1,textures/water/water_ryaska1_bump#.thm,138,,,,
textures.xdb1,textures/water/water_ryaska1_bump.dds,349680,512,512,10,DXT5
textures.xdb1,textures/water/water_ryaska1_bump.thm,138,,,,
textures.xdb1,textures/water/water_ryska.dds,349680,512,512,10,DXT5
textures.xdb1,textures/water/water_ryska.thm,138,,,,
textures.xdb1,textures/water/water_sbumpvolume.dds,1048704,256,256,0,DXT5
textures.xdb1,textures/water/water_sbumpvolume.thm,138,,,,
textures.xdb1,textures/water/water_studen.dds,1398256,1024,1024,11,DXT5
textures.xdb1,textures/water/water_studen.thm,161,,,,
textures.xdb1,textures/water/water_studen_bump#.dds,1398256,1024,1024,11,DXT5
textures.xdb1,textures/water/water_studen_bump#.thm,138,,,,
textures.xdb1,textures/water/water_studen_bump.dds,1398256,1024,1024,11,DXT5
textures.xdb1,textures/water/water_studen_bump.thm,138,,,,
textures.xdb1,textures/water/water_studen_green.dds,1397888,1024,1024,6,DXT5
textures.xdb1,textures/water/water_studen_green.thm,161,,,,
textures.xdb1,textures/water/water_water.dds,349680,512,512,10,DXT5
textures.xdb1,textures/water/water_water.thm,138,,,,
textures.xdb1,textures/water/water_water_r1.dds,349680,512,512,10,DXT5
textures.xdb1,textures/water/water_water_r1.thm,138,,,,
textures.xdb1,textures/wind/--wind_gr01.dds,174904,512,512,10,DXT1
textures.xdb1,textures/wind/wind_01.dds,174904,512,512,10,DXT1
textures.xdb1,textures/wind/wind_01.thm,180,,,,
textures.xdb1,textures/wind/wind_01_bump#.dds,349568,512,512,6,DXT5
textures.xdb1,textures/wind/wind_01_bump#.thm,138,,,,
textures.xdb1,textures/wind/wind_01_bump.dds,349680,512,512,10,DXT5
textures.xdb1,textures/wind/wind_01_bump.thm,138,,,,
textures.xdb1,textures/wind/wind_02.dds,174904,512,512,10,DXT1
textures.xdb1,textures/wind/wind_02.thm,155,,,,
textures.xdb1,textures/wind/wind_02_bump#.dds,349568,512,512,6,DXT5
textures.xdb1,textures/wind/wind_02_bump#.thm,138,,,,
textures.xdb1,textures/wind/wind_02_bump.dds,349680,512,512,10,DXT5
textures.xdb1,textures/wind/wind_02_bump.thm,138,,,,
textures.xdb1,textures/wind/wind_03.dds,174904,512,512,10,DXT1
textures.xdb1,textures/wind/wind_03.thm,155,,,,
textures.xdb1,textures/wind/wind_03_bump#.dds,349568,512,512,6,DXT5
textures.xdb1,textures/wind/wind_03_bump#.thm,138,,,,
textures.xdb1,textures/wind/wind_03_bump.dds,349568,512,512,6,DXT5
textures.xdb1,textures/wind/wind_03_bump.thm,138,,,,
textures.xdb1,textures/wind/wind_03_ch.dds,174904,512,512,10,DXT1
textures.xdb1,textures/wind/wind_03_ch.thm,155,,,,
textures.xdb1,textures/wind/wind_03_ch_bump#.dds,349680,512,512,10,DXT5
textures.xdb1,textures/wind/wind_03_ch_bump#.thm,21310,,,,
textures.xdb1,textures/wind/wind_03_ch_bump.dds,349680,512,512,10,DXT5
textures.xdb1,textures/wind/wind_03_ch_bump.thm,138,,,,
textures.xdb1,textures/wind/wind_03_soc.dds,174904,512,512,10,DXT1
textures.xdb1,textures/wind/wind_03_soc_bump#.dds,349568,512,512,6,DXT5
textures.xdb1,textures/wind/wind_03_soc_bump.dds,349568,512,512,6,DXT5
textures.xdb1,textures/wind/wind_04.dds,349664,1024,512,10,DXT1
textures.xdb1,textures/wind/wind_04.thm,180,,,,
textures.xdb1,textures/wind/wind_04_bump#.dds,699200,1024,512,10,DXT5
textures.xdb1,textures/wind/wind_04_bump#.thm,138,,,,
textures.xdb1,textures/wind/wind_04_bump.dds,699200,1024,512,10,DXT5
textures.xdb1,textures/wind/wind_04_bump.thm,138,,,,
textures.xdb1,textures/wind/wind_04_ch.dds,349664,1024,512,10,DXT1
textures.xdb1,textures/wind/wind_04_ch.thm,138,,,,
textures.xdb1,textures/wind/wind_04_pryp_01.dds,349664,1024,512,10,DXT1
textures.xdb1,textures/wind/wind_04_pryp_01.thm,155,,,,
textures.xdb1,textures/wind/wind_05_ch.dds,43848,128,512,10,DXT1
textures.xdb1,textures/wind/wind_05_ch.thm,138,,,,
textures.xdb1,textures/wind/wind_blue.dds,349672,512,1024,11,DXT1
textures.xdb1,textures/wind/wind_brown.dds,349672,512,1024,11,DXT1
textures.xdb1,textures/wind/wind_brown.thm,183,,,,
textures.xdb1,textures/wind/wind_brown_bump#.dds,699008,512,1024,6,DXT5
textures.xdb1,textures/wind/wind_brown_bump#.thm,138,,,,
textures.xdb1,textures/wind/wind_brown_bump.dds,699216,512,1024,11,DXT5
textures.xdb1,textures/wind/wind_brown_bump.thm,138,,,,
textures.xdb1,textures/wind/wind_factory.dds,174904,512,512,10,DXT1
textures.xdb1,textures/wind/wind_factory.thm,160,,,,
textures.xdb1,textures/wind/wind_factory_bump#.dds,349680,512,512,10,DXT5
textures.xdb1,textures/wind/wind_factory_bump#.thm,138,,,,
textures.xdb1,textures/wind/wind_factory_bump.dds,349680,512,512,10,DXT5
textures.xdb1,textures/wind/wind_factory_bump.thm,138,,,,
textures.xdb1,textures/wind/wind_gr.dds,174904,512,512,10,DXT1
textures.xdb1,textures/wind/wind_gr.thm,155,,,,
textures.xdb1,textures/wind/wind_gr01.dds,174904,512,512,10,DXT1
textures.xdb1,textures/wind/wind_gr01.thm,157,,,,
textures.xdb1,textures/wind/wind_gr01_bump#.dds,349568,512,512,6,DXT5
textures.xdb1,textures/wind/wind_gr01_bump#.thm,138,,,,
textures.xdb1,textures/wind/wind_gr01_bump.dds,349680,512,512,10,DXT5
textures.xdb1,textures/wind/wind_gr01_bump.thm,138,,,,
textures.xdb1,textures/wind/wind_gr02.dds,174904,512,512,10,DXT1
textures.xdb1,textures/wind/wind_gr02.thm,157,,,,
textures.xdb1,textures/wind/wind_gr02_bump#.dds,349568,512,512,6,DXT5
textures.xdb1,textures/wind/wind_gr02_bump#.thm,138,,,,
textures.xdb1,textures/wind/wind_gr02_bump.dds,349680,512,512,10,DXT5
textures.xdb1,textures/wind/wind_gr02_bump.thm,138,,,,
textures.xdb1,textures/wind/wind_gr03.dds,87528,512,256,10,DXT1
textures.xdb1,textures/wind/wind_gr03.thm,138,,,,
textures.xdb1,textures/wind/wind_gr04.dds,43832,256,256,9,DXT1
textures.xdb1,textures/wind/wind_gr04.thm,157,,,,
textures.xdb1,textures/wind/wind_gr04_bump#.dds,87536,256,256,9,DXT5
textures.xdb1,textures/wind/wind_gr04_bump#.thm,138,,,,
textures.xdb1,textures/wind/wind_gr04_bump.dds,87536,256,256,9,DXT5
textures.xdb1,textures/wind/wind_gr04_bump.thm,138,,,,
textures.xdb1,textures/wind/wind_gr05.dds,43832,256,256,9,DXT1
textures.xdb1,textures/wind/wind_gr05.thm,157,,,,
textures.xdb1,textures/wind/wind_gr05_bump#.dds,87488,256,256,6,DXT5
textures.xdb1,textures/wind/wind_gr05_bump#.thm,138,,,,
textures.xdb1,textures/wind/wind_gr05_bump.dds,87536,256,256,9,DXT5
textures.xdb1,textures/wind/wind_gr05_bump.thm,138,,,,
textures.xdb1,textures/wind/wind_gr06.dds,87528,512,256,10,DXT1
textures.xdb1,textures/wind/wind_gr06.thm,157,,,,
textures.xdb1,textures/wind/wind_gr06_bump#.dds,174848,512,256,6,DXT5
textures.xdb1,textures/wind/wind_gr06_bump#.thm,138,,,,
textures.xdb1,textures/wind/wind_gr06_bump.dds,174928,512,256,10,DXT5
textures.xdb1,textures/wind/wind_gr06_bump.thm,138,,,,
textures.xdb1,textures/wind/wind_gr07.dds,43832,256,256,9,DXT1
textures.xdb1,textures/wind/wind_gr07.thm,157,,,,
textures.xdb1,textures/wind/wind_gr07_bump#.dds,87488,256,256,6,DXT5
textures.xdb1,textures/wind/wind_gr07_bump#.thm,138,,,,
textures.xdb1,textures/wind/wind_gr07_bump.dds,87536,256,256,9,DXT5
textures.xdb1,textures/wind/wind_gr07_bump.thm,138,,,,
textures.xdb1,textures/wind/wind_gr08.dds,43832,256,256,9,DXT1
textures.xdb1,textures/wind/wind_gr08.thm,157,,,,
textures.xdb1,textures/wind/wind_gr08_bump#.dds,349568,512,512,6,DXT5
textures.xdb1,textures/wind/wind_gr08_bump#.thm,138,,,,
textures.xdb1,textures/wind/wind_gr08_bump.dds,349680,512,512,10,DXT5
textures.xdb1,textures/wind/wind_gr08_bump.thm,138,,,,
textures.xdb1,textures/wind/wind_gr09.dds,43832,256,256,9,DXT1
textures.xdb1,textures/wind/wind_gr09.thm,157,,,,
textures.xdb1,textures/wind/wind_gr09_bump#.dds,87536,256,256,9,DXT5
textures.xdb1,textures/wind/wind_gr09_bump#.thm,138,,,,
textures.xdb1,textures/wind/wind_gr09_bump.dds,87536,256,256,9,DXT5
textures.xdb1,textures/wind/wind_gr09_bump.thm,138,,,,
textures.xdb1,textures/wind/wind_gr10.dds,174904,512,512,10,DXT1
textures.xdb1,textures/wind/wind_gr10.thm,157,,,,
textures.xdb1,textures/wind/wind_gr10_bump#.dds,349568,512,512,6,DXT5
textures.xdb1,textures/wind/wind_gr10_bump#.thm,138,,,,
textures.xdb1,textures/wind/wind_gr10_bump.dds,349680,512,512,10,DXT5
textures.xdb1,textures/wind/wind_gr10_bump.thm,138,,,,
textures.xdb1,textures/wind/wind_gr11.dds,43832,256,256,9,DXT1
textures.xdb1,textures/wind/wind_gr11.thm,157,,,,
textures.xdb1,textures/wind/wind_gr11_bump#.dds,87488,256,256,6,DXT5
textures.xdb1,textures/wind/wind_gr11_bump#.thm,138,,,,
textures.xdb1,textures/wind/wind_gr11_bump.dds,87536,256,256,9,DXT5
textures.xdb1,textures/wind/wind_gr11_bump.thm,138,,,,
textures.xdb1,textures/wind/wind_gr20.dds,43832,256,256,9,DXT1
textures.xdb1,textures/wind/wind_gr20.thm,157,,,,
textures.xdb1,textures/wind/wind_gr20_bump#.dds,349568,512,512,6,DXT5
textures.xdb1,textures/wind/wind_gr20_bump#.thm,138,,,,
textures.xdb1,textures/wind/wind_gr20_bump.dds,349680,512,512,10,DXT5
textures.xdb1,textures/wind/wind_gr20_bump.thm,138,,,,
textures.xdb1,textures/wind/wind_gr21.dds,43832,256,256,9,DXT1
textures.xdb1,textures/wind/wind_gr21.thm,157,,,,
textures.xdb1,textures/wind/wind_gr21_bump#.dds,349680,512,512,10,DXT5
textures.xdb1,textures/wind/wind_gr21_bump#.thm,138,,,,
textures.xdb1,textures/wind/wind_gr21_bump.dds,349680,512,512,10,DXT5
textures.xdb1,textures/wind/wind_gr21_bump.thm,138,,,,
textures.xdb1,textures/wind/wind_gr23.dds,174928,512,256,10,DXT5
textures.xdb1,textures/wind/wind_gr23.thm,138,,,,
textures.xdb1,textures/wind/wind_gr24.dds,43832,256,256,9,DXT1
textures.xdb1,textures/wind/wind_gr24.thm,157,,,,
textures.xdb1,textures/wind/wind_gr24_bump#.dds,349680,512,512,10,DXT5
textures.xdb1,textures/wind/wind_gr24_bump#.thm,138,,,,
textures.xdb1,textures/wind/wind_gr24_bump.dds,349680,512,512,10,DXT5
textures.xdb1,textures/wind/wind_gr24_bump.thm,138,,,,
textures.xdb1,textures/wind/wind_gr25.dds,43832,256,256,9,DXT1
textures.xdb1,textures/wind/wind_gr25.thm,157,,,,
textures.xdb1,textures/wind/wind_gr25_bump#.dds,349568,512,512,6,DXT5
textures.xdb1,textures/wind/wind_gr25_bump#.thm,138,,,,
textures.xdb1,textures/wind/wind_gr25_bump.dds,349680,512,512,10,DXT5
textures.xdb1,textures/wind/wind_gr25_bump.thm,138,,,,
textures.xdb1,textures/wind/wind_gr29.dds,43832,256,256,9,DXT1
textures.xdb1,textures/wind/wind_gr29.thm,157,,,,
textures.xdb1,textures/wind/wind_gr29_bump#.dds,349680,512,512,10,DXT5
textures.xdb1,textures/wind/wind_gr29_bump#.thm,138,,,,
textures.xdb1,textures/wind/wind_gr29_bump.dds,349680,512,512,10,DXT5
textures.xdb1,textures/wind/wind_gr29_bump.thm,138,,,,
textures.xdb1,textures/wind/wind_gr31.dds,43832,256,256,9,DXT1
textures.xdb1,textures/wind/wind_gr31.thm,157,,,,
textures.xdb1,textures/wind/wind_gr31_bump#.dds,349568,512,512,6,DXT5
textures.xdb1,textures/wind/wind_gr31_bump#.thm,138,,,,
textures.xdb1,textures/wind/wind_gr31_bump.dds,349680,512,512,10,DXT5
textures.xdb1,textures/wind/wind_gr31_bump.thm,138,,,,
textures.xdb1,textures/wind/wind_gr_bump#.dds,349568,512,512,6,DXT5
textures.xdb1,textures/wind/wind_gr_bump#.thm,138,,,,
textures.xdb1,textures/wind/wind_gr_bump.dds,349680,512,512,10,DXT5
textures.xdb1,textures/wind/wind_gr_bump.thm,138,,,,
textures.xdb1,textures/wind/wind_gt.dds,43832,256,256,9,DXT1
textures.xdb1,textures/wind/wind_gt.thm,155,,,,
textures.xdb1,textures/wind/wind_gt_bump#.dds,349568,512,512,6,DXT5
textures.xdb1,textures/wind/wind_gt_bump#.thm,138,,,,
textures.xdb1,textures/wind/wind_gt_bump.dds,349680,512,512,10,DXT5
textures.xdb1,textures/wind/wind_gt_bump.thm,138,,,,
textures.xdb1,textures/wind/wind_hr_gr1.dds,174904,512,512,10,DXT1
textures.xdb1,textures/wind/wind_hr_gr1.thm,159,,,,
textures.xdb1,textures/wind/wind_hr_gr2.dds,87528,256,512,10,DXT1
textures.xdb1,textures/wind/wind_hr_gr2.thm,159,,,,
textures.xdb1,textures/wind/wind_j04.dds,349664,1024,512,10,DXT1
textures.xdb1,textures/wind/wind_j04.thm,156,,,,
textures.xdb1,textures/wind/wind_j04_bump#.dds,699200,1024,512,10,DXT5
textures.xdb1,textures/wind/wind_j04_bump#.thm,138,,,,
textures.xdb1,textures/wind/wind_j04_bump.dds,699200,1024,512,10,DXT5
textures.xdb1,textures/wind/wind_j04_bump.thm,138,,,,
textures.xdb1,textures/wind/wind_j06.dds,349680,512,512,10,DXT5
textures.xdb1,textures/wind/wind_j06.thm,158,,,,
textures.xdb1,textures/wind/wind_transp.dds,699200,1024,512,10,DXT5
textures.xdb1,textures/wind/wind_transp.thm,138,,,,
textures.xdb1,textures/wm/wm_anarh1.dds,22000,128,128,8,DXT5
textures.xdb1,textures/wm/wm_anarh1.thm,138,,,,
textures.xdb1,textures/wm/wm_anarh2.dds,22000,128,128,8,DXT5
textures.xdb1,textures/wm/wm_anarh2.thm,138,,,,
textures.xdb1,textures/wm/wm_anarh3.dds,11088,128,64,8,DXT5
textures.xdb1,textures/wm/wm_anarh3.thm,138,,,,
textures.xdb1,textures/wm/wm_anarh4.dds,11088,128,64,8,DXT5
textures.xdb1,textures/wm/wm_anarh4.thm,138,,,,
textures.xdb1,textures/wm/wm_anarh5.dds,11088,128,64,8,DXT5
textures.xdb1,textures/wm/wm_anarh5.thm,138,,,,
textures.xdb1,textures/wm/wm_anarh6.dds,22000,128,128,8,DXT5
textures.xdb1,textures/wm/wm_anarh6.thm,138,,,,
textures.xdb1,textures/wm/wm_anarh7.dds,16512,128,128,0,DXT5
textures.xdb1,textures/wm/wm_anarh7.thm,138,,,,
textures.xdb1,textures/wm/wm_benzo.dds,22000,128,128,8,DXT5
textures.xdb1,textures/wm/wm_blood_1.dds,87536,256,256,9,DXT3
textures.xdb1,textures/wm/wm_blood_1.thm,154,,,,
textures.xdb1,textures/wm/wm_blood_10.dds,87168,256,256,4,DXT5
textures.xdb1,textures/wm/wm_blood_10.thm,138,,,,
textures.xdb1,textures/wm/wm_blood_11.dds,87168,256,256,4,DXT5
textures.xdb1,textures/wm/wm_blood_11.thm,138,,,,
textures.xdb1,textures/wm/wm_blood_12.dds,87168,256,256,4,DXT5
textures.xdb1,textures/wm/wm_blood_13.dds,87168,256,256,4,DXT5
textures.xdb1,textures/wm/wm_blood_14.dds,87168,256,256,4,DXT5
textures.xdb1,textures/wm/wm_blood_15.dds,87168,256,256,4,DXT5
textures.xdb1,textures/wm/wm_blood_16.dds,87168,256,256,4,DXT5
textures.xdb1,textures/wm/wm_blood_1_1.dds,87536,256,256,9,DXT5
textures.xdb1,textures/wm/wm_blood_1_1.thm,138,,,,
textures.xdb1,textures/wm/wm_blood_1_2.dds,87536,256,256,9,DXT5
textures.xdb1,textures/wm/wm_blood_1_2.thm,138,,,,
textures.xdb1,textures/wm/wm_blood_1_3.dds,87536,256,256,9,DXT5
textures.xdb1,textures/wm/wm_blood_1_3.thm,138,,,,
textures.xdb1,textures/wm/wm_blood_1_4.dds,22000,128,128,8,DXT5
textures.xdb1,textures/wm/wm_blood_1_4.thm,138,,,,
textures.xdb1,textures/wm/wm_blood_1_5.dds,349680,512,512,10,DXT5
textures.xdb1,textures/wm/wm_blood_1_5.thm,138,,,,
textures.xdb1,textures/wm/wm_blood_2.dds,87536,256,256,9,DXT3
textures.xdb1,textures/wm/wm_blood_2.thm,154,,,,
textures.xdb1,textures/wm/wm_blood_3.dds,87536,256,256,9,DXT3
textures.xdb1,textures/wm/wm_blood_3.thm,154,,,,
textures.xdb1,textures/wm/wm_blood_4.dds,87536,256,256,9,DXT3
textures.xdb1,textures/wm/wm_blood_4.thm,154,,,,
textures.xdb1,textures/wm/wm_blood_5.dds,87536,256,256,9,DXT3
textures.xdb1,textures/wm/wm_blood_5.thm,154,,,,
textures.xdb1,textures/wm/wm_blood_6.dds,87536,256,256,9,DXT3
textures.xdb1,textures/wm/wm_blood_6.thm,154,,,,
textures.xdb1,textures/wm/wm_blood_7.dds,87536,256,256,9,DXT3
textures.xdb1,textures/wm/wm_blood_7.thm,154,,,,
textures.xdb1,textures/wm/wm_blood_8.dds,87536,256,256,9,DXT5
textures.xdb1,textures/wm/wm_blood_8.thm,154,,,,
textures.xdb1,textures/wm/wm_blood_9.dds,87536,256,256,9,DXT5
textures.xdb1,textures/wm/wm_blood_9.thm,154,,,,
textures.xdb1,textures/wm/wm_blood_drop_1.dds,16512,128,128,1,DXT3
textures.xdb1,textures/wm/wm_blood_drop_1.thm,138,,,,
textures.xdb1,textures/wm/wm_blood_drop_2.dds,16512,128,128,1,DXT3
textures.xdb1,textures/wm/wm_blood_drop_2.thm,138,,,,
textures.xdb1,textures/wm/wm_blood_drop_3.dds,16512,128,128,1,DXT3
textures.xdb1,textures/wm/wm_blood_drop_3.thm,138,,,,
textures.xdb1,textures/wm/wm_blood_drop_4.dds,16512,128,128,1,DXT3
textures.xdb1,textures/wm/wm_blood_drop_4.thm,138,,,,
textures.xdb1,textures/wm/wm_blueteam_trafaret.dds,22000,128,128,8,DXT5
textures.xdb1,textures/wm/wm_board_a.dds,1048704,2048,1024,0,DXT1
textures.xdb1,textures/wm/wm_board_a.thm,138,,,,
textures.xdb1,textures/wm/wm_bullet_asfalt_1.dds,4224,64,64,0,DXT5
textures.xdb1,textures/wm/wm_bullet_asfalt_1.thm,154,,,,
textures.xdb1,textures/wm/wm_bullet_asfalt_2.dds,4224,64,64,0,DXT5
textures.xdb1,textures/wm/wm_bullet_asfalt_2.thm,154,,,,
textures.xdb1,textures/wm/wm_bullet_asfalt_3.dds,4224,64,64,0,DXT5
textures.xdb1,textures/wm/wm_bullet_asfalt_3.thm,154,,,,
textures.xdb1,textures/wm/wm_bullet_brick_1.dds,4224,64,64,0,DXT5
textures.xdb1,textures/wm/wm_bullet_brick_1.thm,154,,,,
textures.xdb1,textures/wm/wm_bullet_brick_2.dds,4224,64,64,0,DXT5
textures.xdb1,textures/wm/wm_bullet_brick_2.thm,154,,,,
textures.xdb1,textures/wm/wm_bullet_concrete.dds,4224,64,64,0,DXT5
textures.xdb1,textures/wm/wm_bullet_concrete.thm,154,,,,
textures.xdb1,textures/wm/wm_bullet_concrete_1.dds,4224,64,64,0,DXT5
textures.xdb1,textures/wm/wm_bullet_concrete_1.thm,154,,,,
textures.xdb1,textures/wm/wm_bullet_concrete_2.dds,4224,64,64,0,DXT5
textures.xdb1,textures/wm/wm_bullet_concrete_2.thm,154,,,,
textures.xdb1,textures/wm/wm_bullet_concrete_4.dds,4224,64,64,0,DXT5
textures.xdb1,textures/wm/wm_bullet_concrete_4.thm,154,,,,
textures.xdb1,textures/wm/wm_bullet_concrete_5.dds,4224,64,64,0,DXT5
textures.xdb1,textures/wm/wm_bullet_concrete_5.thm,154,,,,
textures.xdb1,textures/wm/wm_bullet_concrete_6.dds,4224,64,64,0,DXT5
textures.xdb1,textures/wm/wm_bullet_concrete_6.thm,154,,,,
textures.xdb1,textures/wm/wm_bullet_concrete_7.dds,4224,64,64,0,DXT5
textures.xdb1,textures/wm/wm_bullet_concrete_7.thm,154,,,,
textures.xdb1,textures/wm/wm_bullet_concrete_8.dds,5616,64,64,7,DXT5
textures.xdb1,textures/wm/wm_bullet_glass01.dds,87536,256,256,9,DXT5
textures.xdb1,textures/wm/wm_bullet_glass01.thm,154,,,,
textures.xdb1,textures/wm/wm_bullet_glass02.dds,87536,256,256,9,DXT5
textures.xdb1,textures/wm/wm_bullet_glass02.thm,154,,,,
textures.xdb1,textures/wm/wm_bullet_glass03.dds,87536,256,256,9,DXT5
textures.xdb1,textures/wm/wm_bullet_glass03.thm,154,,,,
textures.xdb1,textures/wm/wm_bullet_glass04.dds,87536,256,256,9,DXT5
textures.xdb1,textures/wm/wm_bullet_glass04.thm,154,,,,
textures.xdb1,textures/wm/wm_bullet_ground.dds,4224,64,64,0,DXT5
textures.xdb1,textures/wm/wm_bullet_ground.thm,154,,,,
textures.xdb1,textures/wm/wm_bullet_ground_1.dds,4224,64,64,0,DXT5
textures.xdb1,textures/wm/wm_bullet_ground_1.thm,154,,,,
textures.xdb1,textures/wm/wm_bullet_ground_2.dds,4224,64,64,0,DXT5
textures.xdb1,textures/wm/wm_bullet_ground_2.thm,154,,,,
textures.xdb1,textures/wm/wm_bullet_metall_thik.dds,4224,64,64,0,DXT5
textures.xdb1,textures/wm/wm_bullet_metall_thik.thm,154,,,,
textures.xdb1,textures/wm/wm_bullet_metall_thik_1.dds,4224,64,64,0,DXT5
textures.xdb1,textures/wm/wm_bullet_metall_thik_1.thm,154,,,,
textures.xdb1,textures/wm/wm_bullet_metall_thik_2.dds,4224,64,64,0,DXT5
textures.xdb1,textures/wm/wm_bullet_metall_thik_2.thm,154,,,,
textures.xdb1,textures/wm/wm_bullet_metall_thik_3.dds,4224,64,64,0,DXT5
textures.xdb1,textures/wm/wm_bullet_metall_thik_3.thm,154,,,,
textures.xdb1,textures/wm/wm_bullet_metall_thin.dds,4224,64,64,0,DXT5
textures.xdb1,textures/wm/wm_bullet_metall_thin.thm,154,,,,
textures.xdb1,textures/wm/wm_bullet_metall_thin_1.dds,4224,64,64,0,DXT5
textures.xdb1,textures/wm/wm_bullet_metall_thin_1.thm,154,,,,
textures.xdb1,textures/wm/wm_bullet_metall_thin_2.dds,4224,64,64,0,DXT5
textures.xdb1,textures/wm/wm_bullet_metall_thin_2.thm,154,,,,
textures.xdb1,textures/wm/wm_bullet_metall_thin_3.dds,4224,64,64,0,DXT5
textures.xdb1,textures/wm/wm_bullet_metall_thin_3.thm,154,,,,
textures.xdb1,textures/wm/wm_bullet_metall_thin_4.dds,4224,64,64,0,DXT5
textures.xdb1,textures/wm/wm_bullet_metall_thin_4.thm,154,,,,
textures.xdb1,textures/wm/wm_bullet_wood.dds,4224,64,64,0,DXT5
textures.xdb1,textures/wm/wm_bullet_wood.thm,154,,,,
textures.xdb1,textures/wm/wm_bullet_wood_1.dds,4224,64,64,0,DXT5
textures.xdb1,textures/wm/wm_bullet_wood_1.thm,154,,,,
textures.xdb1,textures/wm/wm_bullet_wood_2.dds,4224,64,64,0,DXT5
textures.xdb1,textures/wm/wm_bullet_wood_2.thm,154,,,,
textures.xdb1,textures/wm/wm_bullet_wood_3.dds,4224,64,64,0,DXT5
textures.xdb1,textures/wm/wm_bullet_wood_3.thm,154,,,,
textures.xdb1,textures/wm/wm_bullet_wood_4.dds,4224,64,64,0,DXT5
textures.xdb1,textures/wm/wm_bullet_wood_4.thm,154,,,,
textures.xdb1,textures/wm/wm_bullet_wood_5.dds,4224,64,64,0,DXT5
textures.xdb1,textures/wm/wm_bullet_wood_5.thm,154,,,,
textures.xdb1,textures/wm/wm_bullet_wood_6.dds,4224,64,64,0,DXT5
textures.xdb1,textures/wm/wm_bullet_wood_6.thm,154,,,,
textures.xdb1,textures/wm/wm_bullet_wood_7.dds,4224,64,64,0,DXT5
textures.xdb1,textures/wm/wm_bullet_wood_7.thm,154,,,,
textures.xdb1,textures/wm/wm_bullet_wood_8.dds,4224,64,64,0,DXT5
textures.xdb1,textures/wm/wm_bullet_wood_8.thm,154,,,,
textures.xdb1,textures/wm/wm_bullet_wood_9.dds,4224,64,64,0,DXT5
textures.xdb1,textures/wm/wm_bullet_wood_9.thm,154,,,,
textures.xdb1,textures/wm/wm_cactus_place.dds,22000,128,128,8,DXT5
textures.xdb1,textures/wm/wm_cactus_place.thm,138,,,,
textures.xdb1,textures/wm/wm_danger_a.dds,22000,128,128,8,DXT5
textures.xdb1,textures/wm/wm_danger_a_01.dds,11088,128,64,8,DXT5
textures.xdb1,textures/wm/wm_danger_a_02.dds,22000,128,128,8,DXT5
textures.xdb1,textures/wm/wm_descruo.dds,176,4,4,3,DXT5
textures.xdb1,textures/wm/wm_dirt_01.dds,87536,256,256,9,DXT5
textures.xdb1,textures/wm/wm_dirt_01.thm,138,,,,
textures.xdb1,textures/wm/wm_dirt_02.dds,87536,256,256,9,DXT5
textures.xdb1,textures/wm/wm_dirt_02.thm,138,,,,
textures.xdb1,textures/wm/wm_dirt_03.dds,87536,256,256,9,DXT5
textures.xdb1,textures/wm/wm_dirt_03.thm,138,,,,
textures.xdb1,textures/wm/wm_dirt_04.dds,87536,256,256,9,DXT5
textures.xdb1,textures/wm/wm_dirt_04.thm,138,,,,
textures.xdb1,textures/wm/wm_dirt_05.dds,174928,512,256,10,DXT5
textures.xdb1,textures/wm/wm_dirt_05.thm,138,,,,
textures.xdb1,textures/wm/wm_entrance_01.dds,87536,256,256,9,DXT5
textures.xdb1,textures/wm/wm_freedon_sign.dds,32896,256,256,0,DXT1
textures.xdb1,textures/wm/wm_freedon_sign.thm,138,,,,
textures.xdb1,textures/wm/wm_graz1.dds,22000,128,128,8,DXT5
textures.xdb1,textures/wm/wm_graz1.thm,138,,,,
textures.xdb1,textures/wm/wm_graz2.dds,22000,128,128,8,DXT5
textures.xdb1,textures/wm/wm_graz2.thm,138,,,,
textures.xdb1,textures/wm/wm_graz3.dds,22000,128,128,8,DXT5
textures.xdb1,textures/wm/wm_graz3.thm,138,,,,
textures.xdb1,textures/wm/wm_graz4.dds,22000,128,128,8,DXT5
textures.xdb1,textures/wm/wm_graz4.thm,138,,,,
textures.xdb1,textures/wm/wm_graz5.dds,22000,128,128,8,DXT5
textures.xdb1,textures/wm/wm_graz5.thm,138,,,,
textures.xdb1,textures/wm/wm_graz6.dds,22000,128,128,8,DXT5
textures.xdb1,textures/wm/wm_graz6.thm,138,,,,
textures.xdb1,textures/wm/wm_graz7.dds,22000,128,128,8,DXT5
textures.xdb1,textures/wm/wm_graz7.thm,138,,,,
textures.xdb1,textures/wm/wm_greenteam_trafaret.dds,22000,128,128,8,DXT5
textures.xdb1,textures/wm/wm_grenade.dds,22000,128,128,8,DXT5
textures.xdb1,textures/wm/wm_grenade.thm,154,,,,
textures.xdb1,textures/wm/wm_hammer_01.dds,87536,256,256,9,DXT3
textures.xdb1,textures/wm/wm_hammer_02.dds,87536,256,256,9,DXT3
textures.xdb1,textures/wm/wm_hammer_03.dds,87536,256,256,9,DXT3
textures.xdb1,textures/wm/wm_hammer_04.dds,87536,256,256,9,DXT3
textures.xdb1,textures/wm/wm_igolki.dds,349680,512,512,10,DXT5
textures.xdb1,textures/wm/wm_kabel_a.dds,87536,256,256,9,DXT5
textures.xdb1,textures/wm/wm_knife_dead.dds,22000,128,128,8,DXT5
textures.xdb1,textures/wm/wm_knife_dead.thm,154,,,,
textures.xdb1,textures/wm/wm_knife_glas.dds,5616,64,64,7,DXT5
textures.xdb1,textures/wm/wm_knife_horiz.dds,22000,128,128,8,DXT3
textures.xdb1,textures/wm/wm_knife_horiz.thm,154,,,,
textures.xdb1,textures/wm/wm_knife_horiz_blood.dds,22000,128,128,8,DXT5
textures.xdb1,textures/wm/wm_knife_horiz_blood.thm,154,,,,
textures.xdb1,textures/wm/wm_knife_horiz_blood1.dds,43856,256,128,9,DXT5
textures.xdb1,textures/wm/wm_knife_horiz_blood1.thm,154,,,,
textures.xdb1,textures/wm/wm_knife_horiz_metal.dds,43856,256,128,9,DXT3
textures.xdb1,textures/wm/wm_knife_horiz_metal.thm,154,,,,
textures.xdb1,textures/wm/wm_knife_horiz_ston.dds,43856,256,128,9,DXT3
textures.xdb1,textures/wm/wm_knife_horiz_ston.thm,154,,,,
textures.xdb1,textures/wm/wm_knife_wood.dds,16512,128,128,0,DXT5
textures.xdb1,textures/wm/wm_knife_wood.thm,154,,,,
textures.xdb1,textures/wm/wm_knife_wood1.dds,16512,128,128,0,DXT5
textures.xdb1,textures/wm/wm_knife_wood1.thm,154,,,,
textures.xdb1,textures/wm/wm_knife_wood2.dds,16512,128,128,0,DXT5
textures.xdb1,textures/wm/wm_knife_wood2.thm,154,,,,
textures.xdb1,textures/wm/wm_kostrishe_a.dds,349680,512,512,10,DXT5
textures.xdb1,textures/wm/wm_kostrishe_a.thm,138,,,,
textures.xdb1,textures/wm/wm_kpd.dds,11088,128,64,8,DXT5
textures.xdb1,textures/wm/wm_latvianhistory.dds,349680,512,512,10,DXT3
textures.xdb1,textures/wm/wm_latvianhistory.thm,138,,,,
textures.xdb1,textures/wm/wm_latvianhistory2.dds,349680,512,512,10,DXT3
textures.xdb1,textures/wm/wm_latvianhistory2.thm,138,,,,
textures.xdb1,textures/wm/wm_listja.dds,349680,512,512,10,DXT5
textures.xdb1,textures/wm/wm_listja.thm,138,,,,
textures.xdb1,textures/wm/wm_listja_vetki.dds,349680,512,512,10,DXT5
textures.xdb1,textures/wm/wm_listja_vetki.thm,138,,,,
textures.xdb1,textures/wm/wm_moh2_iov.dds,87536,256,256,9,DXT5
textures.xdb1,textures/wm/wm_moh_iov.dds,87536,256,256,9,DXT5
textures.xdb1,textures/wm/wm_moh_iov.thm,138,,,,
textures.xdb1,textures/wm/wm_mokrota_iov.dds,87536,256,256,9,DXT5
textures.xdb1,textures/wm/wm_musor_koster1.dds,349680,512,512,10,DXT5
textures.xdb1,textures/wm/wm_musor_koster1.thm,138,,,,
textures.xdb1,textures/wm/wm_musor_koster2.dds,349680,512,512,10,DXT5
textures.xdb1,textures/wm/wm_musor_koster2.thm,138,,,,
textures.xdb1,textures/wm/wm_musor_pol1.dds,349680,512,512,10,DXT5
textures.xdb1,textures/wm/wm_musor_pol1.thm,12472,,,,
textures.xdb1,textures/wm/wm_musor_pol2.dds,349680,512,512,10,DXT5
textures.xdb1,textures/wm/wm_musor_pol2.thm,35165,,,,
textures.xdb1,textures/wm/wm_musor_pol3.dds,349680,512,512,10,DXT5
textures.xdb1,textures/wm/wm_musor_pol3.thm,39622,,,,
textures.xdb1,textures/wm/wm_nauka.dds,43920,512,64,10,DXT5
textures.xdb1,textures/wm/wm_oboi_01.dds,21992,128,256,9,DXT1
textures.xdb1,textures/wm/wm_oboi_02.dds,21992,128,256,9,DXT1
textures.xdb1,textures/wm/wm_orangeteam_trafaret.dds,22000,128,128,8,DXT5
textures.xdb1,textures/wm/wm_papers1.dds,22000,128,128,8,DXT5
textures.xdb1,textures/wm/wm_papers2.dds,22000,128,128,8,DXT5
textures.xdb1,textures/wm/wm_papers3.dds,22000,128,128,8,DXT5
textures.xdb1,textures/wm/wm_perehod.dds,22000,128,128,8,DXT5
textures.xdb1,textures/wm/wm_pg_a.dds,43856,128,256,9,DXT5
textures.xdb1,textures/wm/wm_pl_1.dds,87536,256,256,9,DXT5
textures.xdb1,textures/wm/wm_pl_1.thm,138,,,,
textures.xdb1,textures/wm/wm_pl_2.dds,87536,256,256,9,DXT5
textures.xdb1,textures/wm/wm_pl_3.dds,87536,256,256,9,DXT5
textures.xdb1,textures/wm/wm_pl_3.thm,138,,,,
textures.xdb1,textures/wm/wm_pl_4.dds,87536,256,256,9,DXT5
textures.xdb1,textures/wm/wm_pl_4.thm,138,,,,
textures.xdb1,textures/wm/wm_pl_5.dds,87536,256,256,9,DXT5
textures.xdb1,textures/wm/wm_pl_5.thm,138,,,,
textures.xdb1,textures/wm/wm_poteki_iov.dds,349680,512,512,10,DXT5
textures.xdb1,textures/wm/wm_poteki_iov.thm,138,,,,
textures.xdb1,textures/wm/wm_potolok_crash_01.dds,174928,512,256,10,DXT5
textures.xdb1,textures/wm/wm_proe_zapr.dds,87536,256,256,9,DXT5
textures.xdb1,textures/wm/wm_proe_zapr1.dds,87536,256,256,9,DXT5
textures.xdb1,textures/wm/wm_proe_zapr2.dds,87536,256,256,9,DXT5
textures.xdb1,textures/wm/wm_proe_zapr3.dds,87536,256,256,9,DXT5
textures.xdb1,textures/wm/wm_redteam_trafaret.dds,87536,256,256,9,DXT5
textures.xdb1,textures/wm/wm_redteam_trafaret.thm,138,,,,
textures.xdb1,textures/wm/wm_rza_a.dds,87536,256,256,9,DXT5
textures.xdb1,textures/wm/wm_rza_a.thm,138,,,,
textures.xdb1,textures/wm/wm_rza_potek.dds,43856,128,256,9,DXT5
textures.xdb1,textures/wm/wm_rza_potek.thm,138,,,,
textures.xdb1,textures/wm/wm_rza_potek1.dds,43856,128,256,9,DXT5
textures.xdb1,textures/wm/wm_rza_potek1.thm,138,,,,
textures.xdb1,textures/wm/wm_shadow_leaf.dds,87536,256,256,9,DXT5
textures.xdb1,textures/wm/wm_stop_a.dds,22000,128,128,8,DXT5
textures.xdb1,textures/wm/wm_strum_a.dds,43856,256,128,9,DXT5
textures.xdb1,textures/wm/wm_uzor.dds,5648,128,32,8,DXT5
textures.xdb1,textures/wm/wm_uzor1.dds,22000,128,128,8,DXT5
textures.xdb1,textures/wm/wm_uzor2.dds,22000,128,128,8,DXT5
textures.xdb1,textures/wm/wm_uzor3.dds,22000,128,128,8,DXT5
textures.xdb1,textures/wm/wm_zhaba.dds,11088,128,64,8,DXT5
textures.xdb1,textures/wm/wm_zhaba1.dds,11088,128,64,8,DXT5
textures.xdb1,textures/wm/wm_zhaba2.dds,11088,128,64,8,DXT5
textures.xdb1,textures/wm/wm_zona_a.dds,87536,256,256,9,DXT5
textures.xdb1,textures/wood/-wood_chipboard1_dirt.dds,174904,512,512,10,DXT1
textures.xdb1,textures/wood/blackboard.dds,1398256,1024,1024,11,DXT5
textures.xdb1,textures/wood/blackboard.thm,138,,,,
textures.xdb1,textures/wood/wood_board_01.dds,174904,512,512,10,DXT1
textures.xdb1,textures/wood/wood_board_01.thm,184,,,,
textures.xdb1,textures/wood/wood_board_01_bump#.dds,1397888,1024,1024,6,DXT5
textures.xdb1,textures/wood/wood_board_01_bump#.thm,138,,,,
textures.xdb1,textures/wood/wood_board_01_bump.dds,1397888,1024,1024,6,DXT5
textures.xdb1,textures/wood/wood_board_01_bump.thm,138,,,,
textures.xdb1,textures/wood/wood_board_02.dds,699008,1024,1024,6,DXT1
textures.xdb1,textures/wood/wood_board_02.thm,184,,,,
textures.xdb1,textures/wood/wood_board_02_bump#.dds,1397888,1024,1024,6,DXT5
textures.xdb1,textures/wood/wood_board_02_bump#.thm,138,,,,
textures.xdb1,textures/wood/wood_board_02_bump.dds,349680,512,512,10,DXT5
textures.xdb1,textures/wood/wood_board_02_bump.thm,138,,,,
textures.xdb1,textures/wood/wood_border_01.dds,174904,512,512,10,DXT1
textures.xdb1,textures/wood/wood_border_01.thm,185,,,,
textures.xdb1,textures/wood/wood_border_01_bump#.dds,1397888,1024,1024,6,DXT5
textures.xdb1,textures/wood/wood_border_01_bump#.thm,138,,,,
textures.xdb1,textures/wood/wood_border_01_bump.dds,349680,512,512,10,DXT5
textures.xdb1,textures/wood/wood_border_01_bump.thm,138,,,,
textures.xdb1,textures/wood/wood_chipboard1.dds,174904,512,512,10,DXT1
textures.xdb1,textures/wood/wood_chipboard1.thm,184,,,,
textures.xdb1,textures/wood/wood_chipboard1_dirt.dds,174904,512,512,10,DXT1
textures.xdb1,textures/wood/wood_chipboard1_dirt.thm,184,,,,
textures.xdb1,textures/wood/wood_collect.dds,174904,512,512,10,DXT1
textures.xdb1,textures/wood/wood_collect.thm,183,,,,
textures.xdb1,textures/wood/wood_collect_bump#.dds,1397888,1024,1024,6,DXT5
textures.xdb1,textures/wood/wood_collect_bump#.thm,138,,,,
textures.xdb1,textures/wood/wood_collect_bump.dds,349680,512,512,10,DXT5
textures.xdb1,textures/wood/wood_collect_bump.thm,138,,,,
textures.xdb1,textures/wood/wood_dosk_gr.dds,87528,256,128,9,DXT1
textures.xdb1,textures/wood/wood_dosk_gr01.dds,87528,512,256,10,DXT1
textures.xdb1,textures/wood/wood_dosk_gr01.thm,161,,,,
textures.xdb1,textures/wood/wood_dosk_gr01_bump#.dds,174848,512,256,6,DXT5
textures.xdb1,textures/wood/wood_dosk_gr01_bump#.thm,138,,,,
textures.xdb1,textures/wood/wood_dosk_gr01_bump.dds,174928,512,256,10,DXT5
textures.xdb1,textures/wood/wood_dosk_gr01_bump.thm,138,,,,
textures.xdb1,textures/wood/wood_doski.dds,349664,1024,512,10,DXT1
textures.xdb1,textures/wood/wood_doski.thm,183,,,,
textures.xdb1,textures/wood/wood_doski2.dds,174904,512,512,10,DXT1
textures.xdb1,textures/wood/wood_doski2.thm,182,,,,
textures.xdb1,textures/wood/wood_doski2_1.dds,349672,1024,512,11,DXT1
textures.xdb1,textures/wood/wood_doski2_bump#.dds,349680,512,512,10,DXT5
textures.xdb1,textures/wood/wood_doski2_bump#.thm,138,,,,
textures.xdb1,textures/wood/wood_doski2_bump.dds,349680,512,512,10,DXT5
textures.xdb1,textures/wood/wood_doski2_bump.thm,138,,,,
textures.xdb1,textures/wood/wood_doski2_soc.dds,87528,512,256,10,DXT1
textures.xdb1,textures/wood/wood_doski2_soc.thm,188,,,,
textures.xdb1,textures/wood/wood_doski2_soc_bump#.dds,174848,512,256,6,DXT5
textures.xdb1,textures/wood/wood_doski2_soc_bump.dds,174848,512,256,6,DXT5
textures.xdb1,textures/wood/wood_doski2_soc_bump.thm,138,,,,
textures.xdb1,textures/wood/wood_doski_1.dds,349664,1024,512,10,DXT1
textures.xdb1,textures/wood/wood_doski_1.thm,185,,,,
textures.xdb1,textures/wood/wood_doski_1_bump#.dds,699008,1024,512,6,DXT5
textures.xdb1,textures/wood/wood_doski_1_bump#.thm,138,,,,
textures.xdb1,textures/wood/wood_doski_1_bump.dds,699216,1024,512,11,DXT5
textures.xdb1,textures/wood/wood_doski_1_bump.thm,138,,,,
textures.xdb1,textures/wood/wood_doski_bump#.dds,699008,1024,512,6,DXT5
textures.xdb1,textures/wood/wood_doski_bump#.thm,138,,,,
textures.xdb1,textures/wood/wood_doski_bump.dds,699216,1024,512,11,DXT5
textures.xdb1,textures/wood/wood_doski_bump.thm,138,,,,
textures.xdb1,textures/wood/wood_doski_tomb.dds,87528,512,256,10,DXT1
textures.xdb1,textures/wood/wood_doski_tomb.thm,181,,,,
textures.xdb1,textures/wood/wood_fence_01.dds,174904,512,512,10,DXT1
textures.xdb1,textures/wood/wood_fence_01.thm,184,,,,
textures.xdb1,textures/wood/wood_fence_01_bump#.dds,349680,512,512,10,DXT5
textures.xdb1,textures/wood/wood_fence_01_bump#.thm,138,,,,
textures.xdb1,textures/wood/wood_fence_01_bump.dds,349680,512,512,10,DXT5
textures.xdb1,textures/wood/wood_fence_01_bump.thm,138,,,,
textures.xdb1,textures/wood/wood_fire.dds,349680,512,512,10,DXT5
textures.xdb1,textures/wood/wood_fire.thm,180,,,,
textures.xdb1,textures/wood/wood_fire_bump#.dds,1397888,1024,1024,6,DXT5
textures.xdb1,textures/wood/wood_fire_bump#.thm,138,,,,
textures.xdb1,textures/wood/wood_fire_bump.dds,349680,512,512,10,DXT5
textures.xdb1,textures/wood/wood_fire_bump.thm,138,,,,
textures.xdb1,textures/wood/wood_furn_mike.dds,21992,128,256,9,DXT1
textures.xdb1,textures/wood/wood_gr01.dds,87528,512,256,10,DXT1
textures.xdb1,textures/wood/wood_gr01.thm,161,,,,
textures.xdb1,textures/wood/wood_iov_bench.dds,87528,512,256,10,DXT1
textures.xdb1,textures/wood/wood_iov_bench.thm,163,,,,
textures.xdb1,textures/wood/wood_jasik.dds,174904,512,512,10,DXT1
textures.xdb1,textures/wood/wood_jasik.thm,181,,,,
textures.xdb1,textures/wood/wood_jasik2.dds,174904,512,512,10,DXT1
textures.xdb1,textures/wood/wood_jasik2.thm,181,,,,
textures.xdb1,textures/wood/wood_jasik2_bump#.dds,349568,512,512,6,DXT5
textures.xdb1,textures/wood/wood_jasik2_bump.dds,349568,512,512,6,DXT5
textures.xdb1,textures/wood/wood_jasik2_bump.thm,138,,,,
textures.xdb1,textures/wood/wood_jasik_bump#.dds,349568,512,512,6,DXT5
textures.xdb1,textures/wood/wood_jasik_bump#.thm,138,,,,
textures.xdb1,textures/wood/wood_jasik_bump.dds,349680,512,512,10,DXT5
textures.xdb1,textures/wood/wood_jasik_bump.thm,138,,,,
textures.xdb1,textures/wood/wood_kraska_iov.dds,174904,512,512,10,DXT1
textures.xdb1,textures/wood/wood_kraska_iov.thm,161,,,,
textures.xdb1,textures/wood/wood_oblom_ql.dds,87528,256,512,10,DXT1
textures.xdb1,textures/wood/wood_old.dds,174904,512,512,10,DXT1
textures.xdb1,textures/wood/wood_old.thm,179,,,,
textures.xdb1,textures/wood/wood_old_bump#.dds,1397888,1024,1024,6,DXT5
textures.xdb1,textures/wood/wood_old_bump#.thm,138,,,,
textures.xdb1,textures/wood/wood_old_bump.dds,349680,512,512,10,DXT5
textures.xdb1,textures/wood/wood_old_bump.thm,138,,,,
textures.xdb1,textures/wood/wood_old_iov.dds,174904,512,512,10,DXT1
textures.xdb1,textures/wood/wood_old_iov.thm,183,,,,
textures.xdb1,textures/wood/wood_old_iov_bump#.dds,349568,512,512,6,DXT5
textures.xdb1,textures/wood/wood_old_iov_bump#.thm,138,,,,
textures.xdb1,textures/wood/wood_old_iov_bump.dds,349680,512,512,10,DXT5
textures.xdb1,textures/wood/wood_old_iov_bump.thm,138,,,,
textures.xdb1,textures/wood/wood_paint_iov.dds,174904,512,512,10,DXT1
textures.xdb1,textures/wood/wood_paint_iov02.dds,174904,512,512,10,DXT1
textures.xdb1,textures/wood/wood_paint_iov02.thm,187,,,,
textures.xdb1,textures/wood/wood_paint_iov02_bump#.dds,1397888,1024,1024,6,DXT5
textures.xdb1,textures/wood/wood_paint_iov02_bump#.thm,138,,,,
textures.xdb1,textures/wood/wood_paint_iov02_bump.dds,349680,512,512,10,DXT5
textures.xdb1,textures/wood/wood_paint_iov02_bump.thm,138,,,,
textures.xdb1,textures/wood/wood_palitra.dds,174904,512,512,10,DXT1
textures.xdb1,textures/wood/wood_palitra.thm,183,,,,
textures.xdb1,textures/wood/wood_palitra_bump#.dds,349568,512,512,6,DXT5
textures.xdb1,textures/wood/wood_palitra_bump#.thm,138,,,,
textures.xdb1,textures/wood/wood_palitra_bump.dds,349680,512,512,10,DXT5
textures.xdb1,textures/wood/wood_palitra_bump.thm,138,,,,
textures.xdb1,textures/wood/wood_parket_01.dds,1398256,1024,1024,11,DXT5
textures.xdb1,textures/wood/wood_parket_01.thm,185,,,,
textures.xdb1,textures/wood/wood_parket_01_bump#.dds,349568,512,512,6,DXT5
textures.xdb1,textures/wood/wood_parket_01_bump#.thm,138,,,,
textures.xdb1,textures/wood/wood_parket_01_bump.dds,349568,512,512,6,DXT5
textures.xdb1,textures/wood/wood_parket_01_bump.thm,138,,,,
textures.xdb1,textures/wood/wood_parket_02.dds,43832,256,256,9,DXT1
textures.xdb1,textures/wood/wood_parket_gr01.dds,11064,128,128,8,DXT1
textures.xdb1,textures/wood/wood_parket_gr01_bump.dds,349680,512,512,10,DXT5
textures.xdb1,textures/wood/wood_parket_gr01a.dds,174904,512,512,10,DXT1
textures.xdb1,textures/wood/wood_parket_gr01a.thm,188,,,,
textures.xdb1,textures/wood/wood_parket_gr01a_bump#.dds,349680,512,512,10,DXT5
textures.xdb1,textures/wood/wood_parket_gr01a_bump#.thm,138,,,,
textures.xdb1,textures/wood/wood_parket_gr01a_bump.dds,349680,512,512,10,DXT5
textures.xdb1,textures/wood/wood_parket_gr01a_bump.thm,138,,,,
textures.xdb1,textures/wood/wood_parket_gr01b.dds,174904,512,512,10,DXT1
textures.xdb1,textures/wood/wood_parket_gr01b.thm,188,,,,
textures.xdb1,textures/wood/wood_parquet_iov.dds,174904,512,512,10,DXT1
textures.xdb1,textures/wood/wood_parquet_iov.thm,161,,,,
textures.xdb1,textures/wood/wood_parquet_iov_bump#.dds,349680,512,512,10,DXT5
textures.xdb1,textures/wood/wood_parquet_iov_bump#.thm,138,,,,
textures.xdb1,textures/wood/wood_parquet_iov_bump.dds,349680,512,512,10,DXT5
textures.xdb1,textures/wood/wood_parquet_iov_bump.thm,138,,,,
textures.xdb1,textures/wood/wood_perila.dds,2952,256,16,9,DXT1
textures.xdb1,textures/wood/wood_perila.thm,163,,,,
textures.xdb1,textures/wood/wood_plank1.dds,22024,512,64,10,DXT1
textures.xdb1,textures/wood/wood_plank1.thm,163,,,,
textures.xdb1,textures/wood/wood_plank2.dds,21992,256,128,9,DXT1
textures.xdb1,textures/wood/wood_plank2.thm,163,,,,
textures.xdb1,textures/wood/wood_plank3.dds,21992,256,128,9,DXT1
textures.xdb1,textures/wood/wood_plank3.thm,163,,,,
textures.xdb1,textures/wood/wood_plank4.dds,87528,256,512,10,DXT1
textures.xdb1,textures/wood/wood_plank4.thm,184,,,,
textures.xdb1,textures/wood/wood_plank5.dds,174904,512,512,10,DXT1
textures.xdb1,textures/wood/wood_plank5.thm,184,,,,
textures.xdb1,textures/wood/wood_plank5_bump#.dds,174848,256,512,6,DXT5
textures.xdb1,textures/wood/wood_plank5_bump#.thm,138,,,,
textures.xdb1,textures/wood/wood_plank5_bump.dds,174928,256,512,10,DXT5
textures.xdb1,textures/wood/wood_plank5_bump.thm,138,,,,
textures.xdb1,textures/wood/wood_plank6.dds,174904,512,512,10,DXT1
textures.xdb1,textures/wood/wood_plank6.thm,182,,,,
textures.xdb1,textures/wood/wood_plank6_bar.dds,174904,512,512,10,DXT1
textures.xdb1,textures/wood/wood_plank6_bar.thm,186,,,,
textures.xdb1,textures/wood/wood_plank6_bar_a.dds,174904,512,512,10,DXT1
textures.xdb1,textures/wood/wood_plank6_bar_bump#.dds,349680,512,512,10,DXT5
textures.xdb1,textures/wood/wood_plank6_bar_bump#.thm,138,,,,
textures.xdb1,textures/wood/wood_plank6_bar_bump.dds,349680,512,512,10,DXT5
textures.xdb1,textures/wood/wood_plank6_bar_bump.thm,138,,,,
textures.xdb1,textures/wood/wood_plank6_bump#.dds,349680,512,512,10,DXT5
textures.xdb1,textures/wood/wood_plank6_bump#.thm,138,,,,
textures.xdb1,textures/wood/wood_plank6_bump.dds,349680,512,512,10,DXT5
textures.xdb1,textures/wood/wood_plank6_bump.thm,138,,,,
textures.xdb1,textures/wood/wood_plank6_soc.dds,174904,512,512,10,DXT1
textures.xdb1,textures/wood/wood_plank6_soc.thm,186,,,,
textures.xdb1,textures/wood/wood_plank6_soc_bump#.dds,349680,512,512,10,DXT5
textures.xdb1,textures/wood/wood_plank6_soc_bump#.thm,138,,,,
textures.xdb1,textures/wood/wood_plank6_soc_bump.dds,349680,512,512,10,DXT5
textures.xdb1,textures/wood/wood_plank6_soc_bump.thm,138,,,,
textures.xdb1,textures/wood/wood_plank7.dds,174904,512,512,10,DXT1
textures.xdb1,textures/wood/wood_plank7.thm,182,,,,
textures.xdb1,textures/wood/wood_plank8.dds,174904,512,512,10,DXT1
textures.xdb1,textures/wood/wood_plank8.thm,182,,,,
textures.xdb1,textures/wood/wood_plank8_bump#.dds,1397888,1024,1024,6,DXT5
textures.xdb1,textures/wood/wood_plank8_bump#.thm,138,,,,
textures.xdb1,textures/wood/wood_plank8_bump.dds,349680,512,512,10,DXT5
textures.xdb1,textures/wood/wood_plank8_bump.thm,138,,,,
textures.xdb1,textures/wood/wood_plank9r.dds,174904,512,512,10,DXT1
textures.xdb1,textures/wood/wood_plank9r_bump.dds,349680,512,512,10,DXT5
textures.xdb1,textures/wood/wood_platband1.dds,11144,512,32,10,DXT1
textures.xdb1,textures/wood/wood_razlom_1.dds,43832,256,256,9,DXT1
textures.xdb1,textures/wood/wood_roof_shoring.dds,349680,512,512,10,DXT5
textures.xdb1,textures/wood/wood_roof_shoring.thm,161,,,,
textures.xdb1,textures/wood/wood_set_iov.dds,349680,512,512,10,DXT5
textures.xdb1,textures/wood/wood_spil_1.dds,43832,256,256,9,DXT1
textures.xdb1,textures/wood/wood_spil_1.thm,182,,,,
textures.xdb1,textures/wood/wood_spil_1_bump#.dds,87488,256,256,6,DXT5
textures.xdb1,textures/wood/wood_spil_1_bump#.thm,138,,,,
textures.xdb1,textures/wood/wood_spil_1_bump.dds,87536,256,256,9,DXT5
textures.xdb1,textures/wood/wood_spil_1_bump.thm,138,,,,
textures.xdb1,textures/wood/wood_spil_1_old.dds,43832,256,256,9,DXT1
textures.xdb1,textures/wood/wood_spil_1_old.thm,182,,,,
textures.xdb1,textures/wood/wood_stena_iov.dds,349672,1024,512,11,DXT1
textures.xdb1,textures/wood/wood_stena_iov.thm,187,,,,
textures.xdb1,textures/wood/wood_stena_iov_bump#.dds,699008,1024,512,6,DXT5
textures.xdb1,textures/wood/wood_stena_iov_bump.dds,699008,1024,512,6,DXT5
textures.xdb1,textures/wood/wood_stena_iov_bump.thm,138,,,,
textures.xdb1,textures/wood/wood_stolb.dds,174904,512,512,10,DXT1
textures.xdb1,textures/wood/wood_stolb.thm,179,,,,
textures.xdb1,textures/wood/wood_stolb_iov.dds,174904,512,512,10,DXT1
textures.xdb1,textures/wood/wood_stolb_iov.thm,183,,,,
textures.xdb1,textures/wood/wood_stolb_iov_bump.dds,349680,512,512,10,DXT5
textures.xdb1,textures/wood/wood_stroydoska_iov.dds,22024,512,64,10,DXT1
textures.xdb1,textures/wood/wood_stroydoska_iov.thm,163,,,,
textures.xdb1,textures/wood/wood_table_01.dds,349680,512,512,10,DXT5
textures.xdb1,textures/wood/wood_table_01.thm,184,,,,
textures.xdb1,textures/wood/wood_table_01_bump#.dds,349568,512,512,6,DXT5
textures.xdb1,textures/wood/wood_table_01_bump#.thm,138,,,,
textures.xdb1,textures/wood/wood_table_01_bump.dds,349680,512,512,10,DXT5
textures.xdb1,textures/wood/wood_table_01_bump.thm,138,,,,
textures.xdb1,textures/wood/wood_table_02.dds,349680,512,512,10,DXT5
textures.xdb1,textures/wood/wood_table_02.thm,184,,,,
textures.xdb1,textures/wood/wood_table_03.dds,349680,512,512,10,DXT5
textures.xdb1,textures/wood/wood_table_03.thm,184,,,,
textures.xdb1,textures/wood/wood_tomb.dds,87528,512,256,10,DXT1
textures.xdb1,textures/wood/wood_tomb.thm,181,,,,
textures.xdb1,textures/wood/wood_tor.dds,21992,256,128,9,DXT1
textures.xdb1,textures/wood/wood_tor.thm,161,,,,
textures.xdb1,textures/wood/wood_veranda_01.dds,174904,512,512,10,DXT1
textures.xdb1,textures/wood/wood_veranda_01.thm,186,,,,
textures.xdb1,textures/wood/wood_veranda_01_bump#.dds,349568,512,512,6,DXT5
textures.xdb1,textures/wood/wood_veranda_01_bump#.thm,138,,,,
textures.xdb1,textures/wood/wood_veranda_01_bump.dds,349680,512,512,10,DXT5
textures.xdb1,textures/wood/wood_veranda_01_bump.thm,138,,,,
textures.xdb1,textures/wood/wood_veranda_02.dds,174904,512,512,10,DXT1
textures.xdb1,textures/wood/wood_veranda_02.thm,186,,,,
textures.xdb1,textures/wood/wood_veranda_02_bump#.dds,349568,512,512,6,DXT5
textures.xdb1,textures/wood/wood_veranda_02_bump#.thm,138,,,,
textures.xdb1,textures/wood/wood_veranda_02_bump.dds,349680,512,512,10,DXT5
textures.xdb1,textures/wood/wood_veranda_02_bump.thm,138,,,,
textures.xdb1,textures/wood/wood_walls1.dds,349672,512,1024,11,DXT1
textures.xdb1,textures/wood/wood_walls1.thm,184,,,,
textures.xdb1,textures/wood/wood_walls10.dds,349672,512,1024,11,DXT1
textures.xdb1,textures/wood/wood_walls10.thm,184,,,,
textures.xdb1,textures/wood/wood_walls10_dark.dds,349672,512,1024,11,DXT1
textures.xdb1,textures/wood/wood_walls11.dds,349680,512,512,10,DXT5
textures.xdb1,textures/wood/wood_walls11.thm,161,,,,
textures.xdb1,textures/wood/wood_walls11_zelen.dds,174904,512,512,10,DXT1
textures.xdb1,textures/wood/wood_walls12.dds,174904,512,512,10,DXT1
textures.xdb1,textures/wood/wood_walls12.thm,183,,,,
textures.xdb1,textures/wood/wood_walls12_bump#.dds,349568,512,512,6,DXT5
textures.xdb1,textures/wood/wood_walls12_bump.dds,349568,512,512,6,DXT5
textures.xdb1,textures/wood/wood_walls12_bump.thm,138,,,,
textures.xdb1,textures/wood/wood_walls1_bump#.dds,699008,512,1024,6,DXT5
textures.xdb1,textures/wood/wood_walls1_bump#.thm,138,,,,
textures.xdb1,textures/wood/wood_walls1_bump.dds,699216,512,1024,11,DXT5
textures.xdb1,textures/wood/wood_walls1_bump.thm,138,,,,
textures.xdb1,textures/wood/wood_walls2.dds,349672,512,1024,11,DXT1
textures.xdb1,textures/wood/wood_walls3.dds,21992,256,128,9,DXT1
textures.xdb1,textures/wood/wood_walls3.thm,184,,,,
textures.xdb1,textures/wood/wood_walls3_bump#.dds,43808,256,128,6,DXT5
textures.xdb1,textures/wood/wood_walls3_bump#.thm,138,,,,
textures.xdb1,textures/wood/wood_walls3_bump.dds,43856,256,128,9,DXT5
textures.xdb1,textures/wood/wood_walls3_bump.thm,138,,,,
textures.xdb1,textures/wood/wood_walls4.dds,349672,512,1024,11,DXT1
textures.xdb1,textures/wood/wood_walls4.thm,184,,,,
textures.xdb1,textures/wood/wood_walls4a.dds,174904,512,512,10,DXT1
textures.xdb1,textures/wood/wood_walls4a_bump.dds,349680,512,512,10,DXT5
textures.xdb1,textures/wood/wood_walls5.dds,699216,512,1024,11,DXT5
textures.xdb1,textures/wood/wood_walls6.dds,699216,512,1024,11,DXT5
textures.xdb1,textures/wood/wood_walls6.thm,184,,,,
textures.xdb1,textures/wood/wood_walls6_bump#.dds,174848,256,512,6,DXT5
textures.xdb1,textures/wood/wood_walls6_bump#.thm,138,,,,
textures.xdb1,textures/wood/wood_walls6_bump.dds,699216,512,1024,11,DXT5
textures.xdb1,textures/wood/wood_walls6_bump.thm,138,,,,
textures.xdb1,textures/wood/wood_walls6a.dds,21992,128,256,9,DXT1
textures.xdb1,textures/wood/wood_walls7.dds,174904,512,512,10,DXT1
textures.xdb1,textures/wood/wood_walls7.thm,182,,,,
textures.xdb1,textures/wood/wood_walls7_bump#.dds,349568,512,512,6,DXT5
textures.xdb1,textures/wood/wood_walls7_bump#.thm,138,,,,
textures.xdb1,textures/wood/wood_walls7_bump.dds,349680,512,512,10,DXT5
textures.xdb1,textures/wood/wood_walls7_bump.thm,138,,,,
textures.xdb1,textures/wood/wood_walls7_dark.dds,174904,512,512,10,DXT1
textures.xdb1,textures/wood/wood_walls7_dark.thm,182,,,,
textures.xdb1,textures/wood/wood_walls7_dark_noshvov.dds,174904,512,512,10,DXT1
textures.xdb1,textures/wood/wood_walls7a.dds,174904,512,512,10,DXT1
textures.xdb1,textures/wood/wood_walls7a.thm,182,,,,
textures.xdb1,textures/wood/wood_walls8.dds,349672,512,1024,11,DXT1
textures.xdb1,textures/wood/wood_walls8.thm,182,,,,
textures.xdb1,textures/wood/wood_walls8_1.dds,349672,512,1024,11,DXT1
textures.xdb1,textures/wood/wood_walls8_1.thm,186,,,,
textures.xdb1,textures/wood/wood_walls8_1_bump#.dds,699008,512,1024,6,DXT5
textures.xdb1,textures/wood/wood_walls8_1_bump#.thm,138,,,,
textures.xdb1,textures/wood/wood_walls8_1_bump.dds,699216,512,1024,11,DXT5
textures.xdb1,textures/wood/wood_walls8_1_bump.thm,138,,,,
textures.xdb1,textures/wood/wood_walls8_bump#.dds,1397888,1024,1024,6,DXT5
textures.xdb1,textures/wood/wood_walls8_bump#.thm,138,,,,
textures.xdb1,textures/wood/wood_walls8_bump.dds,699216,512,1024,11,DXT5
textures.xdb1,textures/wood/wood_walls8_bump.thm,138,,,,
textures.xdb1,textures/wood/wood_walls8_soc.dds,349672,512,1024,11,DXT1
textures.xdb1,textures/wood/wood_walls8_soc.thm,184,,,,
textures.xdb1,textures/wood/wood_walls9.dds,21992,256,128,9,DXT1
textures.xdb1,textures/wood/wood_white_painted_01.dds,174904,512,512,10,DXT1
textures.xdb1,textures/wood/wood_white_painted_01.thm,192,,,,
textures.xdb1,textures/wood/wood_white_painted_01_bump#.dds,1397888,1024,1024,6,DXT5
textures.xdb1,textures/wood/wood_white_painted_01_bump#.thm,138,,,,
textures.xdb1,textures/wood/wood_white_painted_01_bump.dds,349680,512,512,10,DXT5
textures.xdb1,textures/wood/wood_white_painted_01_bump.thm,138,,,,
textures.xdb1,textures/wood/wood_wire.dds,349680,512,512,10,DXT5
textures.xdb1,textures/wood/wood_wire.thm,180,,,,
textures.xdb1,textures/wood/wood_wire_bump#.dds,349680,512,512,10,DXT5
textures.xdb1,textures/wood/wood_wire_bump#.thm,138,,,,
textures.xdb1,textures/wood/wood_wire_bump.dds,349680,512,512,10,DXT5
textures.xdb1,textures/wood/wood_wire_bump.thm,138,,,,
textures.xdb1,textures/wood/wood_zabor2_iov.dds,174904,512,512,10,DXT1
textures.xdb1,textures/wood/wood_zabor_iov.dds,174904,512,512,10,DXT1
textures.xdb1,textures/wood/wood_zabor_iov.thm,184,,,,
textures.xdb1,textures/wood/wood_zabor_iov_bump.dds,349680,512,512,10,DXT5
textures.xdb1,textures/wpn/-wpn_mossberg590_bump.dds,5592560,2048,2048,12,DXT5
textures.xdb1,textures/wpn/wpn_9a91.dds,2796344,2048,2048,12,DXT1
textures.xdb1,textures/wpn/wpn_9a91.thm,155,,,,
textures.xdb1,textures/wpn/wpn_9a91_bump#.dds,240,8,8,4,DXT5
textures.xdb1,textures/wpn/wpn_9a91_bump.dds,5592560,2048,2048,12,DXT5
textures.xdb1,textures/wpn/wpn_9a91_bump.thm,138,,,,
textures.xdb1,textures/wpn/wpn_abakan.dds,2796344,2048,2048,12,DXT1
textures.xdb1,textures/wpn/wpn_abakan.thm,157,,,,
textures.xdb1,textures/wpn/wpn_abakan_bump#.dds,240,8,8,4,DXT5
textures.xdb1,textures/wpn/wpn_abakan_bump#.thm,138,,,,
textures.xdb1,textures/wpn/wpn_abakan_bump.dds,5592560,2048,2048,12,DXT5
textures.xdb1,textures/wpn/wpn_abakan_bump.thm,138,,,,
textures.xdb1,textures/wpn/wpn_ace21.dds,2796344,2048,2048,12,DXT1
textures.xdb1,textures/wpn/wpn_ace21.thm,156,,,,
textures.xdb1,textures/wpn/wpn_ace21_bump#.dds,240,8,8,4,DXT5
textures.xdb1,textures/wpn/wpn_ace21_bump.dds,5592560,2048,2048,12,DXT5
textures.xdb1,textures/wpn/wpn_ace21_bump.thm,138,,,,
textures.xdb1,textures/wpn/wpn_ace21_mag.dds,174904,512,512,10,DXT1
textures.xdb1,textures/wpn/wpn_ace21_mag_bump#.dds,240,8,8,4,DXT5
textures.xdb1,textures/wpn/wpn_ace21_mag_bump.dds,349680,512,512,10,DXT5
textures.xdb1,textures/wpn/wpn_ace21_mag_bump.thm,138,,,,
textures.xdb1,textures/wpn/wpn_addon_aim.dds,699192,1024,1024,11,DXT1
textures.xdb1,textures/wpn/wpn_addon_aim.thm,160,,,,
textures.xdb1,textures/wpn/wpn_addon_aim_bump#.dds,240,8,8,4,DXT5
textures.xdb1,textures/wpn/wpn_addon_aim_bump.dds,1398256,1024,1024,11,DXT5
textures.xdb1,textures/wpn/wpn_addon_aim_bump.thm,138,,,,
textures.xdb1,textures/wpn/wpn_addon_deagle_comp.dds,349672,1024,512,11,DXT1
textures.xdb1,textures/wpn/wpn_addon_deagle_comp.thm,168,,,,
textures.xdb1,textures/wpn/wpn_addon_deagle_comp_bump#.dds,240,8,8,4,DXT5
textures.xdb1,textures/wpn/wpn_addon_deagle_comp_bump.dds,699216,1024,512,11,DXT5
textures.xdb1,textures/wpn/wpn_addon_deagle_comp_bump.thm,138,,,,
textures.xdb1,textures/wpn/wpn_addon_galilscope.dds,2796344,2048,2048,12,DXT1
textures.xdb1,textures/wpn/wpn_addon_galilscope.thm,167,,,,
textures.xdb1,textures/wpn/wpn_addon_galilscope_bump#.dds,240,8,8,4,DXT5
textures.xdb1,textures/wpn/wpn_addon_galilscope_bump.dds,5592560,2048,2048,12,DXT5
textures.xdb1,textures/wpn/wpn_addon_galilscope_bump.thm,138,,,,
textures.xdb1,textures/wpn/wpn_addon_gl_gp25.dds,699192,1024,1024,11,DXT1
textures.xdb1,textures/wpn/wpn_addon_gl_gp25.thm,164,,,,
textures.xdb1,textures/wpn/wpn_addon_gl_gp25_bump#.dds,240,8,8,4,DXT5
textures.xdb1,textures/wpn/wpn_addon_gl_gp25_bump.dds,1398256,1024,1024,11,DXT5
textures.xdb1,textures/wpn/wpn_addon_gl_gp25_bump.thm,138,,,,
textures.xdb1,textures/wpn/wpn_addon_grenade_launcher.dds,2796344,2048,2048,12,DXT1
textures.xdb1,textures/wpn/wpn_addon_grenade_launcher.thm,173,,,,
textures.xdb1,textures/wpn/wpn_addon_grenade_launcher_ag36.dds,699192,1024,1024,11,DXT1
textures.xdb1,textures/wpn/wpn_addon_grenade_launcher_ag36.thm,178,,,,
textures.xdb1,textures/wpn/wpn_addon_grenade_launcher_ag36_bump#.dds,240,8,8,4,DXT5
textures.xdb1,textures/wpn/wpn_addon_grenade_launcher_ag36_bump.dds,1398256,1024,1024,11,DXT5
textures.xdb1,textures/wpn/wpn_addon_grenade_launcher_ag36_bump.thm,138,,,,
textures.xdb1,textures/wpn/wpn_addon_grenade_launcher_bump#.dds,240,8,8,4,DXT5
textures.xdb1,textures/wpn/wpn_addon_grenade_launcher_bump.dds,5592560,2048,2048,12,DXT5
textures.xdb1,textures/wpn/wpn_addon_grenade_launcher_bump.thm,138,,,,
textures.xdb1,textures/wpn/wpn_addon_grenade_launcher_m203.dds,2796344,2048,2048,12,DXT1
textures.xdb1,textures/wpn/wpn_addon_grenade_launcher_m203.thm,178,,,,
textures.xdb1,textures/wpn/wpn_addon_grenade_launcher_m203_bump#.dds,208,8,4,4,DXT5
textures.xdb1,textures/wpn/wpn_addon_grenade_launcher_m203_bump.dds,5592560,2048,2048,12,DXT5
textures.xdb1,textures/wpn/wpn_addon_grenade_launcher_m203_bump.thm,138,,,,
textures.xdb1,textures/wpn/wpn_addon_grenade_launcher_m203_short.dds,2796344,2048,2048,12,DXT1
textures.xdb1,textures/wpn/wpn_addon_grenade_launcher_m203_short.thm,184,,,,
textures.xdb1,textures/wpn/wpn_addon_grenade_launcher_m203_short_bump#.dds,208,8,4,4,DXT5
textures.xdb1,textures/wpn/wpn_addon_grenade_launcher_m203_short_bump.dds,5592560,2048,2048,12,DXT5
textures.xdb1,textures/wpn/wpn_addon_grenade_launcher_m203_short_bump.thm,138,,,,
textures.xdb1,textures/wpn/wpn_addon_lastochka.dds,349672,1024,512,11,DXT1
textures.xdb1,textures/wpn/wpn_addon_lastochka.thm,166,,,,
textures.xdb1,textures/wpn/wpn_addon_lastochka_bump#.dds,240,8,8,4,DXT5
textures.xdb1,textures/wpn/wpn_addon_lastochka_bump.dds,699216,1024,512,11,DXT5
textures.xdb1,textures/wpn/wpn_addon_lastochka_bump.thm,138,,,,
textures.xdb1,textures/wpn/wpn_addon_lastochkb.dds,349672,1024,512,11,DXT1
textures.xdb1,textures/wpn/wpn_addon_lastochkb.thm,166,,,,
textures.xdb1,textures/wpn/wpn_addon_mag_ar_30rd.dds,699192,1024,1024,11,DXT1
textures.xdb1,textures/wpn/wpn_addon_mag_ar_30rd.thm,161,,,,
textures.xdb1,textures/wpn/wpn_addon_mount_mtk83.dds,699192,1024,1024,11,DXT1
textures.xdb1,textures/wpn/wpn_addon_mount_mtk83.thm,168,,,,
textures.xdb1,textures/wpn/wpn_addon_mount_mtk83_bump#.dds,240,8,8,4,DXT5
textures.xdb1,textures/wpn/wpn_addon_mount_mtk83_bump.dds,1398256,1024,1024,11,DXT5
textures.xdb1,textures/wpn/wpn_addon_mount_mtk83_bump.thm,138,,,,
textures.xdb1,textures/wpn/wpn_addon_mp5_mount.dds,699192,1024,1024,11,DXT1
textures.xdb1,textures/wpn/wpn_addon_mp5_mount.thm,166,,,,
textures.xdb1,textures/wpn/wpn_addon_mp5_mount_bump#.dds,240,8,8,4,DXT5
textures.xdb1,textures/wpn/wpn_addon_mp5_mount_bump.dds,1398256,1024,1024,11,DXT5
textures.xdb1,textures/wpn/wpn_addon_mp5_mount_bump.thm,138,,,,
textures.xdb1,textures/wpn/wpn_addon_raii.dds,87528,512,256,10,DXT1
textures.xdb1,textures/wpn/wpn_addon_raii.thm,161,,,,
textures.xdb1,textures/wpn/wpn_addon_rail.dds,87528,512,256,10,DXT1
textures.xdb1,textures/wpn/wpn_addon_rail_1.dds,174904,512,512,10,DXT1
textures.xdb1,textures/wpn/wpn_addon_rail_1.thm,163,,,,
textures.xdb1,textures/wpn/wpn_addon_rail_1_bump#.dds,240,8,8,4,DXT5
textures.xdb1,textures/wpn/wpn_addon_rail_1_bump.dds,349680,512,512,10,DXT5
textures.xdb1,textures/wpn/wpn_addon_rail_1_bump.thm,138,,,,
textures.xdb1,textures/wpn/wpn_addon_rail_bump#.dds,240,8,8,4,DXT5
textures.xdb1,textures/wpn/wpn_addon_rail_bump.dds,174928,512,256,10,DXT5
textures.xdb1,textures/wpn/wpn_addon_rail_bump.thm,138,,,,
textures.xdb1,textures/wpn/wpn_addon_scope_1p29.dds,699192,1024,1024,11,DXT1
textures.xdb1,textures/wpn/wpn_addon_scope_1p29.thm,167,,,,
textures.xdb1,textures/wpn/wpn_addon_scope_1p29_bump#.dds,176,4,4,3,DXT5
textures.xdb1,textures/wpn/wpn_addon_scope_1p29_bump.dds,1398256,1024,1024,11,DXT5
textures.xdb1,textures/wpn/wpn_addon_scope_1p29_bump.thm,138,,,,
textures.xdb1,textures/wpn/wpn_addon_scope_1p59.dds,2796344,2048,2048,12,DXT1
textures.xdb1,textures/wpn/wpn_addon_scope_1p59.thm,167,,,,
textures.xdb1,textures/wpn/wpn_addon_scope_1p59_bump#.dds,240,8,8,4,DXT5
textures.xdb1,textures/wpn/wpn_addon_scope_1p59_bump.dds,5592560,2048,2048,12,DXT5
textures.xdb1,textures/wpn/wpn_addon_scope_1p59_bump.thm,138,,,,
textures.xdb1,textures/wpn/wpn_addon_scope_1pn93-4.dds,2796344,2048,2048,12,DXT1
textures.xdb1,textures/wpn/wpn_addon_scope_1pn93-4.thm,170,,,,
textures.xdb1,textures/wpn/wpn_addon_scope_1pn93-4_bump#.dds,240,8,8,4,DXT5
textures.xdb1,textures/wpn/wpn_addon_scope_1pn93-4_bump.dds,5592560,2048,2048,12,DXT5
textures.xdb1,textures/wpn/wpn_addon_scope_1pn93-4_bump.thm,138,,,,
textures.xdb1,textures/wpn/wpn_addon_scope_9x_scope.dds,699192,1024,1024,11,DXT1
textures.xdb1,textures/wpn/wpn_addon_scope_9x_scope.thm,165,,,,
textures.xdb1,textures/wpn/wpn_addon_scope_9x_scope_bump#.dds,240,8,8,4,DXT5
textures.xdb1,textures/wpn/wpn_addon_scope_9x_scope_bump.dds,1398256,1024,1024,11,DXT5
textures.xdb1,textures/wpn/wpn_addon_scope_9x_scope_bump.thm,138,,,,
textures.xdb1,textures/wpn/wpn_addon_scope_ac10632.dds,699192,1024,1024,11,DXT1
textures.xdb1,textures/wpn/wpn_addon_scope_ac10632.thm,170,,,,
textures.xdb1,textures/wpn/wpn_addon_scope_ac10632_bump#.dds,240,8,8,4,DXT5
textures.xdb1,textures/wpn/wpn_addon_scope_ac10632_bump.dds,1398256,1024,1024,11,DXT5
textures.xdb1,textures/wpn/wpn_addon_scope_ac10632_bump.thm,138,,,,
textures.xdb1,textures/wpn/wpn_addon_scope_acog.dds,699192,1024,1024,11,DXT1
textures.xdb1,textures/wpn/wpn_addon_scope_acog.thm,167,,,,
textures.xdb1,textures/wpn/wpn_addon_scope_acog_bump#.dds,240,8,8,4,DXT5
textures.xdb1,textures/wpn/wpn_addon_scope_acog_bump.dds,1398256,1024,1024,11,DXT5
textures.xdb1,textures/wpn/wpn_addon_scope_acog_bump.thm,138,,,,
textures.xdb1,textures/wpn/wpn_addon_scope_aimpoint_micro_t1.dds,699192,1024,1024,11,DXT1
textures.xdb1,textures/wpn/wpn_addon_scope_aimpoint_micro_t1.thm,180,,,,
textures.xdb1,textures/wpn/wpn_addon_scope_aimpoint_micro_t1_bump#.dds,240,8,8,4,DXT5
textures.xdb1,textures/wpn/wpn_addon_scope_aimpoint_micro_t1_bump.dds,1398256,1024,1024,11,DXT5
textures.xdb1,textures/wpn/wpn_addon_scope_aimpoint_micro_t1_bump.thm,138,,,,
textures.xdb1,textures/wpn/wpn_addon_scope_blue_lense.dds,1520,32,32,6,DXT5
textures.xdb1,textures/wpn/wpn_addon_scope_docter_sight.dds,174904,512,512,10,DXT1
textures.xdb1,textures/wpn/wpn_addon_scope_docter_sight_bump#.dds,240,8,8,4,DXT5
textures.xdb1,textures/wpn/wpn_addon_scope_docter_sight_bump.thm,138,,,,
textures.xdb1,textures/wpn/wpn_addon_scope_ekp-8-02.dds,2796344,2048,2048,12,DXT1
textures.xdb1,textures/wpn/wpn_addon_scope_ekp-8-02.thm,171,,,,
textures.xdb1,textures/wpn/wpn_addon_scope_ekp-8-02_bump#.dds,240,8,8,4,DXT5
textures.xdb1,textures/wpn/wpn_addon_scope_ekp-8-02_bump.dds,5592560,2048,2048,12,DXT5
textures.xdb1,textures/wpn/wpn_addon_scope_ekp-8-02_bump.thm,138,,,,
textures.xdb1,textures/wpn/wpn_addon_scope_ekp-8-02_sight.dds,349680,512,512,10,DXT5
textures.xdb1,textures/wpn/wpn_addon_scope_ekp-8-02_sight.thm,138,,,,
textures.xdb1,textures/wpn/wpn_addon_scope_eotech.dds,699192,1024,1024,11,DXT1
textures.xdb1,textures/wpn/wpn_addon_scope_eotech.thm,169,,,,
textures.xdb1,textures/wpn/wpn_addon_scope_eotech_bump#.dds,240,8,8,4,DXT5
textures.xdb1,textures/wpn/wpn_addon_scope_eotech_bump.dds,1398256,1024,1024,11,DXT5
textures.xdb1,textures/wpn/wpn_addon_scope_eotech_bump.thm,138,,,,
textures.xdb1,textures/wpn/wpn_addon_scope_kobra.dds,1398248,2048,1024,12,DXT1
textures.xdb1,textures/wpn/wpn_addon_scope_kobra.thm,168,,,,
textures.xdb1,textures/wpn/wpn_addon_scope_kobra_bump#.dds,240,8,8,4,DXT5
textures.xdb1,textures/wpn/wpn_addon_scope_kobra_bump.dds,2796368,2048,1024,12,DXT5
textures.xdb1,textures/wpn/wpn_addon_scope_kobra_bump.thm,138,,,,
textures.xdb1,textures/wpn/wpn_addon_scope_kobra_lens.dds,65664,256,256,0,DXT5
textures.xdb1,textures/wpn/wpn_addon_scope_kobra_lens.thm,173,,,,
textures.xdb1,textures/wpn/wpn_addon_scope_kobra_lens_bump#.dds,176,4,4,3,DXT5
textures.xdb1,textures/wpn/wpn_addon_scope_kobra_lens_bump.dds,87536,256,256,9,DXT5
textures.xdb1,textures/wpn/wpn_addon_scope_kobra_lens_bump.thm,138,,,,
textures.xdb1,textures/wpn/wpn_addon_scope_kobra_lenz.dds,349680,512,512,10,DXT5
textures.xdb1,textures/wpn/wpn_addon_scope_kobra_lenz.thm,138,,,,
textures.xdb1,textures/wpn/wpn_addon_scope_l96.dds,699192,1024,1024,11,DXT1
textures.xdb1,textures/wpn/wpn_addon_scope_l96.thm,166,,,,
textures.xdb1,textures/wpn/wpn_addon_scope_l96_bump#.dds,240,8,8,4,DXT5
textures.xdb1,textures/wpn/wpn_addon_scope_l96_bump.dds,1398256,1024,1024,11,DXT5
textures.xdb1,textures/wpn/wpn_addon_scope_l96_bump.thm,138,,,,
textures.xdb1,textures/wpn/wpn_addon_scope_l96_sk1.dds,699192,1024,1024,11,DXT1
textures.xdb1,textures/wpn/wpn_addon_scope_l96_sk1.thm,166,,,,
textures.xdb1,textures/wpn/wpn_addon_scope_l96_sk2.dds,699192,1024,1024,11,DXT1
textures.xdb1,textures/wpn/wpn_addon_scope_l96_sk2.thm,166,,,,
textures.xdb1,textures/wpn/wpn_addon_scope_lens_red_dot.dds,349680,512,512,10,DXT5
textures.xdb1,textures/wpn/wpn_addon_scope_lens_red_dot_bump#.dds,240,8,8,4,DXT5
textures.xdb1,textures/wpn/wpn_addon_scope_lens_red_dot_bump.thm,138,,,,
textures.xdb1,textures/wpn/wpn_addon_scope_mark4.dds,699192,1024,1024,11,DXT1
textures.xdb1,textures/wpn/wpn_addon_scope_mark4.thm,168,,,,
textures.xdb1,textures/wpn/wpn_addon_scope_mark4_bump#.dds,240,8,8,4,DXT5
textures.xdb1,textures/wpn/wpn_addon_scope_mark4_bump.dds,1398256,1024,1024,11,DXT5
textures.xdb1,textures/wpn/wpn_addon_scope_mark4_bump.thm,138,,,,
textures.xdb1,textures/wpn/wpn_addon_scope_mark4_lens.dds,43648,256,256,4,DXT1
textures.xdb1,textures/wpn/wpn_addon_scope_mark4_lens.thm,173,,,,
textures.xdb1,textures/wpn/wpn_addon_scope_mark4_lens_bump#.dds,240,8,8,4,DXT5
textures.xdb1,textures/wpn/wpn_addon_scope_mark4_lens_bump.dds,349680,512,512,10,DXT5
textures.xdb1,textures/wpn/wpn_addon_scope_mark4_lens_bump.thm,138,,,,
textures.xdb1,textures/wpn/wpn_addon_scope_pk-a.dds,2796344,2048,2048,12,DXT1
textures.xdb1,textures/wpn/wpn_addon_scope_pk-a.thm,167,,,,
textures.xdb1,textures/wpn/wpn_addon_scope_pk-a_bump#.dds,240,8,8,4,DXT5
textures.xdb1,textures/wpn/wpn_addon_scope_pk-a_bump.dds,5592560,2048,2048,12,DXT5
textures.xdb1,textures/wpn/wpn_addon_scope_pk-a_bump.thm,138,,,,
textures.xdb1,textures/wpn/wpn_addon_scope_pks-07.dds,699192,1024,1024,11,DXT1
textures.xdb1,textures/wpn/wpn_addon_scope_pks-07.thm,169,,,,
textures.xdb1,textures/wpn/wpn_addon_scope_pks-07_bump#.dds,240,8,8,4,DXT5
textures.xdb1,textures/wpn/wpn_addon_scope_pks-07_bump.dds,1398256,1024,1024,11,DXT5
textures.xdb1,textures/wpn/wpn_addon_scope_pks-07_bump.thm,138,,,,
textures.xdb1,textures/wpn/wpn_addon_scope_pks-08.dds,699192,1024,1024,11,DXT1
textures.xdb1,textures/wpn/wpn_addon_scope_pks-08.thm,169,,,,
textures.xdb1,textures/wpn/wpn_addon_scope_po4x34.dds,699192,1024,1024,11,DXT1
textures.xdb1,textures/wpn/wpn_addon_scope_po4x34.thm,169,,,,
textures.xdb1,textures/wpn/wpn_addon_scope_po4x34_bump#.dds,176,4,4,3,DXT5
textures.xdb1,textures/wpn/wpn_addon_scope_po4x34_bump.dds,1398256,1024,1024,11,DXT5
textures.xdb1,textures/wpn/wpn_addon_scope_po4x34_bump.thm,138,,,,
textures.xdb1,textures/wpn/wpn_addon_scope_pso-1m2-1.dds,2796344,2048,2048,12,DXT1
textures.xdb1,textures/wpn/wpn_addon_scope_pso-1m2-1.thm,172,,,,
textures.xdb1,textures/wpn/wpn_addon_scope_pso-1m2-1_bump#.dds,240,8,8,4,DXT5
textures.xdb1,textures/wpn/wpn_addon_scope_pso-1m2-1_bump.dds,5592560,2048,2048,12,DXT5
textures.xdb1,textures/wpn/wpn_addon_scope_pso-1m2-1_bump.thm,138,,,,
textures.xdb1,textures/wpn/wpn_addon_scope_pso1.dds,2796344,2048,2048,12,DXT1
textures.xdb1,textures/wpn/wpn_addon_scope_pso1.thm,167,,,,
textures.xdb1,textures/wpn/wpn_addon_scope_pso1_bump#.dds,240,8,8,4,DXT5
textures.xdb1,textures/wpn/wpn_addon_scope_pso1_bump.dds,5592560,2048,2048,12,DXT5
textures.xdb1,textures/wpn/wpn_addon_scope_pso1_bump.thm,138,,,,
textures.xdb1,textures/wpn/wpn_addon_scope_pu.dds,2796344,2048,2048,12,DXT1
textures.xdb1,textures/wpn/wpn_addon_scope_pu.thm,165,,,,
textures.xdb1,textures/wpn/wpn_addon_scope_pu_bump#.dds,240,8,8,4,DXT5
textures.xdb1,textures/wpn/wpn_addon_scope_pu_bump.dds,5592560,2048,2048,12,DXT5
textures.xdb1,textures/wpn/wpn_addon_scope_pu_bump.thm,138,,,,
textures.xdb1,textures/wpn/wpn_addon_scope_pu_sk1.dds,2796344,2048,2048,12,DXT1
textures.xdb1,textures/wpn/wpn_addon_scope_pu_sk1.thm,165,,,,
textures.xdb1,textures/wpn/wpn_addon_scope_red_lense.dds,1152,32,32,0,DXT5
textures.xdb1,textures/wpn/wpn_addon_scope_susat.dds,2796344,2048,2048,12,DXT1
textures.xdb1,textures/wpn/wpn_addon_scope_susat.thm,168,,,,
textures.xdb1,textures/wpn/wpn_addon_scope_susat_bump#.dds,240,8,8,4,DXT5
textures.xdb1,textures/wpn/wpn_addon_scope_susat_bump.dds,5592560,2048,2048,12,DXT5
textures.xdb1,textures/wpn/wpn_addon_scope_susat_bump.thm,138,,,,
textures.xdb1,textures/wpn/wpn_addon_scope_susat_sk1.dds,699192,1024,1024,11,DXT1
textures.xdb1,textures/wpn/wpn_addon_scope_susat_sk1.thm,168,,,,
textures.xdb1,textures/wpn/wpn_addon_scope_susat_sk2.dds,699192,1024,1024,11,DXT1
textures.xdb1,textures/wpn/wpn_addon_scope_susat_sk2.thm,168,,,,
textures.xdb1,textures/wpn/wpn_addon_scope_susat_sk3.dds,699192,1024,1024,11,DXT1
textures.xdb1,textures/wpn/wpn_addon_scope_susat_sk3.thm,168,,,,
textures.xdb1,textures/wpn/wpn_addon_scope_susat_sk4.dds,2796344,2048,2048,12,DXT1
textures.xdb1,textures/wpn/wpn_addon_scope_susat_sk4.thm,168,,,,
textures.xdb1,textures/wpn/wpn_addon_sil_45.dds,699192,1024,1024,11,DXT1
textures.xdb1,textures/wpn/wpn_addon_sil_45.thm,163,,,,
textures.xdb1,textures/wpn/wpn_addon_sil_45_bump#.dds,240,8,8,4,DXT5
textures.xdb1,textures/wpn/wpn_addon_sil_45_bump.dds,1398256,1024,1024,11,DXT5
textures.xdb1,textures/wpn/wpn_addon_sil_45_bump.thm,138,,,,
textures.xdb1,textures/wpn/wpn_addon_sil_57.dds,174920,1024,256,11,DXT1
textures.xdb1,textures/wpn/wpn_addon_sil_57.thm,163,,,,
textures.xdb1,textures/wpn/wpn_addon_sil_57_bump#.dds,240,8,8,4,DXT5
textures.xdb1,textures/wpn/wpn_addon_sil_57_bump.dds,349712,1024,256,11,DXT5
textures.xdb1,textures/wpn/wpn_addon_sil_57_bump.thm,138,,,,
textures.xdb1,textures/wpn/wpn_addon_sil_9a91.dds,349672,1024,512,11,DXT1
textures.xdb1,textures/wpn/wpn_addon_sil_9a91.thm,165,,,,
textures.xdb1,textures/wpn/wpn_addon_sil_9a91_bump#.dds,240,8,8,4,DXT5
textures.xdb1,textures/wpn/wpn_addon_sil_9a91_bump.dds,699216,1024,512,11,DXT5
textures.xdb1,textures/wpn/wpn_addon_sil_9a91_bump.thm,138,,,,
textures.xdb1,textures/wpn/wpn_addon_sil_9mm.dds,349672,1024,512,11,DXT1
textures.xdb1,textures/wpn/wpn_addon_sil_9mm.thm,164,,,,
textures.xdb1,textures/wpn/wpn_addon_sil_9mm_bump#.dds,176,4,4,3,DXT5
textures.xdb1,textures/wpn/wpn_addon_sil_9mm_bump.dds,699216,1024,512,11,DXT5
textures.xdb1,textures/wpn/wpn_addon_sil_9mm_bump.thm,138,,,,
textures.xdb1,textures/wpn/wpn_addon_sil_9mx.dds,699192,1024,1024,11,DXT1
textures.xdb1,textures/wpn/wpn_addon_sil_9mx.thm,164,,,,
textures.xdb1,textures/wpn/wpn_addon_sil_9mx_bump#.dds,208,8,4,4,DXT5
textures.xdb1,textures/wpn/wpn_addon_sil_9mx_bump.dds,1398256,1024,1024,11,DXT5
textures.xdb1,textures/wpn/wpn_addon_sil_9mx_bump.thm,138,,,,
textures.xdb1,textures/wpn/wpn_addon_sil_aps.dds,349672,1024,512,11,DXT1
textures.xdb1,textures/wpn/wpn_addon_sil_aps.thm,164,,,,
textures.xdb1,textures/wpn/wpn_addon_sil_aps_bump#.dds,240,8,8,4,DXT5
textures.xdb1,textures/wpn/wpn_addon_sil_aps_bump.dds,699216,1024,512,11,DXT5
textures.xdb1,textures/wpn/wpn_addon_sil_aps_bump.thm,138,,,,
textures.xdb1,textures/wpn/wpn_addon_sil_atg.dds,699192,1024,1024,11,DXT1
textures.xdb1,textures/wpn/wpn_addon_sil_atg.thm,164,,,,
textures.xdb1,textures/wpn/wpn_addon_sil_atg_bump#.dds,240,8,8,4,DXT5
textures.xdb1,textures/wpn/wpn_addon_sil_atg_bump.dds,1398256,1024,1024,11,DXT5
textures.xdb1,textures/wpn/wpn_addon_sil_atg_bump.thm,138,,,,
textures.xdb1,textures/wpn/wpn_addon_sil_gemtech.dds,699192,1024,1024,11,DXT1
textures.xdb1,textures/wpn/wpn_addon_sil_gemtech.thm,168,,,,
textures.xdb1,textures/wpn/wpn_addon_sil_gemtech9mm.dds,699192,1024,1024,11,DXT1
textures.xdb1,textures/wpn/wpn_addon_sil_gemtech9mm.thm,171,,,,
textures.xdb1,textures/wpn/wpn_addon_sil_gemtech9mm_bump#.dds,176,4,4,3,DXT5
textures.xdb1,textures/wpn/wpn_addon_sil_gemtech9mm_bump.dds,1398256,1024,1024,11,DXT5
textures.xdb1,textures/wpn/wpn_addon_sil_gemtech9mm_bump.thm,138,,,,
textures.xdb1,textures/wpn/wpn_addon_sil_gemtech_bump#.dds,176,4,4,3,DXT5
textures.xdb1,textures/wpn/wpn_addon_sil_gemtech_bump.dds,1398256,1024,1024,11,DXT5
textures.xdb1,textures/wpn/wpn_addon_sil_gemtech_bump.thm,138,,,,
textures.xdb1,textures/wpn/wpn_addon_sil_kzrzp.dds,699192,1024,1024,11,DXT1
textures.xdb1,textures/wpn/wpn_addon_sil_kzrzp.thm,166,,,,
textures.xdb1,textures/wpn/wpn_addon_sil_kzrzp_bump#.dds,176,4,4,3,DXT5
textures.xdb1,textures/wpn/wpn_addon_sil_kzrzp_bump.dds,1398256,1024,1024,11,DXT5
textures.xdb1,textures/wpn/wpn_addon_sil_kzrzp_bump.thm,138,,,,
textures.xdb1,textures/wpn/wpn_addon_sil_nato.dds,699192,1024,1024,11,DXT1
textures.xdb1,textures/wpn/wpn_addon_sil_nato.thm,165,,,,
textures.xdb1,textures/wpn/wpn_addon_sil_nato_bump#.dds,240,8,8,4,DXT5
textures.xdb1,textures/wpn/wpn_addon_sil_nato_bump.dds,1398256,1024,1024,11,DXT5
textures.xdb1,textures/wpn/wpn_addon_sil_nato_bump.thm,138,,,,
textures.xdb1,textures/wpn/wpn_addon_sil_pbs1.dds,699192,1024,1024,11,DXT1
textures.xdb1,textures/wpn/wpn_addon_sil_pbs1.thm,165,,,,
textures.xdb1,textures/wpn/wpn_addon_sil_pbs1_bump#.dds,240,8,8,4,DXT5
textures.xdb1,textures/wpn/wpn_addon_sil_pbs1_bump.dds,1398256,1024,1024,11,DXT5
textures.xdb1,textures/wpn/wpn_addon_sil_pbs1_bump.thm,138,,,,
textures.xdb1,textures/wpn/wpn_addon_sil_pbs4.dds,699192,1024,1024,11,DXT1
textures.xdb1,textures/wpn/wpn_addon_sil_pbs4.thm,165,,,,
textures.xdb1,textures/wpn/wpn_addon_sil_pbs4_bump#.dds,240,8,8,4,DXT5
textures.xdb1,textures/wpn/wpn_addon_sil_pbs4_bump.dds,1398256,1024,1024,11,DXT5
textures.xdb1,textures/wpn/wpn_addon_sil_pbs4_bump.thm,138,,,,
textures.xdb1,textures/wpn/wpn_addon_sil_tgp-a.dds,699192,1024,1024,11,DXT1
textures.xdb1,textures/wpn/wpn_addon_sil_tgp-a.thm,166,,,,
textures.xdb1,textures/wpn/wpn_addon_sil_tgp-a_bump#.dds,240,8,8,4,DXT5
textures.xdb1,textures/wpn/wpn_addon_sil_tgp-a_bump.dds,1398256,1024,1024,11,DXT5
textures.xdb1,textures/wpn/wpn_addon_sil_tgp-a_bump.thm,138,,,,
textures.xdb1,textures/wpn/wpn_addon_sil_vihr.dds,699192,1024,1024,11,DXT1
textures.xdb1,textures/wpn/wpn_addon_sil_vihr.thm,165,,,,
textures.xdb1,textures/wpn/wpn_addon_sil_vihr_bump#.dds,240,8,8,4,DXT5
textures.xdb1,textures/wpn/wpn_addon_sil_vihr_bump.dds,1398256,1024,1024,11,DXT5
textures.xdb1,textures/wpn/wpn_addon_sil_vihr_bump.thm,138,,,,
textures.xdb1,textures/wpn/wpn_addon_usp_match.dds,699192,1024,1024,11,DXT1
textures.xdb1,textures/wpn/wpn_addon_usp_match.thm,166,,,,
textures.xdb1,textures/wpn/wpn_addon_usp_match_bump#.dds,240,8,8,4,DXT5
textures.xdb1,textures/wpn/wpn_addon_usp_match_bump.dds,1398256,1024,1024,11,DXT5
textures.xdb1,textures/wpn/wpn_addon_usp_match_bump.thm,138,,,,
textures.xdb1,textures/wpn/wpn_aek971.dds,2796344,2048,2048,12,DXT1
textures.xdb1,textures/wpn/wpn_aek971.thm,157,,,,
textures.xdb1,textures/wpn/wpn_aek971_bump#.dds,240,8,8,4,DXT5
textures.xdb1,textures/wpn/wpn_aek971_bump.dds,5592560,2048,2048,12,DXT5
textures.xdb1,textures/wpn/wpn_aek971_bump.thm,138,,,,
textures.xdb1,textures/wpn/wpn_aek973.dds,2796344,2048,2048,12,DXT1
textures.xdb1,textures/wpn/wpn_aek973.thm,157,,,,
textures.xdb1,textures/wpn/wpn_ak100_grips.dds,699192,1024,1024,11,DXT1
textures.xdb1,textures/wpn/wpn_ak100_grips.thm,162,,,,
textures.xdb1,textures/wpn/wpn_ak100_grips_bump#.dds,240,8,8,4,DXT5
textures.xdb1,textures/wpn/wpn_ak100_grips_bump.dds,1398256,1024,1024,11,DXT5
textures.xdb1,textures/wpn/wpn_ak100_grips_bump.thm,138,,,,
textures.xdb1,textures/wpn/wpn_ak100_grips_camogreen.dds,699192,1024,1024,11,DXT1
textures.xdb1,textures/wpn/wpn_ak100_grips_camogreen.thm,162,,,,
textures.xdb1,textures/wpn/wpn_ak101_mag.dds,699192,1024,1024,11,DXT1
textures.xdb1,textures/wpn/wpn_ak101_mag.thm,160,,,,
textures.xdb1,textures/wpn/wpn_ak101_mag_bump#.dds,240,8,8,4,DXT5
textures.xdb1,textures/wpn/wpn_ak101_mag_bump.dds,1398256,1024,1024,11,DXT5
textures.xdb1,textures/wpn/wpn_ak101_mag_bump.thm,138,,,,
textures.xdb1,textures/wpn/wpn_ak101_mag_camog.dds,699192,1024,1024,11,DXT1
textures.xdb1,textures/wpn/wpn_ak101_mag_camog.thm,160,,,,
textures.xdb1,textures/wpn/wpn_ak12.dds,2796344,2048,2048,12,DXT1
textures.xdb1,textures/wpn/wpn_ak12.thm,155,,,,
textures.xdb1,textures/wpn/wpn_ak12_bump#.dds,240,8,8,4,DXT5
textures.xdb1,textures/wpn/wpn_ak12_bump.dds,5592560,2048,2048,12,DXT5
textures.xdb1,textures/wpn/wpn_ak12_bump.thm,138,,,,
textures.xdb1,textures/wpn/wpn_ak74.dds,2796344,2048,2048,12,DXT1
textures.xdb1,textures/wpn/wpn_ak74.thm,155,,,,
textures.xdb1,textures/wpn/wpn_ak74_bump#.dds,240,8,8,4,DXT5
textures.xdb1,textures/wpn/wpn_ak74_bump#.thm,138,,,,
textures.xdb1,textures/wpn/wpn_ak74_bump.dds,5592560,2048,2048,12,DXT5
textures.xdb1,textures/wpn/wpn_ak74_bump.thm,138,,,,
textures.xdb1,textures/wpn/wpn_ak74_sk1.dds,2796344,2048,2048,12,DXT1
textures.xdb1,textures/wpn/wpn_ak74_sk1.thm,155,,,,
textures.xdb1,textures/wpn/wpn_ak74m.dds,2796344,2048,2048,12,DXT1
textures.xdb1,textures/wpn/wpn_ak74m.thm,156,,,,
textures.xdb1,textures/wpn/wpn_ak74m_body.dds,2796344,2048,2048,12,DXT1
textures.xdb1,textures/wpn/wpn_ak74m_body.thm,161,,,,
textures.xdb1,textures/wpn/wpn_ak74m_body_bump#.dds,240,8,8,4,DXT5
textures.xdb1,textures/wpn/wpn_ak74m_body_bump.dds,5592560,2048,2048,12,DXT5
textures.xdb1,textures/wpn/wpn_ak74m_body_bump.thm,138,,,,
textures.xdb1,textures/wpn/wpn_ak74m_body_camog.dds,2796344,2048,2048,12,DXT1
textures.xdb1,textures/wpn/wpn_ak74m_body_camog.thm,161,,,,
textures.xdb1,textures/wpn/wpn_ak74m_bump#.dds,240,8,8,4,DXT5
textures.xdb1,textures/wpn/wpn_ak74m_bump.dds,5592560,2048,2048,12,DXT5
textures.xdb1,textures/wpn/wpn_ak74m_bump.thm,138,,,,
textures.xdb1,textures/wpn/wpn_ak74m_gp.dds,699192,1024,1024,11,DXT1
textures.xdb1,textures/wpn/wpn_ak74m_gp.thm,159,,,,
textures.xdb1,textures/wpn/wpn_ak74m_gp_bump#.dds,240,8,8,4,DXT5
textures.xdb1,textures/wpn/wpn_ak74m_gp_bump.dds,1398256,1024,1024,11,DXT5
textures.xdb1,textures/wpn/wpn_ak74m_gp_bump.thm,138,,,,
textures.xdb1,textures/wpn/wpn_ak74m_mag.dds,699192,1024,1024,11,DXT1
textures.xdb1,textures/wpn/wpn_ak74m_mag.thm,160,,,,
textures.xdb1,textures/wpn/wpn_ak74m_mag_bump#.dds,240,8,8,4,DXT5
textures.xdb1,textures/wpn/wpn_ak74m_mag_bump.dds,5592532,1024,1024,11,RGB
textures.xdb1,textures/wpn/wpn_ak74m_mag_bump.thm,138,,,,
textures.xdb1,textures/wpn/wpn_ak74m_mag_camog.dds,699192,1024,1024,11,DXT1
textures.xdb1,textures/wpn/wpn_ak74m_mag_camog.thm,160,,,,
textures.xdb1,textures/wpn/wpn_ak74m_sk1.dds,2796344,2048,2048,12,DXT1
textures.xdb1,textures/wpn/wpn_ak74m_sk1.thm,156,,,,
textures.xdb1,textures/wpn/wpn_ak_body.dds,2796344,2048,2048,12,DXT1
textures.xdb1,textures/wpn/wpn_ak_body.thm,158,,,,
textures.xdb1,textures/wpn/wpn_ak_body_bump#.dds,240,8,8,4,DXT5
textures.xdb1,textures/wpn/wpn_ak_body_bump.dds,5592560,2048,2048,12,DXT5
textures.xdb1,textures/wpn/wpn_ak_body_bump.thm,138,,,,
textures.xdb1,textures/wpn/wpn_ak_grips.dds,699192,1024,1024,11,DXT1
textures.xdb1,textures/wpn/wpn_ak_grips.thm,159,,,,
textures.xdb1,textures/wpn/wpn_ak_grips_bump#.dds,240,8,8,4,DXT5
textures.xdb1,textures/wpn/wpn_ak_grips_bump.dds,1398256,1024,1024,11,DXT5
textures.xdb1,textures/wpn/wpn_ak_grips_bump.thm,138,,,,
textures.xdb1,textures/wpn/wpn_ak_pgrip_wood.dds,174904,512,512,10,DXT1
textures.xdb1,textures/wpn/wpn_ak_pgrip_wood.thm,164,,,,
textures.xdb1,textures/wpn/wpn_ak_pgrip_wood_bump#.dds,240,8,8,4,DXT5
textures.xdb1,textures/wpn/wpn_ak_pgrip_wood_bump.dds,349680,512,512,10,DXT5
textures.xdb1,textures/wpn/wpn_ak_pgrip_wood_bump.thm,138,,,,
textures.xdb1,textures/wpn/wpn_ak_priklad.dds,699192,1024,1024,11,DXT1
textures.xdb1,textures/wpn/wpn_ak_priklad.thm,161,,,,
textures.xdb1,textures/wpn/wpn_ak_priklad_bump#.dds,240,8,8,4,DXT5
textures.xdb1,textures/wpn/wpn_ak_priklad_bump.dds,1398256,1024,1024,11,DXT5
textures.xdb1,textures/wpn/wpn_ak_priklad_bump.thm,138,,,,
textures.xdb1,textures/wpn/wpn_akm.dds,2796344,2048,2048,12,DXT1
textures.xdb1,textures/wpn/wpn_akm.thm,154,,,,
textures.xdb1,textures/wpn/wpn_akm_body.dds,2796344,2048,2048,12,DXT1
textures.xdb1,textures/wpn/wpn_akm_body.thm,159,,,,
textures.xdb1,textures/wpn/wpn_akm_body_bump#.dds,240,8,8,4,DXT5
textures.xdb1,textures/wpn/wpn_akm_body_bump.dds,5592560,2048,2048,12,DXT5
textures.xdb1,textures/wpn/wpn_akm_body_bump.thm,138,,,,
textures.xdb1,textures/wpn/wpn_akm_bump#.dds,240,8,8,4,DXT5
textures.xdb1,textures/wpn/wpn_akm_bump.dds,5592560,2048,2048,12,DXT5
textures.xdb1,textures/wpn/wpn_akm_bump.thm,138,,,,
textures.xdb1,textures/wpn/wpn_akm_gadgem.dds,2796344,2048,2048,12,DXT1
textures.xdb1,textures/wpn/wpn_akm_gadgem.thm,161,,,,
textures.xdb1,textures/wpn/wpn_akm_gadges.dds,2796344,2048,2048,12,DXT1
textures.xdb1,textures/wpn/wpn_akm_gadges.thm,161,,,,
textures.xdb1,textures/wpn/wpn_akm_gadget.dds,2796344,2048,2048,12,DXT1
textures.xdb1,textures/wpn/wpn_akm_gadget.thm,161,,,,
textures.xdb1,textures/wpn/wpn_akm_gadget_bump#.dds,240,8,8,4,DXT5
textures.xdb1,textures/wpn/wpn_akm_gadget_bump.dds,5592560,2048,2048,12,DXT5
textures.xdb1,textures/wpn/wpn_akm_gadget_bump.thm,138,,,,
textures.xdb1,textures/wpn/wpn_akm_grips.dds,699192,1024,1024,11,DXT1
textures.xdb1,textures/wpn/wpn_akm_grips.thm,160,,,,
textures.xdb1,textures/wpn/wpn_akm_grips_bump#.dds,240,8,8,4,DXT5
textures.xdb1,textures/wpn/wpn_akm_grips_bump.dds,1398256,1024,1024,11,DXT5
textures.xdb1,textures/wpn/wpn_akm_grips_bump.thm,138,,,,
textures.xdb1,textures/wpn/wpn_akm_mag.dds,699192,1024,1024,11,DXT1
textures.xdb1,textures/wpn/wpn_akm_mag.thm,158,,,,
textures.xdb1,textures/wpn/wpn_akm_mag_bump#.dds,240,8,8,4,DXT5
textures.xdb1,textures/wpn/wpn_akm_mag_bump.dds,1398256,1024,1024,11,DXT5
textures.xdb1,textures/wpn/wpn_akm_mag_bump.thm,138,,,,
textures.xdb1,textures/wpn/wpn_akm_mag_camog.dds,699192,1024,1024,11,DXT1
textures.xdb1,textures/wpn/wpn_akm_mag_camog.thm,158,,,,
textures.xdb1,textures/wpn/wpn_akm_wood.dds,699192,1024,1024,11,DXT1
textures.xdb1,textures/wpn/wpn_akm_wood.thm,159,,,,
textures.xdb1,textures/wpn/wpn_akm_wood_bump#.dds,240,8,8,4,DXT5
textures.xdb1,textures/wpn/wpn_akm_wood_bump.dds,1398256,1024,1024,11,DXT5
textures.xdb1,textures/wpn/wpn_akm_wood_bump.thm,138,,,,
textures.xdb1,textures/wpn/wpn_akms_body.dds,2796344,2048,2048,12,DXT1
textures.xdb1,textures/wpn/wpn_akms_body.thm,160,,,,
textures.xdb1,textures/wpn/wpn_akms_body_bump#.dds,240,8,8,4,DXT5
textures.xdb1,textures/wpn/wpn_akms_body_bump.dds,5592560,2048,2048,12,DXT5
textures.xdb1,textures/wpn/wpn_akms_body_bump.thm,138,,,,
textures.xdb1,textures/wpn/wpn_akms_gadges.dds,2796344,2048,2048,12,DXT1
textures.xdb1,textures/wpn/wpn_akms_gadges.thm,162,,,,
textures.xdb1,textures/wpn/wpn_akms_gadget.dds,2796344,2048,2048,12,DXT1
textures.xdb1,textures/wpn/wpn_akms_gadget.thm,162,,,,
textures.xdb1,textures/wpn/wpn_akms_gadget_bump#.dds,240,8,8,4,DXT5
textures.xdb1,textures/wpn/wpn_akms_gadget_bump.dds,5592560,2048,2048,12,DXT5
textures.xdb1,textures/wpn/wpn_akms_gadget_bump.thm,138,,,,
textures.xdb1,textures/wpn/wpn_akms_stock.dds,699192,1024,1024,11,DXT1
textures.xdb1,textures/wpn/wpn_akms_stock.thm,161,,,,
textures.xdb1,textures/wpn/wpn_akms_stock_bump#.dds,240,8,8,4,DXT5
textures.xdb1,textures/wpn/wpn_akms_stock_bump.dds,1398256,1024,1024,11,DXT5
textures.xdb1,textures/wpn/wpn_akms_stock_bump.thm,138,,,,
textures.xdb1,textures/wpn/wpn_aksu.dds,2796344,2048,2048,12,DXT1
textures.xdb1,textures/wpn/wpn_aksu.thm,155,,,,
textures.xdb1,textures/wpn/wpn_aksu_bump#.dds,240,8,8,4,DXT5
textures.xdb1,textures/wpn/wpn_aksu_bump#.thm,138,,,,
textures.xdb1,textures/wpn/wpn_aksu_bump.dds,5592560,2048,2048,12,DXT5
textures.xdb1,textures/wpn/wpn_aksu_bump.thm,138,,,,
textures.xdb1,textures/wpn/wpn_aksu_sk5.dds,2796344,2048,2048,12,DXT1
textures.xdb1,textures/wpn/wpn_aksu_sk5.thm,155,,,,
textures.xdb1,textures/wpn/wpn_aksu_synth.dds,174904,512,512,10,DXT1
textures.xdb1,textures/wpn/wpn_aksu_synth.thm,161,,,,
textures.xdb1,textures/wpn/wpn_aksu_synth_bump#.dds,240,8,8,4,DXT5
textures.xdb1,textures/wpn/wpn_aksu_synth_bump.dds,1398228,512,512,10,RGB
textures.xdb1,textures/wpn/wpn_aksu_synth_bump.thm,138,,,,
textures.xdb1,textures/wpn/wpn_ammo.dds,699192,1024,1024,11,DXT1
textures.xdb1,textures/wpn/wpn_ammo.thm,155,,,,
textures.xdb1,textures/wpn/wpn_ammo_bump#.dds,240,8,8,4,DXT5
textures.xdb1,textures/wpn/wpn_ammo_bump.dds,1398256,1024,1024,11,DXT5
textures.xdb1,textures/wpn/wpn_ammo_bump.thm,155,,,,
textures.xdb1,textures/wpn/wpn_aps.dds,699192,1024,1024,11,DXT1
textures.xdb1,textures/wpn/wpn_aps.thm,154,,,,
textures.xdb1,textures/wpn/wpn_aps_bump#.dds,240,8,8,4,DXT5
textures.xdb1,textures/wpn/wpn_aps_bump.dds,1398256,1024,1024,11,DXT5
textures.xdb1,textures/wpn/wpn_aps_bump.thm,138,,,,
textures.xdb1,textures/wpn/wpn_ar15.dds,2796344,2048,2048,12,DXT1
textures.xdb1,textures/wpn/wpn_ar15.thm,155,,,,
textures.xdb1,textures/wpn/wpn_ar15_bump#.dds,240,8,8,4,DXT5
textures.xdb1,textures/wpn/wpn_ar15_bump.dds,5592560,2048,2048,12,DXT5
textures.xdb1,textures/wpn/wpn_ar15_bump.thm,138,,,,
textures.xdb1,textures/wpn/wpn_ar16.dds,2796344,2048,2048,12,DXT1
textures.xdb1,textures/wpn/wpn_ar16.thm,155,,,,
textures.xdb1,textures/wpn/wpn_aug.dds,2796344,2048,2048,12,DXT1
textures.xdb1,textures/wpn/wpn_aug.thm,154,,,,
textures.xdb1,textures/wpn/wpn_aug_bump#.dds,240,8,8,4,DXT5
textures.xdb1,textures/wpn/wpn_aug_bump.dds,5592560,2048,2048,12,DXT5
textures.xdb1,textures/wpn/wpn_aug_bump.thm,138,,,,
textures.xdb1,textures/wpn/wpn_beretta.dds,699192,1024,1024,11,DXT1
textures.xdb1,textures/wpn/wpn_beretta.thm,158,,,,
textures.xdb1,textures/wpn/wpn_beretta_bump#.dds,240,8,8,4,DXT5
textures.xdb1,textures/wpn/wpn_beretta_bump#.thm,138,,,,
textures.xdb1,textures/wpn/wpn_beretta_bump.dds,5592560,2048,2048,12,DXT5
textures.xdb1,textures/wpn/wpn_beretta_bump.thm,138,,,,
textures.xdb1,textures/wpn/wpn_binokl.dds,2796344,2048,2048,12,DXT1
textures.xdb1,textures/wpn/wpn_binokl.thm,157,,,,
textures.xdb1,textures/wpn/wpn_binokl_bump#.dds,240,8,8,4,DXT5
textures.xdb1,textures/wpn/wpn_binokl_bump#.thm,138,,,,
textures.xdb1,textures/wpn/wpn_binokl_bump.dds,5592560,2048,2048,12,DXT5
textures.xdb1,textures/wpn/wpn_binokl_bump.thm,138,,,,
textures.xdb1,textures/wpn/wpn_bizon.dds,2796344,2048,2048,12,DXT1
textures.xdb1,textures/wpn/wpn_bizon.thm,156,,,,
textures.xdb1,textures/wpn/wpn_bizon_bump#.dds,240,8,8,4,DXT5
textures.xdb1,textures/wpn/wpn_bizon_bump.dds,5592560,2048,2048,12,DXT5
textures.xdb1,textures/wpn/wpn_bizon_bump.thm,138,,,,
textures.xdb1,textures/wpn/wpn_bm-16.dds,349680,512,512,10,DXT5
textures.xdb1,textures/wpn/wpn_bm-16.thm,156,,,,
textures.xdb1,textures/wpn/wpn_bm-16_bump#.dds,87536,256,256,9,DXT5
textures.xdb1,textures/wpn/wpn_bm-16_bump#.thm,138,,,,
textures.xdb1,textures/wpn/wpn_bm-16_bump.dds,87536,256,256,9,DXT5
textures.xdb1,textures/wpn/wpn_bm-16_bump.thm,138,,,,
textures.xdb1,textures/wpn/wpn_bolt.dds,174904,512,512,8,DXT1
textures.xdb1,textures/wpn/wpn_bolt.thm,155,,,,
textures.xdb1,textures/wpn/wpn_bolt_bump#.dds,87536,256,256,9,DXT5
textures.xdb1,textures/wpn/wpn_bolt_bump#.thm,138,,,,
textures.xdb1,textures/wpn/wpn_bolt_bump.dds,87536,256,256,9,DXT5
textures.xdb1,textures/wpn/wpn_bolt_bump.thm,138,,,,
textures.xdb1,textures/wpn/wpn_bullet.dds,174904,512,512,10,DXT1
textures.xdb1,textures/wpn/wpn_bullet.thm,157,,,,
textures.xdb1,textures/wpn/wpn_bullet1.dds,699192,1024,1024,11,DXT1
textures.xdb1,textures/wpn/wpn_bullet1.thm,158,,,,
textures.xdb1,textures/wpn/wpn_bullet1_545.dds,87528,512,256,10,DXT1
textures.xdb1,textures/wpn/wpn_bullet1_545.thm,162,,,,
textures.xdb1,textures/wpn/wpn_bullet1_545_bump#.dds,240,8,8,4,DXT5
textures.xdb1,textures/wpn/wpn_bullet1_545_bump.dds,174928,512,256,10,DXT5
textures.xdb1,textures/wpn/wpn_bullet1_545_bump.thm,138,,,,
textures.xdb1,textures/wpn/wpn_bullet1_556.dds,43832,256,256,9,DXT1
textures.xdb1,textures/wpn/wpn_bullet1_556.thm,162,,,,
textures.xdb1,textures/wpn/wpn_bullet1_556_bump#.dds,240,8,8,4,DXT5
textures.xdb1,textures/wpn/wpn_bullet1_556_bump.dds,87536,256,256,9,DXT5
textures.xdb1,textures/wpn/wpn_bullet1_556_bump.thm,138,,,,
textures.xdb1,textures/wpn/wpn_bullet1_939.dds,43848,512,128,10,DXT1
textures.xdb1,textures/wpn/wpn_bullet1_939.thm,162,,,,
textures.xdb1,textures/wpn/wpn_bullet1_939_bump#.dds,272,16,4,5,DXT5
textures.xdb1,textures/wpn/wpn_bullet1_939_bump.dds,87568,512,128,10,DXT5
textures.xdb1,textures/wpn/wpn_bullet1_939_bump.thm,138,,,,
textures.xdb1,textures/wpn/wpn_bullet1_bump#.dds,240,8,8,4,DXT5
textures.xdb1,textures/wpn/wpn_bullet1_bump.dds,1398256,1024,1024,11,DXT5
textures.xdb1,textures/wpn/wpn_bullet1_bump.thm,138,,,,
textures.xdb1,textures/wpn/wpn_bullet2.dds,699192,1024,1024,11,DXT1
textures.xdb1,textures/wpn/wpn_bullet2.thm,158,,,,
textures.xdb1,textures/wpn/wpn_bullet2_bump#.dds,240,8,8,4,DXT5
textures.xdb1,textures/wpn/wpn_bullet2_bump.dds,1398256,1024,1024,11,DXT5
textures.xdb1,textures/wpn/wpn_bullet2_bump.thm,138,,,,
textures.xdb1,textures/wpn/wpn_bullet_bump#.dds,240,8,8,4,DXT5
textures.xdb1,textures/wpn/wpn_bullet_bump.dds,349680,512,512,10,DXT5
textures.xdb1,textures/wpn/wpn_bullet_bump.thm,138,,,,
textures.xdb1,textures/wpn/wpn_colt.dds,349680,512,512,10,DXT5
textures.xdb1,textures/wpn/wpn_colt.thm,155,,,,
textures.xdb1,textures/wpn/wpn_colt1911.dds,2796344,2048,2048,12,DXT1
textures.xdb1,textures/wpn/wpn_colt1911.thm,159,,,,
textures.xdb1,textures/wpn/wpn_colt1911_bump#.dds,240,8,8,4,DXT5
textures.xdb1,textures/wpn/wpn_colt1911_bump.dds,5592560,2048,2048,12,DXT5
textures.xdb1,textures/wpn/wpn_colt1911_bump.thm,138,,,,
textures.xdb1,textures/wpn/wpn_colt1911_sk9.dds,2796344,2048,2048,12,DXT1
textures.xdb1,textures/wpn/wpn_colt1911_sk9.thm,159,,,,
textures.xdb1,textures/wpn/wpn_colt_bump#.dds,87536,256,256,9,DXT5
textures.xdb1,textures/wpn/wpn_colt_bump#.thm,138,,,,
textures.xdb1,textures/wpn/wpn_colt_bump.dds,87536,256,256,9,DXT5
textures.xdb1,textures/wpn/wpn_colt_bump.thm,138,,,,
textures.xdb1,textures/wpn/wpn_colt_kimber.dds,2796344,2048,2048,12,DXT1
textures.xdb1,textures/wpn/wpn_colt_kimber.thm,162,,,,
textures.xdb1,textures/wpn/wpn_colt_kimber_bump#.dds,240,8,8,4,DXT5
textures.xdb1,textures/wpn/wpn_colt_kimber_bump.dds,5592560,2048,2048,12,DXT5
textures.xdb1,textures/wpn/wpn_colt_kimber_bump.thm,138,,,,
textures.xdb1,textures/wpn/wpn_crosshair.dds,1048704,1024,1024,0,DXT5
textures.xdb1,textures/wpn/wpn_crosshair.thm,138,,,,
textures.xdb1,textures/wpn/wpn_crosshair_1p29.dds,1048704,1024,1024,0,DXT5
textures.xdb1,textures/wpn/wpn_crosshair_1p59.dds,1048704,1024,1024,1,DXT5
textures.xdb1,textures/wpn/wpn_crosshair_acog.dds,1048704,1024,1024,0,DXT5
textures.xdb1,textures/wpn/wpn_crosshair_add_l.dds,8320,64,128,0,DXT5
textures.xdb1,textures/wpn/wpn_crosshair_add_r.dds,8320,64,128,0,DXT5
textures.xdb1,textures/wpn/wpn_crosshair_aug.dds,1048704,1024,1024,1,DXT5
textures.xdb1,textures/wpn/wpn_crosshair_bino.dds,1048704,1024,1024,0,DXT5
textures.xdb1,textures/wpn/wpn_crosshair_bino.thm,138,,,,
textures.xdb1,textures/wpn/wpn_crosshair_class.dds,1048704,1024,1024,1,DXT5
textures.xdb1,textures/wpn/wpn_crosshair_fn2000.dds,1048704,1024,1024,0,DXT5
textures.xdb1,textures/wpn/wpn_crosshair_g36.dds,1048704,1024,1024,0,DXT5
textures.xdb1,textures/wpn/wpn_crosshair_g36.thm,138,,,,
textures.xdb1,textures/wpn/wpn_crosshair_l85.dds,1048704,1024,1024,0,DXT5
textures.xdb1,textures/wpn/wpn_crosshair_l85.thm,138,,,,
textures.xdb1,textures/wpn/wpn_crosshair_m82.dds,1048704,1024,1024,1,DXT5
textures.xdb1,textures/wpn/wpn_crosshair_mark4.dds,1048704,1024,1024,0,DXT5
textures.xdb1,textures/wpn/wpn_crosshair_nspu.dds,1048704,1024,1024,0,DXT5
textures.xdb1,textures/wpn/wpn_crosshair_pks07.dds,1048704,1024,1024,0,DXT5
textures.xdb1,textures/wpn/wpn_crosshair_po4x34.dds,1048704,1024,1024,0,DXT5
textures.xdb1,textures/wpn/wpn_crosshair_pso1.dds,1048704,1024,1024,0,DXT5
textures.xdb1,textures/wpn/wpn_crosshair_red.dds,1048704,1024,1024,1,DXT5
textures.xdb1,textures/wpn/wpn_crosshair_rpg.dds,1048704,1024,1024,0,DXT5
textures.xdb1,textures/wpn/wpn_crosshair_rpg.thm,138,,,,
textures.xdb1,textures/wpn/wpn_crosshair_vss.dds,1048704,1024,1024,0,DXT5
textures.xdb1,textures/wpn/wpn_crosshair_zf9.dds,1048704,1024,1024,0,DXT5
textures.xdb1,textures/wpn/wpn_dao12.dds,2796344,2048,2048,12,DXT1
textures.xdb1,textures/wpn/wpn_dao12.thm,156,,,,
textures.xdb1,textures/wpn/wpn_dao12_bump#.dds,240,8,8,4,DXT5
textures.xdb1,textures/wpn/wpn_dao12_bump.dds,5592560,2048,2048,12,DXT5
textures.xdb1,textures/wpn/wpn_dao12_bump.thm,138,,,,
textures.xdb1,textures/wpn/wpn_dao12_sights.dds,699192,1024,1024,11,DXT1
textures.xdb1,textures/wpn/wpn_dao12_sights.thm,163,,,,
textures.xdb1,textures/wpn/wpn_dao12_sights_bump#.dds,240,8,8,4,DXT5
textures.xdb1,textures/wpn/wpn_dao12_sights_bump.dds,1398256,1024,1024,11,DXT5
textures.xdb1,textures/wpn/wpn_dao12_sights_bump.thm,138,,,,
textures.xdb1,textures/wpn/wpn_desert_eagle.dds,2796344,2048,2048,12,DXT1
textures.xdb1,textures/wpn/wpn_desert_eagle.thm,163,,,,
textures.xdb1,textures/wpn/wpn_desert_eagle_bump#.dds,240,8,8,4,DXT5
textures.xdb1,textures/wpn/wpn_desert_eagle_bump#.thm,138,,,,
textures.xdb1,textures/wpn/wpn_desert_eagle_bump.dds,5592560,2048,2048,12,DXT5
textures.xdb1,textures/wpn/wpn_desert_eagle_bump.thm,138,,,,
textures.xdb1,textures/wpn/wpn_desert_eagle_nimble.dds,2796344,2048,2048,12,DXT1
textures.xdb1,textures/wpn/wpn_desert_eagle_nimble.thm,170,,,,
textures.xdb1,textures/wpn/wpn_desert_eagle_nimble_bump#.dds,240,8,8,4,DXT5
textures.xdb1,textures/wpn/wpn_desert_eagle_nimble_bump.dds,5592560,2048,2048,12,DXT5
textures.xdb1,textures/wpn/wpn_desert_eagle_nimble_bump.thm,138,,,,
textures.xdb1,textures/wpn/wpn_dynamo_hand.dds,699192,1024,1024,11,DXT1
textures.xdb1,textures/wpn/wpn_dynamo_hand.thm,162,,,,
textures.xdb1,textures/wpn/wpn_dynamo_hand_bump#.dds,349680,512,512,10,DXT5
textures.xdb1,textures/wpn/wpn_dynamo_hand_bump.dds,349680,512,512,10,DXT5
textures.xdb1,textures/wpn/wpn_dynamo_hand_bump.thm,138,,,,
textures.xdb1,textures/wpn/wpn_dynamo_hand_glass.dds,65664,256,256,0,DXT5
textures.xdb1,textures/wpn/wpn_dynamo_hand_glass.thm,168,,,,
textures.xdb1,textures/wpn/wpn_dynamo_hand_glass_bump.dds,22000,128,128,8,DXT5
textures.xdb1,textures/wpn/wpn_dynamo_hand_glass_bump.thm,138,,,,
textures.xdb1,textures/wpn/wpn_famas.dds,2796344,2048,2048,12,DXT1
textures.xdb1,textures/wpn/wpn_famas.thm,156,,,,
textures.xdb1,textures/wpn/wpn_famas_bump#.dds,240,8,8,4,DXT5
textures.xdb1,textures/wpn/wpn_famas_bump#.thm,156,,,,
textures.xdb1,textures/wpn/wpn_famas_bump.dds,4194432,2048,2048,0,DXT5
textures.xdb1,textures/wpn/wpn_famas_bump.thm,138,,,,
textures.xdb1,textures/wpn/wpn_fn2000.dds,2796344,2048,2048,12,DXT1
textures.xdb1,textures/wpn/wpn_fn2000.thm,157,,,,
textures.xdb1,textures/wpn/wpn_fn2000_bump#.dds,240,8,8,4,DXT5
textures.xdb1,textures/wpn/wpn_fn2000_bump.dds,5592560,2048,2048,12,DXT5
textures.xdb1,textures/wpn/wpn_fn2000_bump.thm,138,,,,
textures.xdb1,textures/wpn/wpn_fn2000_lens.dds,174904,512,512,10,DXT1
textures.xdb1,textures/wpn/wpn_fn2000_lens_bump#.dds,240,8,8,4,DXT5
textures.xdb1,textures/wpn/wpn_fn2000_lens_bump.thm,138,,,,
textures.xdb1,textures/wpn/wpn_fn2000_new.dds,349680,512,512,10,DXT5
textures.xdb1,textures/wpn/wpn_fn2000_new.thm,161,,,,
textures.xdb1,textures/wpn/wpn_fn2000_new_bump#.dds,87536,256,256,9,DXT5
textures.xdb1,textures/wpn/wpn_fn2000_new_bump#.thm,138,,,,
textures.xdb1,textures/wpn/wpn_fn2000_new_bump.dds,87536,256,256,9,DXT5
textures.xdb1,textures/wpn/wpn_fn2000_new_bump.thm,138,,,,
textures.xdb1,textures/wpn/wpn_fn_p90.dds,2796344,2048,2048,12,DXT1
textures.xdb1,textures/wpn/wpn_fn_p90.thm,157,,,,
textures.xdb1,textures/wpn/wpn_fn_p90_bump#.dds,240,8,8,4,DXT5
textures.xdb1,textures/wpn/wpn_fn_p90_bump.dds,5592560,2048,2048,12,DXT5
textures.xdb1,textures/wpn/wpn_fn_p90_bump.thm,138,,,,
textures.xdb1,textures/wpn/wpn_fnp45.dds,2796344,2048,2048,12,DXT1
textures.xdb1,textures/wpn/wpn_fnp45.thm,156,,,,
textures.xdb1,textures/wpn/wpn_fnp45_bump#.dds,240,8,8,4,DXT5
textures.xdb1,textures/wpn/wpn_fnp45_bump.dds,5592560,2048,2048,12,DXT5
textures.xdb1,textures/wpn/wpn_fnp45_bump.thm,138,,,,
textures.xdb1,textures/wpn/wpn_fnx45.dds,2796344,2048,2048,12,DXT1
textures.xdb1,textures/wpn/wpn_fnx45.thm,156,,,,
textures.xdb1,textures/wpn/wpn_fnx45_bump#.dds,240,8,8,4,DXT5
textures.xdb1,textures/wpn/wpn_fnx45_bump.dds,5592560,2048,2048,12,DXT5
textures.xdb1,textures/wpn/wpn_fnx45_bump.thm,138,,,,
textures.xdb1,textures/wpn/wpn_fort.dds,174848,512,512,6,DXT1
textures.xdb1,textures/wpn/wpn_fort.thm,155,,,,
textures.xdb1,textures/wpn/wpn_fort17.dds,699192,1024,1024,11,DXT1
textures.xdb1,textures/wpn/wpn_fort17.thm,157,,,,
textures.xdb1,textures/wpn/wpn_fort17_bump#.dds,240,8,8,4,DXT5
textures.xdb1,textures/wpn/wpn_fort17_bump.dds,1398256,1024,1024,11,DXT5
textures.xdb1,textures/wpn/wpn_fort17_bump.thm,138,,,,
textures.xdb1,textures/wpn/wpn_fort_bump#.dds,87488,256,256,6,DXT5
textures.xdb1,textures/wpn/wpn_fort_bump.dds,87488,256,256,6,DXT5
textures.xdb1,textures/wpn/wpn_fort_bump.thm,138,,,,
textures.xdb1,textures/wpn/wpn_g3.dds,2796344,2048,2048,12,DXT1
textures.xdb1,textures/wpn/wpn_g3.thm,153,,,,
textures.xdb1,textures/wpn/wpn_g34.dds,2796344,2048,2048,12,DXT1
textures.xdb1,textures/wpn/wpn_g34.thm,155,,,,
textures.xdb1,textures/wpn/wpn_g34_scope.dds,116760,512,340,10,DXT1
textures.xdb1,textures/wpn/wpn_g35.dds,2796344,2048,2048,12,DXT1
textures.xdb1,textures/wpn/wpn_g35.thm,155,,,,
textures.xdb1,textures/wpn/wpn_g35_scope.dds,116760,512,340,10,DXT1
textures.xdb1,textures/wpn/wpn_g36.dds,699008,1024,1024,6,DXT1
textures.xdb1,textures/wpn/wpn_g36.thm,154,,,,
textures.xdb1,textures/wpn/wpn_g36_bump#.dds,349568,512,512,6,DXT5
textures.xdb1,textures/wpn/wpn_g36_bump.dds,349568,512,512,6,DXT5
textures.xdb1,textures/wpn/wpn_g36_bump.thm,138,,,,
textures.xdb1,textures/wpn/wpn_g36k.dds,2796344,2048,2048,12,DXT1
textures.xdb1,textures/wpn/wpn_g36k.thm,155,,,,
textures.xdb1,textures/wpn/wpn_g36k_bump#.dds,240,8,8,4,DXT5
textures.xdb1,textures/wpn/wpn_g36k_bump.dds,5592560,2048,2048,12,DXT5
textures.xdb1,textures/wpn/wpn_g36k_bump.thm,138,,,,
textures.xdb1,textures/wpn/wpn_g3_bump#.dds,240,8,8,4,DXT5
textures.xdb1,textures/wpn/wpn_g3_bump.dds,5592560,2048,2048,12,DXT5
textures.xdb1,textures/wpn/wpn_g3_bump.thm,138,,,,
textures.xdb1,textures/wpn/wpn_g3_mount.dds,699192,1024,1024,11,DXT1
textures.xdb1,textures/wpn/wpn_g3_mount.thm,159,,,,
textures.xdb1,textures/wpn/wpn_g3_mount_bump#.dds,240,8,8,4,DXT5
textures.xdb1,textures/wpn/wpn_g3_mount_bump.dds,1398256,1024,1024,11,DXT5
textures.xdb1,textures/wpn/wpn_g3_mount_bump.thm,138,,,,
textures.xdb1,textures/wpn/wpn_g3sg1.dds,2796344,2048,2048,12,DXT1
textures.xdb1,textures/wpn/wpn_g3sg1.thm,156,,,,
textures.xdb1,textures/wpn/wpn_g3sg1_bump#.dds,240,8,8,4,DXT5
textures.xdb1,textures/wpn/wpn_g3sg1_bump.dds,5592560,2048,2048,12,DXT5
textures.xdb1,textures/wpn/wpn_g3sg1_bump.thm,138,,,,
textures.xdb1,textures/wpn/wpn_g43_body.dds,349648,1024,512,8,DXT1
textures.xdb1,textures/wpn/wpn_g43_body.thm,159,,,,
textures.xdb1,textures/wpn/wpn_g43_body_bump#.dds,131200,512,256,0,DXT5
textures.xdb1,textures/wpn/wpn_g43_body_bump.dds,174928,512,256,10,DXT5
textures.xdb1,textures/wpn/wpn_g43_body_bump.thm,138,,,,
textures.xdb1,textures/wpn/wpn_galil.dds,2796344,2048,2048,12,DXT1
textures.xdb1,textures/wpn/wpn_galil.thm,156,,,,
textures.xdb1,textures/wpn/wpn_galil_bump#.dds,240,8,8,4,DXT5
textures.xdb1,textures/wpn/wpn_galil_bump.dds,5592560,2048,2048,12,DXT5
textures.xdb1,textures/wpn/wpn_galil_bump.thm,138,,,,
textures.xdb1,textures/wpn/wpn_gauss.dds,699192,1024,1024,11,DXT1
textures.xdb1,textures/wpn/wpn_gauss.thm,156,,,,
textures.xdb1,textures/wpn/wpn_gauss1.dds,2796344,2048,2048,12,DXT1
textures.xdb1,textures/wpn/wpn_gauss1.thm,157,,,,
textures.xdb1,textures/wpn/wpn_gauss1_bump#.dds,144,4,4,0,DXT5
textures.xdb1,textures/wpn/wpn_gauss1_bump.dds,4194432,2048,2048,0,DXT5
textures.xdb1,textures/wpn/wpn_gauss1_bump.thm,138,,,,
textures.xdb1,textures/wpn/wpn_gauss2.dds,2796344,2048,2048,12,DXT1
textures.xdb1,textures/wpn/wpn_gauss2.thm,157,,,,
textures.xdb1,textures/wpn/wpn_gauss2_bump#.dds,240,8,8,4,DXT5
textures.xdb1,textures/wpn/wpn_gauss2_bump.dds,4194432,2048,2048,1,DXT5
textures.xdb1,textures/wpn/wpn_gauss2_bump.thm,138,,,,
textures.xdb1,textures/wpn/wpn_gauss_bump#.dds,1398256,1024,1024,11,DXT5
textures.xdb1,textures/wpn/wpn_gauss_bump#.thm,138,,,,
textures.xdb1,textures/wpn/wpn_gauss_bump.dds,1398256,1024,1024,11,DXT5
textures.xdb1,textures/wpn/wpn_gauss_bump.thm,138,,,,
textures.xdb1,textures/wpn/wpn_glock19.dds,2796344,2048,2048,12,DXT1
textures.xdb1,textures/wpn/wpn_glock19.thm,158,,,,
textures.xdb1,textures/wpn/wpn_glock19_bump#.dds,240,8,8,4,DXT5
textures.xdb1,textures/wpn/wpn_glock19_bump.dds,5592560,2048,2048,12,DXT5
textures.xdb1,textures/wpn/wpn_glock19_bump.thm,138,,,,
textures.xdb1,textures/wpn/wpn_grenade.dds,87536,256,256,9,DXT5
textures.xdb1,textures/wpn/wpn_grenade.thm,158,,,,
textures.xdb1,textures/wpn/wpn_grenade1.dds,87536,256,256,9,DXT5
textures.xdb1,textures/wpn/wpn_grenade1.thm,158,,,,
textures.xdb1,textures/wpn/wpn_grenade_40mm.dds,699192,1024,1024,11,DXT1
textures.xdb1,textures/wpn/wpn_grenade_40mm.thm,163,,,,
textures.xdb1,textures/wpn/wpn_grenade_40mm_bump#.dds,240,8,8,4,DXT5
textures.xdb1,textures/wpn/wpn_grenade_40mm_bump.dds,1398256,1024,1024,11,DXT5
textures.xdb1,textures/wpn/wpn_grenade_40mm_bump.thm,138,,,,
textures.xdb1,textures/wpn/wpn_grenade_bump#.dds,22000,128,128,8,DXT5
textures.xdb1,textures/wpn/wpn_grenade_bump#.thm,138,,,,
textures.xdb1,textures/wpn/wpn_grenade_bump.dds,22000,128,128,8,DXT5
textures.xdb1,textures/wpn/wpn_grenade_bump.thm,138,,,,
textures.xdb1,textures/wpn/wpn_grenade_f1.dds,2796344,2048,2048,12,DXT1
textures.xdb1,textures/wpn/wpn_grenade_f1.thm,161,,,,
textures.xdb1,textures/wpn/wpn_grenade_f1_bump#.dds,240,8,8,4,DXT5
textures.xdb1,textures/wpn/wpn_grenade_f1_bump.dds,5592560,2048,2048,12,DXT5
textures.xdb1,textures/wpn/wpn_grenade_f1_bump.thm,138,,,,
textures.xdb1,textures/wpn/wpn_grenade_rdg-m.dds,699192,1024,1024,11,DXT1
textures.xdb1,textures/wpn/wpn_grenade_rdg-m.thm,164,,,,
textures.xdb1,textures/wpn/wpn_grenade_rdg-m_bump#.dds,272,16,4,5,DXT5
textures.xdb1,textures/wpn/wpn_grenade_rdg-m_bump.dds,1398256,1024,1024,11,DXT5
textures.xdb1,textures/wpn/wpn_grenade_rdg-m_bump.thm,138,,,,
textures.xdb1,textures/wpn/wpn_grenade_rdg-s.dds,699192,1024,1024,11,DXT1
textures.xdb1,textures/wpn/wpn_grenade_rdg-s.thm,164,,,,
textures.xdb1,textures/wpn/wpn_grenade_rgd5.dds,2796344,2048,2048,12,DXT1
textures.xdb1,textures/wpn/wpn_grenade_rgd5.thm,163,,,,
textures.xdb1,textures/wpn/wpn_grenade_rgd5_bump#.dds,240,8,8,4,DXT5
textures.xdb1,textures/wpn/wpn_grenade_rgd5_bump.dds,5592560,2048,2048,12,DXT5
textures.xdb1,textures/wpn/wpn_grenade_rgd5_bump.thm,138,,,,
textures.xdb1,textures/wpn/wpn_groza.dds,2796344,2048,2048,12,DXT1
textures.xdb1,textures/wpn/wpn_groza.thm,156,,,,
textures.xdb1,textures/wpn/wpn_groza_bump#.dds,176,4,4,3,DXT5
textures.xdb1,textures/wpn/wpn_groza_bump#.thm,138,,,,
textures.xdb1,textures/wpn/wpn_groza_bump.dds,5592560,2048,2048,12,DXT5
textures.xdb1,textures/wpn/wpn_groza_bump.thm,138,,,,
textures.xdb1,textures/wpn/wpn_groza_grenade_launcher.dds,2796344,2048,2048,12,DXT1
textures.xdb1,textures/wpn/wpn_groza_grenade_launcher.thm,173,,,,
textures.xdb1,textures/wpn/wpn_groza_grenade_launcher_bump#.dds,176,4,4,3,DXT5
textures.xdb1,textures/wpn/wpn_groza_grenade_launcher_bump.dds,5592560,2048,2048,12,DXT5
textures.xdb1,textures/wpn/wpn_groza_grenade_launcher_bump.thm,138,,,,
textures.xdb1,textures/wpn/wpn_groza_mag.dds,2796344,2048,2048,12,DXT1
textures.xdb1,textures/wpn/wpn_groza_mag.thm,160,,,,
textures.xdb1,textures/wpn/wpn_groza_mag_bump#.dds,240,8,8,4,DXT5
textures.xdb1,textures/wpn/wpn_groza_mag_bump.dds,5592560,2048,2048,12,DXT5
textures.xdb1,textures/wpn/wpn_groza_mag_bump.thm,138,,,,
textures.xdb1,textures/wpn/wpn_gsh18.dds,2796344,2048,2048,12,DXT1
textures.xdb1,textures/wpn/wpn_gsh18.thm,156,,,,
textures.xdb1,textures/wpn/wpn_gsh18_bump#.dds,240,8,8,4,DXT5
textures.xdb1,textures/wpn/wpn_gsh18_bump.dds,5592560,2048,2048,12,DXT5
textures.xdb1,textures/wpn/wpn_gsh18_bump.thm,138,,,,
textures.xdb1,textures/wpn/wpn_hand_axe.dds,699192,1024,1024,11,DXT1
textures.xdb1,textures/wpn/wpn_hand_axe.thm,159,,,,
textures.xdb1,textures/wpn/wpn_hand_axe_bump#.dds,192,8,8,1,DXT5
textures.xdb1,textures/wpn/wpn_hand_axe_bump.dds,1398256,1024,1024,11,DXT5
textures.xdb1,textures/wpn/wpn_hand_axe_bump.thm,159,,,,
textures.xdb1,textures/wpn/wpn_hand_pickaxe.dds,699192,1024,1024,11,DXT1
textures.xdb1,textures/wpn/wpn_hand_pickaxe.thm,163,,,,
textures.xdb1,textures/wpn/wpn_hand_pickaxe_bump#.dds,240,8,8,4,DXT5
textures.xdb1,textures/wpn/wpn_hand_pickaxe_bump.dds,1048704,1024,1024,0,DXT5
textures.xdb1,textures/wpn/wpn_hand_pickaxe_bump.thm,163,,,,
textures.xdb1,textures/wpn/wpn_hand_shovel.dds,2796344,2048,2048,12,DXT1
textures.xdb1,textures/wpn/wpn_hand_shovel.thm,162,,,,
textures.xdb1,textures/wpn/wpn_hand_shovel_bump#.dds,240,8,8,4,DXT5
textures.xdb1,textures/wpn/wpn_hand_shovel_bump.dds,5592560,2048,2048,12,DXT5
textures.xdb1,textures/wpn/wpn_hand_shovel_bump.thm,162,,,,
textures.xdb1,textures/wpn/wpn_hpsa.dds,1398248,2048,1024,12,DXT1
textures.xdb1,textures/wpn/wpn_hpsa.thm,155,,,,
textures.xdb1,textures/wpn/wpn_hpsa_bump#.dds,208,8,4,4,DXT5
textures.xdb1,textures/wpn/wpn_hpsa_bump#.thm,138,,,,
textures.xdb1,textures/wpn/wpn_hpsa_bump.dds,2796368,2048,1024,12,DXT5
textures.xdb1,textures/wpn/wpn_hpsa_bump.thm,138,,,,
textures.xdb1,textures/wpn/wpn_ied.dds,131200,512,512,0,DXT1
textures.xdb1,textures/wpn/wpn_ied.thm,154,,,,
textures.xdb1,textures/wpn/wpn_ied_bump#.dds,262272,512,512,0,DXT5
textures.xdb1,textures/wpn/wpn_ied_bump.dds,262272,512,512,0,DXT5
textures.xdb1,textures/wpn/wpn_ied_bump.thm,138,,,,
textures.xdb1,textures/wpn/wpn_ied_rpg.dds,131200,512,512,0,DXT1
textures.xdb1,textures/wpn/wpn_ied_rpg.thm,158,,,,
textures.xdb1,textures/wpn/wpn_ied_rpg__bump.thm,138,,,,
textures.xdb1,textures/wpn/wpn_ied_rpg_bump#.dds,262272,512,512,0,DXT5
textures.xdb1,textures/wpn/wpn_ied_rpg_bump.dds,262272,512,512,0,DXT5
textures.xdb1,textures/wpn/wpn_k98_body.dds,1398248,2048,1024,12,DXT1
textures.xdb1,textures/wpn/wpn_k98_body.thm,159,,,,
textures.xdb1,textures/wpn/wpn_k98_body_bump#.dds,699216,1024,512,11,DXT5
textures.xdb1,textures/wpn/wpn_k98_body_bump.dds,524416,1024,512,0,DXT5
textures.xdb1,textures/wpn/wpn_k98_body_bump.thm,138,,,,
textures.xdb1,textures/wpn/wpn_k98_sil.dds,174904,512,512,10,DXT1
textures.xdb1,textures/wpn/wpn_k98_sil.thm,158,,,,
textures.xdb1,textures/wpn/wpn_k98_sil_bump#.dds,349680,512,512,10,DXT5
textures.xdb1,textures/wpn/wpn_k98_sil_bump.dds,262272,512,512,0,DXT5
textures.xdb1,textures/wpn/wpn_k98_sil_bump.thm,138,,,,
textures.xdb1,textures/wpn/wpn_k98_stock.dds,349648,1024,512,8,DXT1
textures.xdb1,textures/wpn/wpn_k98_stock.thm,160,,,,
textures.xdb1,textures/wpn/wpn_k98_stock_bump#.dds,699216,1024,512,11,DXT5
textures.xdb1,textures/wpn/wpn_k98_stock_bump.dds,524416,1024,512,0,DXT5
textures.xdb1,textures/wpn/wpn_k98_stock_bump.thm,138,,,,
textures.xdb1,textures/wpn/wpn_kiparis.dds,699192,1024,1024,11,DXT1
textures.xdb1,textures/wpn/wpn_kiparis.thm,158,,,,
textures.xdb1,textures/wpn/wpn_kiparis_bump#.dds,22000,128,128,8,DXT5
textures.xdb1,textures/wpn/wpn_kiparis_bump.dds,1398256,1024,1024,11,DXT5
textures.xdb1,textures/wpn/wpn_kiparis_bump.thm,138,,,,
textures.xdb1,textures/wpn/wpn_kiparis_mag.dds,699192,1024,1024,11,DXT1
textures.xdb1,textures/wpn/wpn_kiparis_mag.thm,162,,,,
textures.xdb1,textures/wpn/wpn_kiparis_mag_bump#.dds,22000,128,128,8,DXT5
textures.xdb1,textures/wpn/wpn_kiparis_mag_bump.dds,1398256,1024,1024,11,DXT5
textures.xdb1,textures/wpn/wpn_kiparis_mag_bump.thm,138,,,,
textures.xdb1,textures/wpn/wpn_knife.dds,174848,512,512,6,DXT1
textures.xdb1,textures/wpn/wpn_knife.thm,156,,,,
textures.xdb1,textures/wpn/wpn_knife_13.dds,2796344,2048,2048,12,DXT1
textures.xdb1,textures/wpn/wpn_knife_13.thm,159,,,,
textures.xdb1,textures/wpn/wpn_knife_13_bump#.dds,192,8,8,0,DXT5
textures.xdb1,textures/wpn/wpn_knife_13_bump.dds,5592560,2048,2048,12,DXT5
textures.xdb1,textures/wpn/wpn_knife_13_bump.thm,159,,,,
textures.xdb1,textures/wpn/wpn_knife_2.dds,699192,1024,1024,11,DXT1
textures.xdb1,textures/wpn/wpn_knife_2.thm,158,,,,
textures.xdb1,textures/wpn/wpn_knife_2_bump#.dds,192,8,8,0,DXT5
textures.xdb1,textures/wpn/wpn_knife_2_bump.dds,1398256,1024,1024,11,DXT5
textures.xdb1,textures/wpn/wpn_knife_2_bump.thm,158,,,,
textures.xdb1,textures/wpn/wpn_knife_45.dds,2796344,2048,2048,12,DXT1
textures.xdb1,textures/wpn/wpn_knife_45.thm,159,,,,
textures.xdb1,textures/wpn/wpn_knife_45_bump#.dds,192,8,8,0,DXT5
textures.xdb1,textures/wpn/wpn_knife_45_bump.dds,5592560,2048,2048,12,DXT5
textures.xdb1,textures/wpn/wpn_knife_45_bump.thm,159,,,,
textures.xdb1,textures/wpn/wpn_knife_bump#.dds,87488,256,256,6,DXT5
textures.xdb1,textures/wpn/wpn_knife_bump.dds,87488,256,256,6,DXT5
textures.xdb1,textures/wpn/wpn_knife_bump.thm,138,,,,
textures.xdb1,textures/wpn/wpn_l85.dds,2796344,2048,2048,12,DXT1
textures.xdb1,textures/wpn/wpn_l85.thm,154,,,,
textures.xdb1,textures/wpn/wpn_l85_bump#.dds,240,8,8,4,DXT5
textures.xdb1,textures/wpn/wpn_l85_bump#.thm,138,,,,
textures.xdb1,textures/wpn/wpn_l85_bump.dds,5592560,2048,2048,12,DXT5
textures.xdb1,textures/wpn/wpn_l85_bump.thm,138,,,,
textures.xdb1,textures/wpn/wpn_l85_susat.dds,699192,1024,1024,11,DXT1
textures.xdb1,textures/wpn/wpn_l85_susat.thm,160,,,,
textures.xdb1,textures/wpn/wpn_l85_susat_bump#.dds,240,8,8,4,DXT5
textures.xdb1,textures/wpn/wpn_l85_susat_bump.dds,1398256,1024,1024,11,DXT5
textures.xdb1,textures/wpn/wpn_l85_susat_bump.thm,138,,,,
textures.xdb1,textures/wpn/wpn_l96.dds,1398248,2048,1024,12,DXT1
textures.xdb1,textures/wpn/wpn_l96.thm,154,,,,
textures.xdb1,textures/wpn/wpn_l96_bump#.dds,240,8,8,4,DXT5
textures.xdb1,textures/wpn/wpn_l96_bump.dds,2796368,2048,1024,12,DXT5
textures.xdb1,textures/wpn/wpn_l96_bump.thm,138,,,,
textures.xdb1,textures/wpn/wpn_lr300.dds,2796344,2048,2048,12,DXT1
textures.xdb1,textures/wpn/wpn_lr300.thm,156,,,,
textures.xdb1,textures/wpn/wpn_lr300_banan.dds,349680,512,512,10,DXT5
textures.xdb1,textures/wpn/wpn_lr300_banan.thm,156,,,,
textures.xdb1,textures/wpn/wpn_lr300_bump#.dds,240,8,8,4,DXT5
textures.xdb1,textures/wpn/wpn_lr300_bump#.thm,138,,,,
textures.xdb1,textures/wpn/wpn_lr300_bump.dds,5592560,2048,2048,12,DXT5
textures.xdb2,textures/wpn/wpn_lr300_bump.thm,138,,,,
textures.xdb2,textures/wpn/wpn_m1891.dds,699192,1024,1024,11,DXT1
textures.xdb2,textures/wpn/wpn_m1891.thm,156,,,,
textures.xdb2,textures/wpn/wpn_m1891_bump#.dds,1398256,1024,1024,11,DXT5
textures.xdb2,textures/wpn/wpn_m1891_bump.dds,1398256,1024,1024,11,DXT5
textures.xdb2,textures/wpn/wpn_m1891_bump.thm,138,,,,
textures.xdb2,textures/wpn/wpn_m1891_scope.dds,699192,1024,1024,11,DXT1
textures.xdb2,textures/wpn/wpn_m1891_scope.thm,162,,,,
textures.xdb2,textures/wpn/wpn_m1891_scope_bump#.dds,1398256,1024,1024,11,DXT5
textures.xdb2,textures/wpn/wpn_m1891_scope_bump.dds,1398256,1024,1024,11,DXT5
textures.xdb2,textures/wpn/wpn_m1891_scope_bump.thm,138,,,,
textures.xdb2,textures/wpn/wpn_m1891_wood.dds,699192,1024,1024,11,DXT1
textures.xdb2,textures/wpn/wpn_m1891_wood.thm,161,,,,
textures.xdb2,textures/wpn/wpn_m1891_wood_bump#.dds,1398256,1024,1024,11,DXT5
textures.xdb2,textures/wpn/wpn_m1891_wood_bump.dds,1398256,1024,1024,11,DXT5
textures.xdb2,textures/wpn/wpn_m1891_wood_bump.thm,138,,,,
textures.xdb2,textures/wpn/wpn_m249.dds,2796344,2048,2048,12,DXT1
textures.xdb2,textures/wpn/wpn_m249.thm,155,,,,
textures.xdb2,textures/wpn/wpn_m249_bump#.dds,240,8,8,4,DXT5
textures.xdb2,textures/wpn/wpn_m249_bump.dds,5592560,2048,2048,12,DXT5
textures.xdb2,textures/wpn/wpn_m249_bump.thm,138,,,,
textures.xdb2,textures/wpn/wpn_m4a1.dds,2796344,2048,2048,12,DXT1
textures.xdb2,textures/wpn/wpn_m4a1.thm,155,,,,
textures.xdb2,textures/wpn/wpn_m4a1_bump#.dds,240,8,8,4,DXT5
textures.xdb2,textures/wpn/wpn_m4a1_bump.dds,5592560,2048,2048,12,DXT5
textures.xdb2,textures/wpn/wpn_m4a1_bump.thm,138,,,,
textures.xdb2,textures/wpn/wpn_m4a2.dds,2796344,2048,2048,12,DXT1
textures.xdb2,textures/wpn/wpn_m4a2.thm,155,,,,
textures.xdb2,textures/wpn/wpn_m590a1.dds,2796344,2048,2048,12,DXT1
textures.xdb2,textures/wpn/wpn_m590a1.thm,157,,,,
textures.xdb2,textures/wpn/wpn_m590a1_bump#.dds,240,8,8,4,DXT5
textures.xdb2,textures/wpn/wpn_m590a1_bump.dds,5592560,2048,2048,12,DXT5
textures.xdb2,textures/wpn/wpn_m590a1_bump.thm,138,,,,
textures.xdb2,textures/wpn/wpn_m79.dds,2796344,2048,2048,12,DXT1
textures.xdb2,textures/wpn/wpn_m79.thm,154,,,,
textures.xdb2,textures/wpn/wpn_m79_bump#.dds,240,8,8,4,DXT5
textures.xdb2,textures/wpn/wpn_m79_bump.dds,5592560,2048,2048,12,DXT5
textures.xdb2,textures/wpn/wpn_m79_bump.thm,138,,,,
textures.xdb2,textures/wpn/wpn_m98b.dds,699192,1024,1024,11,DXT1
textures.xdb2,textures/wpn/wpn_m98b.thm,155,,,,
textures.xdb2,textures/wpn/wpn_m98b_bump#.dds,1398256,1024,1024,11,DXT5
textures.xdb2,textures/wpn/wpn_m98b_bump.dds,1398256,1024,1024,11,DXT5
textures.xdb2,textures/wpn/wpn_m98b_bump.thm,138,,,,
textures.xdb2,textures/wpn/wpn_mosin_body.dds,2796344,2048,2048,12,DXT1
textures.xdb2,textures/wpn/wpn_mosin_body.thm,161,,,,
textures.xdb2,textures/wpn/wpn_mosin_body_bump#.dds,87536,256,256,9,DXT5
textures.xdb2,textures/wpn/wpn_mosin_body_bump.dds,5592560,2048,2048,12,DXT5
textures.xdb2,textures/wpn/wpn_mosin_body_bump.thm,138,,,,
textures.xdb2,textures/wpn/wpn_mosin_bolt.dds,699192,1024,1024,11,DXT1
textures.xdb2,textures/wpn/wpn_mosin_bolt.thm,161,,,,
textures.xdb2,textures/wpn/wpn_mosin_bolt_bump#.dds,87536,256,256,9,DXT5
textures.xdb2,textures/wpn/wpn_mosin_bolt_bump.dds,1398256,1024,1024,11,DXT5
textures.xdb2,textures/wpn/wpn_mosin_bolt_bump.thm,138,,,,
textures.xdb2,textures/wpn/wpn_mosin_bullet.dds,699192,1024,1024,11,DXT1
textures.xdb2,textures/wpn/wpn_mosin_bullet.thm,163,,,,
textures.xdb2,textures/wpn/wpn_mosin_bullet_bump#.dds,87536,256,256,9,DXT5
textures.xdb2,textures/wpn/wpn_mosin_bullet_bump.dds,1398256,1024,1024,11,DXT5
textures.xdb2,textures/wpn/wpn_mosin_bullet_bump.thm,138,,,,
textures.xdb2,textures/wpn/wpn_mosin_scope.dds,2796344,2048,2048,12,DXT1
textures.xdb2,textures/wpn/wpn_mosin_scope.thm,162,,,,
textures.xdb2,textures/wpn/wpn_mosin_scope_bump#.dds,87536,256,256,9,DXT5
textures.xdb2,textures/wpn/wpn_mosin_scope_bump.dds,5592560,2048,2048,12,DXT5
textures.xdb2,textures/wpn/wpn_mosin_scope_bump.thm,138,,,,
textures.xdb2,textures/wpn/wpn_mossberg590.dds,2796344,2048,2048,12,DXT1
textures.xdb2,textures/wpn/wpn_mossberg590.thm,162,,,,
textures.xdb2,textures/wpn/wpn_mossberg590_bump#.dds,192,8,8,1,DXT5
textures.xdb2,textures/wpn/wpn_mossberg590_bump#.thm,138,,,,
textures.xdb2,textures/wpn/wpn_mossberg590_bump.dds,5592560,2048,2048,12,DXT5
textures.xdb2,textures/wpn/wpn_mossberg590_bump.thm,138,,,,
textures.xdb2,textures/wpn/wpn_mp133.dds,699192,1024,1024,11,DXT1
textures.xdb2,textures/wpn/wpn_mp133.thm,156,,,,
textures.xdb2,textures/wpn/wpn_mp133_bump#.dds,240,8,8,4,DXT5
textures.xdb2,textures/wpn/wpn_mp133_bump.dds,5592560,2048,2048,12,DXT5
textures.xdb2,textures/wpn/wpn_mp133_bump.thm,138,,,,
textures.xdb2,textures/wpn/wpn_mp153.dds,2796344,2048,2048,12,DXT1
textures.xdb2,textures/wpn/wpn_mp153.thm,156,,,,
textures.xdb2,textures/wpn/wpn_mp153_bump#.dds,240,8,8,4,DXT5
textures.xdb2,textures/wpn/wpn_mp153_bump.dds,5592560,2048,2048,12,DXT5
textures.xdb2,textures/wpn/wpn_mp153_bump.thm,138,,,,
textures.xdb2,textures/wpn/wpn_mp412.dds,2796344,2048,2048,12,DXT1
textures.xdb2,textures/wpn/wpn_mp412.thm,156,,,,
textures.xdb2,textures/wpn/wpn_mp412_bump#.dds,87536,256,256,9,DXT5
textures.xdb2,textures/wpn/wpn_mp412_bump.dds,5592560,2048,2048,12,DXT5
textures.xdb2,textures/wpn/wpn_mp412_bump.thm,138,,,,
textures.xdb2,textures/wpn/wpn_mp5.dds,2796344,2048,2048,12,DXT1
textures.xdb2,textures/wpn/wpn_mp5.thm,154,,,,
textures.xdb2,textures/wpn/wpn_mp5_bump#.dds,240,8,8,4,DXT5
textures.xdb2,textures/wpn/wpn_mp5_bump#.thm,138,,,,
textures.xdb2,textures/wpn/wpn_mp5_bump.dds,5592560,2048,2048,12,DXT5
textures.xdb2,textures/wpn/wpn_mp5_bump.thm,138,,,,
textures.xdb2,textures/wpn/wpn_mp5_sk4.dds,2796344,2048,2048,12,DXT1
textures.xdb2,textures/wpn/wpn_mp5_sk4.thm,154,,,,
textures.xdb2,textures/wpn/wpn_mp5sd.dds,2796344,2048,2048,12,DXT1
textures.xdb2,textures/wpn/wpn_mp5sd.thm,156,,,,
textures.xdb2,textures/wpn/wpn_mp5sd_bump#.dds,240,8,8,4,DXT5
textures.xdb2,textures/wpn/wpn_mp5sd_bump.dds,5592560,2048,2048,12,DXT5
textures.xdb2,textures/wpn/wpn_mp5sd_bump.thm,138,,,,
textures.xdb2,textures/wpn/wpn_new_ammo.dds,43832,256,256,9,DXT1
textures.xdb2,textures/wpn/wpn_oc33.dds,2796344,2048,2048,12,DXT1
textures.xdb2,textures/wpn/wpn_oc33.thm,155,,,,
textures.xdb2,textures/wpn/wpn_oc33_bump#.dds,240,8,8,4,DXT5
textures.xdb2,textures/wpn/wpn_oc33_bump.dds,5592560,2048,2048,12,DXT5
textures.xdb2,textures/wpn/wpn_oc33_bump.thm,138,,,,
textures.xdb2,textures/wpn/wpn_pb.dds,2796344,2048,2048,12,DXT1
textures.xdb2,textures/wpn/wpn_pb.thm,153,,,,
textures.xdb2,textures/wpn/wpn_pb_bump#.dds,240,8,8,4,DXT5
textures.xdb2,textures/wpn/wpn_pb_bump#.thm,138,,,,
textures.xdb2,textures/wpn/wpn_pb_bump.dds,5592560,2048,2048,12,DXT5
textures.xdb2,textures/wpn/wpn_pb_bump.thm,138,,,,
textures.xdb2,textures/wpn/wpn_pfm1.dds,131200,512,512,0,DXT1
textures.xdb2,textures/wpn/wpn_pfm1.thm,155,,,,
textures.xdb2,textures/wpn/wpn_pfm1_bump#.dds,262272,512,512,0,DXT5
textures.xdb2,textures/wpn/wpn_pfm1_bump#.thm,138,,,,
textures.xdb2,textures/wpn/wpn_pfm1_bump.dds,262272,512,512,0,DXT5
textures.xdb2,textures/wpn/wpn_pfm1_bump.thm,138,,,,
textures.xdb2,textures/wpn/wpn_pkm.dds,2796344,2048,2048,12,DXT1
textures.xdb2,textures/wpn/wpn_pkm.thm,154,,,,
textures.xdb2,textures/wpn/wpn_pkm_bump#.dds,240,8,8,4,DXT5
textures.xdb2,textures/wpn/wpn_pkm_bump#.thm,138,,,,
textures.xdb2,textures/wpn/wpn_pkm_bump.dds,5592560,2048,2048,12,DXT5
textures.xdb2,textures/wpn/wpn_pkm_bump.thm,138,,,,
textures.xdb2,textures/wpn/wpn_pkm_decals.dds,87536,256,256,9,DXT5
textures.xdb2,textures/wpn/wpn_pkm_decals.thm,138,,,,
textures.xdb2,textures/wpn/wpn_pkm_lenta.dds,43832,256,256,9,DXT1
textures.xdb2,textures/wpn/wpn_pkm_lenta.thm,160,,,,
textures.xdb2,textures/wpn/wpn_pkm_lenta_bump#.dds,22000,128,128,8,DXT5
textures.xdb2,textures/wpn/wpn_pkm_lenta_bump#.thm,138,,,,
textures.xdb2,textures/wpn/wpn_pkm_lenta_bump.dds,22000,128,128,8,DXT5
textures.xdb2,textures/wpn/wpn_pkm_lenta_bump.thm,138,,,,
textures.xdb2,textures/wpn/wpn_pkm_magazin.dds,2796344,2048,2048,12,DXT1
textures.xdb2,textures/wpn/wpn_pkm_magazin.thm,162,,,,
textures.xdb2,textures/wpn/wpn_pkm_magazin_bump#.dds,176,4,4,3,DXT5
textures.xdb2,textures/wpn/wpn_pkm_magazin_bump.dds,5592560,2048,2048,12,DXT5
textures.xdb2,textures/wpn/wpn_pkm_magazin_bump.thm,138,,,,
textures.xdb2,textures/wpn/wpn_pkm_trenoga.dds,699192,1024,1024,11,DXT1
textures.xdb2,textures/wpn/wpn_pkm_trenoga.thm,162,,,,
textures.xdb2,textures/wpn/wpn_pkm_trenoga_bump#.dds,349680,512,512,10,DXT5
textures.xdb2,textures/wpn/wpn_pkm_trenoga_bump.dds,349680,512,512,10,DXT5
textures.xdb2,textures/wpn/wpn_pkm_trenoga_bump.thm,138,,,,
textures.xdb2,textures/wpn/wpn_pm.dds,2796344,2048,2048,12,DXT1
textures.xdb2,textures/wpn/wpn_pm.thm,153,,,,
textures.xdb2,textures/wpn/wpn_pm_bump#.dds,272,16,4,5,DXT5
textures.xdb2,textures/wpn/wpn_pm_bump#.thm,138,,,,
textures.xdb2,textures/wpn/wpn_pm_bump.dds,5592560,2048,2048,12,DXT5
textures.xdb2,textures/wpn/wpn_pm_bump.thm,138,,,,
textures.xdb2,textures/wpn/wpn_pp2000.dds,2796344,2048,2048,12,DXT1
textures.xdb2,textures/wpn/wpn_pp2000.thm,157,,,,
textures.xdb2,textures/wpn/wpn_pp2000_bump#.dds,272,16,4,5,DXT5
textures.xdb2,textures/wpn/wpn_pp2000_bump.dds,5592560,2048,2048,12,DXT5
textures.xdb2,textures/wpn/wpn_pp2000_bump.thm,138,,,,
textures.xdb2,textures/wpn/wpn_ppsh41.dds,699192,1024,1024,11,DXT1
textures.xdb2,textures/wpn/wpn_ppsh41.thm,157,,,,
textures.xdb2,textures/wpn/wpn_ppsh41_bump#.dds,1398256,1024,1024,11,DXT5
textures.xdb2,textures/wpn/wpn_ppsh41_bump.dds,1398256,1024,1024,11,DXT5
textures.xdb2,textures/wpn/wpn_ppsh41_bump.thm,138,,,,
textures.xdb2,textures/wpn/wpn_protecta.dds,2796344,2048,2048,12,DXT1
textures.xdb2,textures/wpn/wpn_protecta.thm,159,,,,
textures.xdb2,textures/wpn/wpn_protecta_bump#.dds,240,8,8,4,DXT5
textures.xdb2,textures/wpn/wpn_protecta_bump#.thm,138,,,,
textures.xdb2,textures/wpn/wpn_protecta_bump.dds,5592560,2048,2048,12,DXT5
textures.xdb2,textures/wpn/wpn_protecta_bump.thm,138,,,,
textures.xdb2,textures/wpn/wpn_protecta_dots.dds,176,4,4,3,DXT3
textures.xdb2,textures/wpn/wpn_protecta_dots.thm,138,,,,
textures.xdb2,textures/wpn/wpn_protecta_sights.dds,174904,512,512,10,DXT1
textures.xdb2,textures/wpn/wpn_protecta_sights.thm,166,,,,
textures.xdb2,textures/wpn/wpn_protecta_sights_bump#.dds,240,8,8,4,DXT5
textures.xdb2,textures/wpn/wpn_protecta_sights_bump.dds,349680,512,512,10,DXT5
textures.xdb2,textures/wpn/wpn_protecta_sights_bump.thm,138,,,,
textures.xdb2,textures/wpn/wpn_rg6.dds,2796344,2048,2048,12,DXT1
textures.xdb2,textures/wpn/wpn_rg6.thm,154,,,,
textures.xdb2,textures/wpn/wpn_rg6_bump#.dds,240,8,8,4,DXT5
textures.xdb2,textures/wpn/wpn_rg6_bump#.thm,138,,,,
textures.xdb2,textures/wpn/wpn_rg6_bump.dds,5592560,2048,2048,12,DXT5
textures.xdb2,textures/wpn/wpn_rg6_bump.thm,138,,,,
textures.xdb2,textures/wpn/wpn_rpd.dds,2796344,2048,2048,12,DXT1
textures.xdb2,textures/wpn/wpn_rpd.thm,154,,,,
textures.xdb2,textures/wpn/wpn_rpd_bump#.dds,240,8,8,4,DXT5
textures.xdb2,textures/wpn/wpn_rpd_bump.dds,5592560,2048,2048,12,DXT5
textures.xdb2,textures/wpn/wpn_rpd_bump.thm,138,,,,
textures.xdb2,textures/wpn/wpn_rpg-6.dds,87528,256,512,10,DXT1
textures.xdb2,textures/wpn/wpn_rpg-6.thm,156,,,,
textures.xdb2,textures/wpn/wpn_rpg-6_bump#.dds,87488,256,256,6,DXT5
textures.xdb2,textures/wpn/wpn_rpg-6_bump.dds,87488,256,256,6,DXT5
textures.xdb2,textures/wpn/wpn_rpg-6_bump.thm,138,,,,
textures.xdb2,textures/wpn/wpn_rpg-7.dds,2796344,2048,2048,12,DXT1
textures.xdb2,textures/wpn/wpn_rpg-7.thm,156,,,,
textures.xdb2,textures/wpn/wpn_rpg-7_bump#.dds,240,8,8,4,DXT5
textures.xdb2,textures/wpn/wpn_rpg-7_bump#.thm,138,,,,
textures.xdb2,textures/wpn/wpn_rpg-7_bump.dds,5592560,2048,2048,12,DXT5
textures.xdb2,textures/wpn/wpn_rpg-7_bump.thm,138,,,,
textures.xdb2,textures/wpn/wpn_rpk74m.dds,2796344,2048,2048,12,DXT1
textures.xdb2,textures/wpn/wpn_rpk74m.thm,157,,,,
textures.xdb2,textures/wpn/wpn_rpk74m_bump#.dds,240,8,8,4,DXT5
textures.xdb2,textures/wpn/wpn_rpk74m_bump.dds,5592560,2048,2048,12,DXT5
textures.xdb2,textures/wpn/wpn_rpk74m_bump.thm,138,,,,
textures.xdb2,textures/wpn/wpn_rpk_body.dds,2796344,2048,2048,12,DXT1
textures.xdb2,textures/wpn/wpn_rpk_body.thm,159,,,,
textures.xdb2,textures/wpn/wpn_rpk_body_bump#.dds,240,8,8,4,DXT5
textures.xdb2,textures/wpn/wpn_rpk_body_bump.dds,5592560,2048,2048,12,DXT5
textures.xdb2,textures/wpn/wpn_rpk_body_bump.thm,138,,,,
textures.xdb2,textures/wpn/wpn_rpk_grips.dds,2796344,2048,2048,12,DXT1
textures.xdb2,textures/wpn/wpn_rpk_grips.thm,160,,,,
textures.xdb2,textures/wpn/wpn_rpk_grips_bump#.dds,240,8,8,4,DXT5
textures.xdb2,textures/wpn/wpn_rpk_grips_bump.dds,5592560,2048,2048,12,DXT5
textures.xdb2,textures/wpn/wpn_rpk_grips_bump.thm,138,,,,
textures.xdb2,textures/wpn/wpn_rpk_mag.dds,699192,1024,1024,11,DXT1
textures.xdb2,textures/wpn/wpn_rpk_mag.thm,158,,,,
textures.xdb2,textures/wpn/wpn_rpk_mag_bump#.dds,240,8,8,4,DXT5
textures.xdb2,textures/wpn/wpn_rpk_mag_bump.dds,1398256,1024,1024,11,DXT5
textures.xdb2,textures/wpn/wpn_rpk_mag_bump.thm,138,,,,
textures.xdb2,textures/wpn/wpn_saiga_dayz.dds,2796344,2048,2048,12,DXT1
textures.xdb2,textures/wpn/wpn_saiga_dayz.thm,39365,,,,
textures.xdb2,textures/wpn/wpn_saiga_dayz_bump#.dds,192,8,8,0,DXT5
textures.xdb2,textures/wpn/wpn_saiga_dayz_bump.dds,4194432,2048,2048,0,DXT5
textures.xdb2,textures/wpn/wpn_saiga_folding_dayz.dds,699192,1024,1024,11,DXT1
textures.xdb2,textures/wpn/wpn_saiga_folding_dayz.thm,32373,,,,
textures.xdb2,textures/wpn/wpn_saiga_folding_dayz_bump#.dds,192,8,8,0,DXT5
textures.xdb2,textures/wpn/wpn_saiga_folding_dayz_bump.dds,1048704,1024,1024,0,DXT5
textures.xdb2,textures/wpn/wpn_saiga_mag8_dayz.dds,699192,1024,1024,11,DXT1
textures.xdb2,textures/wpn/wpn_saiga_mag8_dayz.thm,36885,,,,
textures.xdb2,textures/wpn/wpn_saiga_mag8_dayz_bump#.dds,192,8,8,0,DXT5
textures.xdb2,textures/wpn/wpn_saiga_mag8_dayz_bump.dds,1048704,1024,1024,0,DXT5
textures.xdb2,textures/wpn/wpn_scar.dds,2796344,2048,2048,12,DXT1
textures.xdb2,textures/wpn/wpn_scar.thm,155,,,,
textures.xdb2,textures/wpn/wpn_scar_bullet.dds,174904,512,512,10,DXT1
textures.xdb2,textures/wpn/wpn_scar_bullet.thm,162,,,,
textures.xdb2,textures/wpn/wpn_scar_bullet_bump#.dds,240,8,8,4,DXT5
textures.xdb2,textures/wpn/wpn_scar_bullet_bump.dds,349680,512,512,10,DXT5
textures.xdb2,textures/wpn/wpn_scar_bullet_bump.thm,138,,,,
textures.xdb2,textures/wpn/wpn_scar_bump#.dds,240,8,8,4,DXT5
textures.xdb2,textures/wpn/wpn_scar_bump.dds,5592560,2048,2048,12,DXT5
textures.xdb2,textures/wpn/wpn_scar_bump.thm,138,,,,
textures.xdb2,textures/wpn/wpn_scope_elcan_specter_dr.dds,699192,1024,1024,11,DXT1
textures.xdb2,textures/wpn/wpn_scope_elcan_specter_dr.thm,138,,,,
textures.xdb2,textures/wpn/wpn_scope_elcan_specter_dr_bump#.dds,349680,512,512,10,DXT5
textures.xdb2,textures/wpn/wpn_scope_elcan_specter_dr_bump.dds,349680,512,512,10,DXT5
textures.xdb2,textures/wpn/wpn_scope_elcan_specter_dr_bump.thm,168,,,,
textures.xdb2,textures/wpn/wpn_scope_elcan_specter_dr_lens.dds,87568,512,128,10,DXT5
textures.xdb2,textures/wpn/wpn_sig-p220.dds,2796344,2048,2048,12,DXT1
textures.xdb2,textures/wpn/wpn_sig-p220.thm,159,,,,
textures.xdb2,textures/wpn/wpn_sig-p220_bump#.dds,240,8,8,4,DXT5
textures.xdb2,textures/wpn/wpn_sig-p220_bump#.thm,138,,,,
textures.xdb2,textures/wpn/wpn_sig-p220_bump.dds,5592560,2048,2048,12,DXT5
textures.xdb2,textures/wpn/wpn_sig-p220_bump.thm,138,,,,
textures.xdb2,textures/wpn/wpn_sig-p220_sk4.dds,2796344,2048,2048,12,DXT1
textures.xdb2,textures/wpn/wpn_sig-p220_sk4.thm,159,,,,
textures.xdb2,textures/wpn/wpn_sig550.dds,2796344,2048,2048,12,DXT1
textures.xdb2,textures/wpn/wpn_sig550.thm,157,,,,
textures.xdb2,textures/wpn/wpn_sig550_bump#.dds,240,8,8,4,DXT5
textures.xdb2,textures/wpn/wpn_sig550_bump#.thm,138,,,,
textures.xdb2,textures/wpn/wpn_sig550_bump.dds,5592560,2048,2048,12,DXT5
textures.xdb2,textures/wpn/wpn_sig550_bump.thm,138,,,,
textures.xdb2,textures/wpn/wpn_sig550_lucky_barrel.dds,349672,1024,512,11,DXT1
textures.xdb2,textures/wpn/wpn_sig550_lucky_barrel.thm,170,,,,
textures.xdb2,textures/wpn/wpn_sig550_lucky_barrel_bump#.dds,176,4,2,3,DXT5
textures.xdb2,textures/wpn/wpn_sig550_lucky_barrel_bump.dds,699216,1024,512,11,DXT5
textures.xdb2,textures/wpn/wpn_sig550_lucky_barrel_bump.thm,138,,,,
textures.xdb2,textures/wpn/wpn_sig550_lucky_front.dds,349672,1024,512,11,DXT1
textures.xdb2,textures/wpn/wpn_sig550_lucky_front.thm,169,,,,
textures.xdb2,textures/wpn/wpn_sig550_lucky_front_bump#.dds,176,4,2,3,DXT5
textures.xdb2,textures/wpn/wpn_sig550_lucky_front_bump.dds,699216,1024,512,11,DXT5
textures.xdb2,textures/wpn/wpn_sig550_lucky_front_bump.thm,138,,,,
textures.xdb2,textures/wpn/wpn_sig550_lucky_receiver.dds,699192,1024,1024,11,DXT1
textures.xdb2,textures/wpn/wpn_sig550_lucky_receiver.thm,173,,,,
textures.xdb2,textures/wpn/wpn_sig550_lucky_receiver_bump#.dds,176,4,4,3,DXT5
textures.xdb2,textures/wpn/wpn_sig550_lucky_receiver_bump.dds,1398256,1024,1024,11,DXT5
textures.xdb2,textures/wpn/wpn_sig550_lucky_receiver_bump.thm,138,,,,
textures.xdb2,textures/wpn/wpn_sig550_mag.dds,699192,1024,1024,11,DXT1
textures.xdb2,textures/wpn/wpn_sig550_mag.thm,161,,,,
textures.xdb2,textures/wpn/wpn_sig550_mag_bump#.dds,240,8,8,4,DXT5
textures.xdb2,textures/wpn/wpn_sig550_mag_bump.dds,1398256,1024,1024,11,DXT5
textures.xdb2,textures/wpn/wpn_sig550_mag_bump.thm,138,,,,
textures.xdb2,textures/wpn/wpn_sig550_magazine.dds,174904,512,512,10,DXT1
textures.xdb2,textures/wpn/wpn_sig550_magazine.thm,166,,,,
textures.xdb2,textures/wpn/wpn_sig550_magazine_bump#.dds,176,4,4,3,DXT5
textures.xdb2,textures/wpn/wpn_sig550_magazine_bump.dds,349680,512,512,10,DXT5
textures.xdb2,textures/wpn/wpn_sig550_magazine_bump.thm,138,,,,
textures.xdb2,textures/wpn/wpn_sig550_magint.dds,174904,512,512,10,DXT1
textures.xdb2,textures/wpn/wpn_sig550_magint.thm,165,,,,
textures.xdb2,textures/wpn/wpn_sig550_magint_bump#.dds,176,4,4,3,DXT5
textures.xdb2,textures/wpn/wpn_sig550_magint_bump.dds,349680,512,512,10,DXT5
textures.xdb2,textures/wpn/wpn_sig550_magint_bump.thm,138,,,,
textures.xdb2,textures/wpn/wpn_sig550_rest.dds,174904,512,512,10,DXT1
textures.xdb2,textures/wpn/wpn_sig550_rest.thm,162,,,,
textures.xdb2,textures/wpn/wpn_sig550_rest_bump#.dds,176,4,4,3,DXT5
textures.xdb2,textures/wpn/wpn_sig550_rest_bump.dds,349680,512,512,10,DXT5
textures.xdb2,textures/wpn/wpn_sig550_rest_bump.thm,138,,,,
textures.xdb2,textures/wpn/wpn_sig550_scope.dds,699192,1024,1024,11,DXT1
textures.xdb2,textures/wpn/wpn_sig550_scope.thm,163,,,,
textures.xdb2,textures/wpn/wpn_sig550_scope_bump#.dds,1398256,1024,1024,11,DXT5
textures.xdb2,textures/wpn/wpn_sig550_scope_bump.dds,1398256,1024,1024,11,DXT5
textures.xdb2,textures/wpn/wpn_sig550_scope_bump.thm,138,,,,
textures.xdb2,textures/wpn/wpn_sig550_stock.dds,699192,1024,1024,11,DXT1
textures.xdb2,textures/wpn/wpn_sig550_stock.thm,163,,,,
textures.xdb2,textures/wpn/wpn_sig550_stock_bump#.dds,1398256,1024,1024,11,DXT5
textures.xdb2,textures/wpn/wpn_sig550_stock_bump.dds,1398256,1024,1024,11,DXT5
textures.xdb2,textures/wpn/wpn_sig550_stock_bump.thm,138,,,,
textures.xdb2,textures/wpn/wpn_sig552.dds,2796344,2048,2048,12,DXT1
textures.xdb2,textures/wpn/wpn_sig552.thm,157,,,,
textures.xdb2,textures/wpn/wpn_sig552_bump#.dds,240,8,8,4,DXT5
textures.xdb2,textures/wpn/wpn_sig552_bump.dds,5592560,2048,2048,12,DXT5
textures.xdb2,textures/wpn/wpn_sig552_bump.thm,138,,,,
textures.xdb2,textures/wpn/wpn_sig553.dds,2796344,2048,2048,12,DXT1
textures.xdb2,textures/wpn/wpn_sig553.thm,157,,,,
textures.xdb2,textures/wpn/wpn_sks.dds,699216,1024,512,11,DXT5
textures.xdb2,textures/wpn/wpn_sks.thm,154,,,,
textures.xdb2,textures/wpn/wpn_sks_bullet.dds,699208,2048,512,12,DXT1
textures.xdb2,textures/wpn/wpn_sks_bullet_bump#.dds,240,8,8,4,DXT5
textures.xdb2,textures/wpn/wpn_sks_bullet_bump.thm,138,,,,
textures.xdb2,textures/wpn/wpn_sks_bump#.dds,240,8,8,4,DXT5
textures.xdb2,textures/wpn/wpn_sks_bump.dds,2796368,2048,1024,12,DXT5
textures.xdb2,textures/wpn/wpn_sks_bump.thm,138,,,,
textures.xdb2,textures/wpn/wpn_spas12.dds,2796344,2048,2048,12,DXT1
textures.xdb2,textures/wpn/wpn_spas12.thm,157,,,,
textures.xdb2,textures/wpn/wpn_spas12_bump#.dds,240,8,8,4,DXT5
textures.xdb2,textures/wpn/wpn_spas12_bump#.thm,138,,,,
textures.xdb2,textures/wpn/wpn_spas12_bump.dds,5592560,2048,2048,12,DXT5
textures.xdb2,textures/wpn/wpn_spas12_bump.thm,138,,,,
textures.xdb2,textures/wpn/wpn_sv98.dds,2796344,2048,2048,12,DXT1
textures.xdb2,textures/wpn/wpn_sv98.thm,155,,,,
textures.xdb2,textures/wpn/wpn_sv98_bump#.dds,240,8,8,4,DXT5
textures.xdb2,textures/wpn/wpn_sv98_bump.dds,5592560,2048,2048,12,DXT5
textures.xdb2,textures/wpn/wpn_sv98_bump.thm,138,,,,
textures.xdb2,textures/wpn/wpn_svd.dds,349680,512,512,10,DXT5
textures.xdb2,textures/wpn/wpn_svd.thm,154,,,,
textures.xdb2,textures/wpn/wpn_svd_alt_bar.dds,699192,1024,1024,11,DXT1
textures.xdb2,textures/wpn/wpn_svd_alt_bar.thm,162,,,,
textures.xdb2,textures/wpn/wpn_svd_alt_bar_bump#.dds,176,4,4,3,DXT5
textures.xdb2,textures/wpn/wpn_svd_alt_bar_bump.dds,1398256,1024,1024,11,DXT5
textures.xdb2,textures/wpn/wpn_svd_alt_bar_bump.thm,138,,,,
textures.xdb2,textures/wpn/wpn_svd_alt_mag.dds,699192,1024,1024,11,DXT1
textures.xdb2,textures/wpn/wpn_svd_alt_mag.thm,162,,,,
textures.xdb2,textures/wpn/wpn_svd_alt_mag_bump#.dds,176,4,4,3,DXT5
textures.xdb2,textures/wpn/wpn_svd_alt_mag_bump.dds,1398256,1024,1024,11,DXT5
textures.xdb2,textures/wpn/wpn_svd_alt_mag_bump.thm,138,,,,
textures.xdb2,textures/wpn/wpn_svd_alt_rec1.dds,2796344,2048,2048,12,DXT1
textures.xdb2,textures/wpn/wpn_svd_alt_rec1.thm,163,,,,
textures.xdb2,textures/wpn/wpn_svd_alt_rec1_bump#.dds,240,8,8,4,DXT5
textures.xdb2,textures/wpn/wpn_svd_alt_rec1_bump.dds,5592560,2048,2048,12,DXT5
textures.xdb2,textures/wpn/wpn_svd_alt_rec1_bump.thm,138,,,,
textures.xdb2,textures/wpn/wpn_svd_alt_rec2.dds,699192,1024,1024,11,DXT1
textures.xdb2,textures/wpn/wpn_svd_alt_rec2.thm,163,,,,
textures.xdb2,textures/wpn/wpn_svd_alt_rec2_bump#.dds,176,4,4,3,DXT5
textures.xdb2,textures/wpn/wpn_svd_alt_rec2_bump.dds,1398256,1024,1024,11,DXT5
textures.xdb2,textures/wpn/wpn_svd_alt_rec2_bump.thm,138,,,,
textures.xdb2,textures/wpn/wpn_svd_alt_stock.dds,2796344,2048,2048,12,DXT1
textures.xdb2,textures/wpn/wpn_svd_alt_stock.thm,164,,,,
textures.xdb2,textures/wpn/wpn_svd_alt_stock_bump#.dds,240,8,8,4,DXT5
textures.xdb2,textures/wpn/wpn_svd_alt_stock_bump.dds,5592560,2048,2048,12,DXT5
textures.xdb2,textures/wpn/wpn_svd_alt_stock_bump.thm,138,,,,
textures.xdb2,textures/wpn/wpn_svd_alt_wood.dds,2796344,2048,2048,12,DXT1
textures.xdb2,textures/wpn/wpn_svd_alt_wood.thm,163,,,,
textures.xdb2,textures/wpn/wpn_svd_alt_wood_bump#.dds,240,8,8,4,DXT5
textures.xdb2,textures/wpn/wpn_svd_alt_wood_bump.dds,5592560,2048,2048,12,DXT5
textures.xdb2,textures/wpn/wpn_svd_alt_wood_bump.thm,138,,,,
textures.xdb2,textures/wpn/wpn_svd_body.dds,2796344,2048,2048,12,DXT1
textures.xdb2,textures/wpn/wpn_svd_body.thm,159,,,,
textures.xdb2,textures/wpn/wpn_svd_body_bump#.dds,240,8,8,4,DXT5
textures.xdb2,textures/wpn/wpn_svd_body_bump.dds,5592560,2048,2048,12,DXT5
textures.xdb2,textures/wpn/wpn_svd_body_bump.thm,138,,,,
textures.xdb2,textures/wpn/wpn_svd_bump#.dds,87536,256,256,9,DXT5
textures.xdb2,textures/wpn/wpn_svd_bump#.thm,138,,,,
textures.xdb2,textures/wpn/wpn_svd_bump.dds,87536,256,256,9,DXT5
textures.xdb2,textures/wpn/wpn_svd_bump.thm,138,,,,
textures.xdb2,textures/wpn/wpn_svd_grips.dds,2796344,2048,2048,12,DXT1
textures.xdb2,textures/wpn/wpn_svd_grips.thm,160,,,,
textures.xdb2,textures/wpn/wpn_svd_grips_bump#.dds,240,8,8,4,DXT5
textures.xdb2,textures/wpn/wpn_svd_grips_bump.dds,5592560,2048,2048,12,DXT5
textures.xdb2,textures/wpn/wpn_svd_grips_bump.thm,138,,,,
textures.xdb2,textures/wpn/wpn_svd_gripz.dds,699192,1024,1024,11,DXT1
textures.xdb2,textures/wpn/wpn_svd_gripz.thm,160,,,,
textures.xdb2,textures/wpn/wpn_svd_mag.dds,699192,1024,1024,11,DXT1
textures.xdb2,textures/wpn/wpn_svd_mag.thm,158,,,,
textures.xdb2,textures/wpn/wpn_svd_mag_bump#.dds,240,8,8,4,DXT5
textures.xdb2,textures/wpn/wpn_svd_mag_bump.dds,1398256,1024,1024,11,DXT5
textures.xdb2,textures/wpn/wpn_svd_mag_bump.thm,138,,,,
textures.xdb2,textures/wpn/wpn_svt.dds,1398248,2048,1024,12,DXT1
textures.xdb2,textures/wpn/wpn_svt.thm,154,,,,
textures.xdb2,textures/wpn/wpn_svt_bump#.dds,240,8,8,4,DXT5
textures.xdb2,textures/wpn/wpn_svt_bump.dds,699216,1024,512,11,DXT5
textures.xdb2,textures/wpn/wpn_svt_bump.thm,138,,,,
textures.xdb2,textures/wpn/wpn_svu-a.dds,1398248,2048,1024,12,DXT1
textures.xdb2,textures/wpn/wpn_svu-a.thm,156,,,,
textures.xdb2,textures/wpn/wpn_svu-a_bump#.dds,240,8,8,4,DXT5
textures.xdb2,textures/wpn/wpn_svu-a_bump#.thm,138,,,,
textures.xdb2,textures/wpn/wpn_svu-a_bump.dds,2796368,2048,1024,12,DXT5
textures.xdb2,textures/wpn/wpn_svu-a_bump.thm,138,,,,
textures.xdb2,textures/wpn/wpn_toz-34.dds,2796344,2048,2048,12,DXT1
textures.xdb2,textures/wpn/wpn_toz-34.thm,157,,,,
textures.xdb2,textures/wpn/wpn_toz-34_bump#.dds,240,8,8,4,DXT5
textures.xdb2,textures/wpn/wpn_toz-34_bump#.thm,138,,,,
textures.xdb2,textures/wpn/wpn_toz-34_bump.dds,5592560,2048,2048,12,DXT5
textures.xdb2,textures/wpn/wpn_toz-34_bump.thm,138,,,,
textures.xdb2,textures/wpn/wpn_toz-34_sk1_bump#.dds,240,8,8,4,DXT5
textures.xdb2,textures/wpn/wpn_toz-34_sk1_bump.dds,5592560,2048,2048,12,DXT5
textures.xdb2,textures/wpn/wpn_toz-34_sk1_bump.thm,138,,,,
textures.xdb2,textures/wpn/wpn_toz-34_sk5.dds,2796344,2048,2048,12,DXT1
textures.xdb2,textures/wpn/wpn_toz-34_sk5.thm,161,,,,
textures.xdb2,textures/wpn/wpn_toz194.dds,2796344,2048,2048,12,DXT1
textures.xdb2,textures/wpn/wpn_toz194.thm,157,,,,
textures.xdb2,textures/wpn/wpn_toz194_bump#.dds,240,8,8,4,DXT5
textures.xdb2,textures/wpn/wpn_toz194_bump.dds,5592560,2048,2048,12,DXT5
textures.xdb2,textures/wpn/wpn_toz194_bump.thm,138,,,,
textures.xdb2,textures/wpn/wpn_toz66.dds,2796344,2048,2048,12,DXT1
textures.xdb2,textures/wpn/wpn_toz66.thm,156,,,,
textures.xdb2,textures/wpn/wpn_toz66_bump#.dds,240,8,8,4,DXT5
textures.xdb2,textures/wpn/wpn_toz66_bump.dds,5592560,2048,2048,12,DXT5
textures.xdb2,textures/wpn/wpn_toz66_bump.thm,138,,,,
textures.xdb2,textures/wpn/wpn_tt33.dds,2796344,2048,2048,12,DXT1
textures.xdb2,textures/wpn/wpn_tt33.thm,155,,,,
textures.xdb2,textures/wpn/wpn_tt33_bump#.dds,240,8,8,4,DXT5
textures.xdb2,textures/wpn/wpn_tt33_bump.dds,5592560,2048,2048,12,DXT5
textures.xdb2,textures/wpn/wpn_tt33_bump.thm,138,,,,
textures.xdb2,textures/wpn/wpn_type63.dds,699208,2048,512,12,DXT1
textures.xdb2,textures/wpn/wpn_type63.thm,157,,,,
textures.xdb2,textures/wpn/wpn_type63_bump#.dds,1552,64,16,7,DXT5
textures.xdb2,textures/wpn/wpn_type63_bump.dds,5592592,4096,1024,13,DXT5
textures.xdb2,textures/wpn/wpn_type63_bump.thm,138,,,,
textures.xdb2,textures/wpn/wpn_ump45.dds,2796344,2048,2048,12,DXT1
textures.xdb2,textures/wpn/wpn_ump45.thm,156,,,,
textures.xdb2,textures/wpn/wpn_ump45_bump#.dds,240,8,8,4,DXT5
textures.xdb2,textures/wpn/wpn_ump45_bump.dds,5592560,2048,2048,12,DXT5
textures.xdb2,textures/wpn/wpn_ump45_bump.thm,138,,,,
textures.xdb2,textures/wpn/wpn_upgrade.dds,349680,512,512,10,DXT5
textures.xdb2,textures/wpn/wpn_upgrade.thm,158,,,,
textures.xdb2,textures/wpn/wpn_upgrade_bump#.dds,87536,256,256,9,DXT5
textures.xdb2,textures/wpn/wpn_upgrade_bump#.thm,138,,,,
textures.xdb2,textures/wpn/wpn_upgrade_bump.dds,87536,256,256,9,DXT5
textures.xdb2,textures/wpn/wpn_upgrade_bump.thm,138,,,,
textures.xdb2,textures/wpn/wpn_usp.dds,2796344,2048,2048,12,DXT1
textures.xdb2,textures/wpn/wpn_usp.thm,154,,,,
textures.xdb2,textures/wpn/wpn_usp_bump#.dds,240,8,8,4,DXT5
textures.xdb2,textures/wpn/wpn_usp_bump#.thm,138,,,,
textures.xdb2,textures/wpn/wpn_usp_bump.dds,5592560,2048,2048,12,DXT5
textures.xdb2,textures/wpn/wpn_usp_bump.thm,138,,,,
textures.xdb2,textures/wpn/wpn_usp_match.dds,699192,1024,1024,11,DXT1
textures.xdb2,textures/wpn/wpn_usp_match.thm,160,,,,
textures.xdb2,textures/wpn/wpn_usp_match_bump#.dds,240,8,8,4,DXT5
textures.xdb2,textures/wpn/wpn_usp_match_bump.dds,1398256,1024,1024,11,DXT5
textures.xdb2,textures/wpn/wpn_usp_match_bump.thm,138,,,,
textures.xdb2,textures/wpn/wpn_usp_nimble.dds,699192,1024,1024,11,DXT1
textures.xdb2,textures/wpn/wpn_usp_nimble.thm,160,,,,
textures.xdb2,textures/wpn/wpn_val.dds,2796344,2048,2048,12,DXT1
textures.xdb2,textures/wpn/wpn_val.thm,154,,,,
textures.xdb2,textures/wpn/wpn_val_bump#.dds,240,8,8,4,DXT5
textures.xdb2,textures/wpn/wpn_val_bump.dds,5592560,2048,2048,12,DXT5
textures.xdb2,textures/wpn/wpn_val_bump.thm,138,,,,
textures.xdb2,textures/wpn/wpn_vepr12_add.dds,699192,1024,1024,11,DXT1
textures.xdb2,textures/wpn/wpn_vepr12_add.thm,161,,,,
textures.xdb2,textures/wpn/wpn_vepr12_add_bump#.dds,240,8,8,4,DXT5
textures.xdb2,textures/wpn/wpn_vepr12_add_bump.dds,1398256,1024,1024,11,DXT5
textures.xdb2,textures/wpn/wpn_vepr12_add_bump.thm,138,,,,
textures.xdb2,textures/wpn/wpn_vihr.dds,2796344,2048,2048,12,DXT1
textures.xdb2,textures/wpn/wpn_vihr.thm,155,,,,
textures.xdb2,textures/wpn/wpn_vihr_bump#.dds,240,8,8,4,DXT5
textures.xdb2,textures/wpn/wpn_vihr_bump.dds,5592560,2048,2048,12,DXT5
textures.xdb2,textures/wpn/wpn_vihr_bump.thm,138,,,,
textures.xdb2,textures/wpn/wpn_vityaz.dds,2796344,2048,2048,12,DXT1
textures.xdb2,textures/wpn/wpn_vityaz.thm,157,,,,
textures.xdb2,textures/wpn/wpn_vityaz_bump#.dds,240,8,8,4,DXT5
textures.xdb2,textures/wpn/wpn_vityaz_bump.dds,5592560,2048,2048,12,DXT5
textures.xdb2,textures/wpn/wpn_vityaz_bump.thm,138,,,,
textures.xdb2,textures/wpn/wpn_vog.dds,174208,512,512,4,DXT1
textures.xdb2,textures/wpn/wpn_vog.thm,154,,,,
textures.xdb2,textures/wpn/wpn_vog_bump#.dds,240,8,8,4,DXT5
textures.xdb2,textures/wpn/wpn_vog_bump.dds,349680,512,512,10,DXT5
textures.xdb2,textures/wpn/wpn_vog_bump.thm,138,,,,
textures.xdb2,textures/wpn/wpn_vsk94.dds,2796344,2048,2048,12,DXT1
textures.xdb2,textures/wpn/wpn_vsk94.thm,156,,,,
textures.xdb2,textures/wpn/wpn_vsk94_bump#.dds,240,8,8,4,DXT5
textures.xdb2,textures/wpn/wpn_vsk94_bump.dds,5592560,2048,2048,12,DXT5
textures.xdb2,textures/wpn/wpn_vsk94_bump.thm,138,,,,
textures.xdb2,textures/wpn/wpn_vsk94_butt.dds,699192,1024,1024,11,DXT1
textures.xdb2,textures/wpn/wpn_vsk94_butt.thm,161,,,,
textures.xdb2,textures/wpn/wpn_vsk94_butt_bump#.dds,240,8,8,4,DXT5
textures.xdb2,textures/wpn/wpn_vsk94_butt_bump.dds,1398256,1024,1024,11,DXT5
textures.xdb2,textures/wpn/wpn_vsk94_butt_bump.thm,138,,,,
textures.xdb2,textures/wpn/wpn_vss.dds,2796344,2048,2048,12,DXT1
textures.xdb2,textures/wpn/wpn_vss.thm,154,,,,
textures.xdb2,textures/wpn/wpn_vss_bump#.dds,240,8,8,4,DXT5
textures.xdb2,textures/wpn/wpn_vss_bump#.thm,138,,,,
textures.xdb2,textures/wpn/wpn_vss_bump.dds,5592560,2048,2048,12,DXT5
textures.xdb2,textures/wpn/wpn_vss_bump.thm,138,,,,
textures.xdb2,textures/wpn/wpn_vss_nimble.dds,2796344,2048,2048,12,DXT1
textures.xdb2,textures/wpn/wpn_vss_nimble.thm,161,,,,
textures.xdb2,textures/wpn/wpn_vss_nimble_bump#.dds,240,8,8,4,DXT5
textures.xdb2,textures/wpn/wpn_vss_nimble_bump.dds,5592560,2048,2048,12,DXT5
textures.xdb2,textures/wpn/wpn_vss_nimble_bump.thm,138,,,,
textures.xdb2,textures/wpn/wpn_vz61.dds,2796344,2048,2048,12,DXT1
textures.xdb2,textures/wpn/wpn_vz61.thm,155,,,,
textures.xdb2,textures/wpn/wpn_vz61_bump#.dds,240,8,8,4,DXT5
textures.xdb2,textures/wpn/wpn_vz61_bump.dds,5592560,2048,2048,12,DXT5
textures.xdb2,textures/wpn/wpn_vz61_bump.thm,138,,,,
textures.xdb2,textures/wpn/wpn_walter99.dds,2796344,2048,2048,12,DXT1
textures.xdb2,textures/wpn/wpn_walter99.thm,159,,,,
textures.xdb2,textures/wpn/wpn_walter99_body.dds,699192,1024,1024,11,DXT1
textures.xdb2,textures/wpn/wpn_walter99_body.thm,164,,,,
textures.xdb2,textures/wpn/wpn_walter99_body_bump#.dds,240,8,8,4,DXT5
textures.xdb2,textures/wpn/wpn_walter99_body_bump.dds,1398256,1024,1024,11,DXT5
textures.xdb2,textures/wpn/wpn_walter99_body_bump.thm,138,,,,
textures.xdb2,textures/wpn/wpn_walter99_bump#.dds,5592560,2048,2048,12,DXT5
textures.xdb2,textures/wpn/wpn_walter99_bump#.thm,138,,,,
textures.xdb2,textures/wpn/wpn_walter99_bump.dds,5592560,2048,2048,12,DXT5
textures.xdb2,textures/wpn/wpn_walter99_bump.thm,138,,,,
textures.xdb2,textures/wpn/wpn_walter99_mag.dds,174904,512,512,10,DXT1
textures.xdb2,textures/wpn/wpn_walter99_mag.thm,163,,,,
textures.xdb2,textures/wpn/wpn_walter99_mag_bump#.dds,240,8,8,4,DXT5
textures.xdb2,textures/wpn/wpn_walter99_mag_bump.dds,349680,512,512,10,DXT5
textures.xdb2,textures/wpn/wpn_walter99_mag_bump.thm,138,,,,
textures.xdb2,textures/wpn/wpn_winchester1300.dds,699008,1024,1024,6,DXT1
textures.xdb2,textures/wpn/wpn_winchester1300.thm,165,,,,
textures.xdb2,textures/wpn/wpn_winchester1300_bump#.dds,87536,256,256,9,DXT5
textures.xdb2,textures/wpn/wpn_winchester1300_bump#.thm,138,,,,
textures.xdb2,textures/wpn/wpn_winchester1300_bump.dds,87536,256,256,9,DXT5
textures.xdb2,textures/wpn/wpn_winchester1300_bump.thm,138,,,,
