OpenXRay Release build 10052 [2c5064106984-dirty], Aug 16 2026 (Windows 64-bit, shared)
~ [DA_HEAP_GUARD] ВКЛЮЧЁН: освобождённая память травится 0xDD и придерживается в карантине.
~ [DA_HEAP_GUARD] Падение по адресу 00007ddddddddddd = обращение к УЖЕ ОСВОБОЖДЁННОМУ объекту.
~ [DA_HEAP_GUARD] ⛔ Это отладочный прогон: кадры тяжелее и памяти больше. FPS не мерить.
Custom build from commit[2c5064106984-dirty] branch[main]
 
command line -r4 -nofpslock -force_flushlog -nointro -da_cmd "load_last_save cap3347 - quicksave5 ; load_last_save ; da_after_load 200 da_grenade_test 2 6" -silent_error_mode

* CPU features: RDTSC, MMX, SSE, SSE2, SSE3, SSE41, SSE42, AVX, AVX2, AVX512F
* CPU threads: 16

Starting INPUT device...
~ [DA_PORT] ввод захвачен, приёмников 1: <= ВЕРХ 13DummyReceiver
SOUND: OpenAL: enumerate devices...
Initializing File System...
$fs_root$ = D:\Dead Air\Dead Air
using fs-ltx fsgame.ltx
SOUND: OpenAL: system default sound device name is JBL TUNE770NC
SOUND: OpenAL: All available devices:
1. Наушники (JBL TUNE770NC), Spec Version 1.1 (default) eax[5] efx[yes]
2. Realtek Digital Output (Realtek USB Audio), Spec Version 1.1  eax[5] efx[yes]
3. P2510H PLUS (NVIDIA High Definition Audio), Spec Version 1.1  eax[5] efx[yes]
4. A24FAA-RG (NVIDIA High Definition Audio), Spec Version 1.1  eax[5] efx[yes]
FS: 86249 files cached 28 archives, 47260Kb memory used.
Init FileSystem 0.978722 sec
-----loading d:\dead air\dead air\gamedata\configs\system.ltx
-----loading d:\dead air\dead air\gamedata\configs\system.ltx
* [DA_PORT] шрифт консоли: C:\WINDOWS/Fonts/consola.ttf (кириллица)
* [DA_PORT] монитор 0: режимов 136, разрешений 20
* [DA_PORT] монитор 1: режимов 139, разрешений 20
* [DA_PORT] сезон: осень
Loading module: dxgi
Loading module: d3d11
* GPU [vendor:10DE]-[device:2C05]: NVIDIA GeForce RTX 5070 Ti
* CREATE: DeviceREF: 3
*   Texture memory: 15995 M
refCount:m_pSwapChain 1
refCount:pContext 1
refCount:pDevice: 1
refCount:m_pAdapter 1
refCount:m_pFactory 1
Available render modes[1]:
renderer_r4
Selected renderer: renderer_r4
~ [DA_PORT] розничный STALKER не установлен (Software\GSC Game World\STALKER-COP\) - профиль сетевой игры не читается, для одиночной это нормально
! Player name registry key (InstallUserName) not found !
~ duplicate string table id [zat_b7_bandit_boss_sultan_task_1_name]
~ duplicate string table id [zat_b7_bandit_boss_sultan_task_1_text]
~ duplicate string table id [zat_b7_bandit_boss_sultan_task_1_about]
~ duplicate string table id [zat_b7_bandit_boss_sultan_task_1_finish]
~ duplicate string table id [ui_mm_r2_sun_quality]
~ duplicate string table id [st_ui_containers]
~ duplicate string table id [zat_b22_stalker_medic_start_1]
~ duplicate string table id [svoboda_light_outfit_description]
~ duplicate string table id [st_dyn_news_l12u_control_monolith]
~ duplicate string table id [st_af_electra_sparkler_descr]
~ duplicate string table id [st_af_electra_sparkler_name]
~ duplicate string table id [sleep_itm_warning_blowout]
~ duplicate string table id [st_itm_sleepbag_name]
StringTable: loaded 68 files
Initializing Engine...
Executing config-script "d:\dead air\dead air\gamedata\configs\default_controls.ltx"...
[d:\dead air\dead air\gamedata\configs\default_controls.ltx] successfully loaded.
Executing config-script "user.ltx"...
Executing config-script "d:\dead air\dead air\gamedata\configs\rspec_extreme.ltx"...
[d:\dead air\dead air\gamedata\configs\rspec_extreme.ltx] successfully loaded.
Executing config-script "d:\dead air\dead air\gamedata\configs\default_controls.ltx"...
[d:\dead air\dead air\gamedata\configs\default_controls.ltx] successfully loaded.
~ Invalid syntax in call to 'r__dlss'
~ Valid arguments: ui_mm_dlss_off/ui_mm_dlss_ultra_quality/ui_mm_dlss_quality/ui_mm_dlss_balanced/ui_mm_dlss_performance/ui_mm_dlss_ultra_performance
* [DA_PORT] upscaler 6, quality step 1: scene renders at 67% of the output
* [DA_PORT] upscaler 6, quality step 5: scene renders at 100% of the output
~ Invalid syntax in call to 'sv_adm_menu_ban_time'
~ Valid arguments: ui_mp_am_10_minutes/ui_mp_am_30_minutes/ui_mp_am_1_hour/ui_mp_am_6_hours/ui_mp_am_1_day/ui_mp_am_1_week/ui_mp_am_1_month/ui_mp_am_3_monthes/ui_mp_am_forever
~ Invalid syntax in call to 'sv_suspicious_actions_ban_time'
~ Valid arguments: ui_mp_am_10_minutes/ui_mp_am_30_minutes/ui_mp_am_1_hour/ui_mp_am_6_hours/ui_mp_am_1_day/ui_mp_am_1_week/ui_mp_am_1_month/ui_mp_am_3_monthes/ui_mp_am_forever
[appdata\user.ltx] successfully loaded.
SOUND: Selected device is JBL TUNE770NC (системное по умолчанию)
Starting RENDER device...
* [DA_PORT] Dev::Create before Render->Create
Loading module: dxgi
Loading module: d3d11
* GPU [vendor:10DE]-[device:2C05]: NVIDIA GeForce RTX 5070 Ti
* CREATE: DeviceREF: 3
*   Texture memory: 15995 M
* [DA_PORT] Dev::Create after Render->Create
* [DA_PORT] mem_compact: 363 -> 363 МБ (вернулось 0 МБ) за 0.0 мс
* GPU shading: vs(0/5.0/50), ps(0/5.0/50)
* GPU vertex cache: unrecognized, 24
* [DA_PORT] Dev::Create after SetupStates
* DVB created: 4096K
* DIB created: 512K
* [DA_PORT] ScriptEngine::init: before reinit
* [DA_PORT] ScriptEngine::init: after reinit, before luabind::open
* [DA_PORT] ScriptEngine::init: after luabind::open
* [DA_PORT] ScriptEngine::init: before setup_callbacks
* [DA_PORT] ScriptEngine::init: after setup_callbacks, before exporter
* [DA_PORT] ScriptEngine::init: after exporter
* [DA_PORT] ScriptEngine::init: before open_lib base
* [DA_PORT] ScriptEngine::init: after open_lib, before randomize
* [DA_PORT] ScriptEngine::init: DONE
* [DA_LUA] load: d:\dead air\dead air\gamedata\shaders\r3\accum_volumetric.s -> accum_volumetric
* [DA_LUA] load: d:\dead air\dead air\gamedata\shaders\r3\accum_volumetric_nomsaa.s -> accum_volumetric_nomsaa
* [DA_LUA] load: d:\dead air\dead air\gamedata\shaders\r3\accum_volumetric_sun.s -> accum_volumetric_sun
* [DA_LUA] load: d:\dead air\dead air\gamedata\shaders\r3\accum_volumetric_sun_minmax.s -> accum_volumetric_sun_minmax
* [DA_LUA] load: d:\dead air\dead air\gamedata\shaders\r3\accum_volumetric_sun_msaa0.s -> accum_volumetric_sun_msaa0
* [DA_LUA] load: d:\dead air\dead air\gamedata\shaders\r3\accum_volumetric_sun_msaa1.s -> accum_volumetric_sun_msaa1
* [DA_LUA] load: d:\dead air\dead air\gamedata\shaders\r3\accum_volumetric_sun_msaa2.s -> accum_volumetric_sun_msaa2
* [DA_LUA] load: d:\dead air\dead air\gamedata\shaders\r3\accum_volumetric_sun_msaa3.s -> accum_volumetric_sun_msaa3
* [DA_LUA] load: d:\dead air\dead air\gamedata\shaders\r3\accum_volumetric_sun_msaa4.s -> accum_volumetric_sun_msaa4
* [DA_LUA] load: d:\dead air\dead air\gamedata\shaders\r3\accum_volumetric_sun_msaa5.s -> accum_volumetric_sun_msaa5
* [DA_LUA] load: d:\dead air\dead air\gamedata\shaders\r3\accum_volumetric_sun_msaa6.s -> accum_volumetric_sun_msaa6
* [DA_LUA] load: d:\dead air\dead air\gamedata\shaders\r3\accum_volumetric_sun_msaa7.s -> accum_volumetric_sun_msaa7
* [DA_LUA] load: d:\dead air\dead air\gamedata\shaders\r3\accum_volumetric_sun_nomsaa.s -> accum_volumetric_sun_nomsaa
* [DA_LUA] load: d:\dead air\dead air\gamedata\shaders\r3\accum_volumetric_sun_nomsaa_minmax.s -> accum_volumetric_sun_nomsaa_minmax
* [DA_LUA] load: d:\dead air\dead air\gamedata\shaders\r3\accum_volumetric_unshadowed.s -> accum_volumetric_unshadowed
* [DA_LUA] load: d:\dead air\dead air\gamedata\shaders\r3\clouds.s -> clouds
* [DA_LUA] load: d:\dead air\dead air\gamedata\shaders\r3\combine_volumetric.s -> combine_volumetric
* [DA_LUA] load: d:\dead air\dead air\gamedata\shaders\r3\da_puddle_refl.s -> da_puddle_refl
* [DA_LUA] load: d:\dead air\dead air\gamedata\shaders\r3\da_reactive.s -> da_reactive
* [DA_LUA] load: d:\dead air\dead air\gamedata\shaders\r3\da_reactive_dilate_h.s -> da_reactive_dilate_h
* [DA_LUA] load: d:\dead air\dead air\gamedata\shaders\r3\da_reactive_dilate_v.s -> da_reactive_dilate_v
* [DA_LUA] load: d:\dead air\dead air\gamedata\shaders\r3\da_reactive_emissive.s -> da_reactive_emissive
* [DA_LUA] load: d:\dead air\dead air\gamedata\shaders\r3\da_sky_velocity.s -> da_sky_velocity
* [DA_LUA] load: d:\dead air\dead air\gamedata\shaders\r3\da_smap_blit.s -> da_smap_blit
* [DA_LUA] load: d:\dead air\dead air\gamedata\shaders\r3\da_velocity_guard.s -> da_velocity_guard
* [DA_LUA] load: d:\dead air\dead air\gamedata\shaders\r3\da_water_velocity.s -> da_water_velocity
* [DA_LUA] load: d:\dead air\dead air\gamedata\shaders\r3\da_xess_mv.s -> da_xess_mv
* [DA_LUA] load: d:\dead air\dead air\gamedata\shaders\r3\details_lod.s -> details_lod
* [DA_LUA] load: d:\dead air\dead air\gamedata\shaders\r3\distort.s -> distort
* [DA_LUA] load: d:\dead air\dead air\gamedata\shaders\r3\effects_bullet_tracer.s -> effects_bullet_tracer
* [DA_LUA] load: d:\dead air\dead air\gamedata\shaders\r3\effects_flare.s -> effects_flare
* [DA_LUA] load: d:\dead air\dead air\gamedata\shaders\r3\effects_lightning.s -> effects_lightning
* [DA_LUA] load: d:\dead air\dead air\gamedata\shaders\r3\effects_lightplanes.s -> effects_lightplanes
* [DA_LUA] load: d:\dead air\dead air\gamedata\shaders\r3\effects_rain.s -> effects_rain
* [DA_LUA] load: d:\dead air\dead air\gamedata\shaders\r3\effects_sun.s -> effects_sun
* [DA_LUA] load: d:\dead air\dead air\gamedata\shaders\r3\effects_wallmark.s -> effects_wallmark
* [DA_LUA] load: d:\dead air\dead air\gamedata\shaders\r3\effects_wallmarkblend.s -> effects_wallmarkblend
* [DA_LUA] load: d:\dead air\dead air\gamedata\shaders\r3\effects_wallmarkmult.s -> effects_wallmarkmult
* [DA_LUA] load: d:\dead air\dead air\gamedata\shaders\r3\effects_wallmarkset.s -> effects_wallmarkset
* [DA_LUA] load: d:\dead air\dead air\gamedata\shaders\r3\effects_water.s -> effects_water
* [DA_LUA] load: d:\dead air\dead air\gamedata\shaders\r3\effects_waterryaska.s -> effects_waterryaska
* [DA_LUA] load: d:\dead air\dead air\gamedata\shaders\r3\effects_waterstuden.s -> effects_waterstuden
* [DA_LUA] load: d:\dead air\dead air\gamedata\shaders\r3\fluid3d_stub.s -> fluid3d_stub
* [DA_LUA] load: d:\dead air\dead air\gamedata\shaders\r3\friendly_indicator.s -> friendly_indicator
* [DA_LUA] load: d:\dead air\dead air\gamedata\shaders\r3\hud_crosshair.s -> hud_crosshair
* [DA_LUA] load: d:\dead air\dead air\gamedata\shaders\r3\hud_font.s -> hud_font
* [DA_LUA] load: d:\dead air\dead air\gamedata\shaders\r3\hud_font2.s -> hud_font2
* [DA_LUA] load: d:\dead air\dead air\gamedata\shaders\r3\hud_movie.s -> hud_movie
* [DA_LUA] load: d:\dead air\dead air\gamedata\shaders\r3\hud_p3d.s -> hud_p3d
* [DA_LUA] load: d:\dead air\dead air\gamedata\shaders\r3\models_lightplanes.s -> models_lightplanes
* [DA_LUA] load: d:\dead air\dead air\gamedata\shaders\r3\models_pautina.s -> models_pautina
* [DA_LUA] load: d:\dead air\dead air\gamedata\shaders\r3\models_selflight.s -> models_selflight
* [DA_LUA] load: d:\dead air\dead air\gamedata\shaders\r3\models_selflight_det.s -> models_selflight_det
* [DA_LUA] load: d:\dead air\dead air\gamedata\shaders\r3\models_selflightl.s -> models_selflightl
* [DA_LUA] load: d:\dead air\dead air\gamedata\shaders\r3\models_xanomaly.s -> models_xanomaly
* [DA_LUA] load: d:\dead air\dead air\gamedata\shaders\r3\models_xdistort.s -> models_xdistort
* [DA_LUA] load: d:\dead air\dead air\gamedata\shaders\r3\models_xdistortcolor.s -> models_xdistortcolor
* [DA_LUA] load: d:\dead air\dead air\gamedata\shaders\r3\models_xdistortcolorl.s -> models_xdistortcolorl
* [DA_LUA] load: d:\dead air\dead air\gamedata\shaders\r3\models_xdistortcolorlinv.s -> models_xdistortcolorlinv
* [DA_LUA] load: d:\dead air\dead air\gamedata\shaders\r3\models_xdistortinv.s -> models_xdistortinv
* [DA_LUA] load: d:\dead air\dead air\gamedata\shaders\r3\models_xmonolith.s -> models_xmonolith
* [DA_LUA] load: d:\dead air\dead air\gamedata\shaders\r3\models_xwindows.s -> models_xwindows
* [DA_LUA] load: d:\dead air\dead air\gamedata\shaders\r3\particles_xadd.s -> particles_xadd
* [DA_LUA] load: d:\dead air\dead air\gamedata\shaders\r3\particles_xdistort.s -> particles_xdistort
* [DA_LUA] load: d:\dead air\dead air\gamedata\shaders\r3\portal.s -> portal
* [DA_LUA] load: d:\dead air\dead air\gamedata\shaders\r3\postprocess.s -> postprocess
* [DA_LUA] load: d:\dead air\dead air\gamedata\shaders\r3\selflight.s -> selflight
* [DA_LUA] load: d:\dead air\dead air\gamedata\shaders\r3\stub_default.s -> stub_default
~ [DA_PORT] шейдер 'models\helicopter': описание версии 1 при текущей 2 - читается как есть
~ [DA_PORT] шейдер 'models\lightplanesself': описание версии 1 при текущей 2 - читается как есть
~ [DA_PORT] шейдер 'models\model_puh': описание версии 1 при текущей 2 - читается как есть
~ [DA_PORT] шейдер 'models\model_refl': описание версии 1 при текущей 2 - читается как есть
~ [DA_PORT] шейдер 'models\xbrainglass': описание версии 1 при текущей 2 - читается как есть
~ [DA_PORT] шейдер 'models\xdistortcolorlinv': описание версии 1 при текущей 2 - читается как есть
~ [DA_PORT] шейдер 'models\xglass': описание версии 1 при текущей 2 - читается как есть
~ [DA_PORT] шейдер 'models\xglass2': описание версии 1 при текущей 2 - читается как есть
~ [DA_PORT] шейдер 'models\xlens': описание версии 1 при текущей 2 - читается как есть
Processing 5986 .thm files in [$game_textures$]
Load, texture descriptions loaded for 39 ms
* HWDST/PCF supported and used
* [DA_PORT] create: before CRenderTarget
* [DA_PORT] render targets: output 1920x1080, scene 1920x1080
* [DA_PORT] MSAA: off
[2026-08-16 22:21:31] [NGXSafeInitializeLog:148] App logging hooks successfully initialized
[2026-08-16 22:21:31] [NGXLoadLibrary:326] error: failed to load NGXCore: 126 (D:\Dead Air\Dead Air\bin_guard\_nvngx.dll)
[2026-08-16 22:21:31] [NGXLoadLibrary:326] error: failed to load NGXCore: 126 (D:\Dead Air\Dead Air\bin_guard\nvngx.dll)
[2026-08-16 22:21:31] [NGXGetPathUsingQAI:147] Attempting to read from Parameters\NGXCore\NGXPath
[2026-08-16 22:21:31] [NGXGetPathUsingQAI:171] Path to driverStore found using QAI: C:\WINDOWS\System32\DriverStore\FileRepository\nv_dispi.inf_amd64_7840b4313191ae17
[2026-08-16 22:21:31] [NGXLoadCoreLibrary:279] Loading C:\WINDOWS\System32\DriverStore\FileRepository\nv_dispi.inf_amd64_7840b4313191ae17\_nvngx.dll succeeded
[2026-08-16 22:21:32] [NGXSafeInitializeLog:133] App logging hooks successfully initialized
[2026-08-16 22:21:32] [NGXGetPathUsingQAI:512] Path to driverStore found using QAI: C:\WINDOWS\System32\DriverStore\FileRepository\nv_dispi.inf_amd64_7840b4313191ae17
[2026-08-16 22:21:32] [NGXGetPath:980] using path for models: C:\ProgramData/NVIDIA/NGX/models/
[2026-08-16 22:21:32] [NGXGetPath:980] using path for models: C:\ProgramData/NVIDIA/NGX/models/
[2026-08-16 22:21:32] [ModifyExistingFolderDACL:211] updated access control list for NGX cache (NGX cache should now be usable by all authenticated users)
[2026-08-16 22:21:32] [NGXCreateModelsFolder:1081] model folder created: C:\ProgramData/NVIDIA/NGX/models/
[2026-08-16 22:21:32] [NGXLoadConfig:1153] [sl_sdk_0]
[2026-08-16 22:21:32] [NGXLoadConfig:1159] app_E658703=2.11.0
[2026-08-16 22:21:32] [NGXLoadConfig:1153] [sl_common_0]
[2026-08-16 22:21:32] [NGXLoadConfig:1159] app_E658703=2.11.0
[2026-08-16 22:21:32] [NGXLoadConfig:1153] [sl_deepdvc_0]
[2026-08-16 22:21:32] [NGXLoadConfig:1159] app_E658703=2.11.0
[2026-08-16 22:21:32] [NGXLoadConfig:1153] [sl_dlss_0]
[2026-08-16 22:21:32] [NGXLoadConfig:1159] app_E658703=2.11.0
[2026-08-16 22:21:32] [NGXLoadConfig:1153] [sl_dlss_d_0]
[2026-08-16 22:21:32] [NGXLoadConfig:1159] app_E658703=2.11.0
[2026-08-16 22:21:32] [NGXLoadConfig:1153] [sl_dlss_g_0]
[2026-08-16 22:21:32] [NGXLoadConfig:1159] app_E658703=2.11.0
[2026-08-16 22:21:32] [NGXLoadConfig:1153] [sl_nis_0]
[2026-08-16 22:21:32] [NGXLoadConfig:1159] app_E658703=2.11.0
[2026-08-16 22:21:32] [NGXLoadConfig:1153] [sl_nvperf_0]
[2026-08-16 22:21:32] [NGXLoadConfig:1159] app_E658703=2.11.0
[2026-08-16 22:21:32] [NGXLoadConfig:1153] [sl_pcl_0]
[2026-08-16 22:21:32] [NGXLoadConfig:1159] app_E658703=2.11.0
[2026-08-16 22:21:32] [NGXLoadConfig:1153] [sl_reflex_0]
[2026-08-16 22:21:32] [NGXLoadConfig:1159] app_E658703=2.11.0
[2026-08-16 22:21:32] [NGXLoadConfig:1153] [dlss_override]
[2026-08-16 22:21:32] [NGXLoadConfig:1159] app_E658700=310.6.0
[2026-08-16 22:21:32] [NGXLoadConfig:1153] [dlss]
[2026-08-16 22:21:32] [NGXLoadConfig:1159] app_E658700=310.6.0
[2026-08-16 22:21:32] [NGXLoadConfig:1153] [dlssg]
[2026-08-16 22:21:32] [NGXLoadConfig:1159] app_E658700=310.6.0
[2026-08-16 22:21:32] [NGXLoadConfig:1153] [dlssd]
[2026-08-16 22:21:32] [NGXLoadConfig:1159] app_E658700=310.6.0
[2026-08-16 22:21:32] [`anonymous-namespace'::LoadMappingFileData:268] listItem.engineVersion .* listItem.genericCMSId 86aa7b4
[2026-08-16 22:21:32] [`anonymous-namespace'::LoadMappingFileData:282]  project id 3F9D696D4363312194B0ECB2671E899F cms id B9FBD50
[2026-08-16 22:21:32] [`anonymous-namespace'::LoadMappingFileData:268] listItem.engineVersion .* listItem.genericCMSId 8618954
[2026-08-16 22:21:32] [`anonymous-namespace'::LoadMappingFileData:268] listItem.engineVersion .* listItem.genericCMSId b9b05cc
[2026-08-16 22:21:32] [`anonymous-namespace'::LoadMappingFileData:268] listItem.engineVersion .* listItem.genericCMSId 876232c
[2026-08-16 22:21:32] [MapProjectId:1914] Found cms id 876232c for engine: custom engineVersion 1.0 projectID a1b2c3d4-5e6f-4a0b-9c8d-7e6f5a4b3c2d
[2026-08-16 22:21:32] [NGXDRSInit:341] DRS PROFILE FOUND : ProfileName "S.T.A.L.K.E.R.: Call of Pripyat", AppName "xrengine.exe"
[2026-08-16 22:21:32] [NGXInitContext:241] called from module da_ngx.dll at D:\Dead Air\Dead Air\bin_guard
[2026-08-16 22:21:32] [`anonymous-namespace'::SnippetLocationInfo::load:677] NGXLoadFromPath failed: -1160773628
[2026-08-16 22:21:32] [`anonymous-namespace'::SnippetLocationInfo::load:677] NGXLoadFromPath failed: -1160773628
[2026-08-16 22:21:32] [NGXReportStatusFeedback:1042] Override shared memory was opened successfully
[2026-08-16 22:21:32] [NGXReportStatusFeedback:1054] Override shared memory was mapped successfully
[2026-08-16 22:21:32] [NGXReportStatusFeedback:1083] Override feedback found available slot 0
[2026-08-16 22:21:32] [`anonymous-namespace'::SnippetLocationInfo::load:677] NGXLoadFromPath failed: -1160773628
[2026-08-16 22:21:32] [NGXSecureLoadFeature:1311] Feature dlss failed to load (cmsid 141959980) from cache (location: C:\ProgramData/NVIDIA/NGX/models/dlss\versions\0\files, name: 160_876232C.bin)
[2026-08-16 22:21:32] [`anonymous-namespace'::SnippetLocationInfo::load:677] NGXLoadFromPath failed: -1160773628
[2026-08-16 22:21:32] [NGXSecureLoadFeature:1311] Feature dlss failed to load (cmsid 241534723) from cache (location: C:\ProgramData/NVIDIA/NGX/models/dlss\versions\0\files, name: 160_E658703.bin)
[2026-08-16 22:21:32] [`anonymous-namespace'::SnippetLocationInfo::load:677] NGXLoadFromPath failed: -1160773628
[2026-08-16 22:21:32] [NGXSecureLoadFeature:1427] app 876232C feature dlss snippet: D:\Dead Air\Dead Air\bin_guard/nvngx_dlss.dll version: 310.7.0
[2026-08-16 22:21:32] [`anonymous-namespace'::SnippetLocationInfo::load:677] NGXLoadFromPath failed: -1160773628
[2026-08-16 22:21:32] [`anonymous-namespace'::SnippetLocationInfo::load:677] NGXLoadFromPath failed: -1160773628
[2026-08-16 22:21:32] [`anonymous-namespace'::SnippetLocationInfo::load:677] NGXLoadFromPath failed: -1160773628
[2026-08-16 22:21:32] [`anonymous-namespace'::SnippetLocationInfo::load:677] NGXLoadFromPath failed: -1160773628
[2026-08-16 22:21:32] [`anonymous-namespace'::SnippetLocationInfo::load:677] NGXLoadFromPath failed: -1160773628
[2026-08-16 22:21:32] [`anonymous-namespace'::SnippetLocationInfo::load:677] NGXLoadFromPath failed: -1160773628
[2026-08-16 22:21:32] [`anonymous-namespace'::SnippetLocationInfo::load:677] NGXLoadFromPath failed: -1160773628
[2026-08-16 22:21:32] [`anonymous-namespace'::SnippetLocationInfo::load:677] NGXLoadFromPath failed: -1160773628
[2026-08-16 22:21:32] [`anonymous-namespace'::SnippetLocationInfo::load:677] NGXLoadFromPath failed: -1160773628
[2026-08-16 22:21:32] [`anonymous-namespace'::SnippetLocationInfo::load:677] NGXLoadFromPath failed: -1160773628
[2026-08-16 22:21:32] [`anonymous-namespace'::SnippetLocationInfo::load:677] NGXLoadFromPath failed: -1160773628
[2026-08-16 22:21:32] [`anonymous-namespace'::SnippetLocationInfo::load:677] NGXLoadFromPath failed: -1160773628
[2026-08-16 22:21:32] [`anonymous-namespace'::SnippetLocationInfo::load:677] NGXLoadFromPath failed: -1160773628
[2026-08-16 22:21:32] [`anonymous-namespace'::SnippetLocationInfo::load:677] NGXLoadFromPath failed: -1160773628
[2026-08-16 22:21:32] [`anonymous-namespace'::SnippetLocationInfo::load:677] NGXLoadFromPath failed: -1160773628
[2026-08-16 22:21:32] [`anonymous-namespace'::SnippetLocationInfo::load:677] NGXLoadFromPath failed: -1160773628
[2026-08-16 22:21:32] [`anonymous-namespace'::SnippetLocationInfo::load:677] NGXLoadFromPath failed: -1160773628
[2026-08-16 22:21:32] [`anonymous-namespace'::SnippetLocationInfo::load:677] NGXLoadFromPath failed: -1160773628
[2026-08-16 22:21:32] [`anonymous-namespace'::SnippetLocationInfo::load:677] NGXLoadFromPath failed: -1160773628
[2026-08-16 22:21:32] [`anonymous-namespace'::SnippetLocationInfo::load:677] NGXLoadFromPath failed: -1160773628
[2026-08-16 22:21:32] [`anonymous-namespace'::SnippetLocationInfo::load:677] NGXLoadFromPath failed: -1160773628
[2026-08-16 22:21:32] [`anonymous-namespace'::SnippetLocationInfo::load:677] NGXLoadFromPath failed: -1160773628
[2026-08-16 22:21:32] [`anonymous-namespace'::SnippetLocationInfo::load:677] NGXLoadFromPath failed: -1160773628
[2026-08-16 22:21:32] [`anonymous-namespace'::SnippetLocationInfo::load:677] NGXLoadFromPath failed: -1160773628
[2026-08-16 22:21:32] [`anonymous-namespace'::SnippetLocationInfo::load:677] NGXLoadFromPath failed: -1160773628
[2026-08-16 22:21:32] [`anonymous-namespace'::SnippetLocationInfo::load:677] NGXLoadFromPath failed: -1160773628
[2026-08-16 22:21:32] [`anonymous-namespace'::SnippetLocationInfo::load:677] NGXLoadFromPath failed: -1160773628
[2026-08-16 22:21:32] [`anonymous-namespace'::SnippetLocationInfo::load:677] NGXLoadFromPath failed: -1160773628
[2026-08-16 22:21:32] [`anonymous-namespace'::SnippetLocationInfo::load:677] NGXLoadFromPath failed: -1160773628
[2026-08-16 22:21:32] [`anonymous-namespace'::SnippetLocationInfo::load:677] NGXLoadFromPath failed: -1160773628
[2026-08-16 22:21:32] [tid:4024][NGXInitLog:232] App logging hooks successfully initialized
[2026-08-16 22:21:32] [tid:4024][NGXInitLog:238] Build v310.7.0 CL 37997616
[2026-08-16 22:21:32] [tid:4024][NGXInitLog:240] Built with APP_NAME = default
[2026-08-16 22:21:32] [tid:4024][NGXInitLog:246] Loaded from path "D:\Dead Air\Dead Air\bin_guard/xrEngine.exe"
[2026-08-16 22:21:32] [tid:4024][NGXCubinD3D11::Init:223] Enabling texmode_raw
[2026-08-16 22:21:32] [tid:4024][NGXCubinD3D11::Init:227] ID3D11Device::GetCreationFlags() = 0x0
[2026-08-16 22:21:32] [tid:4024][NGXCubinKernelMap::InitCubins:42] Loading NGXCubin kernels
[2026-08-16 22:21:32] [tid:4024][NGXCubinGeneric::SetGPUArch:400] SetGPUArch:: Gpu count = 1, luid: 0x13387
[2026-08-16 22:21:32] [tid:4024][NGXCubinGeneric::SetGPUArch:460] m_gpuArch = 0x1b0
[2026-08-16 22:21:32] [tid:4024][NGXCubinGeneric::genericPostInit:164] Fast UAV clear: supported
[2026-08-16 22:21:32] [tid:4024][DLSSCubinKernelMap::InitCubins:303] Setting DLAA Cubins
[2026-08-16 22:21:32] [tid:4024][DLSSCubinKernelMap::InitCubins:303] Setting DLSS Debug Cubins
[2026-08-16 22:21:32] [tid:4024][DLSSCubinKernelMap::InitCubins:303] Setting DLTSS Engine Cubins
[2026-08-16 22:21:32] [tid:4024][DLSSCubinKernelMap::InitCubins:303] Setting DLTSS NW Cubins
[2026-08-16 22:21:32] [tid:4024][DLSSCubinKernelMap::InitCubins:303] Setting DLTSS NW E5M3_SKIP Cubins
[2026-08-16 22:21:32] [tid:4024][DLSSCubinKernelMap::InitCubins:303] Setting DLTSS NW Cubins
[2026-08-16 22:21:32] [tid:4024][DldnCubinKernelMap::InitCubins:138] Setting DLDN Engine Pre / Post Cubins
* [FSR3] ready: 1920x1080 -> 1920x1080
* [DA_PORT] апскейлер «ui_mm_upscaler_xess» скрыт из меню: видеокарта не поддерживает
[2026-08-16 22:21:32] [NVSDK_NGX_CreateFeature_Validate:715] app id is 141959980 
[2026-08-16 22:21:32] [tid:4024][NgxRayReconstruction::FillCreationParams::<lambda_f9f2c9f56f0e182de455533d6fb5b27e>::operator ():1733] Info: (DLAA) Using Default Overriden Preset Preset_D
[2026-08-16 22:21:32] [tid:4024][NgxRayReconstruction::FillCreationParams::<lambda_f9f2c9f56f0e182de455533d6fb5b27e>::operator ():1733] Info: (Quality) Using Default Overriden Preset Preset_D
[2026-08-16 22:21:32] [tid:4024][NgxRayReconstruction::FillCreationParams::<lambda_f9f2c9f56f0e182de455533d6fb5b27e>::operator ():1733] Info: (Balanced) Using Default Overriden Preset Preset_D
[2026-08-16 22:21:32] [tid:4024][NgxRayReconstruction::FillCreationParams::<lambda_f9f2c9f56f0e182de455533d6fb5b27e>::operator ():1733] Info: (Perf) Using Default Overriden Preset Preset_D
[2026-08-16 22:21:32] [tid:4024][NgxRayReconstruction::FillCreationParams::<lambda_f9f2c9f56f0e182de455533d6fb5b27e>::operator ():1733] Info: (UltraPerf) Using Default Overriden Preset Preset_D
[2026-08-16 22:21:32] [tid:4024][NgxRayReconstruction::FillCreationParams::<lambda_f9f2c9f56f0e182de455533d6fb5b27e>::operator ():1733] Info: (UltraQuality) Using Default Overriden Preset Preset_D
[2026-08-16 22:21:32] [tid:4024][NgxDltss::FillCreationParams::<lambda_d31d19bbceb87a1ef50839b36c9d0cdf>::operator ():2876] Info: (DLAA) App hint Preset Unspecified or Overridden, using title default Preset K
[2026-08-16 22:21:32] [tid:4024][NgxDltss::FillCreationParams::<lambda_d31d19bbceb87a1ef50839b36c9d0cdf>::operator ():2876] Info: (Quality) App hint Preset Unspecified or Overridden, using title default Preset K
[2026-08-16 22:21:32] [tid:4024][NgxDltss::FillCreationParams::<lambda_d31d19bbceb87a1ef50839b36c9d0cdf>::operator ():2876] Info: (Balanced) App hint Preset Unspecified or Overridden, using title default Preset K
[2026-08-16 22:21:32] [tid:4024][NgxDltss::FillCreationParams::<lambda_d31d19bbceb87a1ef50839b36c9d0cdf>::operator ():2876] Info: (Perf) App hint Preset Unspecified or Overridden, using title default Preset M
[2026-08-16 22:21:32] [tid:4024][NgxDltss::FillCreationParams::<lambda_d31d19bbceb87a1ef50839b36c9d0cdf>::operator ():2876] Info: (UltraPerf) App hint Preset Unspecified or Overridden, using title default Preset L
[2026-08-16 22:21:32] [tid:4024][NgxDltss::FillCreationParams::<lambda_d31d19bbceb87a1ef50839b36c9d0cdf>::operator ():2876] Info: (UltraQuality) App hint Preset Unspecified or Overridden, using title default Preset K
[2026-08-16 22:21:32] [tid:4024][PaddedWindowNetwork::CreatePaddedWindowNetwork:399] Container0Tensor: 10 MiB allocated
[2026-08-16 22:21:32] [tid:4024][PaddedWindowNetwork::CreatePaddedWindowNetwork:403] Container1Tensor: 12 MiB aliased
[2026-08-16 22:21:32] [tid:4024][PaddedWindowNetwork::CreatePaddedWindowNetwork:407] Container2Tensor: 8 MiB aliased
* [DLSS] ready: 1920x1080 -> 1920x1080, quality mode 6
* [DA] теневой атлас статики выделен: 12288x12288 (рабочий 4096x4096), ~576 МБ видеопамяти
* [DA_PORT] create: after CRenderTarget
* [DA_PORT] create: after Models/PSLibrary/HWOCC
* [DA_PORT] create: after q_sync_point
* [DA_PORT] create: before FluidManager.Initialize
*       [DA_PORT] сборка ps[fluid_advect]
*       [DA_PORT] сборка vs[fluid_grid]
*       [DA_PORT] сборка gs[fluid_array]
*       [DA_PORT] программы собраны
*       [DA_PORT] сборка ps[fluid_advect_bfecc]
*       [DA_PORT] сборка vs[fluid_grid]
*       [DA_PORT] сборка gs[fluid_array]
*       [DA_PORT] программы собраны
*       [DA_PORT] сборка ps[fluid_advect_temp]
*       [DA_PORT] сборка vs[fluid_grid]
*       [DA_PORT] сборка gs[fluid_array]
*       [DA_PORT] программы собраны
*       [DA_PORT] сборка ps[fluid_advect_bfecc_temp]
*       [DA_PORT] сборка vs[fluid_grid]
*       [DA_PORT] сборка gs[fluid_array]
*       [DA_PORT] программы собраны
*       [DA_PORT] сборка ps[fluid_advect_vel]
*       [DA_PORT] сборка vs[fluid_grid]
*       [DA_PORT] сборка gs[fluid_array]
*       [DA_PORT] программы собраны
! ERROR: Failed to find compiled constant buffer (further occurrences suppressed)
*       [DA_PORT] сборка ps[fluid_advect_vel]
*       [DA_PORT] сборка vs[fluid_grid]
*       [DA_PORT] сборка gs[fluid_array]
*       [DA_PORT] программы собраны
*       [DA_PORT] сборка ps[fluid_advect_vel_g]
*       [DA_PORT] сборка vs[fluid_grid]
*       [DA_PORT] сборка gs[fluid_array]
*       [DA_PORT] программы собраны
*       [DA_PORT] сборка ps[fluid_vorticity]
*       [DA_PORT] сборка vs[fluid_grid]
*       [DA_PORT] сборка gs[fluid_array]
*       [DA_PORT] программы собраны
*       [DA_PORT] сборка ps[fluid_confinement]
*       [DA_PORT] сборка vs[fluid_grid]
*       [DA_PORT] сборка gs[fluid_array]
*       [DA_PORT] программы собраны
*       [DA_PORT] сборка ps[fluid_divergence]
*       [DA_PORT] сборка vs[fluid_grid]
*       [DA_PORT] сборка gs[fluid_array]
*       [DA_PORT] программы собраны
*       [DA_PORT] сборка ps[fluid_jacobi]
*       [DA_PORT] сборка vs[fluid_grid]
*       [DA_PORT] сборка gs[fluid_array]
*       [DA_PORT] программы собраны
*       [DA_PORT] сборка ps[fluid_project]
*       [DA_PORT] сборка vs[fluid_grid]
*       [DA_PORT] сборка gs[fluid_array]
*       [DA_PORT] программы собраны
*       [DA_PORT] сборка ps[fluid_raydata_back]
*       [DA_PORT] сборка vs[fluid_raydata_back]
*       [DA_PORT] сборка gs[null]
*       [DA_PORT] программы собраны
*       [DA_PORT] сборка ps[fluid_raydata_front]
*       [DA_PORT] сборка vs[fluid_raydata_front]
*       [DA_PORT] сборка gs[null]
*       [DA_PORT] программы собраны
*       [DA_PORT] сборка ps[fluid_raydatacopy_quad]
*       [DA_PORT] сборка vs[fluid_raycast_quad]
*       [DA_PORT] сборка gs[null]
*       [DA_PORT] программы собраны
*       [DA_PORT] сборка ps[fluid_edge_detect]
*       [DA_PORT] сборка vs[fluid_edge_detect]
*       [DA_PORT] сборка gs[null]
*       [DA_PORT] программы собраны
*       [DA_PORT] сборка ps[fluid_raycast_quad]
*       [DA_PORT] сборка vs[fluid_raycast_quad]
*       [DA_PORT] сборка gs[null]
*       [DA_PORT] программы собраны
*       [DA_PORT] сборка ps[fluid_raycastcopy_quad]
*       [DA_PORT] сборка vs[fluid_raycast_quad]
*       [DA_PORT] сборка gs[null]
*       [DA_PORT] программы собраны
*       [DA_PORT] сборка ps[fluid_raycast_quad_fire]
*       [DA_PORT] сборка vs[fluid_raycast_quad]
*       [DA_PORT] сборка gs[null]
*       [DA_PORT] программы собраны
*       [DA_PORT] сборка ps[fluid_raycastcopy_quad_fire]
*       [DA_PORT] сборка vs[fluid_raycast_quad]
*       [DA_PORT] сборка gs[null]
*       [DA_PORT] программы собраны
*       [DA_PORT] сборка ps[fluid_obst_static_oobb]
*       [DA_PORT] сборка vs[fluid_grid_oobb]
*       [DA_PORT] сборка gs[fluid_array_oobb]
*       [DA_PORT] программы собраны
*       [DA_PORT] сборка ps[fluid_obst_dynamic_oobb]
*       [DA_PORT] сборка vs[fluid_grid_dyn_oobb]
*       [DA_PORT] сборка gs[fluid_array_dyn_oobb]
*       [DA_PORT] программы собраны
*       [DA_PORT] сборка ps[fluid_gaussian]
*       [DA_PORT] сборка vs[fluid_grid]
*       [DA_PORT] сборка gs[fluid_array]
*       [DA_PORT] программы собраны
* [DA_PORT] create: after FluidManager
* [DA_PORT] create: DONE
* [DA_PORT] Dev::Create after OnDeviceCreate
* [DA_PORT] Dev::Create after CreateImGuiRender
* [DA_PORT] Dev::Create after ImGui OnDeviceCreate
* [DA_PORT] Dev::Create DONE
* [DA_PORT] App: before TaskScheduler->Wait(lightAnim)
* [DA_PORT] App: after TaskScheduler->Wait
* [DA_PORT] create_persistent: before object_factory
* [DA_PORT] object_factory: creating new (g_object_factory=null)
* [DA_PORT] object_factory: after xr_new, before init()
* [DA_PORT] CAI_Space::init: before AISpaceBase::Initialize
* [DA_PORT] CAI_Space::init: after AISpaceBase::Initialize
* [DA_PORT] CAI_Space::init: before RestartScriptEngine
* [DA_PORT] SetupScriptEngine: before ScriptEngine->init
* [DA_PORT] ScriptEngine::init: before reinit
* [DA_PORT] ScriptEngine::init: after reinit, before luabind::open
* [DA_PORT] ScriptEngine::init: after luabind::open
* [DA_PORT] ScriptEngine::init: before setup_callbacks
* [DA_PORT] ScriptEngine::init: after setup_callbacks, before exporter
* [DA_PORT] sort: LOOP DETECTED in node list at 501
* Script exporter has 299 nodes registered.
* [DA_PORT] CGameObject::script_register: before module
* [DA_PORT] CGameObject::script_register: after module
* [DA_PORT] ScriptEngine::init: after exporter
* [DA_PORT] ScriptEngine::init: before open_lib base
* [DA_PORT] ScriptEngine::init: after open_lib, before randomize
* [DA_PORT] ScriptEngine::init: before process_file_if_exists(_G)
* Loading script: _G.script
* [DA_LUA] load: d:\dead air\dead air\gamedata\scripts\_g.script -> _G
~ [DA_LUA1] обёртка get_console построена заново, адрес [0000000013d98ec0]
~ [DA_LUA1] обёртка system_ini построена заново, адрес [00000000116f29a0]
* [DA_PORT] ScriptEngine::init: after process_file_if_exists(_G)
* [DA_PORT] ScriptEngine::init: DONE
* [DA_PORT] SetupScriptEngine: after ScriptEngine->init, before RegisterScriptClasses
* Loading script: class_registrator.script
* [DA_LUA] load: d:\dead air\dead air\gamedata\scripts\class_registrator.script -> class_registrator
* Loading script: ui_main_menu.script
* [DA_LUA] load: d:\dead air\dead air\gamedata\scripts\ui_main_menu.script -> ui_main_menu
* Loading script: smart_terrain.script
* [DA_LUA] load: d:\dead air\dead air\gamedata\scripts\smart_terrain.script -> smart_terrain
* Loading script: se_level_changer.script
* [DA_LUA] load: d:\dead air\dead air\gamedata\scripts\se_level_changer.script -> se_level_changer
* Loading script: se_actor.script
* [DA_LUA] load: d:\dead air\dead air\gamedata\scripts\se_actor.script -> se_actor
* Loading script: se_stalker.script
* [DA_LUA] load: d:\dead air\dead air\gamedata\scripts\se_stalker.script -> se_stalker
* Loading script: se_heli.script
* [DA_LUA] load: d:\dead air\dead air\gamedata\scripts\se_heli.script -> se_heli
* Loading script: se_zones.script
* [DA_LUA] load: d:\dead air\dead air\gamedata\scripts\se_zones.script -> se_zones
* Loading script: se_item.script
* [DA_LUA] load: d:\dead air\dead air\gamedata\scripts\se_item.script -> se_item
* Loading script: se_smart_cover.script
* [DA_LUA] load: d:\dead air\dead air\gamedata\scripts\se_smart_cover.script -> se_smart_cover
* Loading script: se_car.script
* [DA_LUA] load: d:\dead air\dead air\gamedata\scripts\se_car.script -> se_car
* Loading script: se_artefact.script
* [DA_LUA] load: d:\dead air\dead air\gamedata\scripts\se_artefact.script -> se_artefact
* Loading script: se_monster.script
* [DA_LUA] load: d:\dead air\dead air\gamedata\scripts\se_monster.script -> se_monster
* Loading script: sim_squad_scripted.script
* [DA_LUA] load: d:\dead air\dead air\gamedata\scripts\sim_squad_scripted.script -> sim_squad_scripted
* Loading script: game_registrator.script
* [DA_LUA] load: d:\dead air\dead air\gamedata\scripts\game_registrator.script -> game_registrator
* [DA_PORT] SetupScriptEngine: after RegisterScriptClasses, before register_script
* [DA_PORT] SetupScriptEngine: after register_script, before LoadCommonScripts
* [DA_PORT] SetupScriptEngine: after LoadCommonScripts
* [DA_PORT] CAI_Space::init: after RestartScriptEngine
* [DA_PORT] object_factory: after init()
* [DA_PORT] create_persistent: after object_factory, before CGamePersistent
* [DA_PORT] create_persistent: after CGamePersistent
* [DA_PORT] App: after create_persistent
* [DA_PORT] App: before OnAppStart
! Player name registry key (InstallUserName) not found !
* [DA_PORT] Кеш описаний персонажей прогрет: 1035 персонажей, 455 профилей за 13 мс
Loading module: AnselSDK64
* [DA_PORT] App: after OnAppStart
* [DA_PORT] Run: before HideSplash
* [DA_PORT] Run: before Device.Run
Starting engine...
* [DA_PORT] Run: after Device.Run, entering loop
* [DA_PORT] окно: фокус получен (b_is_Active=1, always_active=1)
* [DA_PORT] окно: фокус потерян (b_is_Active=1, always_active=1)
* [DA_PORT] окно: фокус получен (b_is_Active=1, always_active=1)
~ [DA_STARTUP] выполняю: load_last_save cap3347 - quicksave5 ; load_last_save ; da_after_load 200 da_grenade_test 2 6
~ [DA_AFTER] через 200 кадров после загрузки уровня будет выполнено: da_grenade_test 2 6
* Loading script: axr_main.script
* [DA_LUA] load: d:\dead air\dead air\gamedata\scripts\axr_main.script -> axr_main
* Loading script: xrs_dyn_music.script
* [DA_LUA] load: d:\dead air\dead air\gamedata\scripts\xrs_dyn_music.script -> xrs_dyn_music
* Loading script: closecaption.script
* [DA_LUA] load: d:\dead air\dead air\gamedata\scripts\closecaption.script -> closecaption
* Loading script: xrs_debug_tools.script
* [DA_LUA] load: d:\dead air\dead air\gamedata\scripts\xrs_debug_tools.script -> xrs_debug_tools
* [DA_PORT] mem_compact: 2113 -> 2113 МБ (вернулось 0 МБ) за 0.0 мс
* [ Windows ]: free[137346422520 K], reserved[89397616 K], committed[3133272 K]
* [ render ]: textures[0 K]
* [ x-ray  ]: process heap[2163948 K]
* [ x-ray  ]: shared strings: memory[22150 K], count[65089]
* [ x-ray  ]: shared memory[0 K]
~ [DA_PORT] ввод захвачен, приёмников 2: 13DummyReceiver <= ВЕРХ 9CMainMenu
~ [DA_PORT] ввод отпущен, приёмников 1: <= ВЕРХ 13DummyReceiver
*  0.0 : [   3] $null
*  0.0 : [   1] $user$NVHHGGTex
*  0.0 : [   5] $user$NVjitterTex
*  0.0 : [   8] $user$Texture_color
*  0.0 : [   1] $user$Texture_color_out
*  0.0 : [   7] $user$Texture_obstacles
*  0.0 : [   3] $user$Texture_obstvelocity
*  0.0 : [   3] $user$Texture_pressure
*  0.0 : [   2] $user$Texture_tempscalar
*  0.0 : [   3] $user$Texture_tempvector
*  0.0 : [   5] $user$Texture_velocity0
*  0.0 : [   4] $user$Texture_velocity1
*  0.0 : [   3] $user$accum
*  0.0 : [   1] $user$accum_temp
*  0.0 : [   9] $user$albedo
*  0.0 : [   1] $user$base_depth
*  0.0 : [   4] $user$bloom1
*  0.0 : [   2] $user$bloom2
*  0.0 : [   2] $user$cmap0
*  0.0 : [   2] $user$cmap1
*  0.0 : [   2] $user$da_smap_static
*  0.0 : [   3] $user$edgeTex
*  0.0 : [   2] $user$env_s0
*  0.0 : [   2] $user$env_s1
*  0.0 : [   3] $user$fsr2_out
*  0.0 : [   1] $user$generic
*  0.0 : [   5] $user$generic0
*  0.0 : [   4] $user$generic1
*  0.0 : [   2] $user$generic2
*  0.0 : [   2] $user$half_depth
*  0.0 : [   4] $user$jitter_0
*  0.0 : [   2] $user$jitter_1
*  0.0 : [   1] $user$jitter_2
*  0.0 : [   1] $user$jitter_3
*  0.0 : [   2] $user$jitter_4
*  0.0 : [   1] $user$jitter_mipped
*  0.0 : [   2] $user$lum_t64
*  0.0 : [   3] $user$lum_t8
*  0.0 : [   1] $user$luminance_0
*  0.0 : [   1] $user$luminance_1
*  0.0 : [  10] $user$material
*  0.0 : [ 246] $user$position
*  0.0 : [   3] $user$rayCastTex
*  0.0 : [   6] $user$rayDataTex
*  0.0 : [   2] $user$rayDataTexSmall
*  0.0 : [   7] $user$reactive
*  0.0 : [   2] $user$reactive_scratch
*  0.0 : [   2] $user$reactive_scratch2
*  0.0 : [   1] $user$sky0
*  0.0 : [   1] $user$sky1
*  0.0 : [  10] $user$smap_depth
*  0.0 : [   2] $user$smap_depth_minmax
*  0.0 : [   3] $user$smap_rain
*  0.0 : [   1] $user$smap_surf
*  0.0 : [   2] $user$ssr
*  0.0 : [   2] $user$taa_history
*  0.0 : [   1] $user$taa_out
*  0.0 : [   1] $user$taa_scratch
*  0.0 : [   9] $user$tonemap
*  0.0 : [   2] $user$tonemap_src
*  0.0 : [   6] $user$velocity
*  0.0 : [   1] $user$velocity_guard
*  0.0 : [   2] act\act_controller_hit1
*  0.0 : [   2] amik\anomaly\electric_radial
*  0.0 : [   2] amik\explosions\boom_0
*  0.0 : [   2] amik\explosions\boom_1
*  0.0 : [   2] amik\explosions\boom_2
*  0.0 : [   2] amik\explosions\decal_concrete
*  0.0 : [   2] amik\explosions\explo_end
*  0.0 : [   2] amik\explosions\explosion_dynamite\explosion_din
*  0.0 : [   2] amik\explosions\explosion_dynamite\flashlight
*  0.0 : [   2] amik\explosions\explosion_dynamite\smoke
*  0.0 : [   2] amik\explosions\explosion_flash_atlas
*  0.0 : [   2] amik\explosions\explosion_fuelcan\boom_1
*  0.0 : [   1] amik\explosions\explosion_fuelcan\boom_3
*  0.0 : [   2] amik\explosions\explosion_fuelcan\grey_xpl
*  0.0 : [   2] amik\explosions\explosion_smoke03
*  0.0 : [   2] amik\explosions\final_expl
*  0.0 : [   2] amik\explosions\smoke_cannon
*  0.0 : [   2] amik\hit_fx\water_splash\water_splash_anim
*  0.0 : [   2] amik\hit_fx\water_splash\water_spurt
*  0.0 : [   2] amik\nature\list
*  0.0 : [   2] amik\nature\stonedebris1
*  0.0 : [   2] amik\nature\wood_part
*  0.0 : [   2] amik\static\gas_light\flame_zippo
*  0.0 : [   2] amik\weapons\00
*  0.0 : [   2] amik\weapons\12x70
*  0.0 : [   2] amik\weapons\6ways1
*  0.0 : [   2] amik\weapons\6ways2
*  0.0 : [   2] amik\weapons\9x39
*  0.0 : [   2] amik\weapons\btr\muzzle 6ways1
*  0.0 : [   2] amik\weapons\btr\muzzle 6ways2
*  0.0 : [   2] amik\weapons\dtk_2
*  0.0 : [   2] amik\weapons\dtk_3
*  0.0 : [   2] amik\weapons\dtk_4
*  0.0 : [   2] amik\weapons\dtk_4_1
*  0.0 : [   2] amik\weapons\dtk_5
*  0.0 : [   2] amik\weapons\dtk_6
*  0.0 : [   2] amik\weapons\dtk_8
*  0.0 : [   2] amik\weapons\flame\flameshoot_1
*  0.0 : [   2] amik\weapons\flame\flameshoot_2
*  0.0 : [   2] amik\weapons\flame\flameshoot_3
*  0.0 : [   2] amik\weapons\flame\flameshoot_4
*  0.0 : [   2] amik\weapons\flame\flameshoot_5
*  0.0 : [   2] amik\weapons\flame\mg42out
*  0.0 : [   2] amik\weapons\flame\trace
*  0.0 : [   2] amik\weapons\flame\trace_01
*  0.0 : [   2] amik\weapons\flame\trail
*  0.0 : [   2] amik\weapons\flash_01
*  0.0 : [   2] amik\weapons\flash_02
*  0.0 : [   2] amik\weapons\flash_04
*  0.0 : [   2] amik\weapons\flash_05
*  0.0 : [   2] amik\weapons\grishik\357mag
*  0.0 : [   2] amik\weapons\grishik\45
*  0.0 : [   2] amik\weapons\grishik\50_ae
*  0.0 : [   2] amik\weapons\grishik\5x45x39
*  0.0 : [   2] amik\weapons\grishik\5x45x39_00
*  0.0 : [   2] amik\weapons\grishik\5x45x39_01
*  0.0 : [   2] amik\weapons\grishik\5x56x45
*  0.0 : [   2] amik\weapons\grishik\5x56x45_00
*  0.0 : [   2] amik\weapons\grishik\5x7x28
*  0.0 : [   2] amik\weapons\grishik\6x5x50
*  0.0 : [   2] amik\weapons\grishik\7x62x25_0
*  0.0 : [   2] amik\weapons\grishik\7x62x25_1
*  0.0 : [   2] amik\weapons\grishik\7x62x25_2
*  0.0 : [   2] amik\weapons\grishik\7x62x25_3
*  0.0 : [   2] amik\weapons\grishik\7x62x25_4
*  0.0 : [   2] amik\weapons\grishik\7x62x39_00
*  0.0 : [   2] amik\weapons\grishik\7x62x39_01
*  0.0 : [   2] amik\weapons\grishik\7x62x39_02
*  0.0 : [   2] amik\weapons\grishik\7x62x39_03
*  0.0 : [   2] amik\weapons\grishik\7x62x51_1
*  0.0 : [   2] amik\weapons\grishik\7x62x51_2
*  0.0 : [   2] amik\weapons\grishik\7x62x54
*  0.0 : [   2] amik\weapons\grishik\7x7x57
*  0.0 : [   2] amik\weapons\grishik\7x92x57
*  0.0 : [   2] amik\weapons\grishik\9x18_1
*  0.0 : [   2] amik\weapons\grishik\9x18_2
*  0.0 : [   2] amik\weapons\grishik\9x18_3
*  0.0 : [   2] amik\weapons\grishik\9x39
*  0.0 : [   2] amik\weapons\mg42out
*  0.0 : [   2] amik\weapons\shells_12x70
*  0.0 : [   2] amik\weapons\shells_ak
*  0.0 : [   2] amik\weapons\shells_ak_01
*  0.0 : [   2] amik\weapons\smokeshoot_0
*  0.0 : [   2] amik\weapons\smokeshoot_1
*  0.0 : [   2] amik\weapons\trace
*  0.0 : [   2] amik\weapons\trace_01
*  0.0 : [   2] fx\fx_flare1
*  0.0 : [   2] fx\fx_gradien2
*  0.0 : [   2] fx\fx_gradient
*  0.0 : [   2] fx\fx_gradient1
*  0.0 : [   1] fx\fx_lightning
*  0.0 : [   1] fx\fx_moon2
*  0.0 : [   1] fx\fx_moon_halo_phase_1
*  0.0 : [   1] fx\fx_moon_halo_phase_2
*  0.0 : [   1] fx\fx_moon_halo_phase_3
*  0.0 : [   1] fx\fx_moon_halo_phase_4
*  0.0 : [   1] fx\fx_moon_halo_phase_5
*  0.0 : [   1] fx\fx_moon_halo_phase_6
*  0.0 : [   1] fx\fx_moon_halo_phase_7
*  0.0 : [   1] fx\fx_moon_phase_1
*  0.0 : [   1] fx\fx_moon_phase_2
*  0.0 : [   1] fx\fx_moon_phase_3
*  0.0 : [   1] fx\fx_moon_phase_4
*  0.0 : [   1] fx\fx_moon_phase_5
*  0.0 : [   1] fx\fx_moon_phase_6
*  0.0 : [   1] fx\fx_moon_phase_7
*  0.0 : [   1] fx\fx_noise
*  0.0 : [   2] fx\fx_noise2
*  0.0 : [   1] fx\fx_rain
*  0.0 : [   1] fx\fx_rainsplash1
*  0.0 : [   2] fx\fx_sun
*  0.0 : [   1] fx\fx_sun_fog
*  0.0 : [   1] fx\fx_sun_gradient
*  0.0 : [   1] fx\fx_sun_halo
*  0.0 : [   1] fx\fx_sun_morning
*  0.0 : [   1] fx\fx_sun_rise
*  0.0 : [   1] fx\fx_thunderbolts_gradient
*  0.0 : [   1] fx\fx_thunderbolts_gradient_surge
*  0.0 : [   2] fx\fx_volumefog1
*  0.0 : [   2] glow\glow_04
*  0.0 : [   2] glow\glow_blue
*  0.0 : [   2] glow\glow_fire1
*  0.0 : [   2] glow\glow_fire1_soc
*  0.0 : [   2] glow\glow_orange
*  0.0 : [   2] glow\glow_orange2
*  0.0 : [   2] glow\glow_orange_bright
*  0.0 : [   2] glow\glow_rays
*  0.0 : [   2] glow\glow_white
*  0.0 : [   2] glow\glow_yellow
*  0.0 : [   2] internal\internal_fireTransferFunction
*  0.0 : [   3] lights\lights_spot01
*  0.0 : [   2] pfx\pfx_ani-explosion-02
*  0.0 : [   2] pfx\pfx_ani-explosion-02-b-a
*  0.0 : [   2] pfx\pfx_ani-explosion-02a
*  0.0 : [   2] pfx\pfx_ani-fire01
*  0.0 : [   2] pfx\pfx_ani-smoke-01
*  0.0 : [   2] pfx\pfx_anomaly_1
*  0.0 : [   2] pfx\pfx_anomaly_16
*  0.0 : [   2] pfx\pfx_anomaly_17
*  0.0 : [   2] pfx\pfx_anomaly_18
*  0.0 : [   2] pfx\pfx_anomaly_19
*  0.0 : [   2] pfx\pfx_anomaly_2
*  0.0 : [   2] pfx\pfx_anomaly_21
*  0.0 : [   2] pfx\pfx_anomaly_23
*  0.0 : [   2] pfx\pfx_anomaly_2_green
*  0.0 : [   2] pfx\pfx_anomaly_3
*  0.0 : [   2] pfx\pfx_anomaly_4
*  0.0 : [   2] pfx\pfx_anomaly_5
*  0.0 : [   2] pfx\pfx_anomaly_6
*  0.0 : [   2] pfx\pfx_anomaly_7
*  0.0 : [   2] pfx\pfx_anomaly_8
*  0.0 : [   2] pfx\pfx_anomaly_88
*  0.0 : [   2] pfx\pfx_anomaly_9
*  0.0 : [   2] pfx\pfx_bloodsplash1
*  0.0 : [   2] pfx\pfx_bloodsplash2
*  0.0 : [   2] pfx\pfx_blurry_cloud
*  0.0 : [   2] pfx\pfx_brick
*  0.0 : [   2] pfx\pfx_bubble
*  0.0 : [   2] pfx\pfx_bubble_1
*  0.0 : [   2] pfx\pfx_bubble_water
*  0.0 : [   2] pfx\pfx_cc_lighting_grad2
*  0.0 : [   2] pfx\pfx_cc_lightings
*  0.0 : [   2] pfx\pfx_concretedebris_01
*  0.0 : [   2] pfx\pfx_concretepuffs_01
*  0.0 : [   1] pfx\pfx_dist2
*  0.0 : [   1] pfx\pfx_dist2inv
*  0.0 : [   1] pfx\pfx_dist3
*  0.0 : [   1] pfx\pfx_dist4
*  0.0 : [   1] pfx\pfx_dist8
*  0.0 : [   1] pfx\pfx_dist9
*  0.0 : [   1] pfx\pfx_dist_lens_base
*  0.0 : [   1] pfx\pfx_dist_teleport
*  0.0 : [   1] pfx\pfx_distort_anomaly
*  0.0 : [   2] pfx\pfx_distortion
*  0.0 : [   2] pfx\pfx_electrostatic
*  0.0 : [   2] pfx\pfx_expl_01
*  0.0 : [   2] pfx\pfx_explotions_2
*  0.0 : [   2] pfx\pfx_explotions_3
*  0.0 : [   2] pfx\pfx_explotions_4
*  0.0 : [   2] pfx\pfx_explotions_smoke
*  0.0 : [   2] pfx\pfx_explotions_smoke_benzine
*  0.0 : [   2] pfx\pfx_flame
*  0.0 : [   2] pfx\pfx_flame_01
*  0.0 : [   2] pfx\pfx_flamefx_01
*  0.0 : [   2] pfx\pfx_flash_01
*  0.0 : [   2] pfx\pfx_flash_02
*  0.0 : [   2] pfx\pfx_flash_05
*  0.0 : [   2] pfx\pfx_flash_07
*  0.0 : [   2] pfx\pfx_flash_08
*  0.0 : [   2] pfx\pfx_flies
*  0.0 : [   2] pfx\pfx_g-smoke-01
*  0.0 : [   2] pfx\pfx_gologramma
*  0.0 : [   2] pfx\pfx_gradient
*  0.0 : [   2] pfx\pfx_gradient1
*  0.0 : [   2] pfx\pfx_leaves_01
*  0.0 : [   2] pfx\pfx_leaves_02
*  0.0 : [   2] pfx\pfx_light
*  0.0 : [   2] pfx\pfx_light1
*  0.0 : [   2] pfx\pfx_light3
*  0.0 : [   2] pfx\pfx_light4
*  0.0 : [   1] pfx\pfx_lighting_stancia_01
*  0.0 : [   1] pfx\pfx_lighting_stancia_02
*  0.0 : [   2] pfx\pfx_lightning_01
*  0.0 : [   2] pfx\pfx_lightning_02
*  0.0 : [   2] pfx\pfx_ligth_6
*  0.0 : [   2] pfx\pfx_plasma
*  0.0 : [   2] pfx\pfx_shells1
*  0.0 : [   2] pfx\pfx_shells2
*  0.0 : [   2] pfx\pfx_shells_green
*  0.0 : [   2] pfx\pfx_shells_pisto1
*  0.0 : [   2] pfx\pfx_shells_pistol
*  0.0 : [   2] pfx\pfx_skinsplash1
*  0.0 : [   2] pfx\pfx_smoke_a
*  0.0 : [   2] pfx\pfx_smoke_b
*  0.0 : [   2] pfx\pfx_smoke_c
*  0.0 : [   2] pfx\pfx_smoke_d
*  0.0 : [   2] pfx\pfx_smoke_f
*  0.0 : [   2] pfx\pfx_smoke_g
*  0.0 : [   2] pfx\pfx_smoke_n
*  0.0 : [   2] pfx\pfx_smokepuffs1
*  0.0 : [   2] pfx\pfx_smokepuffs2
*  0.0 : [   2] pfx\pfx_spark_01
*  0.0 : [   2] pfx\pfx_spark_02
*  0.0 : [   2] pfx\pfx_sparks
*  0.0 : [   2] pfx\pfx_sparks1
*  0.0 : [   2] pfx\pfx_sparks2
*  0.0 : [   2] pfx\pfx_specks
*  0.0 : [   2] pfx\pfx_specks_poison
*  0.0 : [   2] pfx\pfx_spikey_star
*  0.0 : [   2] pfx\pfx_splash3
*  0.0 : [   2] pfx\pfx_splash_01
*  0.0 : [   2] pfx\pfx_splash_02
*  0.0 : [   2] pfx\pfx_step_blood
*  0.0 : [   2] pfx\pfx_stonedebris1
*  0.0 : [   2] pfx\pfx_stonedebris2
*  0.0 : [   2] pfx\pfx_synus
*  0.0 : [   2] pfx\pfx_teleport
*  0.0 : [   2] pfx\pfx_test_textures
*  0.0 : [   2] pfx\pfx_vehglassdebris_01
*  0.0 : [   2] pfx\pfx_vehmetaldebris_01
*  0.0 : [   2] pfx\pfx_water_wave
*  0.0 : [   2] pfx\pfx_woodchips1
*  0.0 : [   2] pfx\pfx_woodchips3
*  0.0 : [   2] pfx\r_pop\shells\12ga
*  0.0 : [   2] pfx\r_pop\shells\45acp
*  0.0 : [   2] pfx\r_pop\shells\545x39
*  0.0 : [   2] pfx\r_pop\shells\556x45
*  0.0 : [   2] pfx\r_pop\shells\762x39
*  0.0 : [   2] pfx\r_pop\shells\762x51
*  0.0 : [   2] pfx\r_pop\shells\762x54
*  0.0 : [   2] pfx\r_pop\shells\9x18
*  0.0 : [   2] pfx\r_pop\shells\9x19
*  0.0 : [   2] pfx\r_pop\shells\9x39
*  0.0 : [   2] pfx\r_pop\shells\fake_shells
*  0.0 : [   2] prop\prop_fake_bed_fireplace
*  0.0 : [   2] prop\prop_provod_02
*  0.0 : [   2] shoker_mod\explosions\explosion_smoke01
*  0.0 : [   2] shoker_mod\explosions\final_expl
*  0.0 : [   2] shoker_mod\explosions\firesmokeparticle
*  0.0 : [   2] shoker_mod\pfx\pfx_ak_shells_1
*  0.0 : [   2] shoker_mod\pfx\pfx_shells1
*  0.0 : [   2] shoker_mod\pfx\pfx_shells2
*  0.0 : [   2] shoker_mod\pfx\pfx_shells3
*  0.0 : [   2] shoker_mod\pfx\pfx_smoke_1
*  0.0 : [   2] sunmask
*  0.0 : [   1] ui\ui_actor_menu
*  0.0 : [   1] ui\ui_actor_multiplayer_game_menu
*  0.0 : [   1] ui\ui_common
*  0.0 : [   1] ui\ui_font_arial_14_1600
*  0.0 : [   1] ui\ui_font_console_02
*  0.0 : [   1] ui\ui_font_graff_19_1600
*  0.0 : [   1] ui\ui_font_graff_32_1600
*  0.0 : [   1] ui\ui_font_graff_50_1600
*  0.0 : [   1] ui\ui_font_hud_01
*  0.0 : [   1] ui\ui_font_hud_02
*  0.0 : [   1] ui\ui_font_letter_16_1600
*  0.0 : [   1] ui\ui_font_letter_18_1024
*  0.0 : [   1] ui\ui_font_letter_18_1600
*  0.0 : [   1] ui\ui_static_mm_back_05
*  0.0 : [   1] water\water_SBumpVolume
*  0.0 : [   1] water\water_flowing_nmap
*  0.0 : [   1] water\water_normal
*  0.0 : [   1] wm\wm_blood_1
*  0.0 : [   1] wm\wm_blood_1_1
*  0.0 : [   1] wm\wm_blood_1_2
*  0.0 : [   1] wm\wm_blood_1_3
*  0.0 : [   1] wm\wm_blood_drop_4
*  0.0 : [   1] wm\wm_bullet_asfalt_1
*  0.0 : [   1] wm\wm_bullet_asfalt_2
*  0.0 : [   1] wm\wm_bullet_asfalt_3
*  0.0 : [   1] wm\wm_bullet_brick_1
*  0.0 : [   1] wm\wm_bullet_brick_2
*  0.0 : [   1] wm\wm_bullet_concrete
*  0.0 : [   1] wm\wm_bullet_concrete_1
*  0.0 : [   1] wm\wm_bullet_concrete_2
*  0.0 : [   1] wm\wm_bullet_concrete_4
*  0.0 : [   1] wm\wm_bullet_concrete_5
*  0.0 : [   1] wm\wm_bullet_concrete_6
*  0.0 : [   1] wm\wm_bullet_concrete_7
*  0.0 : [   1] wm\wm_bullet_concrete_8
*  0.0 : [   1] wm\wm_bullet_glass01
*  0.0 : [   1] wm\wm_bullet_glass02
*  0.0 : [   1] wm\wm_bullet_glass03
*  0.0 : [   1] wm\wm_bullet_glass04
*  0.0 : [   1] wm\wm_bullet_ground
*  0.0 : [   1] wm\wm_bullet_ground_1
*  0.0 : [   1] wm\wm_bullet_ground_2
*  0.0 : [   1] wm\wm_bullet_metall_thik
*  0.0 : [   1] wm\wm_bullet_metall_thik_1
*  0.0 : [   1] wm\wm_bullet_metall_thik_2
*  0.0 : [   1] wm\wm_bullet_metall_thik_3
*  0.0 : [   1] wm\wm_bullet_metall_thin
*  0.0 : [   1] wm\wm_bullet_metall_thin_1
*  0.0 : [   1] wm\wm_bullet_metall_thin_2
*  0.0 : [   1] wm\wm_bullet_metall_thin_3
*  0.0 : [   1] wm\wm_bullet_metall_thin_4
*  0.0 : [   1] wm\wm_bullet_wood
*  0.0 : [   1] wm\wm_bullet_wood_1
*  0.0 : [   1] wm\wm_bullet_wood_2
*  0.0 : [   1] wm\wm_bullet_wood_3
*  0.0 : [   1] wm\wm_bullet_wood_4
*  0.0 : [   1] wm\wm_bullet_wood_5
*  0.0 : [   1] wm\wm_bullet_wood_6
*  0.0 : [   1] wm\wm_bullet_wood_7
*  0.0 : [   1] wm\wm_bullet_wood_8
*  0.0 : [   1] wm\wm_bullet_wood_9
*  0.0 : [   1] wm\wm_hammer_01
*  0.0 : [   1] wm\wm_hammer_02
*  0.0 : [   1] wm\wm_hammer_03
*  0.0 : [   1] wm\wm_hammer_04
*  0.0 : [   1] wm\wm_knife_dead
*  0.0 : [   1] wm\wm_knife_horiz
*  0.0 : [   1] wm\wm_knife_horiz_blood
*  0.0 : [   1] wm\wm_knife_horiz_blood1
*  0.0 : [   1] wm\wm_knife_horiz_metal
*  0.0 : [   1] wm\wm_knife_horiz_ston
*  0.0 : [   1] wm\wm_knife_wood
*  0.0 : [   1] wm\wm_knife_wood1
*  0.0 : [   1] wm\wm_knife_wood2
*  0.0 : [   1] wm\wm_listja
*  1.1 : [   1] ui\ui_ani_cursor
* 128.1 : [   1] ui\ui_font_graff_22_1600
* 2048.1 : [   1] ui\ui_buy_menu
* 2048.1 : [   1] ui\ui_static_mm_back_01
* 8100.0 : [   1] ui\ui_static_mm_back_00
* phase time: 0 ms
* phase cmem: 2281772 K
Loading objects...
Loading models...
Loading textures...
* [prefetch] time:   363 ms
* [prefetch] memory: 1073564 Kb
! Player name registry key (InstallUserName) not found !
* phase time: 430 ms
* phase cmem: 3355328 K
* [DA] отношения группировок сброшены к конфигу на старте игры
* [DA_PORT] SetupScriptEngine: before ScriptEngine->init
* [DA_PORT] ScriptEngine::init: before reinit
* [DA_PORT] ScriptEngine::init: after reinit, before luabind::open
* [DA_PORT] ScriptEngine::init: after luabind::open
* [DA_PORT] ScriptEngine::init: before setup_callbacks
* [DA_PORT] ScriptEngine::init: after setup_callbacks, before exporter
* [DA_PORT] CGameObject::script_register: before module
* [DA_PORT] CGameObject::script_register: after module
* [DA_PORT] ScriptEngine::init: after exporter
* [DA_PORT] ScriptEngine::init: before open_lib base
* [DA_PORT] ScriptEngine::init: after open_lib, before randomize
* [DA_PORT] ScriptEngine::init: before process_file_if_exists(_G)
* Loading script: _G.script
* [DA_LUA] load: d:\dead air\dead air\gamedata\scripts\_g.script -> _G
~ [DA_LUA1] обёртка get_console построена заново, адрес [0000000013d98ec0]
~ [DA_LUA1] обёртка system_ini построена заново, адрес [00000000116f29a0]
* [DA_PORT] ScriptEngine::init: after process_file_if_exists(_G)
* [DA_PORT] ScriptEngine::init: DONE
* [DA_PORT] SetupScriptEngine: after ScriptEngine->init, before RegisterScriptClasses
* Loading script: class_registrator.script
* [DA_LUA] load: d:\dead air\dead air\gamedata\scripts\class_registrator.script -> class_registrator
* [DA_PORT] object_factory: creating new (g_object_factory=null)
* [DA_PORT] object_factory: after xr_new, before init()
* [DA_PORT] object_factory: after init()
* Loading script: ui_main_menu.script
* [DA_LUA] load: d:\dead air\dead air\gamedata\scripts\ui_main_menu.script -> ui_main_menu
* Loading script: smart_terrain.script
* [DA_LUA] load: d:\dead air\dead air\gamedata\scripts\smart_terrain.script -> smart_terrain
* Loading script: se_level_changer.script
* [DA_LUA] load: d:\dead air\dead air\gamedata\scripts\se_level_changer.script -> se_level_changer
* Loading script: se_actor.script
* [DA_LUA] load: d:\dead air\dead air\gamedata\scripts\se_actor.script -> se_actor
* Loading script: se_stalker.script
* [DA_LUA] load: d:\dead air\dead air\gamedata\scripts\se_stalker.script -> se_stalker
* Loading script: se_heli.script
* [DA_LUA] load: d:\dead air\dead air\gamedata\scripts\se_heli.script -> se_heli
* Loading script: se_zones.script
* [DA_LUA] load: d:\dead air\dead air\gamedata\scripts\se_zones.script -> se_zones
* Loading script: se_item.script
* [DA_LUA] load: d:\dead air\dead air\gamedata\scripts\se_item.script -> se_item
* Loading script: se_smart_cover.script
* [DA_LUA] load: d:\dead air\dead air\gamedata\scripts\se_smart_cover.script -> se_smart_cover
* Loading script: se_car.script
* [DA_LUA] load: d:\dead air\dead air\gamedata\scripts\se_car.script -> se_car
* Loading script: se_artefact.script
* [DA_LUA] load: d:\dead air\dead air\gamedata\scripts\se_artefact.script -> se_artefact
* Loading script: se_monster.script
* [DA_LUA] load: d:\dead air\dead air\gamedata\scripts\se_monster.script -> se_monster
* Loading script: sim_squad_scripted.script
* [DA_LUA] load: d:\dead air\dead air\gamedata\scripts\sim_squad_scripted.script -> sim_squad_scripted
* Loading script: game_registrator.script
* [DA_LUA] load: d:\dead air\dead air\gamedata\scripts\game_registrator.script -> game_registrator
* [DA_PORT] SetupScriptEngine: after RegisterScriptClasses, before register_script
* [DA_PORT] SetupScriptEngine: after register_script, before LoadCommonScripts
* [DA_PORT] SetupScriptEngine: after LoadCommonScripts
[LUA]  Call of Chernobyl version 1.4.22
[LUA]  using marshal library
* Loading script: sound_theme.script
* [DA_LUA] load: d:\dead air\dead air\gamedata\scripts\sound_theme.script -> sound_theme
* Loading script: alun_utils.script
* [DA_LUA] load: d:\dead air\dead air\gamedata\scripts\alun_utils.script -> alun_utils
* Loading script: axr_main.script
* [DA_LUA] load: d:\dead air\dead air\gamedata\scripts\axr_main.script -> axr_main
* Loading script: _g.script
* [DA_LUA] load: d:\dead air\dead air\gamedata\scripts\_g.script -> _g
* Loading script: actor_effects.script
* [DA_LUA] load: d:\dead air\dead air\gamedata\scripts\actor_effects.script -> actor_effects
* Loading script: actor_effects_data.script
* [DA_LUA] load: d:\dead air\dead air\gamedata\scripts\actor_effects_data.script -> actor_effects_data
* Loading script: actor_menu.script
* [DA_LUA] load: d:\dead air\dead air\gamedata\scripts\actor_menu.script -> actor_menu
* Loading script: actor_menu_inventory.script
* [DA_LUA] load: d:\dead air\dead air\gamedata\scripts\actor_menu_inventory.script -> actor_menu_inventory
* Loading script: actor_proxy.script
* [DA_LUA] load: d:\dead air\dead air\gamedata\scripts\actor_proxy.script -> actor_proxy
* Loading script: ai_stalker.script
* [DA_LUA] load: d:\dead air\dead air\gamedata\scripts\ai_stalker.script -> ai_stalker
* Loading script: alife_storage_manager.script
* [DA_LUA] load: d:\dead air\dead air\gamedata\scripts\alife_storage_manager.script -> alife_storage_manager
* Loading script: ami_allspawn.script
* [DA_LUA] load: d:\dead air\dead air\gamedata\scripts\ami_allspawn.script -> ami_allspawn
* Loading script: ami_position.script
* [DA_LUA] load: d:\dead air\dead air\gamedata\scripts\ami_position.script -> ami_position
* Loading script: ammo_aggregation.script
* [DA_LUA] load: d:\dead air\dead air\gamedata\scripts\ammo_aggregation.script -> ammo_aggregation
* Loading script: artefact_degradation.script
* [DA_LUA] load: d:\dead air\dead air\gamedata\scripts\artefact_degradation.script -> artefact_degradation
* Loading script: atmosfear_options.script
* [DA_LUA] load: d:\dead air\dead air\gamedata\scripts\atmosfear_options.script -> atmosfear_options
* Loading script: axr_battery.script
* [DA_LUA] load: d:\dead air\dead air\gamedata\scripts\axr_battery.script -> axr_battery
* Loading script: axr_beh.script
* [DA_LUA] load: d:\dead air\dead air\gamedata\scripts\axr_beh.script -> axr_beh
* Loading script: axr_companions.script
* [DA_LUA] load: d:\dead air\dead air\gamedata\scripts\axr_companions.script -> axr_companions
* Loading script: axr_dynamic_spawn.script
* [DA_LUA] load: d:\dead air\dead air\gamedata\scripts\axr_dynamic_spawn.script -> axr_dynamic_spawn
* Loading script: axr_fight_from_cover.script
* [DA_LUA] load: d:\dead air\dead air\gamedata\scripts\axr_fight_from_cover.script -> axr_fight_from_cover
* Loading script: axr_keybind.script
* [DA_LUA] load: d:\dead air\dead air\gamedata\scripts\axr_keybind.script -> axr_keybind
* Loading script: axr_logic.script
* [DA_LUA] load: d:\dead air\dead air\gamedata\scripts\axr_logic.script -> axr_logic
* Loading script: axr_main_options.script
* [DA_LUA] load: d:\dead air\dead air\gamedata\scripts\axr_main_options.script -> axr_main_options
* Loading script: axr_npc_steal_box.script
* [DA_LUA] load: d:\dead air\dead air\gamedata\scripts\axr_npc_steal_box.script -> axr_npc_steal_box
* Loading script: axr_npc_vs_box.script
* [DA_LUA] load: d:\dead air\dead air\gamedata\scripts\axr_npc_vs_box.script -> axr_npc_vs_box
* Loading script: axr_npc_vs_heli.script
* [DA_LUA] load: d:\dead air\dead air\gamedata\scripts\axr_npc_vs_heli.script -> axr_npc_vs_heli
* Loading script: axr_overheat.script
* [DA_LUA] load: d:\dead air\dead air\gamedata\scripts\axr_overheat.script -> axr_overheat
* Loading script: axr_radio_in_heli.script
* [DA_LUA] load: d:\dead air\dead air\gamedata\scripts\axr_radio_in_heli.script -> axr_radio_in_heli
* Loading script: axr_stalker_panic.script
* [DA_LUA] load: d:\dead air\dead air\gamedata\scripts\axr_stalker_panic.script -> axr_stalker_panic
* Loading script: axr_task_manager.script
* [DA_LUA] load: d:\dead air\dead air\gamedata\scripts\axr_task_manager.script -> axr_task_manager
* Loading script: axr_trade_manager.script
* [DA_LUA] load: d:\dead air\dead air\gamedata\scripts\axr_trade_manager.script -> axr_trade_manager
* Loading script: axr_turn_on_campfire.script
* [DA_LUA] load: d:\dead air\dead air\gamedata\scripts\axr_turn_on_campfire.script -> axr_turn_on_campfire
* Loading script: azazel_mode.script
* [DA_LUA] load: d:\dead air\dead air\gamedata\scripts\azazel_mode.script -> azazel_mode
* Loading script: bind_anomaly_field.script
* [DA_LUA] load: d:\dead air\dead air\gamedata\scripts\bind_anomaly_field.script -> bind_anomaly_field
* Loading script: bind_anomaly_zone.script
* [DA_LUA] load: d:\dead air\dead air\gamedata\scripts\bind_anomaly_zone.script -> bind_anomaly_zone
* Loading script: bind_artefact.script
* [DA_LUA] load: d:\dead air\dead air\gamedata\scripts\bind_artefact.script -> bind_artefact
* Loading script: bind_camp.script
* [DA_LUA] load: d:\dead air\dead air\gamedata\scripts\bind_camp.script -> bind_camp
* Loading script: bind_campfire.script
* [DA_LUA] load: d:\dead air\dead air\gamedata\scripts\bind_campfire.script -> bind_campfire
* Loading script: bind_car.script
* [DA_LUA] load: d:\dead air\dead air\gamedata\scripts\bind_car.script -> bind_car
* Loading script: bind_container.script
* [DA_LUA] load: d:\dead air\dead air\gamedata\scripts\bind_container.script -> bind_container
* Loading script: bind_crow.script
* [DA_LUA] load: d:\dead air\dead air\gamedata\scripts\bind_crow.script -> bind_crow
* Loading script: bind_door_labx8.script
* [DA_LUA] load: d:\dead air\dead air\gamedata\scripts\bind_door_labx8.script -> bind_door_labx8
* Loading script: bind_dynamic_light.script
* [DA_LUA] load: d:\dead air\dead air\gamedata\scripts\bind_dynamic_light.script -> bind_dynamic_light
* Loading script: bind_faction.script
* [DA_LUA] load: d:\dead air\dead air\gamedata\scripts\bind_faction.script -> bind_faction
* Loading script: bind_heli.script
* [DA_LUA] load: d:\dead air\dead air\gamedata\scripts\bind_heli.script -> bind_heli
* Loading script: bind_item.script
* [DA_LUA] load: d:\dead air\dead air\gamedata\scripts\bind_item.script -> bind_item
* Loading script: bind_level_changer.script
* [DA_LUA] load: d:\dead air\dead air\gamedata\scripts\bind_level_changer.script -> bind_level_changer
* Loading script: bind_monster.script
* [DA_LUA] load: d:\dead air\dead air\gamedata\scripts\bind_monster.script -> bind_monster
* Loading script: bind_physic_object.script
* [DA_LUA] load: d:\dead air\dead air\gamedata\scripts\bind_physic_object.script -> bind_physic_object
* Loading script: bind_red_forest_bridge.script
* [DA_LUA] load: d:\dead air\dead air\gamedata\scripts\bind_red_forest_bridge.script -> bind_red_forest_bridge
* Loading script: bind_restrictor.script
* [DA_LUA] load: d:\dead air\dead air\gamedata\scripts\bind_restrictor.script -> bind_restrictor
* Loading script: bind_signal_light.script
* [DA_LUA] load: d:\dead air\dead air\gamedata\scripts\bind_signal_light.script -> bind_signal_light
* Loading script: bind_smart_cover.script
* [DA_LUA] load: d:\dead air\dead air\gamedata\scripts\bind_smart_cover.script -> bind_smart_cover
* Loading script: bind_smart_terrain.script
* [DA_LUA] load: d:\dead air\dead air\gamedata\scripts\bind_smart_terrain.script -> bind_smart_terrain
* Loading script: bind_stalker.script
* [DA_LUA] load: d:\dead air\dead air\gamedata\scripts\bind_stalker.script -> bind_stalker
* Loading script: bind_stalker_ext.script
* [DA_LUA] load: d:\dead air\dead air\gamedata\scripts\bind_stalker_ext.script -> bind_stalker_ext
* Loading script: bind_trader.script
* [DA_LUA] load: d:\dead air\dead air\gamedata\scripts\bind_trader.script -> bind_trader
* Loading script: cam_effector_sets.script
* [DA_LUA] load: d:\dead air\dead air\gamedata\scripts\cam_effector_sets.script -> cam_effector_sets
* Loading script: campfire_manager.script
* [DA_LUA] load: d:\dead air\dead air\gamedata\scripts\campfire_manager.script -> campfire_manager
* Loading script: check_logic_path.script
* [DA_LUA] load: d:\dead air\dead air\gamedata\scripts\check_logic_path.script -> check_logic_path
* Loading script: closecaption.script
* [DA_LUA] load: d:\dead air\dead air\gamedata\scripts\closecaption.script -> closecaption
* Loading script: coc_treasure_manager.script
* [DA_LUA] load: d:\dead air\dead air\gamedata\scripts\coc_treasure_manager.script -> coc_treasure_manager
* Loading script: combat_restrictor.script
* [DA_LUA] load: d:\dead air\dead air\gamedata\scripts\combat_restrictor.script -> combat_restrictor
* Loading script: cover_manager.script
* [DA_LUA] load: d:\dead air\dead air\gamedata\scripts\cover_manager.script -> cover_manager
* Loading script: da_port_death_sound.script
* [DA_LUA] load: d:\dead air\dead air\gamedata\scripts\da_port_death_sound.script -> da_port_death_sound
* Loading script: da_test_squad.script
* [DA_LUA] load: d:\dead air\dead air\gamedata\scripts\da_test_squad.script -> da_test_squad
* Loading script: da_zone_fog.script
* [DA_LUA] load: d:\dead air\dead air\gamedata\scripts\da_zone_fog.script -> da_zone_fog
* Loading script: db.script
* [DA_LUA] load: d:\dead air\dead air\gamedata\scripts\db.script -> db
* Loading script: death_manager.script
* [DA_LUA] load: d:\dead air\dead air\gamedata\scripts\death_manager.script -> death_manager
* Loading script: debug_cmd_list.script
* [DA_LUA] load: d:\dead air\dead air\gamedata\scripts\debug_cmd_list.script -> debug_cmd_list
* Loading script: dialog_manager.script
* [DA_LUA] load: d:\dead air\dead air\gamedata\scripts\dialog_manager.script -> dialog_manager
* Loading script: dialogs.script
* [DA_LUA] load: d:\dead air\dead air\gamedata\scripts\dialogs.script -> dialogs
* Loading script: dialogs_axr_companion.script
* [DA_LUA] load: d:\dead air\dead air\gamedata\scripts\dialogs_axr_companion.script -> dialogs_axr_companion
* Loading script: dialogs_bar.script
* [DA_LUA] load: d:\dead air\dead air\gamedata\scripts\dialogs_bar.script -> dialogs_bar
* Loading script: dialogs_darkvalley.script
* [DA_LUA] load: d:\dead air\dead air\gamedata\scripts\dialogs_darkvalley.script -> dialogs_darkvalley
* Loading script: dialogs_escape.script
* [DA_LUA] load: d:\dead air\dead air\gamedata\scripts\dialogs_escape.script -> dialogs_escape
* Loading script: dialogs_jupiter.script
* [DA_LUA] load: d:\dead air\dead air\gamedata\scripts\dialogs_jupiter.script -> dialogs_jupiter
* Loading script: dialogs_marsh.script
* [DA_LUA] load: d:\dead air\dead air\gamedata\scripts\dialogs_marsh.script -> dialogs_marsh
* Loading script: dialogs_pripyat.script
* [DA_LUA] load: d:\dead air\dead air\gamedata\scripts\dialogs_pripyat.script -> dialogs_pripyat
* Loading script: dialogs_warlab.script
* [DA_LUA] load: d:\dead air\dead air\gamedata\scripts\dialogs_warlab.script -> dialogs_warlab
* Loading script: dialogs_yantar.script
* [DA_LUA] load: d:\dead air\dead air\gamedata\scripts\dialogs_yantar.script -> dialogs_yantar
* Loading script: dialogs_zaton.script
* [DA_LUA] load: d:\dead air\dead air\gamedata\scripts\dialogs_zaton.script -> dialogs_zaton
* Loading script: dinamic_hud.script
* [DA_LUA] load: d:\dead air\dead air\gamedata\scripts\dinamic_hud.script -> dinamic_hud
* Loading script: rx_utils.script
* [DA_LUA] load: d:\dead air\dead air\gamedata\scripts\rx_utils.script -> rx_utils
* Loading script: drx_dynamic_anomaly.script
* [DA_LUA] load: d:\dead air\dead air\gamedata\scripts\drx_dynamic_anomaly.script -> drx_dynamic_anomaly
* Loading script: dxr_achievements.script
* [DA_LUA] load: d:\dead air\dead air\gamedata\scripts\dxr_achievements.script -> dxr_achievements
* Loading script: dxr_encyclopedia.script
* [DA_LUA] load: d:\dead air\dead air\gamedata\scripts\dxr_encyclopedia.script -> dxr_encyclopedia
* Loading script: dxr_scopes.script
* [DA_LUA] load: d:\dead air\dead air\gamedata\scripts\dxr_scopes.script -> dxr_scopes
* Loading script: dynamic_news_helper.script
* [DA_LUA] load: d:\dead air\dead air\gamedata\scripts\dynamic_news_helper.script -> dynamic_news_helper
* Loading script: dynamic_news_manager.script
* [DA_LUA] load: d:\dead air\dead air\gamedata\scripts\dynamic_news_manager.script -> dynamic_news_manager
* Loading script: fallout_manager.script
* [DA_LUA] load: d:\dead air\dead air\gamedata\scripts\fallout_manager.script -> fallout_manager
* Loading script: fast_travel.script
* [DA_LUA] load: d:\dead air\dead air\gamedata\scripts\fast_travel.script -> fast_travel
* Loading script: game_relations.script
* [DA_LUA] load: d:\dead air\dead air\gamedata\scripts\game_relations.script -> game_relations
* Loading script: gulag_general.script
* [DA_LUA] load: d:\dead air\dead air\gamedata\scripts\gulag_general.script -> gulag_general
* Loading script: heli_alife.script
* [DA_LUA] load: d:\dead air\dead air\gamedata\scripts\heli_alife.script -> heli_alife
* Loading script: heli_combat.script
* [DA_LUA] load: d:\dead air\dead air\gamedata\scripts\heli_combat.script -> heli_combat
* Loading script: heli_fire.script
* [DA_LUA] load: d:\dead air\dead air\gamedata\scripts\heli_fire.script -> heli_fire
* Loading script: heli_fly.script
* [DA_LUA] load: d:\dead air\dead air\gamedata\scripts\heli_fly.script -> heli_fly
* Loading script: heli_look.script
* [DA_LUA] load: d:\dead air\dead air\gamedata\scripts\heli_look.script -> heli_look
* Loading script: heli_move.script
* [DA_LUA] load: d:\dead air\dead air\gamedata\scripts\heli_move.script -> heli_move
* Loading script: heli_snd.script
* [DA_LUA] load: d:\dead air\dead air\gamedata\scripts\heli_snd.script -> heli_snd
* Loading script: xr_sound.script
* [DA_LUA] load: d:\dead air\dead air\gamedata\scripts\xr_sound.script -> xr_sound
* Loading script: info_portions.script
* [DA_LUA] load: d:\dead air\dead air\gamedata\scripts\info_portions.script -> info_portions
* Loading script: inventory_radiation.script
* [DA_LUA] load: d:\dead air\dead air\gamedata\scripts\inventory_radiation.script -> inventory_radiation
* Loading script: inventory_upgrades.script
* [DA_LUA] load: d:\dead air\dead air\gamedata\scripts\inventory_upgrades.script -> inventory_upgrades
* Loading script: items_condition.script
* [DA_LUA] load: d:\dead air\dead air\gamedata\scripts\items_condition.script -> items_condition
* Loading script: itms_manager.script
* [DA_LUA] load: d:\dead air\dead air\gamedata\scripts\itms_manager.script -> itms_manager
* Loading script: knife_manager.script
* [DA_LUA] load: d:\dead air\dead air\gamedata\scripts\knife_manager.script -> knife_manager
* Loading script: level_input.script
* [DA_LUA] load: d:\dead air\dead air\gamedata\scripts\level_input.script -> level_input
* Loading script: level_weathers.script
* [DA_LUA] load: d:\dead air\dead air\gamedata\scripts\level_weathers.script -> level_weathers
* Loading script: loadscreen.script
* [DA_LUA] load: d:\dead air\dead air\gamedata\scripts\loadscreen.script -> loadscreen
* Loading script: m_mines.script
* [DA_LUA] load: d:\dead air\dead air\gamedata\scripts\m_mines.script -> m_mines
* Loading script: medic_effects.script
* [DA_LUA] load: d:\dead air\dead air\gamedata\scripts\medic_effects.script -> medic_effects
* Loading script: memusage.script
* [DA_LUA] load: d:\dead air\dead air\gamedata\scripts\memusage.script -> memusage
* Loading script: mob_camp.script
* [DA_LUA] load: d:\dead air\dead air\gamedata\scripts\mob_camp.script -> mob_camp
* Loading script: mob_combat.script
* [DA_LUA] load: d:\dead air\dead air\gamedata\scripts\mob_combat.script -> mob_combat
* Loading script: mob_death.script
* [DA_LUA] load: d:\dead air\dead air\gamedata\scripts\mob_death.script -> mob_death
* Loading script: mob_home.script
* [DA_LUA] load: d:\dead air\dead air\gamedata\scripts\mob_home.script -> mob_home
* Loading script: mob_jump.script
* [DA_LUA] load: d:\dead air\dead air\gamedata\scripts\mob_jump.script -> mob_jump
* Loading script: mob_remark.script
* [DA_LUA] load: d:\dead air\dead air\gamedata\scripts\mob_remark.script -> mob_remark
* Loading script: mob_sound.script
* [DA_LUA] load: d:\dead air\dead air\gamedata\scripts\mob_sound.script -> mob_sound
* Loading script: mob_state_mgr.script
* [DA_LUA] load: d:\dead air\dead air\gamedata\scripts\mob_state_mgr.script -> mob_state_mgr
* Loading script: mob_trade.script
* [DA_LUA] load: d:\dead air\dead air\gamedata\scripts\mob_trade.script -> mob_trade
* Loading script: mob_trader.script
* [DA_LUA] load: d:\dead air\dead air\gamedata\scripts\mob_trader.script -> mob_trader
* Loading script: mob_walker.script
* [DA_LUA] load: d:\dead air\dead air\gamedata\scripts\mob_walker.script -> mob_walker
* Loading script: modules.script
* [DA_LUA] load: d:\dead air\dead air\gamedata\scripts\modules.script -> modules
* Loading script: xr_meet.script
* [DA_LUA] load: d:\dead air\dead air\gamedata\scripts\xr_meet.script -> xr_meet
* Loading script: xr_actions_id.script
* [DA_LUA] load: d:\dead air\dead air\gamedata\scripts\xr_actions_id.script -> xr_actions_id
* Loading script: xr_wounded.script
* [DA_LUA] load: d:\dead air\dead air\gamedata\scripts\xr_wounded.script -> xr_wounded
* Loading script: xr_danger.script
* [DA_LUA] load: d:\dead air\dead air\gamedata\scripts\xr_danger.script -> xr_danger
* Loading script: xr_abuse.script
* [DA_LUA] load: d:\dead air\dead air\gamedata\scripts\xr_abuse.script -> xr_abuse
* Loading script: xr_gather_items.script
* [DA_LUA] load: d:\dead air\dead air\gamedata\scripts\xr_gather_items.script -> xr_gather_items
* Loading script: xr_help_wounded.script
* [DA_LUA] load: d:\dead air\dead air\gamedata\scripts\xr_help_wounded.script -> xr_help_wounded
* Loading script: xr_corpse_detection.script
* [DA_LUA] load: d:\dead air\dead air\gamedata\scripts\xr_corpse_detection.script -> xr_corpse_detection
* Loading script: xr_eat_medkit.script
* [DA_LUA] load: d:\dead air\dead air\gamedata\scripts\xr_eat_medkit.script -> xr_eat_medkit
* Loading script: rx_ff.script
* [DA_LUA] load: d:\dead air\dead air\gamedata\scripts\rx_ff.script -> rx_ff
* Loading script: xrs_facer.script
* [DA_LUA] load: d:\dead air\dead air\gamedata\scripts\xrs_facer.script -> xrs_facer
* Loading script: xrs_kill_wounded.script
* [DA_LUA] load: d:\dead air\dead air\gamedata\scripts\xrs_kill_wounded.script -> xrs_kill_wounded
* Loading script: xr_walker.script
* [DA_LUA] load: d:\dead air\dead air\gamedata\scripts\xr_walker.script -> xr_walker
* Loading script: xr_remark.script
* [DA_LUA] load: d:\dead air\dead air\gamedata\scripts\xr_remark.script -> xr_remark
* Loading script: xr_cover.script
* [DA_LUA] load: d:\dead air\dead air\gamedata\scripts\xr_cover.script -> xr_cover
* Loading script: xr_sleeper.script
* [DA_LUA] load: d:\dead air\dead air\gamedata\scripts\xr_sleeper.script -> xr_sleeper
* Loading script: xr_camper.script
* [DA_LUA] load: d:\dead air\dead air\gamedata\scripts\xr_camper.script -> xr_camper
* Loading script: xr_combat.script
* [DA_LUA] load: d:\dead air\dead air\gamedata\scripts\xr_combat.script -> xr_combat
* Loading script: xr_death.script
* [DA_LUA] load: d:\dead air\dead air\gamedata\scripts\xr_death.script -> xr_death
* Loading script: xr_hit.script
* [DA_LUA] load: d:\dead air\dead air\gamedata\scripts\xr_hit.script -> xr_hit
* Loading script: xr_combat_ignore.script
* [DA_LUA] load: d:\dead air\dead air\gamedata\scripts\xr_combat_ignore.script -> xr_combat_ignore
* Loading script: xr_combat_zombied.script
* [DA_LUA] load: d:\dead air\dead air\gamedata\scripts\xr_combat_zombied.script -> xr_combat_zombied
* Loading script: xr_patrol.script
* [DA_LUA] load: d:\dead air\dead air\gamedata\scripts\xr_patrol.script -> xr_patrol
* Loading script: xr_smartcover.script
* [DA_LUA] load: d:\dead air\dead air\gamedata\scripts\xr_smartcover.script -> xr_smartcover
* Loading script: xr_animpoint.script
* [DA_LUA] load: d:\dead air\dead air\gamedata\scripts\xr_animpoint.script -> xr_animpoint
* Loading script: xr_reach_task.script
* [DA_LUA] load: d:\dead air\dead air\gamedata\scripts\xr_reach_task.script -> xr_reach_task
* Loading script: ph_car.script
* [DA_LUA] load: d:\dead air\dead air\gamedata\scripts\ph_car.script -> ph_car
* Loading script: ph_door.script
* [DA_LUA] load: d:\dead air\dead air\gamedata\scripts\ph_door.script -> ph_door
* Loading script: ph_idle.script
* [DA_LUA] load: d:\dead air\dead air\gamedata\scripts\ph_idle.script -> ph_idle
* Loading script: ph_hit.script
* [DA_LUA] load: d:\dead air\dead air\gamedata\scripts\ph_hit.script -> ph_hit
* Loading script: ph_on_hit.script
* [DA_LUA] load: d:\dead air\dead air\gamedata\scripts\ph_on_hit.script -> ph_on_hit
* Loading script: ph_button.script
* [DA_LUA] load: d:\dead air\dead air\gamedata\scripts\ph_button.script -> ph_button
* Loading script: ph_code.script
* [DA_LUA] load: d:\dead air\dead air\gamedata\scripts\ph_code.script -> ph_code
* Loading script: ph_death.script
* [DA_LUA] load: d:\dead air\dead air\gamedata\scripts\ph_death.script -> ph_death
* Loading script: ph_minigun.script
* [DA_LUA] load: d:\dead air\dead air\gamedata\scripts\ph_minigun.script -> ph_minigun
* Loading script: ph_oscillate.script
* [DA_LUA] load: d:\dead air\dead air\gamedata\scripts\ph_oscillate.script -> ph_oscillate
* Loading script: ph_sound.script
* [DA_LUA] load: d:\dead air\dead air\gamedata\scripts\ph_sound.script -> ph_sound
* Loading script: sr_no_weapon.script
* [DA_LUA] load: d:\dead air\dead air\gamedata\scripts\sr_no_weapon.script -> sr_no_weapon
* Loading script: sr_teleport.script
* [DA_LUA] load: d:\dead air\dead air\gamedata\scripts\sr_teleport.script -> sr_teleport
* Loading script: sr_idle.script
* [DA_LUA] load: d:\dead air\dead air\gamedata\scripts\sr_idle.script -> sr_idle
* Loading script: sr_light.script
* [DA_LUA] load: d:\dead air\dead air\gamedata\scripts\sr_light.script -> sr_light
* Loading script: sr_timer.script
* [DA_LUA] load: d:\dead air\dead air\gamedata\scripts\sr_timer.script -> sr_timer
* Loading script: sr_psy_antenna.script
* [DA_LUA] load: d:\dead air\dead air\gamedata\scripts\sr_psy_antenna.script -> sr_psy_antenna
* Loading script: sr_postprocess.script
* [DA_LUA] load: d:\dead air\dead air\gamedata\scripts\sr_postprocess.script -> sr_postprocess
* Loading script: sr_particle.script
* [DA_LUA] load: d:\dead air\dead air\gamedata\scripts\sr_particle.script -> sr_particle
* Loading script: sr_cutscene.script
* [DA_LUA] load: d:\dead air\dead air\gamedata\scripts\sr_cutscene.script -> sr_cutscene
* Loading script: sr_monster.script
* [DA_LUA] load: d:\dead air\dead air\gamedata\scripts\sr_monster.script -> sr_monster
* Loading script: sr_crow_spawner.script
* [DA_LUA] load: d:\dead air\dead air\gamedata\scripts\sr_crow_spawner.script -> sr_crow_spawner
* Loading script: sr_silence.script
* [DA_LUA] load: d:\dead air\dead air\gamedata\scripts\sr_silence.script -> sr_silence
* Loading script: sr_deimos.script
* [DA_LUA] load: d:\dead air\dead air\gamedata\scripts\sr_deimos.script -> sr_deimos
* Loading script: xr_campfire_point.script
* [DA_LUA] load: d:\dead air\dead air\gamedata\scripts\xr_campfire_point.script -> xr_campfire_point
* Loading script: monolith_suicide.script
* [DA_LUA] load: d:\dead air\dead air\gamedata\scripts\monolith_suicide.script -> monolith_suicide
* Loading script: move_mgr.script
* [DA_LUA] load: d:\dead air\dead air\gamedata\scripts\move_mgr.script -> move_mgr
* Loading script: news_manager.script
* [DA_LUA] load: d:\dead air\dead air\gamedata\scripts\news_manager.script -> news_manager
* Loading script: pda.script
* [DA_LUA] load: d:\dead air\dead air\gamedata\scripts\pda.script -> pda
* Loading script: ph_appforce.script
* [DA_LUA] load: d:\dead air\dead air\gamedata\scripts\ph_appforce.script -> ph_appforce
* Loading script: phantom_manager.script
* [DA_LUA] load: d:\dead air\dead air\gamedata\scripts\phantom_manager.script -> phantom_manager
* Loading script: post_combat_idle.script
* [DA_LUA] load: d:\dead air\dead air\gamedata\scripts\post_combat_idle.script -> post_combat_idle
* Loading script: psi_storm_manager.script
* [DA_LUA] load: d:\dead air\dead air\gamedata\scripts\psi_storm_manager.script -> psi_storm_manager
* Loading script: ranks.script
* [DA_LUA] load: d:\dead air\dead air\gamedata\scripts\ranks.script -> ranks
* Loading script: release_body_manager.script
* [DA_LUA] load: d:\dead air\dead air\gamedata\scripts\release_body_manager.script -> release_body_manager
* Loading script: release_item_manager.script
* [DA_LUA] load: d:\dead air\dead air\gamedata\scripts\release_item_manager.script -> release_item_manager
* Loading script: restrictor_manager.script
* [DA_LUA] load: d:\dead air\dead air\gamedata\scripts\restrictor_manager.script -> restrictor_manager
* Loading script: safe_release_manager.script
* [DA_LUA] load: d:\dead air\dead air\gamedata\scripts\safe_release_manager.script -> safe_release_manager
* Loading script: se_new_attachable_item.script
* [DA_LUA] load: d:\dead air\dead air\gamedata\scripts\se_new_attachable_item.script -> se_new_attachable_item
* Loading script: se_squad_group.script
* [DA_LUA] load: d:\dead air\dead air\gamedata\scripts\se_squad_group.script -> se_squad_group
* Loading script: sim_board.script
* [DA_LUA] load: d:\dead air\dead air\gamedata\scripts\sim_board.script -> sim_board
* Loading script: sim_objects.script
* [DA_LUA] load: d:\dead air\dead air\gamedata\scripts\sim_objects.script -> sim_objects
* Loading script: sim_squad_actions.script
* [DA_LUA] load: d:\dead air\dead air\gamedata\scripts\sim_squad_actions.script -> sim_squad_actions
* Loading script: sim_squad_fighting.script
* [DA_LUA] load: d:\dead air\dead air\gamedata\scripts\sim_squad_fighting.script -> sim_squad_fighting
* Loading script: sim_squad_generic.script
* [DA_LUA] load: d:\dead air\dead air\gamedata\scripts\sim_squad_generic.script -> sim_squad_generic
* Loading script: simulation_objects.script
* [DA_LUA] load: d:\dead air\dead air\gamedata\scripts\simulation_objects.script -> simulation_objects
* Loading script: sleep_dep.script
* [DA_LUA] load: d:\dead air\dead air\gamedata\scripts\sleep_dep.script -> sleep_dep
* Loading script: slot_hud.script
* [DA_LUA] load: d:\dead air\dead air\gamedata\scripts\slot_hud.script -> slot_hud
* Loading script: smart_covers.script
* [DA_LUA] load: d:\dead air\dead air\gamedata\scripts\smart_covers.script -> smart_covers
* Loading script: smart_covers_combat_front.script
* [DA_LUA] load: d:\dead air\dead air\gamedata\scripts\smart_covers_combat_front.script -> smart_covers_combat_front
* Loading script: smart_covers_loophole_crouch_front_left.script
* [DA_LUA] load: d:\dead air\dead air\gamedata\scripts\smart_covers_loophole_crouch_front_left.script -> smart_covers_loophole_crouch_front_left
* Loading script: smart_covers_loophole_crouch_front.script
* [DA_LUA] load: d:\dead air\dead air\gamedata\scripts\smart_covers_loophole_crouch_front.script -> smart_covers_loophole_crouch_front
* Loading script: smart_covers_loophole_crouch_front_right.script
* [DA_LUA] load: d:\dead air\dead air\gamedata\scripts\smart_covers_loophole_crouch_front_right.script -> smart_covers_loophole_crouch_front_right
* Loading script: smart_covers_loophole_stand_front_left.script
* [DA_LUA] load: d:\dead air\dead air\gamedata\scripts\smart_covers_loophole_stand_front_left.script -> smart_covers_loophole_stand_front_left
* Loading script: smart_covers_loophole_stand_front_right.script
* [DA_LUA] load: d:\dead air\dead air\gamedata\scripts\smart_covers_loophole_stand_front_right.script -> smart_covers_loophole_stand_front_right
* Loading script: smart_covers_combat_prone.script
* [DA_LUA] load: d:\dead air\dead air\gamedata\scripts\smart_covers_combat_prone.script -> smart_covers_combat_prone
* Loading script: smart_covers_loophole_prone.script
* [DA_LUA] load: d:\dead air\dead air\gamedata\scripts\smart_covers_loophole_prone.script -> smart_covers_loophole_prone
* Loading script: smart_covers_cover_barricade_0.script
* [DA_LUA] load: d:\dead air\dead air\gamedata\scripts\smart_covers_cover_barricade_0.script -> smart_covers_cover_barricade_0
* Loading script: smart_covers_loophole_barricade_0.script
* [DA_LUA] load: d:\dead air\dead air\gamedata\scripts\smart_covers_loophole_barricade_0.script -> smart_covers_loophole_barricade_0
* Loading script: smart_covers_cover_barricade_1.script
* [DA_LUA] load: d:\dead air\dead air\gamedata\scripts\smart_covers_cover_barricade_1.script -> smart_covers_cover_barricade_1
* Loading script: smart_covers_loophole_barricade_1.script
* [DA_LUA] load: d:\dead air\dead air\gamedata\scripts\smart_covers_loophole_barricade_1.script -> smart_covers_loophole_barricade_1
* Loading script: smart_covers_cover_barricade_2.script
* [DA_LUA] load: d:\dead air\dead air\gamedata\scripts\smart_covers_cover_barricade_2.script -> smart_covers_cover_barricade_2
* Loading script: smart_covers_loophole_barricade_2.script
* [DA_LUA] load: d:\dead air\dead air\gamedata\scripts\smart_covers_loophole_barricade_2.script -> smart_covers_loophole_barricade_2
* Loading script: smart_covers_cover_barricade_3.script
* [DA_LUA] load: d:\dead air\dead air\gamedata\scripts\smart_covers_cover_barricade_3.script -> smart_covers_cover_barricade_3
* Loading script: smart_covers_loophole_barricade_3.script
* [DA_LUA] load: d:\dead air\dead air\gamedata\scripts\smart_covers_loophole_barricade_3.script -> smart_covers_loophole_barricade_3
* Loading script: smart_covers_cover_barricade_commander.script
* [DA_LUA] load: d:\dead air\dead air\gamedata\scripts\smart_covers_cover_barricade_commander.script -> smart_covers_cover_barricade_commander
* Loading script: smart_covers_loophole_barricade_commander.script
* [DA_LUA] load: d:\dead air\dead air\gamedata\scripts\smart_covers_loophole_barricade_commander.script -> smart_covers_loophole_barricade_commander
* Loading script: smart_covers_animpoint_stay_wall.script
* [DA_LUA] load: d:\dead air\dead air\gamedata\scripts\smart_covers_animpoint_stay_wall.script -> smart_covers_animpoint_stay_wall
* Loading script: smart_covers_loophole_animpoint_stay_wall.script
* [DA_LUA] load: d:\dead air\dead air\gamedata\scripts\smart_covers_loophole_animpoint_stay_wall.script -> smart_covers_loophole_animpoint_stay_wall
* Loading script: smart_covers_animpoint_stay_table.script
* [DA_LUA] load: d:\dead air\dead air\gamedata\scripts\smart_covers_animpoint_stay_table.script -> smart_covers_animpoint_stay_table
* Loading script: smart_covers_loophole_animpoint_stay_table.script
* [DA_LUA] load: d:\dead air\dead air\gamedata\scripts\smart_covers_loophole_animpoint_stay_table.script -> smart_covers_loophole_animpoint_stay_table
* Loading script: smart_covers_animpoint_sit_high.script
* [DA_LUA] load: d:\dead air\dead air\gamedata\scripts\smart_covers_animpoint_sit_high.script -> smart_covers_animpoint_sit_high
* Loading script: smart_covers_loophole_animpoint_sit_high.script
* [DA_LUA] load: d:\dead air\dead air\gamedata\scripts\smart_covers_loophole_animpoint_sit_high.script -> smart_covers_loophole_animpoint_sit_high
* Loading script: smart_covers_animpoint_sit_normal.script
* [DA_LUA] load: d:\dead air\dead air\gamedata\scripts\smart_covers_animpoint_sit_normal.script -> smart_covers_animpoint_sit_normal
* Loading script: smart_covers_loophole_animpoint_sit_normal.script
* [DA_LUA] load: d:\dead air\dead air\gamedata\scripts\smart_covers_loophole_animpoint_sit_normal.script -> smart_covers_loophole_animpoint_sit_normal
* Loading script: smart_covers_animpoint_sit_low.script
* [DA_LUA] load: d:\dead air\dead air\gamedata\scripts\smart_covers_animpoint_sit_low.script -> smart_covers_animpoint_sit_low
* Loading script: smart_covers_loophole_animpoint_sit_low.script
* [DA_LUA] load: d:\dead air\dead air\gamedata\scripts\smart_covers_loophole_animpoint_sit_low.script -> smart_covers_loophole_animpoint_sit_low
* Loading script: smart_covers_animpoint_sit.script
* [DA_LUA] load: d:\dead air\dead air\gamedata\scripts\smart_covers_animpoint_sit.script -> smart_covers_animpoint_sit
* Loading script: smart_covers_loophole_animpoint_sit.script
* [DA_LUA] load: d:\dead air\dead air\gamedata\scripts\smart_covers_loophole_animpoint_sit.script -> smart_covers_loophole_animpoint_sit
* Loading script: smart_covers_animpoint_sit_ass.script
* [DA_LUA] load: d:\dead air\dead air\gamedata\scripts\smart_covers_animpoint_sit_ass.script -> smart_covers_animpoint_sit_ass
* Loading script: smart_covers_loophole_animpoint_sit_ass.script
* [DA_LUA] load: d:\dead air\dead air\gamedata\scripts\smart_covers_loophole_animpoint_sit_ass.script -> smart_covers_loophole_animpoint_sit_ass
* Loading script: smart_covers_animpoint_sit_knee.script
* [DA_LUA] load: d:\dead air\dead air\gamedata\scripts\smart_covers_animpoint_sit_knee.script -> smart_covers_animpoint_sit_knee
* Loading script: smart_covers_loophole_animpoint_sit_knee.script
* [DA_LUA] load: d:\dead air\dead air\gamedata\scripts\smart_covers_loophole_animpoint_sit_knee.script -> smart_covers_loophole_animpoint_sit_knee
* Loading script: smart_covers_animpoint_stay_ohrana.script
* [DA_LUA] load: d:\dead air\dead air\gamedata\scripts\smart_covers_animpoint_stay_ohrana.script -> smart_covers_animpoint_stay_ohrana
* Loading script: smart_covers_loophole_animpoint_stay_ohrana.script
* [DA_LUA] load: d:\dead air\dead air\gamedata\scripts\smart_covers_loophole_animpoint_stay_ohrana.script -> smart_covers_loophole_animpoint_stay_ohrana
* Loading script: smart_covers_animpoint_stay_bar.script
* [DA_LUA] load: d:\dead air\dead air\gamedata\scripts\smart_covers_animpoint_stay_bar.script -> smart_covers_animpoint_stay_bar
* Loading script: smart_covers_loophole_animpoint_stay_bar.script
* [DA_LUA] load: d:\dead air\dead air\gamedata\scripts\smart_covers_loophole_animpoint_stay_bar.script -> smart_covers_loophole_animpoint_stay_bar
* Loading script: smart_covers_animpoint_sit_wait.script
* [DA_LUA] load: d:\dead air\dead air\gamedata\scripts\smart_covers_animpoint_sit_wait.script -> smart_covers_animpoint_sit_wait
* Loading script: smart_covers_loophole_animpoint_sit_wait.script
* [DA_LUA] load: d:\dead air\dead air\gamedata\scripts\smart_covers_loophole_animpoint_sit_wait.script -> smart_covers_loophole_animpoint_sit_wait
* Loading script: smart_covers_animpoint_stay_wait.script
* [DA_LUA] load: d:\dead air\dead air\gamedata\scripts\smart_covers_animpoint_stay_wait.script -> smart_covers_animpoint_stay_wait
* Loading script: smart_covers_loophole_animpoint_stay_wait.script
* [DA_LUA] load: d:\dead air\dead air\gamedata\scripts\smart_covers_loophole_animpoint_stay_wait.script -> smart_covers_loophole_animpoint_stay_wait
* Loading script: smart_covers_animpoint_pri_a15.script
* [DA_LUA] load: d:\dead air\dead air\gamedata\scripts\smart_covers_animpoint_pri_a15.script -> smart_covers_animpoint_pri_a15
* Loading script: smart_covers_loophole_animpoint_pri_a15.script
* [DA_LUA] load: d:\dead air\dead air\gamedata\scripts\smart_covers_loophole_animpoint_pri_a15.script -> smart_covers_loophole_animpoint_pri_a15
* Loading script: smart_covers_anim_pri_a22.script
* [DA_LUA] load: d:\dead air\dead air\gamedata\scripts\smart_covers_anim_pri_a22.script -> smart_covers_anim_pri_a22
* Loading script: smart_covers_loophole_anim_pri_a22.script
* [DA_LUA] load: d:\dead air\dead air\gamedata\scripts\smart_covers_loophole_anim_pri_a22.script -> smart_covers_loophole_anim_pri_a22
* Loading script: smart_covers_combat.script
* [DA_LUA] load: d:\dead air\dead air\gamedata\scripts\smart_covers_combat.script -> smart_covers_combat
* Loading script: smart_covers_cover_lesnik.script
* [DA_LUA] load: d:\dead air\dead air\gamedata\scripts\smart_covers_cover_lesnik.script -> smart_covers_cover_lesnik
* Loading script: smart_covers_cover_loophole_lead_forester_idle_talk.script
* [DA_LUA] load: d:\dead air\dead air\gamedata\scripts\smart_covers_cover_loophole_lead_forester_idle_talk.script -> smart_covers_cover_loophole_lead_forester_idle_talk
* Loading script: smart_covers_loophole_crouch_back.script
* [DA_LUA] load: d:\dead air\dead air\gamedata\scripts\smart_covers_loophole_crouch_back.script -> smart_covers_loophole_crouch_back
* Loading script: smart_covers_loophole_crouch_left.script
* [DA_LUA] load: d:\dead air\dead air\gamedata\scripts\smart_covers_loophole_crouch_left.script -> smart_covers_loophole_crouch_left
* Loading script: smart_covers_loophole_crouch_right.script
* [DA_LUA] load: d:\dead air\dead air\gamedata\scripts\smart_covers_loophole_crouch_right.script -> smart_covers_loophole_crouch_right
* Loading script: smart_covers_loophole_lead_forester_idle.script
* [DA_LUA] load: d:\dead air\dead air\gamedata\scripts\smart_covers_loophole_lead_forester_idle.script -> smart_covers_loophole_lead_forester_idle
* Loading script: smart_covers_loophole_lead_forester_talk.script
* [DA_LUA] load: d:\dead air\dead air\gamedata\scripts\smart_covers_loophole_lead_forester_talk.script -> smart_covers_loophole_lead_forester_talk
* Loading script: smart_covers_loophole_lesnik.script
* [DA_LUA] load: d:\dead air\dead air\gamedata\scripts\smart_covers_loophole_lesnik.script -> smart_covers_loophole_lesnik
* Loading script: smart_covers_loophole_minigunner.script
* [DA_LUA] load: d:\dead air\dead air\gamedata\scripts\smart_covers_loophole_minigunner.script -> smart_covers_loophole_minigunner
* Loading script: smart_covers_loophole_stand_back.script
* [DA_LUA] load: d:\dead air\dead air\gamedata\scripts\smart_covers_loophole_stand_back.script -> smart_covers_loophole_stand_back
* Loading script: smart_covers_loophole_stand_left.script
* [DA_LUA] load: d:\dead air\dead air\gamedata\scripts\smart_covers_loophole_stand_left.script -> smart_covers_loophole_stand_left
* Loading script: smart_covers_loophole_stand_right.script
* [DA_LUA] load: d:\dead air\dead air\gamedata\scripts\smart_covers_loophole_stand_right.script -> smart_covers_loophole_stand_right
* Loading script: smart_names.script
* [DA_LUA] load: d:\dead air\dead air\gamedata\scripts\smart_names.script -> smart_names
* Loading script: sound_manager.script
* [DA_LUA] load: d:\dead air\dead air\gamedata\scripts\sound_manager.script -> sound_manager
* Loading script: spawn_nimble_items.script
* [DA_LUA] load: d:\dead air\dead air\gamedata\scripts\spawn_nimble_items.script -> spawn_nimble_items
* Loading script: spawner.script
* [DA_LUA] load: d:\dead air\dead air\gamedata\scripts\spawner.script -> spawner
* Loading script: sr_camp.script
* [DA_LUA] load: d:\dead air\dead air\gamedata\scripts\sr_camp.script -> sr_camp
* Loading script: stalker_generic.script
* [DA_LUA] load: d:\dead air\dead air\gamedata\scripts\stalker_generic.script -> stalker_generic
* Loading script: state_lib.script
* [DA_LUA] load: d:\dead air\dead air\gamedata\scripts\state_lib.script -> state_lib
* Loading script: utils.script
* [DA_LUA] load: d:\dead air\dead air\gamedata\scripts\utils.script -> utils
* Loading script: state_lib_animpoint.script
* [DA_LUA] load: d:\dead air\dead air\gamedata\scripts\state_lib_animpoint.script -> state_lib_animpoint
* Loading script: state_mgr_scenario.script
* [DA_LUA] load: d:\dead air\dead air\gamedata\scripts\state_mgr_scenario.script -> state_mgr_scenario
* Loading script: state_mgr_pri_a15.script
* [DA_LUA] load: d:\dead air\dead air\gamedata\scripts\state_mgr_pri_a15.script -> state_mgr_pri_a15
* Loading script: state_mgr.script
* [DA_LUA] load: d:\dead air\dead air\gamedata\scripts\state_mgr.script -> state_mgr
* Loading script: state_mgr_animation.script
* [DA_LUA] load: d:\dead air\dead air\gamedata\scripts\state_mgr_animation.script -> state_mgr_animation
* Loading script: state_mgr_animation_list.script
* [DA_LUA] load: d:\dead air\dead air\gamedata\scripts\state_mgr_animation_list.script -> state_mgr_animation_list
* Loading script: xr_effects.script
* [DA_LUA] load: d:\dead air\dead air\gamedata\scripts\xr_effects.script -> xr_effects
* Loading script: state_mgr_animation_list_animpoint.script
* [DA_LUA] load: d:\dead air\dead air\gamedata\scripts\state_mgr_animation_list_animpoint.script -> state_mgr_animation_list_animpoint
* Loading script: state_mgr_animstate.script
* [DA_LUA] load: d:\dead air\dead air\gamedata\scripts\state_mgr_animstate.script -> state_mgr_animstate
* Loading script: state_mgr_animstate_list.script
* [DA_LUA] load: d:\dead air\dead air\gamedata\scripts\state_mgr_animstate_list.script -> state_mgr_animstate_list
* Loading script: state_mgr_animstate_list_animpoint.script
* [DA_LUA] load: d:\dead air\dead air\gamedata\scripts\state_mgr_animstate_list_animpoint.script -> state_mgr_animstate_list_animpoint
* Loading script: state_mgr_bodystate.script
* [DA_LUA] load: d:\dead air\dead air\gamedata\scripts\state_mgr_bodystate.script -> state_mgr_bodystate
* Loading script: state_mgr_direction.script
* [DA_LUA] load: d:\dead air\dead air\gamedata\scripts\state_mgr_direction.script -> state_mgr_direction
* Loading script: state_mgr_goap.script
* [DA_LUA] load: d:\dead air\dead air\gamedata\scripts\state_mgr_goap.script -> state_mgr_goap
* Loading script: state_mgr_mental.script
* [DA_LUA] load: d:\dead air\dead air\gamedata\scripts\state_mgr_mental.script -> state_mgr_mental
* Loading script: state_mgr_movement.script
* [DA_LUA] load: d:\dead air\dead air\gamedata\scripts\state_mgr_movement.script -> state_mgr_movement
* Loading script: state_mgr_smartcover.script
* [DA_LUA] load: d:\dead air\dead air\gamedata\scripts\state_mgr_smartcover.script -> state_mgr_smartcover
* Loading script: state_mgr_weapon.script
* [DA_LUA] load: d:\dead air\dead air\gamedata\scripts\state_mgr_weapon.script -> state_mgr_weapon
* Loading script: story_objects.script
* [DA_LUA] load: d:\dead air\dead air\gamedata\scripts\story_objects.script -> story_objects
* Loading script: stpk_utils.script
* [DA_LUA] load: d:\dead air\dead air\gamedata\scripts\stpk_utils.script -> stpk_utils
* Loading script: surge_manager.script
* [DA_LUA] load: d:\dead air\dead air\gamedata\scripts\surge_manager.script -> surge_manager
* Loading script: survival_mode.script
* [DA_LUA] load: d:\dead air\dead air\gamedata\scripts\survival_mode.script -> survival_mode
* Loading script: task_functor.script
* [DA_LUA] load: d:\dead air\dead air\gamedata\scripts\task_functor.script -> task_functor
* Loading script: task_manager.script
* [DA_LUA] load: d:\dead air\dead air\gamedata\scripts\task_manager.script -> task_manager
* Loading script: task_objects.script
* [DA_LUA] load: d:\dead air\dead air\gamedata\scripts\task_objects.script -> task_objects
* Loading script: task_status_functor.script
* [DA_LUA] load: d:\dead air\dead air\gamedata\scripts\task_status_functor.script -> task_status_functor
* Loading script: trade_manager.script
* [DA_LUA] load: d:\dead air\dead air\gamedata\scripts\trade_manager.script -> trade_manager
* Loading script: ui_ami_position.script
* [DA_LUA] load: d:\dead air\dead air\gamedata\scripts\ui_ami_position.script -> ui_ami_position
* Loading script: ui_da_tune.script
* [DA_LUA] load: d:\dead air\dead air\gamedata\scripts\ui_da_tune.script -> ui_da_tune
* Loading script: ui_debug_main.script
* [DA_LUA] load: d:\dead air\dead air\gamedata\scripts\ui_debug_main.script -> ui_debug_main
* Loading script: ui_dyn_msg_box.script
* [DA_LUA] load: d:\dead air\dead air\gamedata\scripts\ui_dyn_msg_box.script -> ui_dyn_msg_box
* Loading script: ui_enemy_health.script
* [DA_LUA] load: d:\dead air\dead air\gamedata\scripts\ui_enemy_health.script -> ui_enemy_health
* Loading script: ui_extra.script
* [DA_LUA] load: d:\dead air\dead air\gamedata\scripts\ui_extra.script -> ui_extra
* Loading script: ui_freeplay_dialog.script
* [DA_LUA] load: d:\dead air\dead air\gamedata\scripts\ui_freeplay_dialog.script -> ui_freeplay_dialog
* Loading script: ui_itm_backpack.script
* [DA_LUA] load: d:\dead air\dead air\gamedata\scripts\ui_itm_backpack.script -> ui_itm_backpack
* Loading script: ui_itm_container.script
* [DA_LUA] load: d:\dead air\dead air\gamedata\scripts\ui_itm_container.script -> ui_itm_container
* Loading script: ui_itm_cooking.script
* [DA_LUA] load: d:\dead air\dead air\gamedata\scripts\ui_itm_cooking.script -> ui_itm_cooking
* Loading script: ui_itm_craft.script
* [DA_LUA] load: d:\dead air\dead air\gamedata\scripts\ui_itm_craft.script -> ui_itm_craft
* Loading script: ui_itm_drawn_map.script
* [DA_LUA] load: d:\dead air\dead air\gamedata\scripts\ui_itm_drawn_map.script -> ui_itm_drawn_map
* Loading script: ui_itm_repair.script
* [DA_LUA] load: d:\dead air\dead air\gamedata\scripts\ui_itm_repair.script -> ui_itm_repair
* Loading script: ui_load_dialog.script
* [DA_LUA] load: d:\dead air\dead air\gamedata\scripts\ui_load_dialog.script -> ui_load_dialog
* Loading script: ui_mm_faction_select.script
* [DA_LUA] load: d:\dead air\dead air\gamedata\scripts\ui_mm_faction_select.script -> ui_mm_faction_select
* Loading script: ui_mm_opt_con_cmd.script
* [DA_LUA] load: d:\dead air\dead air\gamedata\scripts\ui_mm_opt_con_cmd.script -> ui_mm_opt_con_cmd
* Loading script: ui_mm_opt_controls.script
* [DA_LUA] load: d:\dead air\dead air\gamedata\scripts\ui_mm_opt_controls.script -> ui_mm_opt_controls
* Loading script: ui_mm_opt_gameplay.script
* [DA_LUA] load: d:\dead air\dead air\gamedata\scripts\ui_mm_opt_gameplay.script -> ui_mm_opt_gameplay
* Loading script: ui_mm_opt_main.script
* [DA_LUA] load: d:\dead air\dead air\gamedata\scripts\ui_mm_opt_main.script -> ui_mm_opt_main
* Loading script: ui_mm_opt_performance.script
* [DA_LUA] load: d:\dead air\dead air\gamedata\scripts\ui_mm_opt_performance.script -> ui_mm_opt_performance
* Loading script: ui_mm_opt_sound.script
* [DA_LUA] load: d:\dead air\dead air\gamedata\scripts\ui_mm_opt_sound.script -> ui_mm_opt_sound
* Loading script: ui_mm_opt_video.script
* [DA_LUA] load: d:\dead air\dead air\gamedata\scripts\ui_mm_opt_video.script -> ui_mm_opt_video
* Loading script: ui_mm_opt_video_adv.script
* [DA_LUA] load: d:\dead air\dead air\gamedata\scripts\ui_mm_opt_video_adv.script -> ui_mm_opt_video_adv
* Loading script: ui_mutant_loot.script
* [DA_LUA] load: d:\dead air\dead air\gamedata\scripts\ui_mutant_loot.script -> ui_mutant_loot
* Loading script: ui_numpad.script
* [DA_LUA] load: d:\dead air\dead air\gamedata\scripts\ui_numpad.script -> ui_numpad
* Loading script: ui_pda_contacts_tab.script
* [DA_LUA] load: d:\dead air\dead air\gamedata\scripts\ui_pda_contacts_tab.script -> ui_pda_contacts_tab
* Loading script: ui_pda_disabled_tab.script
* [DA_LUA] load: d:\dead air\dead air\gamedata\scripts\ui_pda_disabled_tab.script -> ui_pda_disabled_tab
* Loading script: ui_pda_encyclopedia_tab.script
* [DA_LUA] load: d:\dead air\dead air\gamedata\scripts\ui_pda_encyclopedia_tab.script -> ui_pda_encyclopedia_tab
* Loading script: ui_pda_relations_tab.script
* [DA_LUA] load: d:\dead air\dead air\gamedata\scripts\ui_pda_relations_tab.script -> ui_pda_relations_tab
* Loading script: ui_save_dialog.script
* [DA_LUA] load: d:\dead air\dead air\gamedata\scripts\ui_save_dialog.script -> ui_save_dialog
* Loading script: ui_scenes.script
* [DA_LUA] load: d:\dead air\dead air\gamedata\scripts\ui_scenes.script -> ui_scenes
* Loading script: ui_sleep_dialog.script
* [DA_LUA] load: d:\dead air\dead air\gamedata\scripts\ui_sleep_dialog.script -> ui_sleep_dialog
* Loading script: ui_sr_teleport.script
* [DA_LUA] load: d:\dead air\dead air\gamedata\scripts\ui_sr_teleport.script -> ui_sr_teleport
* Loading script: ui_wpn_params.script
* [DA_LUA] load: d:\dead air\dead air\gamedata\scripts\ui_wpn_params.script -> ui_wpn_params
* Loading script: version.script
* [DA_LUA] load: d:\dead air\dead air\gamedata\scripts\version.script -> version
* Loading script: visual_memory_manager.script
* [DA_LUA] load: d:\dead air\dead air\gamedata\scripts\visual_memory_manager.script -> visual_memory_manager
* Loading script: xr_actor.script
* [DA_LUA] load: d:\dead air\dead air\gamedata\scripts\xr_actor.script -> xr_actor
* Loading script: xr_animpoint_predicates.script
* [DA_LUA] load: d:\dead air\dead air\gamedata\scripts\xr_animpoint_predicates.script -> xr_animpoint_predicates
* Loading script: xr_box.script
* [DA_LUA] load: d:\dead air\dead air\gamedata\scripts\xr_box.script -> xr_box
* Loading script: xr_combat_camper.script
* [DA_LUA] load: d:\dead air\dead air\gamedata\scripts\xr_combat_camper.script -> xr_combat_camper
* Loading script: xr_evaluators_id.script
* [DA_LUA] load: d:\dead air\dead air\gamedata\scripts\xr_evaluators_id.script -> xr_evaluators_id
* Loading script: xr_combat_monolith.script
* [DA_LUA] load: d:\dead air\dead air\gamedata\scripts\xr_combat_monolith.script -> xr_combat_monolith
* Loading script: xr_conditions.script
* [DA_LUA] load: d:\dead air\dead air\gamedata\scripts\xr_conditions.script -> xr_conditions
* Loading script: xr_custom_keys.script
* [DA_LUA] load: d:\dead air\dead air\gamedata\scripts\xr_custom_keys.script -> xr_custom_keys
* Loading script: xr_detector.script
* [DA_LUA] load: d:\dead air\dead air\gamedata\scripts\xr_detector.script -> xr_detector
* Loading script: xr_dialogs.script
* [DA_LUA] load: d:\dead air\dead air\gamedata\scripts\xr_dialogs.script -> xr_dialogs
* Loading script: xr_gulag.script
* [DA_LUA] load: d:\dead air\dead air\gamedata\scripts\xr_gulag.script -> xr_gulag
* Loading script: xr_hear.script
* [DA_LUA] load: d:\dead air\dead air\gamedata\scripts\xr_hear.script -> xr_hear
* Loading script: xr_info.script
* [DA_LUA] load: d:\dead air\dead air\gamedata\scripts\xr_info.script -> xr_info
* Loading script: xr_logic.script
* [DA_LUA] load: d:\dead air\dead air\gamedata\scripts\xr_logic.script -> xr_logic
* Loading script: xr_motivator.script
* [DA_LUA] load: d:\dead air\dead air\gamedata\scripts\xr_motivator.script -> xr_motivator
* Loading script: xr_npc_extra.script
* [DA_LUA] load: d:\dead air\dead air\gamedata\scripts\xr_npc_extra.script -> xr_npc_extra
* Loading script: xr_patch.script
* [DA_LUA] load: d:\dead air\dead air\gamedata\scripts\xr_patch.script -> xr_patch
* Loading script: xr_state.script
* [DA_LUA] load: d:\dead air\dead air\gamedata\scripts\xr_state.script -> xr_state
* Loading script: xr_statistic.script
* [DA_LUA] load: d:\dead air\dead air\gamedata\scripts\xr_statistic.script -> xr_statistic
* Loading script: xr_zones.script
* [DA_LUA] load: d:\dead air\dead air\gamedata\scripts\xr_zones.script -> xr_zones
* Loading script: xr_zones_sound.script
* [DA_LUA] load: d:\dead air\dead air\gamedata\scripts\xr_zones_sound.script -> xr_zones_sound
* Loading script: xrs_debug_tools.script
* [DA_LUA] load: d:\dead air\dead air\gamedata\scripts\xrs_debug_tools.script -> xrs_debug_tools
* Loading script: xrs_dyn_music.script
* [DA_LUA] load: d:\dead air\dead air\gamedata\scripts\xrs_dyn_music.script -> xrs_dyn_music
* Loading script: xrs_dynamic_music_themes.script
* [DA_LUA] load: d:\dead air\dead air\gamedata\scripts\xrs_dynamic_music_themes.script -> xrs_dynamic_music_themes
* Loading script: xrs_rnd_npc_loadout.script
* [DA_LUA] load: d:\dead air\dead air\gamedata\scripts\xrs_rnd_npc_loadout.script -> xrs_rnd_npc_loadout
* Loading script: xrs_stereo.script
* [DA_LUA] load: d:\dead air\dead air\gamedata\scripts\xrs_stereo.script -> xrs_stereo
* Loading script: zone_no_weapon.script
* [DA_LUA] load: d:\dead air\dead air\gamedata\scripts\zone_no_weapon.script -> zone_no_weapon
[LUA]  actor_effects.on_game_start()
[LUA]  alife_storage_manager.on_game_start()
[LUA]  ammo_aggregation.on_game_start()
[LUA]  artefact_degradation.on_game_start()
[LUA]  atmosfear_options.on_game_start()
[LUA]  axr_battery.on_game_start()
[LUA]  axr_companions.on_game_start()
[LUA]  axr_keybind.on_game_start()
[LUA]  axr_overheat.on_game_start()
[LUA]  axr_task_manager.on_game_start()
[LUA]  axr_trade_manager.on_game_start()
[LUA]  axr_turn_on_campfire.on_game_start()
[LUA]  azazel_mode.on_game_start()
[LUA]  bind_dynamic_light.on_game_start()
[LUA]  campfire_manager.on_game_start()
[LUA]  coc_treasure_manager.on_game_start()
[LUA]  da_port_death_sound.on_game_start()
[LUA]  da_zone_fog.on_game_start()
[LUA]  dinamic_hud.on_game_start()
[LUA]  drx_dynamic_anomaly.on_game_start()
[LUA]  dxr_encyclopedia.on_game_start()
[LUA]  dxr_scopes.on_game_start()
[LUA]  dynamic_news_manager.on_game_start()
[LUA]  fast_travel.on_game_start()
[LUA]  game_relations.on_game_start()
[LUA]  info_portions.on_game_start()
[LUA]  inventory_radiation.on_game_start()
[LUA]  itms_manager.on_game_start()
[LUA]  level_weathers.on_game_start()
[LUA]  m_mines.on_game_start()
[LUA]  mob_trade.on_game_start()
[LUA]  modules.on_game_start()
[LUA]  pda.on_game_start()
[LUA]  phantom_manager.on_game_start()
[LUA]  release_item_manager.on_game_start()
[LUA]  safe_release_manager.on_game_start()
[LUA]  sleep_dep.on_game_start()
[LUA]  slot_hud.on_game_start()
[LUA]  surge_manager.on_game_start()
[LUA]  survival_mode.on_game_start()
[LUA]  ui_enemy_health.on_game_start()
[LUA]  ui_extra.on_game_start()
[LUA]  ui_mm_faction_select.on_game_start()
[LUA]  xr_actor.on_game_start()
[LUA]  xr_combat_ignore.on_game_start()
[LUA]  xr_corpse_detection.on_game_start()
[LUA]  xr_custom_keys.on_game_start()
[LUA]  xr_danger.on_game_start()
[LUA]  xr_gather_items.on_game_start()
[LUA]  xr_npc_extra.on_game_start()
[LUA]  xr_patch.on_game_start()
[LUA]  xr_statistic.on_game_start()
[LUA]  xrs_debug_tools.on_game_start()
[LUA]  xrs_dyn_music.on_game_start()
[LUA]  xrs_facer.on_game_start()
[LUA]  xrs_kill_wounded.on_game_start()
[LUA]  xrs_rnd_npc_loadout.on_game_start()
* phase time: 350 ms
* phase cmem: 3391548 K
* phase time: 33 ms
* phase cmem: 3391552 K
* Loading spawn registry...
~ Duplicated patrol path found  lim_smart_terrain_3_csky_wait_2_look
~ Duplicated patrol path found  aes_heli_attack_desant_walk1
~ Duplicated patrol path found  aes_heli_attack_look5
~ Duplicated patrol path found  agr_smart_terrain_4_6_kamp_1
~ Duplicated patrol path found  esc_smart_terrain_7_10_kamp_1
~ Duplicated patrol path found  esc_smart_terrain_7_11_kamp_1
~ Duplicated patrol path found  jup_b219_actor_levelchanger_look
* 22616 spawn points are successfully loaded
* Loading objects...
* 31967 objects are successfully loaded
* [DA_PORT] граф уровня: 153746 вершин, компонент связности 1 [153746], за 1.2 мс (300 КБ)
~ [DA_LUA1] обёртка alife построена заново, адрес [00000000781ea3b0]
~ [DA_LUA1] обёртка game_graph построена заново, адрес [000000006e63c3e0]
* Game cap3347 - quicksave5 is successfully loaded from file 'appdata\savedgames\cap3347 - quicksave5.scop' (0.805s)
* phase time: 804 ms
* phase cmem: 3503620 K
* phase time: 35 ms
* phase cmem: 3503620 K
* phase time: 133 ms
* phase cmem: 3503620 K
# New player created.
* WARNING: player not logged in
* client : connection accepted - <All Ok>
* phase time: 100 ms
* phase cmem: 3503760 K
* phase time: 33 ms
* phase cmem: 3503764 K
* Loaded ObjectSpace cache (appdata\cdb_cache\l08_yantar\objspace.bin)...
* [DA_PORT] temporal history discarded: level load
* [DA_PORT] level_Load: начало | ссылок на устройство: 9383
* [DA_PORT] level_Load: шейдеры уровня | ссылок на устройство: 9383
* phase time: 272 ms
* phase cmem: 3589204 K
* [DA_PORT] level_Load: шейдер 1/370 [effects\glow] / [glow\glow_red2]
* [DA_PORT] level_Load: шейдер 2/370 [effects\glow] / [glow\glow_white]
* [DA_PORT] level_Load: шейдер 3/370 [def_shaders\def_vertex] / [mtl\mtl_rja_green]
* [DA_PORT] level_Load: шейдер 4/370 [def_shaders\def_vertex] / [prop\prop_pult4]
* [DA_PORT] level_Load: шейдер 5/370 [def_shaders\def_vertex] / [prop\prop_umivalnik_01]
* [DA_PORT] level_Load: шейдер 6/370 [def_shaders\def_vertex] / [mtl\mtl_tubes3]
* [DA_PORT] level_Load: шейдер 7/370 [def_shaders\def_vertex] / [mtl\mtl_ventil_pod_01]
* [DA_PORT] level_Load: шейдер 8/370 [def_shaders\def_vertex] / [mtl\mtl_truba_ch_01]
* [DA_PORT] level_Load: шейдер 9/370 [def_shaders\def_vertex] / [mtl\mtl_stena_ch_04]
* [DA_PORT] level_Load: шейдер 10/370 [def_shaders\def_vertex] / [mtl\mtl_walls8]
* [DA_PORT] level_Load: шейдер 11/370 [def_shaders\def_vertex] / [veh\veh_vagon1_02]
* [DA_PORT] level_Load: шейдер 12/370 [def_shaders\def_vertex] / [mtl\mtl_ventel]
* [DA_PORT] level_Load: шейдер 13/370 [def_shaders\def_vertex] / [veh\veh_bochka_pricep]
* [DA_PORT] level_Load: шейдер 14/370 [def_shaders\def_vertex] / [prop\prop_provod_02]
* [DA_PORT] level_Load: шейдер 15/370 [def_shaders\def_vertex] / [mtl\mtl_pod_01]
* [DA_PORT] level_Load: шейдер 16/370 [def_shaders\def_aref] / [prop\prop_barbwire3]
* [DA_PORT] level_Load: шейдер 17/370 [def_shaders\def_vertex] / [fx\fx_flare1]
* [DA_PORT] level_Load: шейдер 18/370 [def_shaders\def_vertex] / [mtl\mtl_bochka_01]
* [DA_PORT] level_Load: шейдер 19/370 [selflight] / [prop\prop_lampa_g]
* [DA_PORT] level_Load: шейдер 20/370 [selflight] / [prop\prop_lampa_g_red2]
* [DA_PORT] level_Load: шейдер 21/370 [def_shaders\def_vertex] / [prop\prop_pribori_02]
* [DA_PORT] level_Load: шейдер 22/370 [def_shaders\def_vertex] / [prop\prop_psyradar]
* [DA_PORT] level_Load: шейдер 23/370 [def_shaders\def_vertex] / [mtl\mtl_rja_01]
* [DA_PORT] level_Load: шейдер 24/370 [def_shaders\def_trans_v] / [prop\prop_mask_setka]
* [DA_PORT] level_Load: шейдер 25/370 [default] / [mtl\mtl_railway_1,lmap#4_1,lmap#4_2]
* [DA_PORT] level_Load: шейдер 26/370 [def_shaders\def_aref_v] / [prop\prop_bed1]
* [DA_PORT] level_Load: шейдер 27/370 [def_shaders\def_aref_v] / [prop\prop_bed1a]
* [DA_PORT] level_Load: шейдер 28/370 [def_shaders\def_trans_v] / [wind\wind_transp]
* [DA_PORT] level_Load: шейдер 29/370 [def_shaders\def_vertex] / [corp\corp_rat]
* [DA_PORT] level_Load: шейдер 30/370 [def_shaders\def_aref_v] / [corp\corp_human2]
* [DA_PORT] level_Load: шейдер 31/370 [def_shaders\def_aref_v] / [trees\trees_byaka1]
* [DA_PORT] level_Load: шейдер 32/370 [def_shaders\def_aref_v] / [corp\corp_human1]
* [DA_PORT] level_Load: шейдер 33/370 [def_shaders\def_vertex] / [prop\prop_el_box]
* [DA_PORT] level_Load: шейдер 34/370 [def_shaders\def_vertex] / [mtl\mtl_bochka_06a]
* [DA_PORT] level_Load: шейдер 35/370 [default] / [crete\crete_beton_5,lmap#4_1,lmap#4_2]
* [DA_PORT] level_Load: шейдер 36/370 [default] / [crete\crete_beton_5,lmap#5_1,lmap#5_2]
* [DA_PORT] level_Load: шейдер 37/370 [default] / [mtl\mtl_rja_01,lmap#1_1,lmap#1_2]
* [DA_PORT] level_Load: шейдер 38/370 [default] / [mtl\mtl_rja_01,lmap#2_1,lmap#2_2]
* [DA_PORT] level_Load: шейдер 39/370 [def_shaders\def_aref] / [prop\prop_barbwire3,lmap#3_1,lmap#3_2]
* [DA_PORT] level_Load: шейдер 40/370 [def_shaders\def_aref] / [prop\prop_barbwire3,lmap#4_1,lmap#4_2]
* [DA_PORT] level_Load: шейдер 41/370 [def_shaders\def_aref] / [prop\prop_barbwire3,lmap#2_1,lmap#2_2]
* [DA_PORT] level_Load: шейдер 42/370 [def_shaders\def_aref] / [mtl\mtl_fence_01,lmap#5_1,lmap#5_2]
* [DA_PORT] level_Load: шейдер 43/370 [def_shaders\def_aref] / [mtl\mtl_fence_01,lmap#4_1,lmap#4_2]
* [DA_PORT] level_Load: шейдер 44/370 [def_shaders\def_aref] / [mtl\mtl_fence_01,lmap#6_1,lmap#6_2]
* [DA_PORT] level_Load: шейдер 45/370 [default] / [crete\crete_pol_brown_1,lmap#6_1,lmap#6_2]
* [DA_PORT] level_Load: шейдер 46/370 [default] / [crete\crete_pol_brown_1,lmap#7_1,lmap#7_2]
* [DA_PORT] level_Load: шейдер 47/370 [def_shaders\def_aref] / [mtl\mtl_girder_reil,lmap#5_1,lmap#5_2]
* [DA_PORT] level_Load: шейдер 48/370 [def_shaders\def_aref] / [mtl\mtl_girder_reil,lmap#4_1,lmap#4_2]
* [DA_PORT] level_Load: шейдер 49/370 [def_shaders\def_aref] / [mtl\mtl_girder_reil_a,lmap#6_1,lmap#6_2]
* [DA_PORT] level_Load: шейдер 50/370 [default] / [mtl\mtl_girder_reil_b,lmap#6_1,lmap#6_2]
* [DA_PORT] level_Load: шейдер 51/370 [default] / [mtl\mtl_walls10,lmap#6_1,lmap#6_2]
* [DA_PORT] level_Load: шейдер 52/370 [default] / [grnd\grnd_dirt_dark,lmap#5_1,lmap#5_2]
* [DA_PORT] level_Load: шейдер 53/370 [default] / [grnd\grnd_dirt_dark,lmap#4_1,lmap#4_2]
* [DA_PORT] level_Load: шейдер 54/370 [default] / [grnd\grnd_dirt_dark,lmap#3_1,lmap#3_2]
* [DA_PORT] level_Load: шейдер 55/370 [default] / [wood\wood_doski2,lmap#7_1,lmap#7_2]
* [DA_PORT] level_Load: шейдер 56/370 [default] / [wood\wood_fence_01,lmap#7_1,lmap#7_2]
* [DA_PORT] level_Load: шейдер 57/370 [default] / [wood\wood_jasik,lmap#7_1,lmap#7_2]
* [DA_PORT] level_Load: шейдер 58/370 [default] / [prop\prop_dangerbox,lmap#7_1,lmap#7_2]
* [DA_PORT] level_Load: шейдер 59/370 [default] / [crete\crete_beton_pod_03,lmap#3_1,lmap#3_2]
* [DA_PORT] level_Load: шейдер 60/370 [default] / [crete\crete_beton_pod_03,lmap#2_1,lmap#2_2]
* [DA_PORT] level_Load: шейдер 61/370 [default] / [door\door_metal_02,lmap#7_1,lmap#7_2]
* [DA_PORT] level_Load: шейдер 62/370 [default] / [glass\glass_blocks,lmap#7_1,lmap#7_2]
* [DA_PORT] level_Load: шейдер 63/370 [default] / [mtl\mtl_tubes3,lmap#7_1,lmap#7_2]
* [DA_PORT] level_Load: шейдер 64/370 [default] / [roof\roof_smola,lmap#6_1,lmap#6_2]
* [DA_PORT] level_Load: шейдер 65/370 [default] / [roof\roof_smola,lmap#5_1,lmap#5_2]
* [DA_PORT] level_Load: шейдер 66/370 [default] / [briks\briks_inside_02,lmap#7_1,lmap#7_2]
* [DA_PORT] level_Load: шейдер 67/370 [default] / [wood\wood_board_01,lmap#7_1,lmap#7_2]
* [DA_PORT] level_Load: шейдер 68/370 [default] / [wood\wood_old,lmap#7_1,lmap#7_2]
* [DA_PORT] level_Load: шейдер 69/370 [default] / [crete\crete_walls_02,lmap#7_1,lmap#7_2]
* [DA_PORT] level_Load: шейдер 70/370 [def_shaders\def_aref] / [mtl\mtl_floor_fence_01,lmap#7_1,lmap#7_2]
* [DA_PORT] level_Load: шейдер 71/370 [default] / [mtl\mtl_rust_dark,lmap#6_1,lmap#6_2]
* [DA_PORT] level_Load: шейдер 72/370 [default] / [mtl\mtl_rust_dark,lmap#5_1,lmap#5_2]
* [DA_PORT] level_Load: шейдер 73/370 [default] / [mtl\mtl_rust_dark,lmap#4_1,lmap#4_2]
* [DA_PORT] level_Load: шейдер 74/370 [default] / [mtl\mtl_bochka_02,lmap#7_1,lmap#7_2]
* [DA_PORT] level_Load: шейдер 75/370 [default] / [briks\briks_br2,lmap#2_1,lmap#2_2]
* [DA_PORT] level_Load: шейдер 76/370 [default] / [briks\briks_br2,lmap#3_1,lmap#3_2]
* [DA_PORT] level_Load: шейдер 77/370 [default] / [briks\briks_br2,lmap#1_1,lmap#1_2]
* [DA_PORT] level_Load: шейдер 78/370 [default] / [crete\crete_walls_old_01,lmap#4_1,lmap#4_2]
* [DA_PORT] level_Load: шейдер 79/370 [default] / [crete\crete_walls_old_01,lmap#5_1,lmap#5_2]
* [DA_PORT] level_Load: шейдер 80/370 [default] / [crete\crete_walls_old_01,lmap#6_1,lmap#6_2]
* [DA_PORT] level_Load: шейдер 81/370 [default] / [wall\wall_border_01,lmap#7_1,lmap#7_2]
* [DA_PORT] level_Load: шейдер 82/370 [default] / [trees\trees_bark_a_02,lmap#7_1,lmap#7_2]
* [DA_PORT] level_Load: шейдер 83/370 [default] / [trees\trees_spil,lmap#7_1,lmap#7_2]
* [DA_PORT] level_Load: шейдер 84/370 [default] / [wood\wood_stolb,lmap#7_1,lmap#7_2]
* [DA_PORT] level_Load: шейдер 85/370 [default] / [wood\wood_collect,lmap#7_1,lmap#7_2]
* [DA_PORT] level_Load: шейдер 86/370 [default] / [prop\prop_bathhole,lmap#7_1,lmap#7_2]
* [DA_PORT] level_Load: шейдер 87/370 [default] / [mtl\mtl_bochka_03_r,lmap#7_1,lmap#7_2]
* [DA_PORT] level_Load: шейдер 88/370 [default] / [mtl\mtl_luk_ch_01,lmap#7_1,lmap#7_2]
* [DA_PORT] level_Load: шейдер 89/370 [default] / [mtl\mtl_luk_n,lmap#7_1,lmap#7_2]
* [DA_PORT] level_Load: шейдер 90/370 [default] / [prop\prop_ognetushit,lmap#7_1,lmap#7_2]
* [DA_PORT] level_Load: шейдер 91/370 [default] / [prop\prop_shitok,lmap#7_1,lmap#7_2]
* [DA_PORT] level_Load: шейдер 92/370 [default] / [roof\roof_schiffer_01,lmap#5_1,lmap#5_2]
* [DA_PORT] level_Load: шейдер 93/370 [default] / [roof\roof_schiffer_01,lmap#4_1,lmap#4_2]
* [DA_PORT] level_Load: шейдер 94/370 [default] / [mtl\mtl_barrel_big,lmap#7_1,lmap#7_2]
* [DA_PORT] level_Load: шейдер 95/370 [default] / [mtl\mtl_batarea_p,lmap#7_1,lmap#7_2]
* [DA_PORT] level_Load: шейдер 96/370 [default] / [mtl\mtl_big_konteyneri,lmap#7_1,lmap#7_2]
* [DA_PORT] level_Load: шейдер 97/370 [default] / [mtl\mtl_bochka_01,lmap#6_1,lmap#6_2]
* [DA_PORT] level_Load: шейдер 98/370 [default] / [mtl\mtl_bochka_01,lmap#5_1,lmap#5_2]
* [DA_PORT] level_Load: шейдер 99/370 [default] / [mtl\mtl_tubes3b,lmap#7_1,lmap#7_2]
* [DA_PORT] level_Load: шейдер 100/370 [default] / [tile\tile_border_dark_01,lmap#7_1,lmap#7_2]
* [DA_PORT] level_Load: шейдер 101/370 [default] / [veh\veh_bugger_1,lmap#7_1,lmap#7_2]
* [DA_PORT] level_Load: шейдер 102/370 [default] / [wall\wall_border_02,lmap#5_1,lmap#5_2]
* [DA_PORT] level_Load: шейдер 103/370 [default] / [wall\wall_border_02,lmap#4_1,lmap#4_2]
* [DA_PORT] level_Load: шейдер 104/370 [default] / [wall\wall_ceiling_01,lmap#7_1,lmap#7_2]
* [DA_PORT] level_Load: шейдер 105/370 [default] / [wall\wall_stucco_10,lmap#3_1,lmap#3_2]
* [DA_PORT] level_Load: шейдер 106/370 [default] / [wall\wall_stucco_10,lmap#2_1,lmap#2_2]
* [DA_PORT] level_Load: шейдер 107/370 [default] / [wall\wall_walls_paint_02,lmap#6_1,lmap#6_2]
* [DA_PORT] level_Load: шейдер 108/370 [default] / [wind\wind_03,lmap#4_1,lmap#4_2]
* [DA_PORT] level_Load: шейдер 109/370 [default] / [wind\wind_03,lmap#3_1,lmap#3_2]
* [DA_PORT] level_Load: шейдер 110/370 [default] / [wind\wind_03,lmap#2_1,lmap#2_2]
* [DA_PORT] level_Load: шейдер 111/370 [default] / [mtl\mtl_rja_blue,lmap#6_1,lmap#6_2]
* [DA_PORT] level_Load: шейдер 112/370 [default] / [mtl\mtl_rja_blue,lmap#5_1,lmap#5_2]
* [DA_PORT] level_Load: шейдер 113/370 [default] / [mtl\mtl_rja_green,lmap#7_1,lmap#7_2]
* [DA_PORT] level_Load: шейдер 114/370 [default] / [mtl\mtl_stena_ch_04,lmap#4_1,lmap#4_2]
* [DA_PORT] level_Load: шейдер 115/370 [default] / [mtl\mtl_stena_ch_04,lmap#5_1,lmap#5_2]
* [DA_PORT] level_Load: шейдер 116/370 [default] / [mtl\mtl_stena_ch_04,lmap#3_1,lmap#3_2]
* [DA_PORT] level_Load: шейдер 117/370 [default] / [mtl\mtl_stena_ch_04,lmap#2_1,lmap#2_2]
* [DA_PORT] level_Load: шейдер 118/370 [default] / [mtl\mtl_stena_ch_071,lmap#6_1,lmap#6_2]
* [DA_PORT] level_Load: шейдер 119/370 [default] / [mtl\mtl_floor_plate_03,lmap#6_1,lmap#6_2]
* [DA_PORT] level_Load: шейдер 120/370 [default] / [mtl\mtl_pod_01,lmap#7_1,lmap#7_2]
* [DA_PORT] level_Load: шейдер 121/370 [default] / [mtl\mtl_reshetka_pot_01,lmap#6_1,lmap#6_2]
* [DA_PORT] level_Load: шейдер 122/370 [default] / [mtl\mtl_reshetka_pot_01,lmap#5_1,lmap#5_2]
* [DA_PORT] level_Load: шейдер 123/370 [default] / [prop\prop_el_shkaf_01,lmap#7_1,lmap#7_2]
* [DA_PORT] level_Load: шейдер 124/370 [default] / [prop\prop_electricalunit4,lmap#7_1,lmap#7_2]
* [DA_PORT] level_Load: шейдер 125/370 [default] / [prop\prop_grate_01,lmap#7_1,lmap#7_2]
* [DA_PORT] level_Load: шейдер 126/370 [default] / [wood\wood_walls8,lmap#6_1,lmap#6_2]
* [DA_PORT] level_Load: шейдер 127/370 [default] / [crete\crete_stupeni_a,lmap#7_1,lmap#7_2]
* [DA_PORT] level_Load: шейдер 128/370 [default] / [crete\crete_stupeni_b,lmap#7_1,lmap#7_2]
* [DA_PORT] level_Load: шейдер 129/370 [default] / [crete\crete_walls_01,lmap#5_1,lmap#5_2]
* [DA_PORT] level_Load: шейдер 130/370 [default] / [crete\crete_walls_01,lmap#6_1,lmap#6_2]
* [DA_PORT] level_Load: шейдер 131/370 [default] / [crete\crete_walls_01,lmap#4_1,lmap#4_2]
* [DA_PORT] level_Load: шейдер 132/370 [default] / [crete\crete_walls_old_02,lmap#3_1,lmap#3_2]
* [DA_PORT] level_Load: шейдер 133/370 [default] / [crete\crete_walls_old_02,lmap#2_1,lmap#2_2]
* [DA_PORT] level_Load: шейдер 134/370 [default] / [crete\crete_walls_old_02,lmap#4_1,lmap#4_2]
* [DA_PORT] level_Load: шейдер 135/370 [default] / [crete\crete_zabor,lmap#7_1,lmap#7_2]
* [DA_PORT] level_Load: шейдер 136/370 [default] / [door\door_electricunit_03,lmap#7_1,lmap#7_2]
* [DA_PORT] level_Load: шейдер 137/370 [default] / [door\door_electricunit_04,lmap#7_1,lmap#7_2]
* [DA_PORT] level_Load: шейдер 138/370 [default] / [door\door_gate_metal_02,lmap#6_1,lmap#6_2]
* [DA_PORT] level_Load: шейдер 139/370 [default] / [door\door_gate_metal_03,lmap#7_1,lmap#7_2]
* [DA_PORT] level_Load: шейдер 140/370 [default] / [door\door_sheet,lmap#7_1,lmap#7_2]
* [DA_PORT] level_Load: шейдер 141/370 [default] / [floor\floor_linoleum_02,lmap#2_1,lmap#2_2]
* [DA_PORT] level_Load: шейдер 142/370 [default] / [floor\floor_linoleum_02,lmap#4_1,lmap#4_2]
* [DA_PORT] level_Load: шейдер 143/370 [default] / [floor\floor_linoleum_02,lmap#3_1,lmap#3_2]
* [DA_PORT] level_Load: шейдер 144/370 [default] / [floor\floor_tile_01,lmap#7_1,lmap#7_2]
* [DA_PORT] level_Load: шейдер 145/370 [default] / [floor\floor_tile_02,lmap#4_1,lmap#4_2]
* [DA_PORT] level_Load: шейдер 146/370 [default] / [floor\floor_tile_02,lmap#2_1,lmap#2_2]
* [DA_PORT] level_Load: шейдер 147/370 [default] / [floor\floor_tile_05,lmap#4_1,lmap#4_2]
* [DA_PORT] level_Load: шейдер 148/370 [default] / [floor\floor_tile_05,lmap#5_1,lmap#5_2]
* [DA_PORT] level_Load: шейдер 149/370 [default] / [floor\floor_tile_05,lmap#2_1,lmap#2_2]
* [DA_PORT] level_Load: шейдер 150/370 [default] / [floor\floor_tile_05,lmap#3_1,lmap#3_2]
* [DA_PORT] level_Load: шейдер 151/370 [default] / [grnd\grnd_land_01,lmap#3_1,lmap#3_2]
* [DA_PORT] level_Load: шейдер 152/370 [default] / [grnd\grnd_land_01,lmap#5_1,lmap#5_2]
* [DA_PORT] level_Load: шейдер 153/370 [default] / [grnd\grnd_land_01,lmap#4_1,lmap#4_2]
* [DA_PORT] level_Load: шейдер 154/370 [default] / [mtl\mtl_walls9,lmap#7_1,lmap#7_2]
* [DA_PORT] level_Load: шейдер 155/370 [default] / [mtl\mtl_walls9a,lmap#6_1,lmap#6_2]
* [DA_PORT] level_Load: шейдер 156/370 [default] / [prop\prop_border,lmap#1_1,lmap#1_2]
* [DA_PORT] level_Load: шейдер 157/370 [default] / [prop\prop_bridge_01,lmap#7_1,lmap#7_2]
* [DA_PORT] level_Load: шейдер 158/370 [default] / [briks\briks_br1,lmap#7_1,lmap#7_2]
* [DA_PORT] level_Load: шейдер 159/370 [default] / [briks\briks_dirt_01,lmap#4_1,lmap#4_2]
* [DA_PORT] level_Load: шейдер 160/370 [default] / [briks\briks_dirt_01,lmap#2_1,lmap#2_2]
* [DA_PORT] level_Load: шейдер 161/370 [default] / [briks\briks_dirt_01,lmap#3_1,lmap#3_2]
* [DA_PORT] level_Load: шейдер 162/370 [default] / [briks\briks_inside_01,lmap#7_1,lmap#7_2]
* [DA_PORT] level_Load: шейдер 163/370 [default] / [crete\crete_beton_2,lmap#7_1,lmap#7_2]
* [DA_PORT] level_Load: шейдер 164/370 [default] / [crete\crete_beton_dirt_01,lmap#6_1,lmap#6_2]
* [DA_PORT] level_Load: шейдер 165/370 [default] / [crete\crete_debris_01,lmap#7_1,lmap#7_2]
* [DA_PORT] level_Load: шейдер 166/370 [default] / [crete\crete_dirt_2,lmap#4_1,lmap#4_2]
* [DA_PORT] level_Load: шейдер 167/370 [default] / [crete\crete_dirt_2,lmap#3_1,lmap#3_2]
* [DA_PORT] level_Load: шейдер 168/370 [default] / [crete\crete_dirt_2,lmap#5_1,lmap#5_2]
* [DA_PORT] level_Load: шейдер 169/370 [default] / [prop\prop_electricalunit3,lmap#7_1,lmap#7_2]
* [DA_PORT] level_Load: шейдер 170/370 [default] / [crete\crete_stena_04a,lmap#6_1,lmap#6_2]
* [DA_PORT] level_Load: шейдер 171/370 [default] / [glas\glas_ch_01,lmap#7_1,lmap#7_2]
* [DA_PORT] level_Load: шейдер 172/370 [default] / [mtl\mtl_angar_a_b,lmap#7_1,lmap#7_2]
* [DA_PORT] level_Load: шейдер 173/370 [default] / [mtl\mtl_angar_a_b,lmap#6_1,lmap#6_2]
* [DA_PORT] level_Load: шейдер 174/370 [default] / [crete\crete_stena_ch_14,lmap#5_1,lmap#5_2]
* [DA_PORT] level_Load: шейдер 175/370 [default] / [crete\crete_stena_ch_14,lmap#4_1,lmap#4_2]
* [DA_PORT] level_Load: шейдер 176/370 [default] / [door\door_wood_03,lmap#7_1,lmap#7_2]
* [DA_PORT] level_Load: шейдер 177/370 [default] / [crete\crete_beton_ch_06_glass,lmap#6_1,lmap#6_2]
* [DA_PORT] level_Load: шейдер 178/370 [default] / [crete\crete_house_wall_1,lmap#1_1,lmap#1_2]
* [DA_PORT] level_Load: шейдер 179/370 [default] / [veh\veh_vagon1_02,lmap#7_1,lmap#7_2]
* [DA_PORT] level_Load: шейдер 180/370 [def_shaders\def_aref] / [mtl\mtl_reshetka_pot_01,lmap#7_1,lmap#7_2]
* [DA_PORT] level_Load: шейдер 181/370 [default] / [mtl\mtl_stena_08,lmap#6_1,lmap#6_2]
* [DA_PORT] level_Load: шейдер 182/370 [default] / [mtl\mtl_stena_08,lmap#5_1,lmap#5_2]
* [DA_PORT] level_Load: шейдер 183/370 [default] / [mtl\mtl_stena_08,lmap#4_1,lmap#4_2]
* [DA_PORT] level_Load: шейдер 184/370 [default] / [prop\prop_musor_02,lmap#7_1,lmap#7_2]
* [DA_PORT] level_Load: шейдер 185/370 [default] / [mtl\mtl_gofra_1_color,lmap#5_1,lmap#5_2]
* [DA_PORT] level_Load: шейдер 186/370 [default] / [mtl\mtl_gofra_1_color,lmap#4_1,lmap#4_2]
* [DA_PORT] level_Load: шейдер 187/370 [default] / [mtl\mtl_gofra_2_color,lmap#7_1,lmap#7_2]
* [DA_PORT] level_Load: шейдер 188/370 [default] / [crete\crete_beton_4,lmap#7_1,lmap#7_2]
* [DA_PORT] level_Load: шейдер 189/370 [default] / [wood\wood_plank6,lmap#6_1,lmap#6_2]
* [DA_PORT] level_Load: шейдер 190/370 [default] / [wood\wood_plank6,lmap#4_1,lmap#4_2]
* [DA_PORT] level_Load: шейдер 191/370 [default] / [grnd\grnd_dirt_dust_02,lmap#7_1,lmap#7_2]
* [DA_PORT] level_Load: шейдер 192/370 [default] / [prop\prop_musor_01,lmap#7_1,lmap#7_2]
* [DA_PORT] level_Load: шейдер 193/370 [default] / [crete\crete_stena_ch_13,lmap#2_1,lmap#2_2]
* [DA_PORT] level_Load: шейдер 194/370 [default] / [crete\crete_stena_ch_13,lmap#1_1,lmap#1_2]
* [DA_PORT] level_Load: шейдер 195/370 [default] / [mtl\mtl_luk_ch_02,lmap#7_1,lmap#7_2]
* [DA_PORT] level_Load: шейдер 196/370 [default] / [prop\prop_lamppost1,lmap#7_1,lmap#7_2]
* [DA_PORT] level_Load: шейдер 197/370 [default] / [prop\prop_lamppost1a,lmap#7_1,lmap#7_2]
* [DA_PORT] level_Load: шейдер 198/370 [default] / [mtl\mtl_pod_01_stears,lmap#7_1,lmap#7_2]
* [DA_PORT] level_Load: шейдер 199/370 [def_shaders\def_aref] / [mtl\mtl_fence_01,lmap#7_1,lmap#7_2]
* [DA_PORT] level_Load: шейдер 200/370 [default] / [prop\prop_dangerbox_2,lmap#7_1,lmap#7_2]
* [DA_PORT] level_Load: шейдер 201/370 [default] / [veh\veh_bochka_pricep,lmap#7_1,lmap#7_2]
* [DA_PORT] level_Load: шейдер 202/370 [default] / [mtl\mtl_musor_bak,lmap#7_1,lmap#7_2]
* [DA_PORT] level_Load: шейдер 203/370 [default] / [prop\prop_woodenreel1,lmap#7_1,lmap#7_2]
* [DA_PORT] level_Load: шейдер 204/370 [default] / [grnd\grnd_dry_gr_01,lmap#7_1,lmap#7_2]
* [DA_PORT] level_Load: шейдер 205/370 [default] / [prop\prop_governmentbox_1,lmap#7_1,lmap#7_2]
* [DA_PORT] level_Load: шейдер 206/370 [default] / [prop\prop_safe_1,lmap#7_1,lmap#7_2]
* [DA_PORT] level_Load: шейдер 207/370 [default] / [prop\prop_transformer_dw,lmap#7_1,lmap#7_2]
* [DA_PORT] level_Load: шейдер 208/370 [default] / [mtl\mtl_garage_02,lmap#6_1,lmap#6_2]
* [DA_PORT] level_Load: шейдер 209/370 [default] / [mtl\mtl_garage_02,lmap#5_1,lmap#5_2]
* [DA_PORT] level_Load: шейдер 210/370 [default] / [door\door_trader,lmap#7_1,lmap#7_2]
* [DA_PORT] level_Load: шейдер 211/370 [default] / [item\item_x_files,lmap#7_1,lmap#7_2]
* [DA_PORT] level_Load: шейдер 212/370 [default] / [mtl\mtl_fence_ql,lmap#6_1,lmap#6_2]
* [DA_PORT] level_Load: шейдер 213/370 [default] / [mtl\mtl_fence_ql,lmap#5_1,lmap#5_2]
* [DA_PORT] level_Load: шейдер 214/370 [default] / [mtl\mtl_plates,lmap#7_1,lmap#7_2]
* [DA_PORT] level_Load: шейдер 215/370 [default] / [mtl\mtl_plates,lmap#6_1,lmap#6_2]
* [DA_PORT] level_Load: шейдер 216/370 [default] / [prop\prop_box_3,lmap#7_1,lmap#7_2]
* [DA_PORT] level_Load: шейдер 217/370 [default] / [prop\prop_girder_01,lmap#4_1,lmap#4_2]
* [DA_PORT] level_Load: шейдер 218/370 [default] / [prop\prop_girder_01,lmap#5_1,lmap#5_2]
* [DA_PORT] level_Load: шейдер 219/370 [default] / [prop\prop_girder_01,lmap#3_1,lmap#3_2]
* [DA_PORT] level_Load: шейдер 220/370 [default] / [prop\prop_item3,lmap#7_1,lmap#7_2]
* [DA_PORT] level_Load: шейдер 221/370 [default] / [prop\prop_komp,lmap#7_1,lmap#7_2]
* [DA_PORT] level_Load: шейдер 222/370 [default] / [prop\prop_pribori_02,lmap#7_1,lmap#7_2]
* [DA_PORT] level_Load: шейдер 223/370 [default] / [prop\prop_vent,lmap#7_1,lmap#7_2]
* [DA_PORT] level_Load: шейдер 224/370 [default] / [prop\prop_poster_03,lmap#7_1,lmap#7_2]
* [DA_PORT] level_Load: шейдер 225/370 [default] / [door\door_metal_01,lmap#7_1,lmap#7_2]
* [DA_PORT] level_Load: шейдер 226/370 [default] / [wood\wood_spil_1_old,lmap#7_1,lmap#7_2]
* [DA_PORT] level_Load: шейдер 227/370 [default] / [mtl\mtl_railway_1,lmap#4_1,lmap#4_2]
* [DA_PORT] level_Load: шейдер 228/370 [default] / [mtl\mtl_railway_1,lmap#5_1,lmap#5_2]
* [DA_PORT] level_Load: шейдер 229/370 [default] / [mtl\mtl_railway_1,lmap#6_1,lmap#6_2]
* [DA_PORT] level_Load: шейдер 230/370 [default] / [mtl\mtl_railway_1,lmap#7_1,lmap#7_2]
* [DA_PORT] level_Load: шейдер 231/370 [default] / [roof\roof_metal_01,lmap#6_1,lmap#6_2]
* [DA_PORT] level_Load: шейдер 232/370 [default] / [roof\roof_metal_01,lmap#5_1,lmap#5_2]
* [DA_PORT] level_Load: шейдер 233/370 [default] / [wall\wall_wallpaper_01,lmap#6_1,lmap#6_2]
* [DA_PORT] level_Load: шейдер 234/370 [def_shaders\def_trans] / [wind\wind_transp,lmap#7_1,lmap#7_2]
* [DA_PORT] level_Load: шейдер 235/370 [default] / [wind\wind_transp,lmap#6_1,lmap#6_2]
* [DA_PORT] level_Load: шейдер 236/370 [default] / [tile\tile_walls_pink_01,lmap#7_1,lmap#7_2]
* [DA_PORT] level_Load: шейдер 237/370 [default] / [prop\prop_lamppost,lmap#7_1,lmap#7_2]
* [DA_PORT] level_Load: шейдер 238/370 [default] / [crete\crete_beton_ch_13,lmap#2_1,lmap#2_2]
* [DA_PORT] level_Load: шейдер 239/370 [default] / [crete\crete_beton_ch_13,lmap#3_1,lmap#3_2]
* [DA_PORT] level_Load: шейдер 240/370 [default] / [crete\crete_beton_ch_13,lmap#1_1,lmap#1_2]
* [DA_PORT] level_Load: шейдер 241/370 [default] / [crete\crete_stena_ch_08,lmap#5_1,lmap#5_2]
* [DA_PORT] level_Load: шейдер 242/370 [default] / [crete\crete_stena_ch_08,lmap#4_1,lmap#4_2]
* [DA_PORT] level_Load: шейдер 243/370 [default] / [crete\crete_stena_ch_08,lmap#3_1,lmap#3_2]
* [DA_PORT] level_Load: шейдер 244/370 [default] / [crete\crete_stena_ch_11_2,lmap#7_1,lmap#7_2]
* [DA_PORT] level_Load: шейдер 245/370 [default] / [crete\crete_stena_ch_12,lmap#3_1,lmap#3_2]
* [DA_PORT] level_Load: шейдер 246/370 [default] / [crete\crete_stena_ch_12,lmap#4_1,lmap#4_2]
* [DA_PORT] level_Load: шейдер 247/370 [default] / [mtl\mtl_kreplen_pod_01,lmap#6_1,lmap#6_2]
* [DA_PORT] level_Load: шейдер 248/370 [default] / [tile\tile_green,lmap#6_1,lmap#6_2]
* [DA_PORT] level_Load: шейдер 249/370 [default] / [tile\tile_walls_white_01,lmap#3_1,lmap#3_2]
* [DA_PORT] level_Load: шейдер 250/370 [default] / [tile\tile_walls_white_01,lmap#4_1,lmap#4_2]
* [DA_PORT] level_Load: шейдер 251/370 [default] / [tile\tile_walls_white_01,lmap#2_1,lmap#2_2]
* [DA_PORT] level_Load: шейдер 252/370 [default] / [wall\wall_border_03,lmap#1_1,lmap#1_2]
* [DA_PORT] level_Load: шейдер 253/370 [default] / [wall\wall_border_03,lmap#2_1,lmap#2_2]
* [DA_PORT] level_Load: шейдер 254/370 [default] / [wall\wall_border_03,lmap#4_1,lmap#4_2]
* [DA_PORT] level_Load: шейдер 255/370 [default] / [wind\wind_factory,lmap#6_1,lmap#6_2]
* [DA_PORT] level_Load: шейдер 256/370 [default] / [wind\wind_factory,lmap#7_1,lmap#7_2]
* [DA_PORT] level_Load: шейдер 257/370 [default] / [mtl\mtl_fly_polosa,lmap#7_1,lmap#7_2]
* [DA_PORT] level_Load: шейдер 258/370 [default] / [mtl\mtl_pod_green,lmap#7_1,lmap#7_2]
* [DA_PORT] level_Load: шейдер 259/370 [default] / [mtl\mtl_barrel_big_rust,lmap#7_1,lmap#7_2]
* [DA_PORT] level_Load: шейдер 260/370 [def_shaders\def_aref] / [deta\decail_musor_01,lmap#7_1,lmap#7_2]
* [DA_PORT] level_Load: шейдер 261/370 [def_shaders\def_aref] / [deta\decail_podnogamy,lmap#7_1,lmap#7_2]
* [DA_PORT] level_Load: шейдер 262/370 [def_shaders\def_aref] / [deta\decail_musor_00,lmap#7_1,lmap#7_2]
* [DA_PORT] level_Load: шейдер 263/370 [def_shaders\def_aref] / [deta\decail_musor_02,lmap#7_1,lmap#7_2]
* [DA_PORT] level_Load: шейдер 264/370 [def_shaders\def_aref] / [deta\decail_0_oil,lmap#7_1,lmap#7_2]
* [DA_PORT] level_Load: шейдер 265/370 [def_shaders\def_aref] / [vine\vine_dried_up,lmap#7_1,lmap#7_2]
* [DA_PORT] level_Load: шейдер 266/370 [def_shaders\def_vertex] / [veh\veh_kamaz_u_br]
* [DA_PORT] level_Load: шейдер 267/370 [def_shaders\def_vertex] / [grnd\grnd_dry_gr_01]
* [DA_PORT] level_Load: шейдер 268/370 [def_shaders\def_vertex] / [mtl\mtl_luk_ch_01]
* [DA_PORT] level_Load: шейдер 269/370 [def_shaders\def_vertex] / [prop\prop_lamps_01]
* [DA_PORT] level_Load: шейдер 270/370 [def_shaders\def_aref_v] / [mtl\mtl_fence_04]
* [DA_PORT] level_Load: шейдер 271/370 [def_shaders\def_vertex] / [mtl\mtl_angar_a_b]
* [DA_PORT] level_Load: шейдер 272/370 [def_shaders\def_vertex] / [act\act_ryukzak_black]
* [DA_PORT] level_Load: шейдер 273/370 [def_shaders\def_vertex] / [act\act_ryukzak]
* [DA_PORT] level_Load: шейдер 274/370 [def_shaders\def_vertex] / [prop\prop_provod_03]
* [DA_PORT] level_Load: шейдер 275/370 [def_shaders\def_vertex] / [mtl\mtl_bochka_03_r]
* [DA_PORT] level_Load: шейдер 276/370 [def_shaders\def_vertex] / [mtl\mtl_stena_ch_071]
* [DA_PORT] level_Load: шейдер 277/370 [def_shaders\def_vertex] / [prop\prop_cable_bobbin]
* [DA_PORT] level_Load: шейдер 278/370 [def_shaders\def_vertex] / [prop\prop_transformer_dw]
* [DA_PORT] level_Load: шейдер 279/370 [def_shaders\def_vertex] / [mtl\mtl_tubes7]
* [DA_PORT] level_Load: шейдер 280/370 [def_shaders\def_vertex] / [act\act_scientist_suit_green]
* [DA_PORT] level_Load: шейдер 281/370 [def_shaders\def_vertex] / [prop\prop_mattress1]
* [DA_PORT] level_Load: шейдер 282/370 [def_shaders\def_vertex] / [prop\prop_elec_kran]
* [DA_PORT] level_Load: шейдер 283/370 [def_shaders\def_vertex] / [mtl\mtl_bochka_04]
* [DA_PORT] level_Load: шейдер 284/370 [def_shaders\def_vertex] / [veh\veh_kamaz_u_01]
* [DA_PORT] level_Load: шейдер 285/370 [def_shaders\def_vertex] / [mtl\mtl_bochka_05]
* [DA_PORT] level_Load: шейдер 286/370 [def_shaders\def_vertex] / [corp\corp_zomby1]
* [DA_PORT] level_Load: шейдер 287/370 [def_shaders\def_vertex] / [corp\corp_stalker]
* [DA_PORT] level_Load: шейдер 288/370 [def_shaders\def_vertex] / [corp\corp_sold1]
* [DA_PORT] level_Load: шейдер 289/370 [default] / [crete\crete_beton_pod_03,lmap#4_1,lmap#4_2]
* [DA_PORT] level_Load: шейдер 290/370 [def_shaders\def_vertex] / [veh\veh_uazik]
* [DA_PORT] level_Load: шейдер 291/370 [def_shaders\def_vertex] / [mtl\mtl_barrel_02]
* [DA_PORT] level_Load: шейдер 292/370 [def_shaders\def_vertex] / [prop\prop_sigaret]
* [DA_PORT] level_Load: шейдер 293/370 [def_shaders\def_vertex] / [crete\crete_beton_lom]
* [DA_PORT] level_Load: шейдер 294/370 [def_shaders\def_vertex] / [grnd\grnd_rocks_02]
* [DA_PORT] level_Load: шейдер 295/370 [def_shaders\def_vertex] / [trees\trees_bark_a_02]
* [DA_PORT] level_Load: шейдер 296/370 [def_shaders\def_vertex] / [mtl\mtl_truba_ql02]
* [DA_PORT] level_Load: шейдер 297/370 [def_shaders\def_vertex] / [roof\roof_smola]
* [DA_PORT] level_Load: шейдер 298/370 [def_shaders\def_vertex] / [mtl\mtl_rja_blue]
* [DA_PORT] level_Load: шейдер 299/370 [def_shaders\def_vertex] / [mtl\mtl_truba_ch]
* [DA_PORT] level_Load: шейдер 300/370 [def_shaders\def_vertex] / [mtl\mtl_truba_factory]
* [DA_PORT] level_Load: шейдер 301/370 [def_shaders\def_vertex] / [prop\prop_dangerbox]
* [DA_PORT] level_Load: шейдер 302/370 [def_shaders\def_vertex] / [prop\prop_electroengine1]
* [DA_PORT] level_Load: шейдер 303/370 [def_shaders\def_vertex] / [mtl\mtl_arm_2]
* [DA_PORT] level_Load: шейдер 304/370 [def_shaders\def_vertex] / [mtl\mtl_ventil_pod_02]
* [DA_PORT] level_Load: шейдер 305/370 [def_shaders\def_vertex] / [prop\prop_elektro]
* [DA_PORT] level_Load: шейдер 306/370 [def_shaders\def_vertex] / [crete\crete_beton_pod_03]
* [DA_PORT] level_Load: шейдер 307/370 [effects\water] / [water\water_water]
* [DA_PORT] level_Load: шейдер 308/370 [def_shaders\def_vertex] / [mtl\mtl_tubes3b]
* [DA_PORT] level_Load: шейдер 309/370 [def_shaders\def_vertex] / [prop\prop_lamppost1b]
* [DA_PORT] level_Load: шейдер 310/370 [def_shaders\def_vertex] / [grnd\grnd_rocks_01]
* [DA_PORT] level_Load: шейдер 311/370 [def_shaders\def_vertex] / [fx\fx_wood_fire]
* [DA_PORT] level_Load: шейдер 312/370 [def_shaders\def_vertex] / [mtl\mtl_bochka_06]
* [DA_PORT] level_Load: шейдер 313/370 [def_shaders\def_vertex] / [mtl\mtl_bochka_04a]
* [DA_PORT] level_Load: шейдер 314/370 [def_shaders\def_vertex] / [prop\prop_provod_01]
* [DA_PORT] level_Load: шейдер 315/370 [def_shaders\def_vertex] / [mtl\mtl_barrel_big]
* [DA_PORT] level_Load: шейдер 316/370 [def_shaders\def_vertex] / [mtl\mtl_truba_ch_02]
* [DA_PORT] level_Load: шейдер 317/370 [def_shaders\def_vertex] / [mtl\mtl_truba_pod_02]
* [DA_PORT] level_Load: шейдер 318/370 [def_shaders\def_vertex] / [prop\prop_projektor]
* [DA_PORT] level_Load: шейдер 319/370 [levels\yantar_asfalt] / [terrain\terrain_yantar,terrain\terrain_yantar_lm]
* [DA_PORT] level_Load: шейдер 320/370 [def_shaders\def_vertex] / [grnd\grnd_rocks_06]
* [DA_PORT] level_Load: шейдер 321/370 [def_shaders\def_vertex] / [prop\prop_fake_nosun]
* [DA_PORT] level_Load: шейдер 322/370 [levels\yantar_earth] / [terrain\terrain_yantar,terrain\terrain_yantar_lm]
* [DA_PORT] level_Load: шейдер 323/370 [flora\trunk_wave] / [trees\trees_bark_a_01]
* [DA_PORT] level_Load: шейдер 324/370 [flora\trunk_wave] / [trees\trees_spil]
* [DA_PORT] level_Load: шейдер 325/370 [flora\leaf_wave] / [trees\trees_atp_oak_frond3]
* [DA_PORT] level_Load: шейдер 326/370 [flora\leaf_wave] / [trees\trees_atp_cherry_branch_sm2]
* [DA_PORT] level_Load: шейдер 327/370 [flora\leaf_wave] / [trees\trees_atp_cherry_branch_sm1]
* [DA_PORT] level_Load: шейдер 328/370 [details\lod] / [level_lods]
* [DA_PORT] level_Load: шейдер 329/370 [flora\trunk_wave] / [trees\trees_dub_bark]
* [DA_PORT] level_Load: шейдер 330/370 [flora\leaf_wave] / [trees\trees_atp_oak_branch_sm2]
* [DA_PORT] level_Load: шейдер 331/370 [flora\leaf_wave] / [trees\trees_atp_oak_branch_sm1]
* [DA_PORT] level_Load: шейдер 332/370 [flora\leaf_wave] / [trees\trees_dub]
* [DA_PORT] level_Load: шейдер 333/370 [flora\leaf_wave] / [trees\trees_vetkagreen3]
* [DA_PORT] level_Load: шейдер 334/370 [flora\leaf_wave] / [trees\trees_vetkagreen5]
* [DA_PORT] level_Load: шейдер 335/370 [flora\trunk_wave] / [trees\trees_atp_birch_bark2]
* [DA_PORT] level_Load: шейдер 336/370 [flora\leaf_wave] / [trees\trees_atp_birch_branch]
* [DA_PORT] level_Load: шейдер 337/370 [flora\trunk_wave] / [trees\trees_bark_sux_mox]
* [DA_PORT] level_Load: шейдер 338/370 [flora\trunk_wave] / [trees\trees_bark_a_02]
* [DA_PORT] level_Load: шейдер 339/370 [flora\leaf_wave] / [trees\trees_atp_oak_branch_sm2]
* [DA_PORT] level_Load: шейдер 340/370 [flora\leaf_wave] / [trees\trees_atp_oak_branch_sm1]
* [DA_PORT] level_Load: шейдер 341/370 [flora\leaf_wave] / [trees\trees_atp_b01_frond]
* [DA_PORT] level_Load: шейдер 342/370 [flora\leaf_wave] / [trees\trees_atp_poplar_branch]
* [DA_PORT] level_Load: шейдер 343/370 [def_shaders\def_objects_lod] / [act\act_corp_stalker]
* [DA_PORT] level_Load: шейдер 344/370 [def_shaders\def_objects_lod] / [veh\veh_kamaz_u_br]
* [DA_PORT] level_Load: шейдер 345/370 [def_shaders\def_objects_lod] / [veh\veh_gaz66]
* [DA_PORT] level_Load: шейдер 346/370 [def_shaders\def_objects_lod] / [veh\veh_buldozer]
* [DA_PORT] level_Load: шейдер 347/370 [def_shaders\def_objects_lod] / [veh\veh_buldozer_kovsh]
* [DA_PORT] level_Load: шейдер 348/370 [flora\leaf_wave] / [trees\trees_vetkasux2]
* [DA_PORT] level_Load: шейдер 349/370 [flora\trunk_wave] / [wood\wood_collect]
* [DA_PORT] level_Load: шейдер 350/370 [flora\trunk_wave] / [trees\trees_atp_spruce_bark]
* [DA_PORT] level_Load: шейдер 351/370 [flora\trunk_wave] / [trees\trees_atp_spruce_cap]
* [DA_PORT] level_Load: шейдер 352/370 [flora\leaf_wave] / [trees\trees_atp_spruce_frond]
* [DA_PORT] level_Load: шейдер 353/370 [flora\leaf_wave] / [trees\trees_atp_spruce_branch]
* [DA_PORT] level_Load: шейдер 354/370 [flora\leaf_wave] / [trees\trees_atp_spruce_branch_dry]
* [DA_PORT] level_Load: шейдер 355/370 [def_shaders\def_objects_lod] / [veh\veh_avtobus_laz]
* [DA_PORT] level_Load: шейдер 356/370 [def_shaders\def_objects_lod] / [veh\veh_zil_fire]
* [DA_PORT] level_Load: шейдер 357/370 [flora\leaf_wave] / [trees\trees_kamish_big_01]
* [DA_PORT] level_Load: шейдер 358/370 [def_shaders\def_objects_lod] / [veh\veh_kuchnya]
* [DA_PORT] level_Load: шейдер 359/370 [def_shaders\def_objects_lod] / [veh\veh_uazik]
* [DA_PORT] level_Load: шейдер 360/370 [def_shaders\def_objects_lod] / [act\act_corp_military]
* [DA_PORT] level_Load: шейдер 361/370 [flora\leaf_wave] / [trees\trees_vetkabig]
* [DA_PORT] level_Load: шейдер 362/370 [def_shaders\def_objects_lod] / [veh\veh_zil_130]
* [DA_PORT] level_Load: шейдер 363/370 [def_shaders\def_objects_lod] / [veh\veh_zaz968]
* [DA_PORT] level_Load: шейдер 364/370 [flora\leaf_wave] / [trees\trees_atp_willow_branch2]
* [DA_PORT] level_Load: шейдер 365/370 [flora\leaf_wave] / [trees\trees_atp_willow_branch1]
* [DA_PORT] level_Load: шейдер 366/370 [flora\leaf_wave] / [trees\trees_kamysh]
* [DA_PORT] level_Load: шейдер 367/370 [flora\leaf_wave] / [trees\trees_atp_alder_branch_sm2]
* [DA_PORT] level_Load: шейдер 368/370 [flora\leaf_wave] / [trees\trees_atp_alder_branch_sm1]
* [DA_PORT] level_Load: шейдер 369/370 [flora\leaf_wave] / [trees\trees_atp_spruce_branch_dry]
* [DA_PORT] level_Load: следы и детали | ссылок на устройство: 10032
* [DA_PORT] level_Load: геометрия | ссылок на устройство: 10032
* phase time: 109 ms
* phase cmem: 3626700 K
* [Loading VB] 65531 verts, 2047 Kb
* [Loading VB] 65531 verts, 2047 Kb
* [Loading VB] 65523 verts, 2047 Kb
* [Loading VB] 65460 verts, 2045 Kb
* [Loading VB] 65392 verts, 2043 Kb
* [Loading VB] 32980 verts, 1030 Kb
* [Loading VB] 65533 verts, 2047 Kb
* [Loading VB] 65533 verts, 2047 Kb
* [Loading VB] 65535 verts, 2047 Kb
* [Loading VB] 65526 verts, 2047 Kb
* [Loading VB] 65534 verts, 2047 Kb
* [Loading VB] 65533 verts, 2047 Kb
* [Loading VB] 65530 verts, 2047 Kb
* [Loading VB] 65532 verts, 2047 Kb
* [Loading VB] 65535 verts, 2047 Kb
* [Loading VB] 65532 verts, 2047 Kb
* [Loading VB] 65535 verts, 2047 Kb
* [Loading VB] 28520 verts, 891 Kb
* [Loading VB] 65530 verts, 2047 Kb
* [Loading VB] 64877 verts, 2027 Kb
* [Loading IB] 1048575 indices, 2047 Kb
* [Loading IB] 1048575 indices, 2047 Kb
* [Loading IB] 1048572 indices, 2047 Kb
* [Loading IB] 1048572 indices, 2047 Kb
* [Loading IB] 1048572 indices, 2047 Kb
* [Loading IB] 1048575 indices, 2047 Kb
* [Loading IB] 1048575 indices, 2047 Kb
* [Loading IB] 1048572 indices, 2047 Kb
* [Loading IB] 378318 indices, 738 Kb
* [Loading VB] 65535 verts, 767 Kb
* [Loading VB] 65534 verts, 767 Kb
* [Loading VB] 65534 verts, 767 Kb
* [Loading VB] 65534 verts, 767 Kb
* [Loading VB] 65532 verts, 767 Kb
* [Loading VB] 65534 verts, 767 Kb
* [Loading VB] 49384 verts, 578 Kb
* [Loading IB] 1048572 indices, 2047 Kb
* [Loading IB] 1048575 indices, 2047 Kb
* [Loading IB] 1048575 indices, 2047 Kb
* [Loading IB] 1048572 indices, 2047 Kb
* [Loading IB] 502755 indices, 981 Kb
* [DA_PORT] level_Load: визуалы | ссылок на устройство: 10073
* phase time: 70 ms
* phase cmem: 3770140 K
* [DA_PORT] level_Load: детальные объекты | ссылок на устройство: 10073
* phase time: 41 ms
* phase cmem: 3772684 K
* [DETAILS] VertexConsts(256), Batch(61)
* [DETAILS] 667 v(20), 432 p
* [DETAILS] Batch(61), VB(13K), IB(2K)
* [DA_PORT] level_Load: секторы и порталы | ссылок на устройство: 10097
* phase time: 41 ms
* phase cmem: 3773760 K
* [DA_PORT] level_Load: HOM | ссылок на устройство: 10097
* Loading HOM: d:\dead air\dead air\gamedata\levels\l08_yantar\level.hom
* Loaded HOM cache (appdata\cdb_cache\l08_yantar\hom.bin)...
* [DA_PORT] level_Load: источники света | ссылок на устройство: 10097
* phase time: 33 ms
* phase cmem: 3773760 K
* [DA_PORT] level_Load: готово | ссылок на устройство: 10097
* [DA_PORT] прожектор фонаря прогрет: r2\accum_spot_internal\torch1
* [DA] манифест шейдеров сохранён: 287 записей (из них 76 подхвачено из прежнего) -> appdata\shaders_cache_oxr\warmup.list
* phase time: 36 ms
* phase cmem: 3773892 K
~ [DA_PORT] ввод захвачен, приёмников 2: 13DummyReceiver <= ВЕРХ 6CLevel
* phase time: 66 ms
* phase cmem: 3773888 K
* phase time: 66 ms
* phase cmem: 3773888 K
* t-report - base: 1409, 838318 K
* t-report - lmap: 8, 8193 K
* WARNING: player not logged in
PS new version, 1
! Can't find texture 'ui_ingame2_pda_buttons_background_e'
* phase time: 420 ms
* phase cmem: 4553204 K
[LUA]  ! utils.load_var [brainwashed]: no actor
[LUA]  ! utils.load_var [brainwashed]: no actor
[LUA]  ! utils.load_var [brainwashed]: no actor
~ [DA_WPN] wpn_gsh18: маска поломок 0 -> 5054480 (объект появился в мире)
~ [DA_WPN] wpn_svt40: маска поломок 0 -> 10754419 (объект появился в мире)
~ [DA_WPN] wpn_kiparis: маска поломок 0 -> 676182211 (объект появился в мире)
~ [DA_WPN] wpn_m4a1: маска поломок 0 -> 677756415 (объект появился в мире)
[LUA]  ! utils.load_var [brainwashed]: no actor
[LUA]  ! utils.load_var [brainwashed]: no actor
~ [DA_WPN] wpn_gsh18: маска поломок 0 -> 6405492 (объект появился в мире)
~ [DA_WPN] wpn_spas12: маска поломок 0 -> 4794658 (объект появился в мире)
~ [DA_WPN] wpn_gsh18: маска поломок 0 -> 264224 (объект появился в мире)
[LUA]  ! utils.load_var [brainwashed]: no actor
[LUA]  ! utils.load_var [brainwashed]: no actor
[LUA]  ! utils.load_var [brainwashed]: no actor
! Can't find texture 'water\water_pool1_000'
! Can't find texture 'water\water_pool1_001'
! Can't find texture 'water\water_pool1_002'
! Can't find texture 'water\water_pool1_003'
! Can't find texture 'water\water_pool1_004'
! Can't find texture 'water\water_pool1_005'
! Can't find texture 'water\water_pool1_006'
! Can't find texture 'water\water_pool1_007'
! Can't find texture 'water\water_pool1_008'
! Can't find texture 'water\water_pool1_009'
! Can't find texture 'water\water_pool1_010'
! Can't find texture 'water\water_pool1_011'
! Can't find texture 'water\water_pool1_012'
! Can't find texture 'water\water_pool1_013'
! Can't find texture 'water\water_pool1_014'
! Can't find texture 'water\water_pool1_015'
! Can't find texture 'water\water_pool1_016'
! Can't find texture 'water\water_pool1_017'
! Can't find texture 'water\water_pool1_018'
! Can't find texture 'water\water_pool1_019'
! Can't find texture 'water\water_pool1_020'
! Can't find texture 'water\water_pool1_021'
! Can't find texture 'water\water_pool1_022'
! Can't find texture 'water\water_pool1_023'
! Can't find texture 'water\water_pool1_024'
! Can't find texture 'water\water_pool1_025'
! Can't find texture 'water\water_pool1_026'
! Can't find texture 'water\water_pool1_027'
! Can't find texture 'water\water_pool1_028'
! Can't find texture 'water\water_pool1_029'
! Can't find texture 'water\water_pool1_030'
! Can't find texture 'water\water_pool1_031'
! Can't find texture 'water\water_pool1_032'
! Can't find texture 'water\water_pool1_033'
! Can't find texture 'water\water_pool1_034'
! Can't find texture 'water\water_pool1_035'
! Can't find texture 'water\water_pool1_036'
! Can't find texture 'water\water_pool1_037'
! Can't find texture 'water\water_pool1_038'
! Can't find texture 'water\water_pool1_039'
! Can't find texture 'water\water_pool1_040'
! Can't find texture 'water\water_pool1_041'
! Can't find texture 'water\water_pool1_042'
! Can't find texture 'water\water_pool1_043'
! Can't find texture 'water\water_pool1_044'
! Can't find texture 'water\water_pool1_045'
! Can't find texture 'water\water_pool1_046'
! Can't find texture 'water\water_pool1_047'
! Can't find texture 'water\water_pool1_048'
! Can't find texture 'water\water_pool1_049'
[LUA]  ! utils.load_var [drx_sl_quest_stash_3_id]: no actor
[LUA]  task_functor.under_faction_control_target_id is nil
[LUA]  task_functor.under_faction_control_target_id is nil
[LUA]  ! utils.load_var [drx_sl_quest_stash_2_id]: no actor
[LUA]  ! utils.load_var [drx_sl_quest_stash_3_id]: no actor
[LUA]  task_functor.under_faction_control_target_id is nil
[LUA]  weather= atmosfear_clear
* [DA_PORT] mem_compact: 4561 -> 4561 МБ (вернулось 0 МБ) за 0.1 мс
* [DA_VRAM] до пересоздания буферов: занято 1238 МБ из 15227 МБ (8%), пик 1238 МБ, вытеснено в ОЗУ 50 МБ
* [DA_VRAM] после пересоздания буферов: занято 1238 МБ из 15227 МБ (8%), пик 1238 МБ, вытеснено в ОЗУ 50 МБ
* DVB created: 4096K
* DIB created: 512K
* [DA_PORT] render targets: output 1920x1080, scene 1920x1080
* [DA_PORT] MSAA: off
[2026-08-16 22:21:37] [NGXSafeInitializeLog:148] App logging hooks successfully initialized
[2026-08-16 22:21:37] [NGXSafeInitializeLog:133] App logging hooks successfully initialized
[2026-08-16 22:21:37] [NGXGetPathUsingQAI:512] Path to driverStore found using QAI: C:\WINDOWS\System32\DriverStore\FileRepository\nv_dispi.inf_amd64_7840b4313191ae17
[2026-08-16 22:21:37] [NGXGetPath:980] using path for models: C:\ProgramData/NVIDIA/NGX/models/
[2026-08-16 22:21:37] [NGXGetPath:980] using path for models: C:\ProgramData/NVIDIA/NGX/models/
[2026-08-16 22:21:37] [ModifyExistingFolderDACL:211] updated access control list for NGX cache (NGX cache should now be usable by all authenticated users)
[2026-08-16 22:21:37] [NGXCreateModelsFolder:1081] model folder created: C:\ProgramData/NVIDIA/NGX/models/
[2026-08-16 22:21:37] [NGXLoadConfig:1153] [sl_sdk_0]
[2026-08-16 22:21:37] [NGXLoadConfig:1159] app_E658703=2.11.0
[2026-08-16 22:21:37] [NGXLoadConfig:1153] [sl_common_0]
[2026-08-16 22:21:37] [NGXLoadConfig:1159] app_E658703=2.11.0
[2026-08-16 22:21:37] [NGXLoadConfig:1153] [sl_deepdvc_0]
[2026-08-16 22:21:37] [NGXLoadConfig:1159] app_E658703=2.11.0
[2026-08-16 22:21:37] [NGXLoadConfig:1153] [sl_dlss_0]
[2026-08-16 22:21:37] [NGXLoadConfig:1159] app_E658703=2.11.0
[2026-08-16 22:21:37] [NGXLoadConfig:1153] [sl_dlss_d_0]
[2026-08-16 22:21:37] [NGXLoadConfig:1159] app_E658703=2.11.0
[2026-08-16 22:21:37] [NGXLoadConfig:1153] [sl_dlss_g_0]
[2026-08-16 22:21:37] [NGXLoadConfig:1159] app_E658703=2.11.0
[2026-08-16 22:21:37] [NGXLoadConfig:1153] [sl_nis_0]
[2026-08-16 22:21:37] [NGXLoadConfig:1159] app_E658703=2.11.0
[2026-08-16 22:21:37] [NGXLoadConfig:1153] [sl_nvperf_0]
[2026-08-16 22:21:37] [NGXLoadConfig:1159] app_E658703=2.11.0
[2026-08-16 22:21:37] [NGXLoadConfig:1153] [sl_pcl_0]
[2026-08-16 22:21:37] [NGXLoadConfig:1159] app_E658703=2.11.0
[2026-08-16 22:21:37] [NGXLoadConfig:1153] [sl_reflex_0]
[2026-08-16 22:21:37] [NGXLoadConfig:1159] app_E658703=2.11.0
[2026-08-16 22:21:37] [NGXLoadConfig:1153] [dlss_override]
[2026-08-16 22:21:37] [NGXLoadConfig:1159] app_E658700=310.6.0
[2026-08-16 22:21:37] [NGXLoadConfig:1153] [dlss]
[2026-08-16 22:21:37] [NGXLoadConfig:1159] app_E658700=310.6.0
[2026-08-16 22:21:37] [NGXLoadConfig:1153] [dlssg]
[2026-08-16 22:21:37] [NGXLoadConfig:1159] app_E658700=310.6.0
[2026-08-16 22:21:37] [NGXLoadConfig:1153] [dlssd]
[2026-08-16 22:21:37] [NGXLoadConfig:1159] app_E658700=310.6.0
[2026-08-16 22:21:37] [`anonymous-namespace'::LoadMappingFileData:268] listItem.engineVersion .* listItem.genericCMSId 86aa7b4
[2026-08-16 22:21:37] [`anonymous-namespace'::LoadMappingFileData:282]  project id 3F9D696D4363312194B0ECB2671E899F cms id B9FBD50
[2026-08-16 22:21:37] [`anonymous-namespace'::LoadMappingFileData:268] listItem.engineVersion .* listItem.genericCMSId 8618954
[2026-08-16 22:21:37] [`anonymous-namespace'::LoadMappingFileData:268] listItem.engineVersion .* listItem.genericCMSId b9b05cc
[2026-08-16 22:21:37] [`anonymous-namespace'::LoadMappingFileData:268] listItem.engineVersion .* listItem.genericCMSId 876232c
[2026-08-16 22:21:37] [MapProjectId:1914] Found cms id 876232c for engine: custom engineVersion 1.0 projectID a1b2c3d4-5e6f-4a0b-9c8d-7e6f5a4b3c2d
[2026-08-16 22:21:37] [NGXDRSInit:341] DRS PROFILE FOUND : ProfileName "S.T.A.L.K.E.R.: Call of Pripyat", AppName "xrengine.exe"
[2026-08-16 22:21:37] [NGXInitContext:241] called from module da_ngx.dll at D:\Dead Air\Dead Air\bin_guard
[2026-08-16 22:21:37] [`anonymous-namespace'::SnippetLocationInfo::load:677] NGXLoadFromPath failed: -1160773628
[2026-08-16 22:21:37] [`anonymous-namespace'::SnippetLocationInfo::load:677] NGXLoadFromPath failed: -1160773628
[2026-08-16 22:21:37] [NGXReportStatusFeedback:1042] Override shared memory was opened successfully
[2026-08-16 22:21:37] [NGXReportStatusFeedback:1054] Override shared memory was mapped successfully
[2026-08-16 22:21:38] [`anonymous-namespace'::SnippetLocationInfo::load:677] NGXLoadFromPath failed: -1160773628
[2026-08-16 22:21:38] [NGXSecureLoadFeature:1311] Feature dlss failed to load (cmsid 141959980) from cache (location: C:\ProgramData/NVIDIA/NGX/models/dlss\versions\0\files, name: 160_876232C.bin)
[2026-08-16 22:21:38] [`anonymous-namespace'::SnippetLocationInfo::load:677] NGXLoadFromPath failed: -1160773628
[2026-08-16 22:21:38] [NGXSecureLoadFeature:1311] Feature dlss failed to load (cmsid 241534723) from cache (location: C:\ProgramData/NVIDIA/NGX/models/dlss\versions\0\files, name: 160_E658703.bin)
[2026-08-16 22:21:38] [`anonymous-namespace'::SnippetLocationInfo::load:677] NGXLoadFromPath failed: -1160773628
[2026-08-16 22:21:38] [NGXSecureLoadFeature:1427] app 876232C feature dlss snippet: D:\Dead Air\Dead Air\bin_guard/nvngx_dlss.dll version: 310.7.0
[2026-08-16 22:21:38] [`anonymous-namespace'::SnippetLocationInfo::load:677] NGXLoadFromPath failed: -1160773628
[2026-08-16 22:21:38] [`anonymous-namespace'::SnippetLocationInfo::load:677] NGXLoadFromPath failed: -1160773628
[2026-08-16 22:21:38] [`anonymous-namespace'::SnippetLocationInfo::load:677] NGXLoadFromPath failed: -1160773628
[2026-08-16 22:21:38] [`anonymous-namespace'::SnippetLocationInfo::load:677] NGXLoadFromPath failed: -1160773628
[2026-08-16 22:21:38] [`anonymous-namespace'::SnippetLocationInfo::load:677] NGXLoadFromPath failed: -1160773628
[2026-08-16 22:21:38] [`anonymous-namespace'::SnippetLocationInfo::load:677] NGXLoadFromPath failed: -1160773628
[2026-08-16 22:21:38] [`anonymous-namespace'::SnippetLocationInfo::load:677] NGXLoadFromPath failed: -1160773628
[2026-08-16 22:21:38] [`anonymous-namespace'::SnippetLocationInfo::load:677] NGXLoadFromPath failed: -1160773628
[2026-08-16 22:21:38] [`anonymous-namespace'::SnippetLocationInfo::load:677] NGXLoadFromPath failed: -1160773628
[2026-08-16 22:21:38] [`anonymous-namespace'::SnippetLocationInfo::load:677] NGXLoadFromPath failed: -1160773628
[2026-08-16 22:21:38] [`anonymous-namespace'::SnippetLocationInfo::load:677] NGXLoadFromPath failed: -1160773628
[2026-08-16 22:21:38] [`anonymous-namespace'::SnippetLocationInfo::load:677] NGXLoadFromPath failed: -1160773628
[2026-08-16 22:21:38] [`anonymous-namespace'::SnippetLocationInfo::load:677] NGXLoadFromPath failed: -1160773628
[2026-08-16 22:21:38] [`anonymous-namespace'::SnippetLocationInfo::load:677] NGXLoadFromPath failed: -1160773628
[2026-08-16 22:21:38] [`anonymous-namespace'::SnippetLocationInfo::load:677] NGXLoadFromPath failed: -1160773628
[2026-08-16 22:21:38] [`anonymous-namespace'::SnippetLocationInfo::load:677] NGXLoadFromPath failed: -1160773628
[2026-08-16 22:21:38] [`anonymous-namespace'::SnippetLocationInfo::load:677] NGXLoadFromPath failed: -1160773628
[2026-08-16 22:21:38] [`anonymous-namespace'::SnippetLocationInfo::load:677] NGXLoadFromPath failed: -1160773628
[2026-08-16 22:21:38] [`anonymous-namespace'::SnippetLocationInfo::load:677] NGXLoadFromPath failed: -1160773628
[2026-08-16 22:21:38] [`anonymous-namespace'::SnippetLocationInfo::load:677] NGXLoadFromPath failed: -1160773628
[2026-08-16 22:21:38] [`anonymous-namespace'::SnippetLocationInfo::load:677] NGXLoadFromPath failed: -1160773628
[2026-08-16 22:21:38] [`anonymous-namespace'::SnippetLocationInfo::load:677] NGXLoadFromPath failed: -1160773628
[2026-08-16 22:21:38] [`anonymous-namespace'::SnippetLocationInfo::load:677] NGXLoadFromPath failed: -1160773628
[2026-08-16 22:21:38] [`anonymous-namespace'::SnippetLocationInfo::load:677] NGXLoadFromPath failed: -1160773628
[2026-08-16 22:21:38] [`anonymous-namespace'::SnippetLocationInfo::load:677] NGXLoadFromPath failed: -1160773628
[2026-08-16 22:21:38] [`anonymous-namespace'::SnippetLocationInfo::load:677] NGXLoadFromPath failed: -1160773628
[2026-08-16 22:21:38] [`anonymous-namespace'::SnippetLocationInfo::load:677] NGXLoadFromPath failed: -1160773628
[2026-08-16 22:21:38] [`anonymous-namespace'::SnippetLocationInfo::load:677] NGXLoadFromPath failed: -1160773628
[2026-08-16 22:21:38] [`anonymous-namespace'::SnippetLocationInfo::load:677] NGXLoadFromPath failed: -1160773628
[2026-08-16 22:21:38] [`anonymous-namespace'::SnippetLocationInfo::load:677] NGXLoadFromPath failed: -1160773628
[2026-08-16 22:21:38] [tid:4024][NGXInitLog:232] App logging hooks successfully initialized
[2026-08-16 22:21:38] [tid:4024][NGXInitLog:238] Build v310.7.0 CL 37997616
[2026-08-16 22:21:38] [tid:4024][NGXInitLog:240] Built with APP_NAME = default
[2026-08-16 22:21:38] [tid:4024][NGXInitLog:246] Loaded from path "D:\Dead Air\Dead Air\bin_guard/xrEngine.exe"
[2026-08-16 22:21:38] [tid:4024][NGXCubinD3D11::Init:223] Enabling texmode_raw
[2026-08-16 22:21:38] [tid:4024][NGXCubinD3D11::Init:227] ID3D11Device::GetCreationFlags() = 0x0
[2026-08-16 22:21:38] [tid:4024][NGXCubinKernelMap::InitCubins:42] Loading NGXCubin kernels
[2026-08-16 22:21:38] [tid:4024][NGXCubinGeneric::SetGPUArch:400] SetGPUArch:: Gpu count = 1, luid: 0x13387
[2026-08-16 22:21:38] [tid:4024][NGXCubinGeneric::SetGPUArch:460] m_gpuArch = 0x1b0
[2026-08-16 22:21:38] [tid:4024][NGXCubinGeneric::genericPostInit:164] Fast UAV clear: supported
[2026-08-16 22:21:38] [tid:4024][DLSSCubinKernelMap::InitCubins:303] Setting DLAA Cubins
[2026-08-16 22:21:38] [tid:4024][DLSSCubinKernelMap::InitCubins:303] Setting DLSS Debug Cubins
[2026-08-16 22:21:38] [tid:4024][DLSSCubinKernelMap::InitCubins:303] Setting DLTSS Engine Cubins
[2026-08-16 22:21:38] [tid:4024][DLSSCubinKernelMap::InitCubins:303] Setting DLTSS NW Cubins
[2026-08-16 22:21:38] [tid:4024][DLSSCubinKernelMap::InitCubins:303] Setting DLTSS NW E5M3_SKIP Cubins
[2026-08-16 22:21:38] [tid:4024][DLSSCubinKernelMap::InitCubins:303] Setting DLTSS NW Cubins
[2026-08-16 22:21:38] [tid:4024][DldnCubinKernelMap::InitCubins:138] Setting DLDN Engine Pre / Post Cubins
[2026-08-16 22:21:38] [NVSDK_NGX_CreateFeature_Validate:715] app id is 141959980 
[2026-08-16 22:21:38] [tid:4024][NgxRayReconstruction::FillCreationParams::<lambda_f9f2c9f56f0e182de455533d6fb5b27e>::operator ():1733] Info: (DLAA) Using Default Overriden Preset Preset_D
[2026-08-16 22:21:38] [tid:4024][NgxRayReconstruction::FillCreationParams::<lambda_f9f2c9f56f0e182de455533d6fb5b27e>::operator ():1733] Info: (Quality) Using Default Overriden Preset Preset_D
[2026-08-16 22:21:38] [tid:4024][NgxRayReconstruction::FillCreationParams::<lambda_f9f2c9f56f0e182de455533d6fb5b27e>::operator ():1733] Info: (Balanced) Using Default Overriden Preset Preset_D
[2026-08-16 22:21:38] [tid:4024][NgxRayReconstruction::FillCreationParams::<lambda_f9f2c9f56f0e182de455533d6fb5b27e>::operator ():1733] Info: (Perf) Using Default Overriden Preset Preset_D
[2026-08-16 22:21:38] [tid:4024][NgxRayReconstruction::FillCreationParams::<lambda_f9f2c9f56f0e182de455533d6fb5b27e>::operator ():1733] Info: (UltraPerf) Using Default Overriden Preset Preset_D
[2026-08-16 22:21:38] [tid:4024][NgxRayReconstruction::FillCreationParams::<lambda_f9f2c9f56f0e182de455533d6fb5b27e>::operator ():1733] Info: (UltraQuality) Using Default Overriden Preset Preset_D
[2026-08-16 22:21:38] [tid:4024][NgxDltss::FillCreationParams::<lambda_d31d19bbceb87a1ef50839b36c9d0cdf>::operator ():2876] Info: (DLAA) App hint Preset Unspecified or Overridden, using title default Preset K
[2026-08-16 22:21:38] [tid:4024][NgxDltss::FillCreationParams::<lambda_d31d19bbceb87a1ef50839b36c9d0cdf>::operator ():2876] Info: (Quality) App hint Preset Unspecified or Overridden, using title default Preset K
[2026-08-16 22:21:38] [tid:4024][NgxDltss::FillCreationParams::<lambda_d31d19bbceb87a1ef50839b36c9d0cdf>::operator ():2876] Info: (Balanced) App hint Preset Unspecified or Overridden, using title default Preset K
[2026-08-16 22:21:38] [tid:4024][NgxDltss::FillCreationParams::<lambda_d31d19bbceb87a1ef50839b36c9d0cdf>::operator ():2876] Info: (Perf) App hint Preset Unspecified or Overridden, using title default Preset M
[2026-08-16 22:21:38] [tid:4024][NgxDltss::FillCreationParams::<lambda_d31d19bbceb87a1ef50839b36c9d0cdf>::operator ():2876] Info: (UltraPerf) App hint Preset Unspecified or Overridden, using title default Preset L
[2026-08-16 22:21:38] [tid:4024][NgxDltss::FillCreationParams::<lambda_d31d19bbceb87a1ef50839b36c9d0cdf>::operator ():2876] Info: (UltraQuality) App hint Preset Unspecified or Overridden, using title default Preset K
[2026-08-16 22:21:38] [tid:4024][PaddedWindowNetwork::CreatePaddedWindowNetwork:399] Container0Tensor: 10 MiB allocated
[2026-08-16 22:21:38] [tid:4024][PaddedWindowNetwork::CreatePaddedWindowNetwork:403] Container1Tensor: 12 MiB aliased
[2026-08-16 22:21:38] [tid:4024][PaddedWindowNetwork::CreatePaddedWindowNetwork:407] Container2Tensor: 8 MiB aliased
* [DLSS] ready: 1920x1080 -> 1920x1080, quality mode 6
* [DA] теневой атлас статики выделен: 12288x12288 (рабочий 4096x4096), ~576 МБ видеопамяти
* RM_Dump: textures  : 1643
* RM_Dump: rtargets  : 34
* RM_Dump: vs        : 96
* RM_Dump: ps        : 124
* RM_Dump: gs        : 4
* RM_Dump: cs        : 1
* RM_Dump: hs        : 1
* RM_Dump: ds        : 1
* RM_Dump: dcl       : 21
* RM_Dump: states    : 94
* RM_Dump: tex_list  : 1526
* RM_Dump: matrices  : 0
* RM_Dump: lst_constants: 0
* RM_Dump: v_passes  : 2083
* RM_Dump: v_elements: 2084
* RM_Dump: v_shaders : 1062
* GPU shading: vs(0/5.0/50), ps(0/5.0/50)
* GPU vertex cache: unrecognized, 24
*** RESET [964568 ms]
* [DA_PORT] mem_compact: 4842 -> 4842 МБ (вернулось 0 МБ) за 0.0 мс
[LUA]  -FLUSH-
* Log file has been saved successfully!
[LUA]  DRX DA: Dynamic anomalies already spawned on this level
* [DA_PORT] лампа: луч 0, рассеянная 0 (torch1 0, torch2 0, предмет 0), дальность 12.0, цвет 1.00/1.00/0.90, аниматор 0
* [DA_PORT] фонарь: состояние скрипта сброшено в выключено
~ [DA_WPN] wpn_gsh18: маска поломок 0 -> 7184728 (объект появился в мире)
~ [DA_WPN] wpn_ak101: маска поломок 0 -> 671359179 (объект появился в мире)
~ [DA_WPN] wpn_vz61: маска поломок 0 -> 141409587 (объект появился в мире)
~ [DA_WPN] wpn_gsh18: маска поломок 0 -> 334856 (объект появился в мире)
~ [DA_WPN] wpn_fort: маска поломок 0 -> 544027996 (объект появился в мире)
~ [DA_WPN] wpn_ak74u: маска поломок 0 -> 2364906 (объект появился в мире)
~ [DA_WPN] wpn_beretta: маска поломок 0 -> 4274180 (объект появился в мире)
~ [DA_WPN] wpn_mosin_short: маска поломок 0 -> 1024 (объект появился в мире)
[LUA]  [DA] zone_fog: l08_yantar -- площадных/всего по семействам: chem 3/24 fire 13/23 radio 12/12 electro 28/28 gravi 0/47 psy 3/3 (в игре всего 6777, пропущено с негодной графовой вершиной 0)
* [DA_PORT] фонарь: выкл, луч налобный, дальность 12.0, конус 95, цвет 1.00/1.00/0.90, дин.свет 1, текстура internal\torch1
[LUA]  collectgarbage before=42005455Kb
[LUA]  collectgarbage after=33172460Kb
~ [DA_LUA1] обёртка get_hud построена заново, адрес [0000000158e3aff0]
* [DA_PORT] лампа: луч 0, рассеянная 0 (torch1 1, torch2 0, предмет 0), дальность 12.0, цвет 0.20/0.20/0.18, аниматор 0
* [DA] graph engine for worker 4: живых экземпляров 2, вершин в графе 153746
[LUA]  weather= atmosfear_clear
* [DA] graph engine for worker 8: живых экземпляров 3, вершин в графе 153746
~ [DA_CFORM_MT] проверка луча по скелету: НОВЫЙ поток [4024], всего разных потоков 1
* [DA] graph engine for worker 6: живых экземпляров 4, вершин в графе 153746
* [DA] graph engine for worker 3: живых экземпляров 5, вершин в графе 153746
* [DA_PORT] шаги по лужам: материал воды найден (индекс 52)
* [DA] graph engine for worker 15: живых экземпляров 6, вершин в графе 153746
* [DA] graph engine for worker 12: живых экземпляров 7, вершин в графе 153746
* [DA] graph engine for worker 10: живых экземпляров 8, вершин в графе 153746
* [DA] graph engine for worker 2: живых экземпляров 9, вершин в графе 153746
* [DA] graph engine for worker 5: живых экземпляров 10, вершин в графе 153746
* [DA] graph engine for worker 14: живых экземпляров 11, вершин в графе 153746
* [DA] graph engine for worker 9: живых экземпляров 12, вершин в графе 153746
* [DA] graph engine for worker 13: живых экземпляров 13, вершин в графе 153746
* [DA] graph engine for worker 11: живых экземпляров 14, вершин в графе 153746
* [DA] graph engine for worker 1: живых экземпляров 15, вершин в графе 153746
* [DA] graph engine for worker 7: живых экземпляров 16, вершин в графе 153746
~ [DA_SQUAD] скрипт спросил командира у МЁРТВОГО отряда — отвечаю «нет», всего 1
~ [DA_SQUAD] скрипт спросил командира у МЁРТВОГО отряда — отвечаю «нет», всего 2
~ [DA_SQUAD] скрипт спросил командира у МЁРТВОГО отряда — отвечаю «нет», всего 3
~ [DA_SQUAD] скрипт спросил командира у МЁРТВОГО отряда — отвечаю «нет», всего 4
~ [DA_SQUAD] скрипт спросил командира у МЁРТВОГО отряда — отвечаю «нет», всего 5
~ [DA_WPN] wpn_spas12: маска поломок 0 -> 264577 (скрипт)
~ [DA_WPN] wpn_spas12: маска 264577 записана и в серверный объект id[29981]
! SV:ge_destroy: [29982] not found on server
! SV:ge_destroy: [29983] not found on server
~ [DA_WPN] wpn_gsh18: маска поломок 0 -> 834876 (скрипт)
~ [DA_WPN] wpn_gsh18: маска 834876 записана и в серверный объект id[29957]
~ [DA_WPN] wpn_tt33: маска поломок 0 -> 2203704 (скрипт)
~ [DA_WPN] wpn_tt33: маска 2203704 записана и в серверный объект id[29977]
! SV:ge_destroy: [29976] not found on server
~ [DA_WPN] wpn_gsh18: маска поломок 0 -> 2731052 (скрипт)
~ [DA_WPN] wpn_gsh18: маска 2731052 записана и в серверный объект id[41753]
~ [DA_WPN] wpn_g36: маска поломок 0 -> 135108989 (скрипт)
~ [DA_WPN] wpn_g36: маска 135108989 записана и в серверный объект id[41751]
! SV:ge_destroy: [41752] not found on server
~ [DA_WPN] wpn_m4a1: маска поломок 0 -> 680008819 (скрипт)
~ [DA_WPN] wpn_m4a1: маска 680008819 записана и в серверный объект id[41757]
~ [DA_WPN] wpn_fort: маска поломок 0 -> 543229240 (скрипт)
~ [DA_WPN] wpn_fort: маска 543229240 записана и в серверный объект id[41759]
! SV:ge_destroy: [41758] not found on server
~ [DA_WPN] wpn_fort: маска поломок 0 -> 537757044 (скрипт)
~ [DA_WPN] wpn_fort: маска 537757044 записана и в серверный объект id[41747]
~ [DA_WPN] wpn_gsh18: маска поломок 0 -> 4208940 (скрипт)
~ [DA_WPN] wpn_gsh18: маска 4208940 записана и в серверный объект id[41745]
! SV:ge_destroy: [41748] not found on server
~ [DA_WPN] wpn_fort: маска поломок 0 -> 544021864 (скрипт)
~ [DA_WPN] wpn_fort: маска 544021864 записана и в серверный объект id[29465]
~ [DA_WPN] wpn_groza: маска поломок 0 -> 137203907 (скрипт)
~ [DA_WPN] wpn_groza: маска 137203907 записана и в серверный объект id[29463]
! SV:ge_destroy: [29464] not found on server
~ [DA_WPN] wpn_gsh18: маска поломок 0 -> 4752476 (скрипт)
~ [DA_WPN] wpn_gsh18: маска 4752476 записана и в серверный объект id[29459]
! SV:ge_destroy: [29460] not found on server
* [DA_PORT] лампа: луч 0, рассеянная 0 (torch1 0, torch2 0, предмет 0), дальность 12.0, цвет 0.20/0.20/0.18, аниматор 0
* [DA_PORT] фонарь: выкл, луч налобный, дальность 12.0, конус 95, цвет 0.20/0.20/0.18, дин.свет 1, текстура internal\torch1
[LUA]  releasing object [m_crow30734]
[LUA]  releasing object [m_crow29447]
[LUA]  releasing object [m_crow35714]
[LUA]  releasing object [m_crow29702]
[LUA]  releasing object [m_crow30734]
[LUA]  releasing object [m_crow29447]
[LUA]  releasing object [m_crow29702]
[LUA]  releasing object [m_crow35714]
[LUA]  releasing object [m_crow31006]
[LUA]  releasing object [m_crow31507]
[LUA]  releasing object [m_crow28940]
[LUA]  releasing object [m_crow31006]
[LUA]  releasing object [m_crow28940]
[LUA]  releasing object [m_crow31507]
~ [DA_AFTER] выполняю: da_grenade_test 2 6
! Unknown command:  g_god
~ [DA_GRENADE] расставлено сталкеров: 6
~ [DA_GRENADE] бросков запланировано: 2
~ [DA_AFTER] через 150 кадров после загрузки уровня будет выполнено: da_grenade_step
! Setting rank to 0. Cannot find rank for: [wpn_gsh18]
[LUA]  weather= atmosfear_clear
cannot make saved game because actor is dead :(
~ [DA_AFTER] выполняю: da_grenade_step
~ [DA_AFTER] через 120 кадров после загрузки уровня будет выполнено: da_grenade_step
* [DA_PORT] лампа: луч 0, рассеянная 0 (torch1 1, torch2 0, предмет 0), дальность 12.0, цвет 0.20/0.20/0.18, аниматор 0
[LUA]  task_manager: ERROR: TASK ALREADY EXISTS!!!
! task [hide_from_surge] already inprocess
! [LUA]  attempt to kill dead object actor
! [LUA]   0 : [C  ] kill
! [LUA]   1 : [Lua] d:\dead air\dead air\gamedata\scripts\surge_manager.script(1446) : kill_all_unhided(1374)
! [LUA]   2 : [Lua] d:\dead air\dead air\gamedata\scripts\surge_manager.script(310) : end_surge(306)
! [LUA]   3 : [Lua] d:\dead air\dead air\gamedata\scripts\surge_manager.script(505) : update(452)
! [LUA]   4 : [Lua] d:\dead air\dead air\gamedata\scripts\surge_manager.script(71) : functor_a(60)
! [LUA]   5 : [Lua] d:\dead air\dead air\gamedata\scripts\_g.script(266) : function <d:\dead air\dead air\gamedata\scripts\_g.script:261>
[LUA]  releasing object [m_crow43777]
[LUA]  releasing object [m_crow43522]
[LUA]  releasing object [m_crow43010]
[LUA]  releasing object [m_crow42029]
[LUA]  releasing object [m_crow44032]
[LUA]  releasing object [m_crow43266]
[LUA]  releasing object [m_crow42827]
[LUA]  releasing object [m_crow42265]
[LUA]  releasing object [m_crow43777]
[LUA]  releasing object [m_crow43522]
[LUA]  releasing object [m_crow43010]
[LUA]  releasing object [m_crow42029]
[LUA]  releasing object [m_crow44032]
[LUA]  releasing object [m_crow43266]
[LUA]  releasing object [m_crow42827]
[LUA]  releasing object [m_crow42265]
! [DA] пространственная база: нечисловые координаты (nan,nan,nan) или радиус 10.994134 — на учёт не берём (случаев 1)
! [DA] пространственная база: нечисловые координаты (nan,nan,nan) или радиус 10.994134 — на учёт не берём (случаев 2)
! [DA] пространственная база: нечисловые координаты (nan,nan,nan) или радиус 10.994134 — на учёт не берём (случаев 3)
! [DA] пространственная база: нечисловые координаты (nan,nan,nan) или радиус 10.994134 — на учёт не берём (случаев 4)
! [DA] пространственная база: нечисловые координаты (nan,nan,nan) или радиус 10.994134 — на учёт не берём (случаев 5)
[LUA]  weather= atmosfear_clear
~ [DA_AFTER] выполняю: da_grenade_step
~ [DA_GRENADE] граната [65535] в слот: да
~ [DA_AFTER] через 120 кадров после загрузки уровня будет выполнено: da_grenade_step
! Setting rank to 0. Cannot find rank for: [wpn_m4a1]
* [DA_PORT] лампа: луч 0, рассеянная 0 (torch1 0, torch2 0, предмет 0), дальность 12.0, цвет 0.20/0.20/0.18, аниматор 0
* [DA_PORT] лампа: луч 0, рассеянная 0 (torch1 1, torch2 0, предмет 0), дальность 12.0, цвет 0.20/0.20/0.18, аниматор 0
[LUA]  weather= atmosfear_clear
[LUA]  weather= atmosfear_clear
~ [DA_AFTER] выполняю: da_grenade_step
~ [DA_GRENADE] в руках: ПУСТО, состояние -1
~ [DA_AFTER] через 45 кадров после загрузки уровня будет выполнено: da_grenade_step
~ [DA_SQUAD] скрипт спросил командира у МЁРТВОГО отряда — отвечаю «нет», всего 6
~ [DA_SQUAD] скрипт спросил командира у МЁРТВОГО отряда — отвечаю «нет», всего 7
~ [DA_SQUAD] скрипт спросил командира у МЁРТВОГО отряда — отвечаю «нет», всего 8
~ [DA_SQUAD] скрипт спросил командира у МЁРТВОГО отряда — отвечаю «нет», всего 9
~ [DA_SQUAD] скрипт спросил командира у МЁРТВОГО отряда — отвечаю «нет», всего 10
~ [DA_AFTER] выполняю: da_grenade_step
~ [DA_GRENADE] бросок 1 (здоровье 1.00)
~ [DA_AFTER] через 100 кадров после загрузки уровня будет выполнено: da_grenade_step
* [DA_PORT] mem_compact: 5576 -> 5576 МБ (вернулось 0 МБ) за 0.0 мс
* [ Windows ]: free[137342445780 K], reserved[89429168 K], committed[7078460 K]
* [ render ]: textures[1152680 K]
* [ x-ray  ]: process heap[5710524 K]
* [ x-ray  ]: shared strings: memory[65521 K], count[109968]
* [ x-ray  ]: shared memory[9632 K]
* Saving spawns...
* Saving objects...
* 32644 objects are successfully saved
* Game sleep_autosave2.scop is successfully saved to file 'appdata\savedgames\sleep_autosave2.scop'
[LUA]  task_manager: ERROR: TASK ALREADY EXISTS!!!
[LUA]  task_manager: WARNING: task data already existed for hide_from_surge
! task [hide_from_surge] already inprocess
! [LUA]  attempt to kill dead object actor
! [LUA]   0 : [C  ] kill
! [LUA]   1 : [Lua] d:\dead air\dead air\gamedata\scripts\surge_manager.script(1446) : kill_all_unhided(1374)
! [LUA]   2 : [Lua] d:\dead air\dead air\gamedata\scripts\surge_manager.script(310) : end_surge(306)
! [LUA]   3 : [Lua] d:\dead air\dead air\gamedata\scripts\surge_manager.script(505) : update(452)
! [LUA]   4 : [Lua] d:\dead air\dead air\gamedata\scripts\surge_manager.script(71) : functor_a(60)
! [LUA]   5 : [Lua] d:\dead air\dead air\gamedata\scripts\_g.script(266) : function <d:\dead air\dead air\gamedata\scripts\_g.script:261>
[LUA]  releasing object [m_crow46337]
[LUA]  releasing object [m_crow45570]
[LUA]  releasing object [m_crow46091]
[LUA]  releasing object [m_crow45845]
[LUA]  releasing object [m_crow47105]
[LUA]  releasing object [m_crow46593]
[LUA]  releasing object [m_crow45313]
[LUA]  releasing object [m_crow46849]
[LUA]  releasing object [m_crow46337]
[LUA]  releasing object [m_crow45570]
[LUA]  releasing object [m_crow46091]
[LUA]  releasing object [m_crow45845]
[LUA]  releasing object [m_crow47105]
[LUA]  releasing object [m_crow46593]
[LUA]  releasing object [m_crow45313]
[LUA]  releasing object [m_crow46849]
~ [DA_AFTER] выполняю: da_grenade_step
~ [DA_AFTER] через 100 кадров после загрузки уровня будет выполнено: da_grenade_step
[LUA]  weather= atmosfear_clear
~ [DA_AFTER] выполняю: da_grenade_step
~ [DA_AFTER] через 100 кадров после загрузки уровня будет выполнено: da_grenade_step
* [DA_PORT] лампа: луч 0, рассеянная 0 (torch1 0, torch2 0, предмет 0), дальность 12.0, цвет 0.20/0.20/0.18, аниматор 0
* [DA_PORT] лампа: луч 0, рассеянная 0 (torch1 1, torch2 0, предмет 0), дальность 12.0, цвет 0.20/0.20/0.18, аниматор 0
[LUA]  weather= atmosfear_clear
[LUA]  task_manager: ERROR: TASK ALREADY EXISTS!!!
! task [hide_from_surge] already inprocess
! [LUA]  attempt to kill dead object actor
! [LUA]   0 : [C  ] kill
! [LUA]   1 : [Lua] d:\dead air\dead air\gamedata\scripts\surge_manager.script(1446) : kill_all_unhided(1374)
! [LUA]   2 : [Lua] d:\dead air\dead air\gamedata\scripts\surge_manager.script(310) : end_surge(306)
! [LUA]   3 : [Lua] d:\dead air\dead air\gamedata\scripts\surge_manager.script(505) : update(452)
! [LUA]   4 : [Lua] d:\dead air\dead air\gamedata\scripts\surge_manager.script(71) : functor_a(60)
! [LUA]   5 : [Lua] d:\dead air\dead air\gamedata\scripts\_g.script(266) : function <d:\dead air\dead air\gamedata\scripts\_g.script:261>
[LUA]  releasing object [m_crow48897]
[LUA]  releasing object [m_crow48385]
[LUA]  releasing object [m_crow47956]
[LUA]  releasing object [m_crow49153]
[LUA]  releasing object [m_crow48641]
[LUA]  releasing object [m_crow49665]
[LUA]  releasing object [m_crow49409]
[LUA]  releasing object [m_crow48129]
[LUA]  releasing object [m_crow48897]
[LUA]  releasing object [m_crow48385]
[LUA]  releasing object [m_crow47956]
[LUA]  releasing object [m_crow49153]
[LUA]  releasing object [m_crow48641]
[LUA]  releasing object [m_crow49665]
[LUA]  releasing object [m_crow49409]
[LUA]  releasing object [m_crow48129]
~ [DA_AFTER] выполняю: da_grenade_step
~ [DA_AFTER] через 100 кадров после загрузки уровня будет выполнено: da_grenade_step
* [DA_PORT] mem_compact: 5442 -> 5442 МБ (вернулось 0 МБ) за 0.0 мс
* [ Windows ]: free[137342338936 K], reserved[89588104 K], committed[7026368 K]
* [ render ]: textures[1179913 K]
* [ x-ray  ]: process heap[5573372 K]
* [ x-ray  ]: shared strings: memory[80785 K], count[109973]
* [ x-ray  ]: shared memory[9632 K]
* Saving spawns...
* Saving objects...
* 32849 objects are successfully saved
* Game sleep_autosave3.scop is successfully saved to file 'appdata\savedgames\sleep_autosave3.scop'
[LUA]  weather= atmosfear_clear
~ [DA_AFTER] выполняю: da_grenade_step
~ [DA_AFTER] через 100 кадров после загрузки уровня будет выполнено: da_grenade_step
~ [DA_AFTER] выполняю: da_grenade_step
~ [DA_AFTER] через 30 кадров после загрузки уровня будет выполнено: da_grenade_step
[LUA]  task_manager: ERROR: TASK ALREADY EXISTS!!!
[LUA]  task_manager: WARNING: task data already existed for hide_from_surge
! task [hide_from_surge] already inprocess
! [LUA]  attempt to kill dead object actor
! [LUA]   0 : [C  ] kill
! [LUA]   1 : [Lua] d:\dead air\dead air\gamedata\scripts\surge_manager.script(1446) : kill_all_unhided(1374)
! [LUA]   2 : [Lua] d:\dead air\dead air\gamedata\scripts\surge_manager.script(310) : end_surge(306)
! [LUA]   3 : [Lua] d:\dead air\dead air\gamedata\scripts\surge_manager.script(505) : update(452)
! [LUA]   4 : [Lua] d:\dead air\dead air\gamedata\scripts\surge_manager.script(71) : functor_a(60)
! [LUA]   5 : [Lua] d:\dead air\dead air\gamedata\scripts\_g.script(266) : function <d:\dead air\dead air\gamedata\scripts\_g.script:261>
~ [DA_AFTER] выполняю: da_grenade_step
~ [DA_AFTER] через 120 кадров после загрузки уровня будет выполнено: da_grenade_step
[LUA]  releasing object [m_crow52758]
[LUA]  releasing object [m_crow51463]
[LUA]  releasing object [m_crow51969]
[LUA]  releasing object [m_crow51218]
[LUA]  releasing object [m_crow50960]
[LUA]  releasing object [m_crow52245]
[LUA]  releasing object [m_crow51743]
[LUA]  releasing object [m_crow52481]
[LUA]  releasing object [m_crow51463]
[LUA]  releasing object [m_crow52758]
[LUA]  releasing object [m_crow51969]
[LUA]  releasing object [m_crow51218]
[LUA]  releasing object [m_crow50960]
[LUA]  releasing object [m_crow52245]
[LUA]  releasing object [m_crow51743]
[LUA]  releasing object [m_crow52481]
* [DA_PORT] лампа: луч 0, рассеянная 0 (torch1 0, torch2 0, предмет 0), дальность 12.0, цвет 0.20/0.20/0.18, аниматор 0
* [DA_PORT] лампа: луч 0, рассеянная 0 (torch1 1, torch2 0, предмет 0), дальность 12.0, цвет 0.20/0.20/0.18, аниматор 0
[LUA]  weather= atmosfear_clear
[LUA]  weather= atmosfear_clear
* [DA_PORT] mem_compact: 5481 -> 5481 МБ (вернулось 0 МБ) за 0.0 мс
* [ Windows ]: free[137342241736 K], reserved[89567480 K], committed[7144192 K]
* [ render ]: textures[1201484 K]
* [ x-ray  ]: process heap[5613308 K]
* [ x-ray  ]: shared strings: memory[92145 K], count[109977]
* [ x-ray  ]: shared memory[9632 K]
* Saving spawns...
* Saving objects...
* 32808 objects are successfully saved
* Game sleep_autosave4.scop is successfully saved to file 'appdata\savedgames\sleep_autosave4.scop'
~ [DA_AFTER] выполняю: da_grenade_step
~ [DA_GRENADE] граната [65535] в слот: НЕТ
~ [DA_AFTER] через 120 кадров после загрузки уровня будет выполнено: da_grenade_step
[LUA]  weather= atmosfear_clear
[LUA]  task_manager: ERROR: TASK ALREADY EXISTS!!!
[LUA]  task_manager: WARNING: task data already existed for hide_from_surge
! task [hide_from_surge] already inprocess
! [LUA]  attempt to kill dead object actor
! [LUA]   0 : [C  ] kill
! [LUA]   1 : [Lua] d:\dead air\dead air\gamedata\scripts\surge_manager.script(1446) : kill_all_unhided(1374)
! [LUA]   2 : [Lua] d:\dead air\dead air\gamedata\scripts\surge_manager.script(310) : end_surge(306)
! [LUA]   3 : [Lua] d:\dead air\dead air\gamedata\scripts\surge_manager.script(505) : update(452)
! [LUA]   4 : [Lua] d:\dead air\dead air\gamedata\scripts\surge_manager.script(71) : functor_a(60)
! [LUA]   5 : [Lua] d:\dead air\dead air\gamedata\scripts\_g.script(266) : function <d:\dead air\dead air\gamedata\scripts\_g.script:261>
[LUA]  releasing object [m_crow54531]
[LUA]  releasing object [m_crow54017]
[LUA]  releasing object [m_crow53505]
[LUA]  releasing object [m_crow54785]
[LUA]  releasing object [m_crow53761]
[LUA]  releasing object [m_crow55042]
[LUA]  releasing object [m_crow53420]
[LUA]  releasing object [m_crow54273]
[LUA]  releasing object [m_crow54531]
[LUA]  releasing object [m_crow54017]
[LUA]  releasing object [m_crow53505]
[LUA]  releasing object [m_crow54785]
[LUA]  releasing object [m_crow53761]
[LUA]  releasing object [m_crow55042]
[LUA]  releasing object [m_crow53420]
[LUA]  releasing object [m_crow54273]
~ [DA_AFTER] выполняю: da_grenade_step
~ [DA_GRENADE] в руках: ПУСТО, состояние -1
~ [DA_AFTER] через 45 кадров после загрузки уровня будет выполнено: da_grenade_step
~ [DA_AFTER] выполняю: da_grenade_step
~ [DA_GRENADE] бросок 2 (здоровье 1.00)
~ [DA_AFTER] через 100 кадров после загрузки уровня будет выполнено: da_grenade_step
[LUA]  weather= atmosfear_clear
[LUA]  task_manager: ERROR: TASK ALREADY EXISTS!!!
[LUA]  task_manager: WARNING: task data already existed for hide_from_psi_storm
! task [hide_from_psi_storm] already inprocess
* [DA_PORT] лампа: луч 0, рассеянная 0 (torch1 0, torch2 0, предмет 0), дальность 12.0, цвет 0.20/0.20/0.18, аниматор 0
* [DA_PORT] лампа: луч 0, рассеянная 0 (torch1 1, torch2 0, предмет 0), дальность 12.0, цвет 0.20/0.20/0.18, аниматор 0
[LUA]  weather= atmosfear_clear
~ [DA_AFTER] выполняю: da_grenade_step
~ [DA_AFTER] через 100 кадров после загрузки уровня будет выполнено: da_grenade_step
[LUA]  task_manager: ERROR: TASK ALREADY EXISTS!!!
! task [hide_from_surge] already inprocess
! [LUA]  attempt to kill dead object actor
! [LUA]   0 : [C  ] kill
! [LUA]   1 : [Lua] d:\dead air\dead air\gamedata\scripts\surge_manager.script(1446) : kill_all_unhided(1374)
! [LUA]   2 : [Lua] d:\dead air\dead air\gamedata\scripts\surge_manager.script(310) : end_surge(306)
! [LUA]   3 : [Lua] d:\dead air\dead air\gamedata\scripts\surge_manager.script(505) : update(452)
! [LUA]   4 : [Lua] d:\dead air\dead air\gamedata\scripts\surge_manager.script(71) : functor_a(60)
! [LUA]   5 : [Lua] d:\dead air\dead air\gamedata\scripts\_g.script(266) : function <d:\dead air\dead air\gamedata\scripts\_g.script:261>
[LUA]  releasing object [m_crow55565]
[LUA]  releasing object [m_crow55535]
[LUA]  releasing object [m_crow56577]
[LUA]  releasing object [m_crow56065]
[LUA]  releasing object [m_crow55809]
[LUA]  releasing object [m_crow57089]
[LUA]  releasing object [m_crow56833]
[LUA]  releasing object [m_crow56321]
[LUA]  releasing object [m_crow55565]
[LUA]  releasing object [m_crow55535]
[LUA]  releasing object [m_crow56577]
[LUA]  releasing object [m_crow56065]
[LUA]  releasing object [m_crow55809]
[LUA]  releasing object [m_crow57089]
[LUA]  releasing object [m_crow56833]
[LUA]  releasing object [m_crow56321]
* [DA_PORT] mem_compact: 5535 -> 5535 МБ (вернулось 0 МБ) за 0.0 мс
* [ Windows ]: free[137342103956 K], reserved[89562468 K], committed[7286984 K]
* [ render ]: textures[1217156 K]
* [ x-ray  ]: process heap[5667916 K]
* [ x-ray  ]: shared strings: memory[104741 K], count[109985]
* [ x-ray  ]: shared memory[9632 K]
* Saving spawns...
* Saving objects...
* 33006 objects are successfully saved
* Game sleep_autosave5.scop is successfully saved to file 'appdata\savedgames\sleep_autosave5.scop'
[LUA]  weather= atmosfear_clear
~ [DA_AFTER] выполняю: da_grenade_step
~ [DA_AFTER] через 100 кадров после загрузки уровня будет выполнено: da_grenade_step
~ [DA_SQUAD] скрипт спросил командира у МЁРТВОГО отряда — отвечаю «нет», всего 100
[LUA]  task_manager: ERROR: TASK ALREADY EXISTS!!!
[LUA]  task_manager: WARNING: task data already existed for hide_from_surge
! task [hide_from_surge] already inprocess
! [DA] поиск пути упёрся в потолок da_path_max_nodes 12288: [snork_strong326736] из (-7.0, -0.2, -130.2) в вершину 55367 (-25.2, -18.6, -119.7)
! [LUA]  attempt to kill dead object actor
! [LUA]   0 : [C  ] kill
! [LUA]   1 : [Lua] d:\dead air\dead air\gamedata\scripts\surge_manager.script(1446) : kill_all_unhided(1374)
! [LUA]   2 : [Lua] d:\dead air\dead air\gamedata\scripts\surge_manager.script(310) : end_surge(306)
! [LUA]   3 : [Lua] d:\dead air\dead air\gamedata\scripts\surge_manager.script(505) : update(452)
! [LUA]   4 : [Lua] d:\dead air\dead air\gamedata\scripts\surge_manager.script(71) : functor_a(60)
! [LUA]   5 : [Lua] d:\dead air\dead air\gamedata\scripts\_g.script(266) : function <d:\dead air\dead air\gamedata\scripts\_g.script:261>
[LUA]  releasing object [m_crow58625]
[LUA]  releasing object [m_crow58113]
[LUA]  releasing object [m_crow57869]
[LUA]  releasing object [m_crow58368]
[LUA]  releasing object [m_crow59393]
[LUA]  releasing object [m_crow58881]
[LUA]  releasing object [m_crow59649]
[LUA]  releasing object [m_crow59137]
[LUA]  releasing object [m_crow58625]
[LUA]  releasing object [m_crow58113]
[LUA]  releasing object [m_crow57869]
[LUA]  releasing object [m_crow58368]
[LUA]  releasing object [m_crow59393]
[LUA]  releasing object [m_crow58881]
[LUA]  releasing object [m_crow59649]
[LUA]  releasing object [m_crow59137]
[LUA]  weather= atmosfear_clear
~ [DA_AFTER] выполняю: da_grenade_step
~ [DA_AFTER] через 100 кадров после загрузки уровня будет выполнено: da_grenade_step
* [DA_PORT] лампа: луч 0, рассеянная 0 (torch1 0, torch2 0, предмет 0), дальность 12.0, цвет 0.20/0.20/0.18, аниматор 0
* [DA_PORT] лампа: луч 0, рассеянная 0 (torch1 1, torch2 0, предмет 0), дальность 12.0, цвет 0.20/0.20/0.18, аниматор 0
[LUA]  weather= atmosfear_clear
~ [DA_AFTER] выполняю: da_grenade_step
~ [DA_AFTER] через 100 кадров после загрузки уровня будет выполнено: da_grenade_step
[LUA]  weather= atmosfear_clear
* [DA_PORT] mem_compact: 5576 -> 5576 МБ (вернулось 0 МБ) за 0.0 мс
* [ Windows ]: free[137341972124 K], reserved[89572112 K], committed[7409172 K]
* [ render ]: textures[1204045 K]
* [ x-ray  ]: process heap[5710116 K]
* [ x-ray  ]: shared strings: memory[124417 K], count[109999]
* [ x-ray  ]: shared memory[9632 K]
* Saving spawns...
* Saving objects...
* 32950 objects are successfully saved
* Game sleep_autosave6.scop is successfully saved to file 'appdata\savedgames\sleep_autosave6.scop'
[LUA]  task_manager: ERROR: TASK ALREADY EXISTS!!!
[LUA]  task_manager: WARNING: task data already existed for hide_from_psi_storm
! task [hide_from_psi_storm] already inprocess
~ [DA_AFTER] выполняю: da_grenade_step
~ [DA_GRENADE] ИТОГ: бросков выполнено 2, поднимали здоровье 17 раз
~ [DA_AFTER] через 120 кадров после загрузки уровня будет выполнено: quit
[LUA]  task_manager: ERROR: TASK ALREADY EXISTS!!!
[LUA]  task_manager: WARNING: task data already existed for hide_from_surge
! task [hide_from_surge] already inprocess
! [LUA]  attempt to kill dead object actor
! [LUA]   0 : [C  ] kill
! [LUA]   1 : [Lua] d:\dead air\dead air\gamedata\scripts\surge_manager.script(1446) : kill_all_unhided(1374)
! [LUA]   2 : [Lua] d:\dead air\dead air\gamedata\scripts\surge_manager.script(310) : end_surge(306)
! [LUA]   3 : [Lua] d:\dead air\dead air\gamedata\scripts\surge_manager.script(505) : update(452)
! [LUA]   4 : [Lua] d:\dead air\dead air\gamedata\scripts\surge_manager.script(71) : functor_a(60)
! [LUA]   5 : [Lua] d:\dead air\dead air\gamedata\scripts\_g.script(266) : function <d:\dead air\dead air\gamedata\scripts\_g.script:261>
[LUA]  releasing object [m_crow61440]
[LUA]  releasing object [m_crow60364]
[LUA]  releasing object [m_crow61697]
[LUA]  releasing object [m_crow61953]
[LUA]  releasing object [m_crow60417]
[LUA]  releasing object [m_crow60673]
[LUA]  releasing object [m_crow61185]
[LUA]  releasing object [m_crow60929]
[LUA]  releasing object [m_crow61440]
[LUA]  releasing object [m_crow60364]
[LUA]  releasing object [m_crow61697]
[LUA]  releasing object [m_crow61953]
[LUA]  releasing object [m_crow60417]
[LUA]  releasing object [m_crow60673]
[LUA]  releasing object [m_crow61185]
[LUA]  releasing object [m_crow60929]
[LUA]  weather= atmosfear_clear
~ [DA_AFTER] выполняю: quit
- Disconnect
* [DA_PORT] лампа: луч 0, рассеянная 0 (torch1 0, torch2 0, предмет 0), дальность 12.0, цвет 0.20/0.20/0.18, аниматор 0
* [DA_PORT] фонарь: выкл, луч налобный, дальность 12.0, конус 95, цвет 0.20/0.20/0.18, дин.свет 1, текстура internal\torch1
~ [DA_CFORM] запрос застал объект в уничтожении, срабатывание 1
~ [DA_CFORM] запрос застал объект в уничтожении, срабатывание 2
~ [DA_CFORM] запрос застал объект в уничтожении, срабатывание 3
~ [DA_PORT] ввод отпущен, приёмников 1: <= ВЕРХ 13DummyReceiver
- Destroying level
* [DA] манифест шейдеров сохранён: 287 записей (из них 0 подхвачено из прежнего) -> appdata\shaders_cache_oxr\warmup.list
* [DA_PORT] выгрузка: после "объёмы тумана" ссылок на устройство: 13510
* [DA_PORT] выгрузка: после "HOM" ссылок на устройство: 13510
* [DA_PORT] выгрузка: после "детали" ссылок на устройство: 13484
* [DA_PORT] выгрузка: после "порталы" ссылок на устройство: 13484
* [DA_PORT] выгрузка: после "контексты" ссылок на устройство: 13484
* [DA_PORT] выгрузка: после "свет" ссылок на устройство: 13484
* [DA_PORT] выгрузка: после "визуалы" ссылок на устройство: 13484
* [DA_PORT] выгрузка: после "SWI" ссылок на устройство: 13484
* [DA_PORT] выгрузка: после "буферы VB/IB" ссылок на устройство: 13443
* [DA_PORT] выгрузка: после "детали и следы" ссылок на устройство: 13443
* [DA_PORT] выгрузка: после "шейдеры" ссылок на устройство: 11290
* [DA_PORT] выгрузка завершена, ссылок на устройство: 11290
*  0.0 : [   3] $null
*  0.0 : [   1] $user$NVHHGGTex
*  0.0 : [   5] $user$NVjitterTex
*  0.0 : [   8] $user$Texture_color
*  0.0 : [   1] $user$Texture_color_out
*  0.0 : [   7] $user$Texture_obstacles
*  0.0 : [   3] $user$Texture_obstvelocity
*  0.0 : [   3] $user$Texture_pressure
*  0.0 : [   2] $user$Texture_tempscalar
*  0.0 : [   3] $user$Texture_tempvector
*  0.0 : [   5] $user$Texture_velocity0
*  0.0 : [   4] $user$Texture_velocity1
*  0.0 : [   3] $user$accum
*  0.0 : [   1] $user$accum_temp
*  0.0 : [   9] $user$albedo
*  0.0 : [   1] $user$base_depth
*  0.0 : [   4] $user$bloom1
*  0.0 : [   2] $user$bloom2
*  0.0 : [   2] $user$cmap0
*  0.0 : [   2] $user$cmap1
*  0.0 : [   2] $user$da_smap_static
*  0.0 : [   3] $user$edgeTex
*  0.0 : [   2] $user$env_s0
*  0.0 : [   2] $user$env_s1
*  0.0 : [   3] $user$fsr2_out
*  0.0 : [   1] $user$generic
*  0.0 : [   5] $user$generic0
*  0.0 : [   4] $user$generic1
*  0.0 : [   2] $user$generic2
*  0.0 : [   2] $user$half_depth
*  0.0 : [   4] $user$jitter_0
*  0.0 : [   2] $user$jitter_1
*  0.0 : [   1] $user$jitter_2
*  0.0 : [   1] $user$jitter_3
*  0.0 : [   2] $user$jitter_4
*  0.0 : [   1] $user$jitter_mipped
*  0.0 : [   2] $user$lum_t64
*  0.0 : [   3] $user$lum_t8
*  0.0 : [   1] $user$luminance_0
*  0.0 : [   1] $user$luminance_1
*  0.0 : [  10] $user$material
*  0.0 : [ 246] $user$position
*  0.0 : [   3] $user$rayCastTex
*  0.0 : [   6] $user$rayDataTex
*  0.0 : [   2] $user$rayDataTexSmall
*  0.0 : [   7] $user$reactive
*  0.0 : [   2] $user$reactive_scratch
*  0.0 : [   2] $user$reactive_scratch2
*  0.0 : [   1] $user$sky0
*  0.0 : [   1] $user$sky1
*  0.0 : [  10] $user$smap_depth
*  0.0 : [   2] $user$smap_depth_minmax
*  0.0 : [   3] $user$smap_rain
*  0.0 : [   1] $user$smap_surf
*  0.0 : [   2] $user$ssr
*  0.0 : [   2] $user$taa_history
*  0.0 : [   1] $user$taa_out
*  0.0 : [   1] $user$taa_scratch
*  0.0 : [  11] $user$tonemap
*  0.0 : [   2] $user$tonemap_src
*  0.0 : [   6] $user$velocity
*  0.0 : [   1] $user$velocity_guard
*  0.1 : [   1] ui_ingame2_pda_buttons_background_e
*  0.2 : [   1] item\item_conserva_bump#
*  0.2 : [   1] wpn\wpn_addon_scope_po4x34_bump#
*  0.2 : [   1] wpn\wpn_addon_sil_9mm_bump#
*  0.2 : [   1] wpn\wpn_addon_sil_gemtech_bump#
*  0.2 : [   1] wpn\wpn_addon_sil_kzrzp_bump#
*  0.2 : [   1] wpn\wpn_groza_bump#
*  0.2 : [   1] wpn\wpn_groza_grenade_launcher_bump#
*  0.2 : [   1] wpn\wpn_pkm_magazin_bump#
*  0.2 : [   1] wpn\wpn_protecta_dots
*  0.2 : [   1] prop\prop_lampa_g
*  0.2 : [   1] prop\prop_lampa_g_red2
*  0.2 : [   1] act\act_zwitter_bump#
*  0.2 : [   1] item\item_detector_0_bump#
*  0.2 : [   1] item\item_detector_3_new_bump#
*  0.2 : [   1] item\item_lighter_bump#
*  0.2 : [   3] item\item_medkit_a_bump#
*  0.2 : [   1] none
*  0.2 : [   1] prop\prop_item2_bump#
*  0.2 : [   1] wpn\wpn_hand_axe_bump#
*  0.2 : [   1] wpn\wpn_knife_13_bump#
*  0.2 : [   1] wpn\wpn_knife_45_bump#
*  0.2 : [   1] wpn\wpn_addon_grenade_launcher_m203_bump#
*  0.2 : [   1] wpn\wpn_addon_sil_9mx_bump#
*  0.2 : [   1] wpn\wpn_hpsa_bump#
*  0.2 : [   1] item\sumka_2_bump#
*  0.2 : [   1] wpn\wpn_abakan_bump#
*  0.2 : [   1] wpn\wpn_addon_grenade_launcher_bump#
*  0.2 : [   1] wpn\wpn_addon_lastochka_bump#
*  0.2 : [   1] wpn\wpn_addon_mount_mtk83_bump#
*  0.2 : [   1] wpn\wpn_addon_mp5_mount_bump#
*  0.2 : [   1] wpn\wpn_addon_rail_bump#
*  0.2 : [   1] wpn\wpn_addon_scope_acog_bump#
*  0.2 : [   1] wpn\wpn_addon_scope_l96_bump#
*  0.2 : [   1] wpn\wpn_addon_scope_pso-1m2-1_bump#
*  0.2 : [   1] wpn\wpn_addon_scope_pso1_bump#
*  0.2 : [   1] wpn\wpn_addon_scope_pu_bump#
*  0.2 : [   1] wpn\wpn_addon_sil_45_bump#
*  0.2 : [   1] wpn\wpn_addon_sil_atg_bump#
*  0.2 : [   1] wpn\wpn_addon_sil_nato_bump#
*  0.2 : [   1] wpn\wpn_addon_sil_pbs4_bump#
*  0.2 : [   1] wpn\wpn_addon_sil_tgp-a_bump#
*  0.2 : [   1] wpn\wpn_ak100_grips_bump#
*  0.2 : [   1] wpn\wpn_ak101_mag_bump#
*  0.2 : [   2] wpn\wpn_ak74_bump#
*  0.2 : [   1] wpn\wpn_ak74m_body_bump#
*  0.2 : [   1] wpn\wpn_ak74m_mag_bump#
*  0.2 : [   1] wpn\wpn_aksu_bump#
*  0.2 : [   1] wpn\wpn_ammo_bump#
*  0.2 : [   1] wpn\wpn_ar15_bump#
*  0.2 : [   1] wpn\wpn_beretta_bump#
*  0.2 : [   1] wpn\wpn_bullet1_bump#
*  0.2 : [   1] wpn\wpn_bullet2_bump#
*  0.2 : [   1] wpn\wpn_colt1911_bump#
*  0.2 : [   1] wpn\wpn_desert_eagle_bump#
*  0.2 : [   1] wpn\wpn_fn2000_bump#
*  0.2 : [   1] wpn\wpn_fort17_bump#
*  0.2 : [   1] wpn\wpn_g36k_bump#
*  0.2 : [   1] wpn\wpn_grenade_40mm_bump#
*  0.2 : [   1] wpn\wpn_grenade_f1_bump#
*  0.2 : [   1] wpn\wpn_grenade_rgd5_bump#
*  0.2 : [   1] wpn\wpn_gsh18_bump#
*  0.2 : [   1] wpn\wpn_hand_shovel_bump#
*  0.2 : [   1] wpn\wpn_l85_bump#
*  0.2 : [   1] wpn\wpn_l85_susat_bump#
*  0.2 : [   1] wpn\wpn_lr300_bump#
*  0.2 : [   1] wpn\wpn_m4a1_bump#
*  0.2 : [   1] wpn\wpn_mp5_bump#
*  0.2 : [   1] wpn\wpn_pb_bump#
*  0.2 : [   1] wpn\wpn_pkm_bump#
*  0.2 : [   1] wpn\wpn_protecta_bump#
*  0.2 : [   1] wpn\wpn_protecta_sights_bump#
*  0.2 : [   1] wpn\wpn_rg6_bump#
*  0.2 : [   1] wpn\wpn_rpg-7_bump#
*  0.2 : [   1] wpn\wpn_sig-p220_bump#
*  0.2 : [   1] wpn\wpn_sig550_bump#
*  0.2 : [   1] wpn\wpn_sig550_mag_bump#
*  0.2 : [   1] wpn\wpn_spas12_bump#
*  0.2 : [   1] wpn\wpn_svd_body_bump#
*  0.2 : [   1] wpn\wpn_svd_grips_bump#
*  0.2 : [   1] wpn\wpn_svd_mag_bump#
*  0.2 : [   1] wpn\wpn_svt_bump#
*  0.2 : [   1] wpn\wpn_svu-a_bump#
*  0.2 : [   1] wpn\wpn_toz-34_bump#
*  0.2 : [   1] wpn\wpn_toz-34_sk1_bump#
*  0.2 : [   1] wpn\wpn_toz194_bump#
*  0.2 : [   1] wpn\wpn_toz66_bump#
*  0.2 : [   1] wpn\wpn_tt33_bump#
*  0.2 : [   1] wpn\wpn_usp_bump#
*  0.2 : [   1] wpn\wpn_val_bump#
*  0.2 : [   1] wpn\wpn_vog_bump#
*  0.2 : [   1] wpn\wpn_vss_bump#
*  0.2 : [   1] wpn\wpn_vz61_bump#
*  0.2 : [   1] wpn\wpn_walter99_body_bump#
*  0.2 : [   1] wpn\wpn_walter99_mag_bump#
*  0.3 : [   1] wpn\wpn_bullet1_939_bump#
*  0.3 : [   2] wpn\wpn_grenade_rdg-m_bump#
*  0.3 : [   1] wpn\wpn_pm_bump#
*  0.4 : [   1] map\map_nomap
*  1.1 : [   1] ui\ui_ani_cursor
*  1.5 : [   2] glow\glow_rays
*  1.5 : [   2] pfx\pfx_spark_01
*  1.6 : [   1] grad\grad_psi
*  2.8 : [   2] pfx\pfx_step_blood
*  3.1 : [   1] sky\sky_2_cube#small
*  3.1 : [   1] sky\sky_9_cube#small
*  4.1 : [   2] fx\fx_flare1
*  4.1 : [   2] internal\internal_fireTransferFunction
*  4.1 : [   2] pfx\pfx_g-smoke-01
*  4.1 : [   2] pfx\pfx_leaves_01
*  4.1 : [   2] pfx\pfx_leaves_02
*  4.1 : [   1] ui\cursor
*  4.1 : [   1] wm\wm_bullet_asfalt_1
*  4.1 : [   1] wm\wm_bullet_asfalt_2
*  4.1 : [   1] wm\wm_bullet_asfalt_3
*  4.1 : [   1] wm\wm_bullet_brick_1
*  4.1 : [   1] wm\wm_bullet_brick_2
*  4.1 : [   1] wm\wm_bullet_concrete
*  4.1 : [   1] wm\wm_bullet_concrete_1
*  4.1 : [   1] wm\wm_bullet_concrete_2
*  4.1 : [   1] wm\wm_bullet_concrete_4
*  4.1 : [   1] wm\wm_bullet_concrete_5
*  4.1 : [   1] wm\wm_bullet_concrete_6
*  4.1 : [   1] wm\wm_bullet_concrete_7
*  4.1 : [   1] wm\wm_bullet_ground
*  4.1 : [   1] wm\wm_bullet_ground_1
*  4.1 : [   1] wm\wm_bullet_ground_2
*  4.1 : [   1] wm\wm_bullet_metall_thik
*  4.1 : [   1] wm\wm_bullet_metall_thik_1
*  4.1 : [   1] wm\wm_bullet_metall_thik_2
*  4.1 : [   1] wm\wm_bullet_metall_thik_3
*  4.1 : [   1] wm\wm_bullet_metall_thin
*  4.1 : [   1] wm\wm_bullet_metall_thin_1
*  4.1 : [   1] wm\wm_bullet_metall_thin_2
*  4.1 : [   1] wm\wm_bullet_metall_thin_3
*  4.1 : [   1] wm\wm_bullet_metall_thin_4
*  4.1 : [   1] wm\wm_bullet_wood
*  4.1 : [   1] wm\wm_bullet_wood_1
*  4.1 : [   1] wm\wm_bullet_wood_2
*  4.1 : [   1] wm\wm_bullet_wood_3
*  4.1 : [   1] wm\wm_bullet_wood_4
*  4.1 : [   1] wm\wm_bullet_wood_5
*  4.1 : [   1] wm\wm_bullet_wood_6
*  4.1 : [   1] wm\wm_bullet_wood_7
*  4.1 : [   1] wm\wm_bullet_wood_8
*  4.1 : [   1] wm\wm_bullet_wood_9
*  5.5 : [   1] artifact\artifact_eye
*  5.5 : [   1] artifact\artifact_glow
*  5.5 : [   2] glow\glow_orange2
*  5.5 : [   2] pfx\pfx_bubble
*  5.5 : [   2] pfx\pfx_splash3
*  5.5 : [   2] pfx\pfx_splash_02
*  5.5 : [   2] pfx\pfx_synus
*  5.5 : [   2] pfx\pfx_vehmetaldebris_01
*  5.5 : [   1] fx\fx_rain
*  5.5 : [   1] wm\wm_bullet_concrete_8
*  5.5 : [   2] prop\prop_provod_02
*  6.1 : [   1] sky\af1_cloudy\cloudy_2#small
*  6.1 : [   1] sky\af3_clear\00-00-nm#small
*  6.1 : [   1] sky\af3_clear\02-00-nm#small
*  6.1 : [   1] sky\af3_clear\04-00-fm#small
*  6.1 : [   1] sky\af3_cloudy\20-00#small
*  6.1 : [   1] sky\af3_rainy\07-00#small
*  6.1 : [   1] sky\af3_rainy\09-00_19-00#small
*  6.1 : [  13] sky\af3_rainy\13-00#small
*  6.1 : [   2] sky\af3_rainy\15-00#small
*  6.1 : [   2] sky\af3_rainy\16-00#small
*  6.6 : [   1] water\water_pool1
*  8.1 : [   2] pfx\pfx_flame_01
*  8.1 : [   2] pfx\pfx_gologramma
*  8.1 : [   2] pfx\r_pop\shells\fake_shells
*  8.1 : [   1] ui\ui_grid
* 10.8 : [   2] pfx\pfx_concretedebris_01
* 10.8 : [   1] act\act_glasses
* 10.8 : [   2] amik\weapons\flame\trace_01
* 10.8 : [   2] amik\weapons\trace_01
* 10.8 : [   1] food\food_raw___dog
* 10.8 : [   1] food\food_raw_flesh
* 10.8 : [   1] item\item_battery
* 10.8 : [   1] item\item_meinkampf
* 10.8 : [   2] amik\weapons\dtk_3
* 16.1 : [   2] amik\weapons\flame\mg42out
* 16.1 : [   2] amik\weapons\flame\trace
* 16.1 : [   2] amik\weapons\mg42out
* 16.1 : [   2] amik\weapons\trace
* 16.1 : [   1] food\food_raw___dog_bump
* 16.1 : [   1] food\food_raw___dog_bump#
* 16.1 : [   1] food\food_raw_flesh_bump
* 16.1 : [   1] food\food_raw_flesh_bump#
* 16.1 : [   1] fx\fx_rainsplash1
* 16.1 : [   1] fx\fx_tracer_weapons
* 16.1 : [   2] pfx\pfx_flash_01
* 16.1 : [   2] pfx\pfx_gradient
* 16.1 : [   1] ui\ui_font_arial_14_1600
* 16.1 : [   1] ui\ui_font_hud_01
* 16.1 : [   1] wm\wm_blood_drop_1
* 16.1 : [   1] wm\wm_blood_drop_2
* 16.1 : [   1] wm\wm_blood_drop_3
* 16.1 : [   1] wm\wm_blood_drop_4
* 16.1 : [   1] wm\wm_knife_wood
* 16.1 : [   1] wm\wm_knife_wood1
* 16.1 : [   1] wm\wm_knife_wood2
* 21.5 : [   2] glow\glow_04
* 21.5 : [   2] glow\glow_fire1
* 21.5 : [   2] glow\glow_fire1_soc
* 21.5 : [   1] item\item_textolitbase
* 21.5 : [   2] pfx\pfx_anomaly_21
* 21.5 : [   2] pfx\pfx_bubble_1
* 21.5 : [   2] pfx\pfx_bubble_water
* 21.5 : [   1] pfx\pfx_dist2
* 21.5 : [   1] pfx\pfx_dist2inv
* 21.5 : [   1] pfx\pfx_dist3
* 21.5 : [   1] pfx\pfx_dist4
* 21.5 : [   1] pfx\pfx_dist8
* 21.5 : [   1] pfx\pfx_dist9
* 21.5 : [   1] pfx\pfx_dist_teleport
* 21.5 : [   1] pfx\pfx_distort_anomaly
* 21.5 : [   2] pfx\pfx_distortion
* 21.5 : [   2] pfx\pfx_flash_02
* 21.5 : [   2] pfx\pfx_flash_05
* 21.5 : [   2] pfx\pfx_flash_07
* 21.5 : [   2] pfx\pfx_flash_08
* 21.5 : [   2] pfx\pfx_specks
* 21.5 : [   2] pfx\pfx_specks_poison
* 21.5 : [   2] pfx\pfx_stonedebris1
* 21.5 : [   2] pfx\pfx_stonedebris2
* 21.5 : [   2] pfx\pfx_vehglassdebris_01
* 21.5 : [   2] pfx\pfx_water_wave
* 21.5 : [   2] pfx\pfx_spark_02
* 21.5 : [   2] pfx\pfx_flies
* 21.5 : [   1] item\item_synthwire
* 21.5 : [   1] act\act_glass_universal
* 21.5 : [   2] amik\nature\stonedebris1
* 21.5 : [   2] pfx\pfx_smoke_b
* 21.5 : [   2] pfx\pfx_spikey_star
* 21.5 : [   2] pfx\pfx_splash_01
* 21.5 : [   2] shoker_mod\explosions\firesmokeparticle
* 21.5 : [   1] wm\wm_blood_1_4
* 21.5 : [   1] wm\wm_knife_dead
* 21.5 : [   1] wm\wm_knife_horiz
* 21.5 : [   1] wm\wm_knife_horiz_blood
* 21.5 : [   1] wpn\wpn_kiparis_bump#
* 21.5 : [   1] wpn\wpn_kiparis_mag_bump#
* 21.5 : [   1] wpn\wpn_pkm_lenta_bump
* 21.5 : [   1] wpn\wpn_pkm_lenta_bump#
* 21.5 : [   2] amik\weapons\6ways2
* 21.5 : [   2] amik\weapons\btr\muzzle 6ways2
* 21.5 : [   2] amik\nature\list
* 21.5 : [   2] amik\nature\wood_part
* 21.5 : [   2] amik\weapons\flame\trail
* 24.1 : [   2] sky\af3_partly\04-30#small
* 24.1 : [   1] sky\af3_partly\05-00#small
* 24.1 : [   2] sky\af3_partly\10-00#small
* 24.1 : [   3] sky\af3_partly\11-00#small
* 24.1 : [   2] sky\af3_partly\15-00#small
* 24.1 : [   2] sky\af3_partly\16-00#small
* 24.1 : [   1] sky\af3_partly\20-00#small
* 24.1 : [   2] sky\af3_partly\20-30#small
* 32.1 : [   1] arsenal_mod\ammo\357_jhp
* 32.1 : [   1] arsenal_mod\ammo\762x25_p
* 32.1 : [   1] fx\fx_lightning
* 32.1 : [   1] fx\fx_noise
* 32.1 : [   2] pfx\pfx_ani-smoke-01
* 32.1 : [   2] pfx\pfx_cc_lighting_grad2
* 42.8 : [   1] artifact\artifact_fire_light
* 42.8 : [   1] item\item_block_notes
* 42.8 : [   1] item\item_gazmask3
* 42.8 : [   1] item\item_medkit_4
* 42.8 : [   1] item\item_nabor_young_technic
* 42.8 : [   2] pfx\pfx_smokepuffs2
* 42.8 : [   2] pfx\pfx_sparks
* 42.8 : [   2] act\act_rat_1
* 42.8 : [   2] act\act_rat_2
* 42.8 : [   2] act\act_rat_3
* 42.8 : [   2] amik\weapons\dtk_5
* 42.8 : [   2] fx\fx_noise2
* 42.8 : [   1] item\item_caffeine
* 42.8 : [   1] item\item_cards
* 42.8 : [   1] item\item_detector_2_segment
* 42.8 : [   1] item\item_document_01
* 42.8 : [   1] item\item_drink_stalker
* 42.8 : [   1] item\item_medkit
* 42.8 : [   1] item\item_medkit_5
* 42.8 : [   1] item\item_rebirth
* 42.8 : [   2] pfx\pfx_electrostatic
* 42.8 : [   2] prop\prop_fake_bed_fireplace
* 42.8 : [   2] wood\wood_spil_1_old
* 42.8 : [   1] wpn\wpn_pkm_lenta
* 42.8 : [   2] pfx\pfx_woodchips1
* 42.8 : [   2] pfx\pfx_woodchips3
* 42.8 : [   1] wpn\wpn_bullet1_939
* 42.8 : [   2] amik\anomaly\electric_radial
* 42.8 : [   2] amik\weapons\6ways1
* 42.8 : [   2] amik\weapons\btr\muzzle 6ways1
* 42.8 : [   2] amik\weapons\dtk_4
* 42.8 : [   2] amik\hit_fx\water_splash\water_spurt
* 42.8 : [   1] item\item_synthwire_bump
* 42.8 : [   1] item\item_synthwire_bump#
* 42.8 : [   2] pfx\pfx_sparks2
* 42.8 : [   1] wm\wm_knife_horiz_blood1
* 42.8 : [   1] wm\wm_knife_horiz_metal
* 42.8 : [   1] wm\wm_knife_horiz_ston
* 48.1 : [   3] sky\sky_cube_weapons
* 53.1 : [   1] artifact\artifact_lava
* 64.1 : [   2] amik\static\gas_light\flame_zippo
* 64.1 : [   2] amik\weapons\dtk_6
* 64.1 : [   2] amik\weapons\dtk_8
* 64.1 : [   2] amik\weapons\flash_01
* 64.1 : [   2] amik\weapons\flash_02
* 64.1 : [   2] amik\weapons\flash_04
* 64.1 : [   2] amik\weapons\flash_05
* 64.1 : [   1] dinamic_hud\breath1
* 64.1 : [   1] dinamic_hud\breath2
* 64.1 : [   1] dinamic_hud\breath3
* 64.1 : [   1] dinamic_hud\breath5
* 64.1 : [   2] fx\fx_gradient1
* 64.1 : [   1] fx\fx_sun_gradient
* 64.1 : [   1] fx\fx_sun_halo
* 64.1 : [   1] fx\fx_sun_morning
* 64.1 : [   1] fx\fx_thunderbolts_gradient
* 64.1 : [   1] fx\fx_thunderbolts_gradient_surge
* 64.1 : [   2] glow\glow_yellow
* 64.1 : [   1] item\item_caffeine_bump
* 64.1 : [   1] item\item_caffeine_bump#
* 64.1 : [   1] item\item_money_bump
* 64.1 : [   1] item\item_money_bump#
* 64.1 : [   1] lights\lights_cone_handing_lamp
* 64.1 : [   2] pfx\pfx_anomaly_18
* 64.1 : [   2] pfx\pfx_bloodsplash1
* 64.1 : [   2] pfx\pfx_skinsplash1
* 64.1 : [   2] pfx\pfx_smoke_f
* 64.1 : [   2] pfx\pfx_smoke_n
* 64.1 : [   1] ui\ui_font_console_02
* 64.1 : [   1] ui\ui_font_hud_02
* 64.1 : [   1] ui\ui_font_letter_16_1600
* 64.1 : [   1] ui\ui_font_letter_18_1600
* 64.1 : [   1] ui\ui_hud_grenade_mark
* 64.1 : [   1] ui\ui_hud_hit_mark
* 85.1 : [   1] wm\wm_blood_10
* 85.1 : [   1] wm\wm_blood_11
* 85.4 : [   2] amik\weapons\dtk_2
* 85.4 : [   1] artifact\artifact_cristall
* 85.4 : [   1] artifact\artifact_fire
* 85.4 : [   1] artifact\artifact_glow2
* 85.4 : [   1] artifact\artifact_lighting
* 85.4 : [   1] artifact\artifact_sopli
* 85.4 : [   8] detail\detail_skin_1_bump
* 85.4 : [   8] detail\detail_skin_1_bump#
* 85.4 : [   1] detail\detail_tile_det4_bump
* 85.4 : [   1] detail\detail_tile_det4_bump#
* 85.4 : [   3] detail\detail_wood_det2_bump#
* 85.4 : [   2] glow\glow_orange
* 85.4 : [   2] glow\glow_orange_bright
* 85.4 : [   2] glow\glow_white
* 85.4 : [   2] item\item_box_condensatores
* 85.4 : [   1] item\item_box_condensatores_bump#
* 85.4 : [   2] item\item_box_transistores
* 85.4 : [   1] item\item_box_transistores_bump#
* 85.4 : [   2] item\item_medkit_4_bump#
* 85.4 : [   1] item\item_nabor_young_technic_bump#
* 85.4 : [   3] lights\lights_spot01
* 85.4 : [   2] pfx\pfx_anomaly_1
* 85.4 : [   2] pfx\pfx_anomaly_16
* 85.4 : [   2] pfx\pfx_anomaly_17
* 85.4 : [   2] pfx\pfx_anomaly_19
* 85.4 : [   2] pfx\pfx_anomaly_3
* 85.4 : [   2] pfx\pfx_anomaly_4
* 85.4 : [   2] pfx\pfx_anomaly_5
* 85.4 : [   2] pfx\pfx_anomaly_6
* 85.4 : [   2] pfx\pfx_anomaly_8
* 85.4 : [   2] pfx\pfx_anomaly_88
* 85.4 : [   2] pfx\pfx_anomaly_9
* 85.4 : [   2] pfx\pfx_brick
* 85.4 : [   2] pfx\pfx_light
* 85.4 : [   2] pfx\pfx_light1
* 85.4 : [   2] pfx\pfx_light3
* 85.4 : [   2] pfx\pfx_light4
* 85.4 : [   2] pfx\pfx_lightning_01
* 85.4 : [   2] pfx\pfx_lightning_02
* 85.4 : [   2] pfx\pfx_plasma
* 85.4 : [   2] pfx\pfx_smoke_a
* 85.4 : [   2] pfx\pfx_test_textures
* 85.4 : [   2] wood\wood_spil_1_bump#
* 85.4 : [   1] wpn\wpn_knife_bump
* 85.4 : [   1] wpn\wpn_knife_bump#
* 85.5 : [   1] aa\aa_freon
* 85.5 : [   1] item\kielbasa
* 85.5 : [   2] pfx\pfx_sparks1
* 85.5 : [   1] wpn\wpn_addon_raii
* 85.5 : [   4] act\act_Rat_bump
* 85.5 : [   4] act\act_Rat_bump#
* 85.5 : [   2] act\act_controller_hit1
* 85.5 : [   1] act\act_ecologt_bump#
* 85.5 : [   6] act\act_rat_bump
* 85.5 : [   6] act\act_rat_bump#
* 85.5 : [   1] act\act_stalker_face_0006_bump#
* 85.5 : [   1] act\act_stalker_face_0007_bump#
* 85.5 : [   1] act\act_stalker_face_0009_bump#
* 85.5 : [   1] act\act_stalker_head_glass_bump
* 85.5 : [   1] act\act_stalker_head_glass_bump#
* 85.5 : [   1] act\act_stalker_nauch_glass
* 85.5 : [   1] fx\fx_sun_fog
* 85.5 : [   2] glow\glow_blue
* 85.5 : [   1] glow\glow_ghost
* 85.5 : [   1] item\item_box_condensatores_bump
* 85.5 : [   1] item\item_box_transistores_bump
* 85.5 : [   1] item\item_drink_bump
* 85.5 : [   1] item\item_drink_bump#
* 85.5 : [   1] item\item_goggles
* 85.5 : [   2] item\item_medkit_4_bump
* 85.5 : [   1] item\item_money
* 85.5 : [   1] item\item_nabor_young_technic_bump
* 85.5 : [   1] pfx\pfx_dist_lens_base
* 85.5 : [   2] pfx\pfx_flamefx_01
* 85.5 : [   2] pfx\pfx_gradient1
* 85.5 : [   2] pfx\pfx_smoke_c
* 85.5 : [   2] pfx\pfx_smoke_d
* 85.5 : [   2] pfx\pfx_smoke_g
* 85.5 : [   2] prop\prop_voda1
* 85.5 : [   1] wm\wm_blood_1
* 85.5 : [   1] wm\wm_blood_1_1
* 85.5 : [   1] wm\wm_blood_1_2
* 85.5 : [   1] wm\wm_blood_1_3
* 85.5 : [   1] wm\wm_blood_2
* 85.5 : [   1] wm\wm_blood_3
* 85.5 : [   1] wm\wm_blood_4
* 85.5 : [   1] wm\wm_blood_5
* 85.5 : [   1] wm\wm_blood_6
* 85.5 : [   1] wm\wm_blood_7
* 85.5 : [   1] wm\wm_blood_8
* 85.5 : [   1] wm\wm_blood_9
* 85.5 : [   1] wm\wm_bullet_glass01
* 85.5 : [   1] wm\wm_bullet_glass02
* 85.5 : [   1] wm\wm_bullet_glass03
* 85.5 : [   1] wm\wm_bullet_glass04
* 85.5 : [   1] wm\wm_hammer_01
* 85.5 : [   1] wm\wm_hammer_02
* 85.5 : [   1] wm\wm_hammer_03
* 85.5 : [   1] wm\wm_hammer_04
* 85.5 : [   2] wood\wood_spil_1_bump
* 85.5 : [   1] wpn\wpn_bolt_bump
* 85.5 : [   1] wpn\wpn_bolt_bump#
* 85.5 : [   1] wpn\wpn_pkm_decals
* 85.5 : [   1] wpn\wpn_upgrade_bump
* 85.5 : [   1] wpn\wpn_upgrade_bump#
* 85.5 : [   2] amik\weapons\dtk_4_1
* 85.5 : [   2] pfx\pfx_flame
* 85.5 : [   1] wpn\wpn_bullet1_939_bump
* 85.6 : [   1] fx\fx_komp_screen_2
* 128.1 : [   1] act\act_crow
* 128.1 : [   2] amik\weapons\grishik\357mag
* 128.1 : [   2] amik\weapons\grishik\50_ae
* 128.1 : [   2] amik\weapons\grishik\5x45x39
* 128.1 : [   2] amik\weapons\grishik\5x45x39_00
* 128.1 : [   2] amik\weapons\grishik\5x45x39_01
* 128.1 : [   2] amik\weapons\grishik\5x56x45
* 128.1 : [   2] amik\weapons\grishik\5x56x45_00
* 128.1 : [   2] amik\weapons\grishik\5x7x28
* 128.1 : [   2] amik\weapons\grishik\6x5x50
* 128.1 : [   2] amik\weapons\grishik\7x62x25_0
* 128.1 : [   2] amik\weapons\grishik\7x62x25_1
* 128.1 : [   2] amik\weapons\grishik\7x62x25_2
* 128.1 : [   2] amik\weapons\grishik\7x62x25_3
* 128.1 : [   2] amik\weapons\grishik\7x62x25_4
* 128.1 : [   2] amik\weapons\grishik\7x62x39_00
* 128.1 : [   2] amik\weapons\grishik\7x62x39_01
* 128.1 : [   2] amik\weapons\grishik\7x62x39_02
* 128.1 : [   2] amik\weapons\grishik\7x62x39_03
* 128.1 : [   2] amik\weapons\grishik\7x62x51_1
* 128.1 : [   2] amik\weapons\grishik\7x62x51_2
* 128.1 : [   2] amik\weapons\grishik\7x62x54
* 128.1 : [   2] amik\weapons\grishik\7x7x57
* 128.1 : [   2] amik\weapons\grishik\7x92x57
* 128.1 : [   2] amik\weapons\grishik\9x18_1
* 128.1 : [   2] amik\weapons\grishik\9x18_2
* 128.1 : [   2] amik\weapons\grishik\9x18_3
* 128.1 : [   2] amik\weapons\grishik\9x39
* 128.1 : [   2] amik\weapons\shells_ak_01
* 128.1 : [   1] cooking\cooking_wood_stove
* 128.1 : [   1] drink\drink_cigar0
* 128.1 : [   1] drink\drink_cigar1
* 128.1 : [   1] drink\drink_cigar2
* 128.1 : [   1] drink\drink_tea
* 128.1 : [   1] drink\drink_water
* 128.1 : [   1] food\food_dog
* 128.1 : [   1] food\food_raw_tush
* 128.1 : [   1] item\kielbasa_bump#
* 128.1 : [   1] map\map_l08u_brainlab
* 128.1 : [   2] pfx\pfx_shells1
* 128.1 : [   2] pfx\pfx_shells2
* 128.1 : [   2] pfx\pfx_shells_green
* 128.1 : [   2] pfx\pfx_shells_pisto1
* 128.1 : [   2] pfx\pfx_shells_pistol
* 128.1 : [   1] repair\repair_armor_repair_fa
* 128.1 : [   1] repair\repair_glue
* 128.1 : [   1] repair\repair_sewing_kit
* 128.1 : [   1] repair\repair_sharpening_stones
* 128.1 : [   1] repair\repair_toolkit_nato
* 128.1 : [   1] repair\repair_toolkit_p
* 128.1 : [   2] shoker_mod\pfx\pfx_ak_shells_1
* 128.1 : [   1] ui\ui_font_graff_19_1600
* 128.1 : [   1] ui\ui_font_graff_22_1600
* 128.1 : [   1] ui\ui_font_letter_18_1024
* 128.1 : [   1] wpn\wpn_ied
* 170.1 : [   2] amik\weapons\9x39
* 170.1 : [   1] wpn\wpn_vog
* 170.8 : [   2] act\act_rat01
* 170.8 : [   2] act\act_ratn1
* 170.8 : [   1] act\act_scientist_head1
* 170.8 : [   2] pfx\pfx_anomaly_2
* 170.8 : [   2] pfx\pfx_anomaly_23
* 170.8 : [   2] pfx\pfx_anomaly_2_green
* 170.8 : [   2] pfx\pfx_anomaly_7
* 170.8 : [   2] pfx\pfx_concretepuffs_01
* 170.8 : [   1] pfx\pfx_lighting_stancia_01
* 170.8 : [   1] pfx\pfx_lighting_stancia_02
* 170.8 : [   2] pfx\pfx_smokepuffs1
* 170.8 : [   2] shoker_mod\pfx\pfx_shells1
* 170.8 : [   2] shoker_mod\pfx\pfx_shells2
* 170.8 : [   1] wpn\wpn_knife
* 170.8 : [   1] aa\aa_af_aac
* 170.8 : [   1] aa\aa_af_aam
* 170.8 : [   1] aa\aa_camelbak
* 170.8 : [   1] aa\aa_cooler
* 170.8 : [   1] aa\aa_frames
* 170.8 : [   1] item\item_spalnik
* 170.8 : [   1] aa\aa_surge
* 170.8 : [   2] act\act_cat
* 170.8 : [   2] act\act_controller
* 170.8 : [   1] act\act_gasmask
* 170.8 : [   1] act\act_pseudodog1
* 170.8 : [   1] act\act_scientist
* 170.8 : [   2] act\act_skeleton_fresh
* 170.8 : [   1] act\act_stalker_bandit_1
* 170.8 : [   1] act\act_stalker_bandit_3a
* 170.8 : [   1] act\act_stalker_face_0006
* 170.8 : [   1] act\act_stalker_face_0007
* 170.8 : [   1] act\act_stalker_face_0009
* 170.8 : [   1] act\act_zombie_2
* 170.8 : [   1] act\rep_ryukzak
* 170.8 : [   1] food\food_protein
* 170.8 : [   1] item\item_ammo
* 170.8 : [   1] item\item_cigarettes_russian
* 170.8 : [   1] item\item_ckit
* 170.8 : [   1] item\item_cutlery
* 170.8 : [   1] item\item_food
* 170.8 : [   1] item\item_foto1
* 170.8 : [   1] item\item_glucose
* 170.8 : [   1] item\item_glucose_s
* 170.8 : [   1] item\item_grooming
* 170.8 : [   1] item\item_hand_rolling_tobacco
* 170.8 : [   1] item\item_ignition_set
* 170.8 : [   1] item\item_lead_box
* 170.8 : [   1] item\item_medkit_a
* 170.8 : [   1] item\item_medkit_b
* 170.8 : [   1] item\item_medkit_c
* 170.8 : [   1] item\item_milimap
* 170.8 : [   1] item\item_mint
* 170.8 : [   1] item\item_mirror
* 170.8 : [   1] item\item_ration_ukr
* 170.8 : [   1] item\item_rope
* 170.8 : [   1] item\item_swiss
* 170.8 : [   1] item\item_torch
* 170.8 : [   1] item\item_tushonka
* 170.8 : [   1] item\item_universalpowerdevice
* 170.8 : [   1] item\item_ustroystva
* 170.8 : [   1] item\item_x_files
* 170.8 : [   1] item\item_xxxporn
* 170.8 : [   1] item\sumka_1
* 170.8 : [   1] item\sumka_4
* 170.8 : [   1] prop\prop_item2
* 170.8 : [   1] prop\prop_iten4
* 170.8 : [   2] prop\prop_komp
* 170.8 : [   1] sumka\sumka_4
* 170.8 : [   2] wood\wood_plank7
* 170.8 : [   1] wpn\wpn_bolt
* 170.8 : [   1] wpn\wpn_fn2000_lens
* 170.8 : [   1] wpn\wpn_protecta_sights
* 170.8 : [   1] wpn\wpn_walter99_mag
* 170.8 : [   2] amik\explosions\smoke_cannon
* 170.8 : [   2] amik\weapons\12x70
* 170.8 : [   2] amik\weapons\flame\flameshoot_3
* 170.8 : [   2] amik\weapons\flame\flameshoot_4
* 170.8 : [   2] amik\weapons\flame\flameshoot_5
* 170.8 : [   2] amik\weapons\shells_12x70
* 170.8 : [   2] amik\weapons\smokeshoot_0
* 170.8 : [   1] item\kielbasa_bump
* 170.8 : [   1] map\map_hospital
* 170.8 : [   1] wpn\wpn_addon_rail_bump
* 170.8 : [   1] wpn\wpn_rpg-6
* 256.1 : [   1] act\act_ryukzak_bump#
* 256.1 : [   2] amik\explosions\explosion_flash_atlas
* 256.1 : [   1] cooking\cooking_wood_stove_bump
* 256.1 : [   1] cooking\cooking_wood_stove_bump#
* 256.1 : [   1] drink\drink_cigar0_bump
* 256.1 : [   1] drink\drink_cigar0_bump#
* 256.1 : [   1] drink\drink_cigar1_bump
* 256.1 : [   1] drink\drink_cigar1_bump#
* 256.1 : [   1] drink\drink_cigar2_bump
* 256.1 : [   1] drink\drink_cigar2_bump#
* 256.1 : [   1] drink\drink_flask
* 256.1 : [   1] drink\drink_flask_bump
* 256.1 : [   1] drink\drink_flask_bump#
* 256.1 : [   1] drink\drink_tea_bump
* 256.1 : [   1] drink\drink_tea_bump#
* 256.1 : [   1] drink\drink_water_bump
* 256.1 : [   1] drink\drink_water_bump#
* 256.1 : [   1] food\food_dog_bump
* 256.1 : [   1] food\food_dog_bump#
* 256.1 : [   1] food\food_raw_tush_bump
* 256.1 : [   1] food\food_raw_tush_bump#
* 256.1 : [   1] item\item_cigarettes_russian_bump
* 256.1 : [   1] item\item_cigarettes_russian_bump#
* 256.1 : [   1] item\item_detector_2_new_bump#
* 256.1 : [   1] item\item_hand_rolling_tobacco_bump
* 256.1 : [   1] item\item_hand_rolling_tobacco_bump#
* 256.1 : [   1] item\item_mint_bump
* 256.1 : [   1] item\item_mint_bump#
* 256.1 : [   1] item\item_ration_ukr_bump
* 256.1 : [   1] item\item_ration_ukr_bump#
* 256.1 : [   1] item\item_tushonka_bump
* 256.1 : [   1] item\item_tushonka_bump#
* 256.1 : [   1] item\item_universalpowerdevice_bump
* 256.1 : [   1] item\item_universalpowerdevice_bump#
* 256.1 : [   1] map\map_labx8
* 256.1 : [   2] pfx\pfx_bloodsplash2
* 256.1 : [   2] pfx\pfx_expl_01
* 256.1 : [   1] repair\repair_armor_repair_fa_bump
* 256.1 : [   1] repair\repair_armor_repair_fa_bump#
* 256.1 : [   1] repair\repair_glue_bump
* 256.1 : [   1] repair\repair_glue_bump#
* 256.1 : [   1] repair\repair_helmet_repair
* 256.1 : [  43] sky\sky_oblaka
* 256.1 : [   1] ui\icon_news
* 256.1 : [   1] ui\ui_font_graff_32_1600
* 256.1 : [   1] wpn\wpn_ied_bump
* 256.1 : [   1] wpn\wpn_ied_bump#
* 341.4 : [   1] act\act_face_01
* 341.4 : [   1] act\act_face_mask_03
* 341.4 : [   1] act\act_faces_1_03
* 341.4 : [   1] item\item_detector_1_bump
* 341.4 : [   1] item\item_detector_1_bump#
* 341.4 : [   1] item\item_medkit_bump
* 341.4 : [   1] item\item_medkit_bump#
* 341.4 : [   1] map\map_fake_start
* 341.4 : [   1] prop\prop_iten4_bump#
* 341.4 : [   1] prop\prop_mozg_bump#
* 341.4 : [   2] shoker_mod\pfx\pfx_smoke_1
* 341.4 : [   1] wpn\wpn_g36_bump
* 341.4 : [   1] wpn\wpn_g36_bump#
* 341.5 : [   2] pfx\pfx_blurry_cloud
* 341.5 : [   1] act\act_arm_ecolog_red
* 341.5 : [   2] amik\explosions\explosion_dynamite\explosion_din
* 341.5 : [   1] item\item_stims
* 341.5 : [   1] item\sumka_2
* 341.5 : [   2] wood\wood_walls8
* 341.5 : [   1] wpn\wpn_addon_lastochka
* 341.5 : [   1] wpn\wpn_addon_sil_9mm
* 341.5 : [   1] act\act_arm_sviter_1
* 341.5 : [   2] act\act_cat_bump
* 341.5 : [   2] act\act_cat_bump#
* 341.5 : [   2] act\act_controller_bump
* 341.5 : [   2] act\act_controller_bump#
* 341.5 : [   1] act\act_gasmask_bump
* 341.5 : [   1] act\act_gasmask_bump#
* 341.5 : [   1] act\act_pseudodog1_bump
* 341.5 : [   1] act\act_pseudodog1_bump#
* 341.5 : [   1] act\act_ryukzak_bump
* 341.5 : [   1] act\act_scientist_bump
* 341.5 : [   1] act\act_scientist_bump#
* 341.5 : [   1] act\act_scientist_head1_bump
* 341.5 : [   1] act\act_scientist_head1_bump#
* 341.5 : [   1] act\act_scientist_suit_bump
* 341.5 : [   1] act\act_scientist_suit_bump#
* 341.5 : [   1] act\act_scientist_suit_orang
* 341.5 : [   1] act\act_scientist_suit_red
* 341.5 : [   2] act\act_skeleton_bump
* 341.5 : [   2] act\act_skeleton_bump#
* 341.5 : [   1] act\act_stalker_bandit_3a_bump
* 341.5 : [   1] act\act_stalker_bandit_3a_bump#
* 341.5 : [   1] act\act_stalker_face_0006_bump
* 341.5 : [   1] act\act_stalker_face_0007_bump
* 341.5 : [   1] act\act_stalker_face_0009_bump
* 341.5 : [   1] act\act_stalker_nebo_2
* 341.5 : [   1] act\act_stalker_nebo_2_bump
* 341.5 : [   1] act\act_stalker_nebo_2_bump#
* 341.5 : [   1] act\act_zombie_1_bump
* 341.5 : [   1] act\act_zombie_1_bump#
* 341.5 : [   2] amik\explosions\decal_concrete
* 341.5 : [   2] amik\explosions\explo_end
* 341.5 : [   2] amik\explosions\explosion_dynamite\flashlight
* 341.5 : [   1] amik\explosions\explosion_fuelcan\boom_3
* 341.5 : [   2] amik\explosions\explosion_fuelcan\grey_xpl
* 341.5 : [   2] amik\explosions\explosion_smoke03
* 341.5 : [   2] amik\explosions\final_expl
* 341.5 : [   2] amik\hit_fx\water_splash\water_splash_anim
* 341.5 : [   2] amik\weapons\flame\flameshoot_1
* 341.5 : [   2] amik\weapons\flame\flameshoot_2
* 341.5 : [   2] amik\weapons\smokeshoot_1
* 341.5 : [   8] detail\detail_skin_1
* 341.5 : [   1] detail\detail_tile_det4
* 341.5 : [   3] detail\detail_wood_det2
* 341.5 : [   3] detail\detail_wood_det2_bump
* 341.5 : [   1] door\door_trader_bump
* 341.5 : [   1] door\door_trader_bump#
* 341.5 : [   2] fx\fx_gradien2
* 341.5 : [   2] fx\fx_gradient
* 341.5 : [   2] fx\fx_sun
* 341.5 : [   1] fx\fx_sun_rise
* 341.5 : [   2] fx\fx_volumefog1
* 341.5 : [   1] item\item_conserva_bump
* 341.5 : [   2] item\item_detector_1
* 341.5 : [   3] item\item_medkit_a_bump
* 341.5 : [   2] pfx\pfx_ligth_6
* 341.5 : [   2] pfx\pfx_teleport
* 341.5 : [   1] prop\prop_item2_bump
* 341.5 : [   1] prop\prop_iten4_bump
* 341.5 : [   2] prop\prop_komp_bump
* 341.5 : [   2] prop\prop_komp_bump#
* 341.5 : [   1] prop\prop_mozg
* 341.5 : [   1] prop\prop_mozg_bump
* 341.5 : [   2] shoker_mod\explosions\explosion_smoke01
* 341.5 : [   1] wm\wm_blood_1_5
* 341.5 : [   1] wm\wm_listja
* 341.5 : [   2] wood\wood_plank8_bump
* 341.5 : [   1] wpn\wpn_protecta_sights_bump
* 341.5 : [   2] wpn\wpn_upgrade
* 341.5 : [   1] wpn\wpn_vog_bump
* 341.5 : [   1] wpn\wpn_walter99_mag_bump
* 341.5 : [   2] amik\explosions\explosion_dynamite\smoke
* 427.8 : [   1] artifact\artifact_lavahell1
* 512.1 : [   1] act\act_arm_bandit_bump
* 512.1 : [   1] act\act_arm_bandit_bump#
* 512.1 : [   1] act\act_arm_ecolog_bump#
* 512.1 : [   2] amik\explosions\explosion_fuelcan\boom_1
* 512.1 : [   2] amik\weapons\00
* 512.1 : [   2] amik\weapons\grishik\45
* 512.1 : [   2] amik\weapons\shells_ak
* 512.1 : [   1] intro\intro_l08_yantar_4
* 512.1 : [   1] item\sumka_2_bump
* 512.1 : [   2] pfx\pfx_ani-fire01
* 512.1 : [   2] pfx\pfx_explotions_3
* 512.1 : [   2] pfx\r_pop\shells\12ga
* 512.1 : [   2] pfx\r_pop\shells\45acp
* 512.1 : [   2] pfx\r_pop\shells\545x39
* 512.1 : [   2] pfx\r_pop\shells\556x45
* 512.1 : [   2] pfx\r_pop\shells\762x39
* 512.1 : [   2] pfx\r_pop\shells\762x51
* 512.1 : [   2] pfx\r_pop\shells\762x54
* 512.1 : [   2] pfx\r_pop\shells\9x18
* 512.1 : [   2] pfx\r_pop\shells\9x19
* 512.1 : [   2] pfx\r_pop\shells\9x39
* 512.1 : [   2] shoker_mod\pfx\pfx_shells3
* 512.1 : [   1] ui\ui_font_graff_50_1600
* 682.6 : [   1] act\act_face_01_bump
* 682.6 : [   1] act\act_face_01_bump#
* 682.6 : [   1] act\act_stalker_ecologb_1
* 682.6 : [   1] act\act_stalker_neutral_1
* 682.6 : [   1] item\item_conserva
* 682.6 : [   1] wpn\wpn_g36
* 682.8 : [   1] act\act_ecologt
* 682.8 : [   1] act\act_stalker_hero
* 682.8 : [   1] act\act_zwitter
* 682.8 : [   1] item\item_lighter
* 682.8 : [   1] wpn\wpn_addon_mount_mtk83
* 682.8 : [   1] wpn\wpn_addon_mp5_mount
* 682.8 : [   1] wpn\wpn_addon_scope_acog
* 682.8 : [   1] wpn\wpn_addon_scope_l96
* 682.8 : [   1] wpn\wpn_addon_scope_po4x34
* 682.8 : [   1] wpn\wpn_addon_sil_45
* 682.8 : [   1] wpn\wpn_addon_sil_9mx
* 682.8 : [   1] wpn\wpn_addon_sil_atg
* 682.8 : [   1] wpn\wpn_addon_sil_gemtech
* 682.8 : [   1] wpn\wpn_addon_sil_kzrzp
* 682.8 : [   1] wpn\wpn_addon_sil_nato
* 682.8 : [   1] wpn\wpn_addon_sil_pbs4
* 682.8 : [   1] wpn\wpn_addon_sil_tgp-a
* 682.8 : [   1] wpn\wpn_ak100_grips
* 682.8 : [   1] wpn\wpn_ak101_mag
* 682.8 : [   1] wpn\wpn_ak74m_mag
* 682.8 : [   1] wpn\wpn_ammo
* 682.8 : [   1] wpn\wpn_beretta
* 682.8 : [   1] wpn\wpn_bullet1
* 682.8 : [   1] wpn\wpn_bullet2
* 682.8 : [   1] wpn\wpn_fort17
* 682.8 : [   1] wpn\wpn_gauss
* 682.8 : [   1] wpn\wpn_grenade_40mm
* 682.8 : [   1] wpn\wpn_grenade_rdg-m
* 682.8 : [   1] wpn\wpn_grenade_rdg-s
* 682.8 : [   1] wpn\wpn_hand_axe
* 682.8 : [   1] wpn\wpn_kiparis
* 682.8 : [   1] wpn\wpn_kiparis_mag
* 682.8 : [   1] wpn\wpn_l85_susat
* 682.8 : [   1] wpn\wpn_m1891
* 682.8 : [   1] wpn\wpn_m1891_scope
* 682.8 : [   1] wpn\wpn_m1891_wood
* 682.8 : [   1] wpn\wpn_m98b
* 682.8 : [   1] wpn\wpn_sig550_mag
* 682.8 : [   1] wpn\wpn_svd_mag
* 682.8 : [   1] wpn\wpn_walter99_body
* 682.8 : [   1] act\act_arm_bandit
* 682.8 : [   1] act\act_arm_ecolog_bump
* 682.8 : [   1] act\act_face_mask_03_bump
* 682.8 : [   1] act\act_face_mask_03_bump#
* 682.8 : [   1] act\act_faces_1_03_bump
* 682.8 : [   1] act\act_faces_1_03_bump#
* 682.8 : [   1] act\act_puh
* 682.8 : [   2] amik\explosions\boom_0
* 682.8 : [   2] amik\explosions\boom_1
* 682.8 : [   2] amik\explosions\boom_2
* 682.8 : [   1] map\map_aes_1
* 682.8 : [   1] map\map_aes_2
* 682.8 : [   1] map\map_l04_darkvalley
* 682.8 : [   1] map\map_l05_bar
* 682.8 : [   1] map\map_l06_rostok
* 682.8 : [   1] map\map_limansk
* 682.8 : [   2] wood\wood_walls8_bump
* 682.8 : [   1] wpn\wpn_addon_lastochka_bump
* 682.8 : [   1] wpn\wpn_addon_sil_9mm_bump
* 682.8 : [   1] wpn\wpn_svt_bump
* 768.1 : [   1] sky\af1_cloudy\cloudy_2
* 768.1 : [   1] sky\af3_cloudy\20-00
* 768.1 : [   1] sky\sky_2_cube
* 768.1 : [   1] sky\sky_9_cube
* 854.4 : [   1] artifact\artifact_hell1
* 1024.1 : [   1] act\act_arm_sviter_1_bump
* 1024.1 : [   1] act\act_arm_sviter_1_bump#
* 1024.1 : [   1] fx\fx_moon2
* 1024.1 : [   1] fx\fx_moon_halo_phase_1
* 1024.1 : [   1] fx\fx_moon_halo_phase_2
* 1024.1 : [   1] fx\fx_moon_halo_phase_3
* 1024.1 : [   1] fx\fx_moon_halo_phase_4
* 1024.1 : [   1] fx\fx_moon_halo_phase_5
* 1024.1 : [   1] fx\fx_moon_halo_phase_6
* 1024.1 : [   1] fx\fx_moon_halo_phase_7
* 1024.1 : [   1] fx\fx_moon_phase_1
* 1024.1 : [   1] fx\fx_moon_phase_2
* 1024.1 : [   1] fx\fx_moon_phase_3
* 1024.1 : [   1] fx\fx_moon_phase_4
* 1024.1 : [   1] fx\fx_moon_phase_5
* 1024.1 : [   1] fx\fx_moon_phase_6
* 1024.1 : [   1] fx\fx_moon_phase_7
* 1024.1 : [   1] item\item_lighter_bump
* 1024.1 : [   1] map\map_jupiter_underground
* 1024.1 : [   1] map\map_l04u_labx18
* 1024.1 : [   1] map\map_l12u_control_monolith
* 1024.1 : [   2] pfx\pfx_ani-explosion-02
* 1024.1 : [   2] pfx\pfx_ani-explosion-02-b-a
* 1024.1 : [   2] pfx\pfx_ani-explosion-02a
* 1024.1 : [   2] pfx\pfx_explotions_2
* 1024.1 : [   2] pfx\pfx_explotions_4
* 1024.1 : [   2] pfx\pfx_explotions_smoke
* 1024.1 : [   2] pfx\pfx_explotions_smoke_benzine
* 1024.1 : [   2] shoker_mod\explosions\final_expl
* 1024.1 : [   1] ui\ui_actor_achivments
* 1024.1 : [   1] ui\ui_actor_dialog_screen
* 1024.1 : [   1] ui\ui_actor_mp_screen
* 1024.1 : [   1] ui\ui_actor_multiplayer_game_menu
* 1024.1 : [   1] ui\ui_actor_newsmanager_icons
* 1024.1 : [   1] ui\ui_actor_pda
* 1024.1 : [   1] ui\ui_actor_sleep_screen
* 1024.1 : [   1] ui\ui_common
* 1024.1 : [   1] ui\ui_hud
* 1024.1 : [   1] ui\ui_ingame2_common
* 1024.1 : [   1] ui\ui_npc_unique_4
* 1024.1 : [   1] ui\ui_pda2
* 1024.1 : [   1] ui\ui_pda2_noice
* 1024.1 : [   1] water\water_SBumpVolume
* 1024.1 : [   1] wpn\wpn_crosshair_class
* 1024.1 : [   1] wpn\wpn_crosshair_fn2000
* 1024.1 : [   1] wpn\wpn_crosshair_g36
* 1024.1 : [   1] wpn\wpn_crosshair_l85
* 1024.1 : [   1] wpn\wpn_crosshair_mark4
* 1365.1 : [   1] act\act_stalker_ecologb_1_bump
* 1365.1 : [   1] act\act_stalker_ecologb_1_bump#
* 1365.1 : [   1] map\map_l03u_agr_underground
* 1365.1 : [   2] wood\wood_plank8_bump#
* 1365.1 : [   2] wood\wood_walls8_bump#
* 1365.5 : [   1] water\water_flowing_nmap
* 1365.5 : [   2] sunmask
* 1365.5 : [   1] wpn\wpn_hpsa
* 1365.5 : [   1] wpn\wpn_svt
* 1365.5 : [   1] wpn\wpn_svu-a
* 1365.5 : [   1] act\act_ecologt_bump
* 1365.5 : [   3] act\act_stalker_hero_bump
* 1365.5 : [   3] act\act_stalker_hero_bump#
* 1365.5 : [   1] map\map_agroprom
* 1365.5 : [   1] map\map_garbage
* 1365.5 : [   1] map\map_k01_darkscape
* 1365.5 : [   1] map\map_l07_military
* 1365.5 : [   1] map\map_l08_yantar
* 1365.5 : [   1] map\map_l09_deadcity
* 1365.5 : [   1] map\map_l10_radar
* 1365.5 : [   1] map\map_l11_pripyat
* 1365.5 : [   1] map\map_l13_generators
* 1365.5 : [   1] map\map_red_forest
* 1365.5 : [   1] wpn\wpn_addon_mount_mtk83_bump
* 1365.5 : [   1] wpn\wpn_addon_mp5_mount_bump
* 1365.5 : [   1] wpn\wpn_addon_scope_acog_bump
* 1365.5 : [   1] wpn\wpn_addon_scope_l96_bump
* 1365.5 : [   1] wpn\wpn_addon_scope_po4x34_bump
* 1365.5 : [   1] wpn\wpn_addon_sil_45_bump
* 1365.5 : [   1] wpn\wpn_addon_sil_9mx_bump
* 1365.5 : [   1] wpn\wpn_addon_sil_atg_bump
* 1365.5 : [   1] wpn\wpn_addon_sil_gemtech_bump
* 1365.5 : [   1] wpn\wpn_addon_sil_kzrzp_bump
* 1365.5 : [   1] wpn\wpn_addon_sil_nato_bump
* 1365.5 : [   1] wpn\wpn_addon_sil_pbs4_bump
* 1365.5 : [   1] wpn\wpn_addon_sil_tgp-a_bump
* 1365.5 : [   1] wpn\wpn_ak100_grips_bump
* 1365.5 : [   1] wpn\wpn_ak101_mag_bump
* 1365.5 : [   1] wpn\wpn_ammo_bump
* 1365.5 : [   1] wpn\wpn_bullet1_bump
* 1365.5 : [   1] wpn\wpn_bullet2_bump
* 1365.5 : [   1] wpn\wpn_fort17_bump
* 1365.5 : [   1] wpn\wpn_gauss_bump
* 1365.5 : [   1] wpn\wpn_gauss_bump#
* 1365.5 : [   1] wpn\wpn_grenade_40mm_bump
* 1365.5 : [   2] wpn\wpn_grenade_rdg-m_bump
* 1365.5 : [   1] wpn\wpn_hand_axe_bump
* 1365.5 : [   1] wpn\wpn_kiparis_bump
* 1365.5 : [   1] wpn\wpn_kiparis_mag_bump
* 1365.5 : [   1] wpn\wpn_l85_susat_bump
* 1365.5 : [   1] wpn\wpn_m1891_bump
* 1365.5 : [   1] wpn\wpn_m1891_bump#
* 1365.5 : [   1] wpn\wpn_m1891_scope_bump
* 1365.5 : [   1] wpn\wpn_m1891_scope_bump#
* 1365.5 : [   1] wpn\wpn_m1891_wood_bump
* 1365.5 : [   1] wpn\wpn_m1891_wood_bump#
* 1365.5 : [   1] wpn\wpn_m98b_bump
* 1365.5 : [   1] wpn\wpn_m98b_bump#
* 1365.5 : [   1] wpn\wpn_sig550_mag_bump
* 1365.5 : [   1] wpn\wpn_svd_mag_bump
* 1365.5 : [   1] wpn\wpn_walter99_body_bump
* 1520.4 : [   1] map\map_k02_trucks_cemetery
* 2048.1 : [   2] pfx\pfx_cc_lightings
* 2048.1 : [   1] ui\ui_actor_hint_wnd
* 2048.1 : [   1] ui\ui_actor_portrets
* 2048.1 : [   1] ui\ui_buy_menu
* 2048.1 : [   1] ui\ui_global_map
* 2048.1 : [   1] ui\ui_static_mm_back_01
* 2048.1 : [   1] ui\ui_static_mm_back_05
* 2730.8 : [   1] item\item_detector_0
* 2730.8 : [   2] item\item_detector_2_new
* 2730.8 : [   2] item\item_detector_3_new
* 2730.8 : [   1] wpn\wpn_abakan
* 2730.8 : [   1] wpn\wpn_addon_grenade_launcher
* 2730.8 : [   1] wpn\wpn_addon_grenade_launcher_m203
* 2730.8 : [   1] wpn\wpn_addon_scope_pso-1m2-1
* 2730.8 : [   1] wpn\wpn_addon_scope_pso1
* 2730.8 : [   1] wpn\wpn_addon_scope_pu
* 2730.8 : [   1] wpn\wpn_ak74
* 2730.8 : [   1] wpn\wpn_ak74_sk1
* 2730.8 : [   1] wpn\wpn_ak74m_body
* 2730.8 : [   1] wpn\wpn_aksu
* 2730.8 : [   1] wpn\wpn_ar15
* 2730.8 : [   1] wpn\wpn_colt1911
* 2730.8 : [   1] wpn\wpn_desert_eagle
* 2730.8 : [   1] wpn\wpn_fn2000
* 2730.8 : [   1] wpn\wpn_g36k
* 2730.8 : [   1] wpn\wpn_grenade_f1
* 2730.8 : [   1] wpn\wpn_grenade_rgd5
* 2730.8 : [   1] wpn\wpn_groza
* 2730.8 : [   1] wpn\wpn_groza_grenade_launcher
* 2730.8 : [   1] wpn\wpn_gsh18
* 2730.8 : [   1] wpn\wpn_hand_shovel
* 2730.8 : [   1] wpn\wpn_knife_13
* 2730.8 : [   1] wpn\wpn_knife_45
* 2730.8 : [   1] wpn\wpn_l85
* 2730.8 : [   1] wpn\wpn_lr300
* 2730.8 : [   1] wpn\wpn_m4a1
* 2730.8 : [   1] wpn\wpn_mp5
* 2730.8 : [   1] wpn\wpn_pb
* 2730.8 : [   1] wpn\wpn_pkm
* 2730.8 : [   1] wpn\wpn_pkm_magazin
* 2730.8 : [   1] wpn\wpn_pm
* 2730.8 : [   1] wpn\wpn_protecta
* 2730.8 : [   1] wpn\wpn_rg6
* 2730.8 : [   1] wpn\wpn_rpg-7
* 2730.8 : [   1] wpn\wpn_sig-p220
* 2730.8 : [   1] wpn\wpn_sig550
* 2730.8 : [   1] wpn\wpn_spas12
* 2730.8 : [   1] wpn\wpn_svd_body
* 2730.8 : [   1] wpn\wpn_svd_grips
* 2730.8 : [   1] wpn\wpn_toz-34
* 2730.8 : [   1] wpn\wpn_toz-34_sk5
* 2730.8 : [   1] wpn\wpn_toz194
* 2730.8 : [   1] wpn\wpn_toz66
* 2730.8 : [   1] wpn\wpn_tt33
* 2730.8 : [   1] wpn\wpn_usp
* 2730.8 : [   1] wpn\wpn_val
* 2730.8 : [   1] wpn\wpn_vss
* 2730.8 : [   1] wpn\wpn_vz61
* 2730.8 : [   1] map\map_escape
* 2730.8 : [   1] wpn\wpn_hpsa_bump
* 2730.8 : [   1] wpn\wpn_svu-a_bump
* 3072.1 : [   1] sky\af3_clear\00-00-nm
* 3072.1 : [   1] sky\af3_clear\02-00-nm
* 3072.1 : [   2] sky\af3_clear\04-00-fm
* 3072.1 : [   1] sky\af3_rainy\07-00
* 3072.1 : [   1] sky\af3_rainy\09-00_19-00
* 3072.1 : [  13] sky\af3_rainy\13-00
* 3072.1 : [   2] sky\af3_rainy\15-00
* 3072.1 : [   2] sky\af3_rainy\16-00
* 4096.1 : [   1] ui\ui_actor_menu
* 5461.5 : [   1] wpn\wpn_ak74m_mag_bump
* 5461.5 : [   1] act\act_zwitter_bump
* 5461.5 : [   1] door\door_trader
* 5461.5 : [   1] item\item_detector_0_bump
* 5461.5 : [   1] item\item_detector_2_new_bump
* 5461.5 : [   1] item\item_detector_3_new_bump
* 5461.5 : [   1] map\map_jupiter
* 5461.5 : [   1] map\map_marsh
* 5461.5 : [   1] map\map_pripyat
* 5461.5 : [   1] map\map_zaton
* 5461.5 : [   1] wpn\wpn_abakan_bump
* 5461.5 : [   1] wpn\wpn_addon_grenade_launcher_bump
* 5461.5 : [   1] wpn\wpn_addon_grenade_launcher_m203_bump
* 5461.5 : [   1] wpn\wpn_addon_scope_pso-1m2-1_bump
* 5461.5 : [   1] wpn\wpn_addon_scope_pso1_bump
* 5461.5 : [   1] wpn\wpn_addon_scope_pu_bump
* 5461.5 : [   2] wpn\wpn_ak74_bump
* 5461.5 : [   1] wpn\wpn_ak74m_body_bump
* 5461.5 : [   1] wpn\wpn_aksu_bump
* 5461.5 : [   1] wpn\wpn_ar15_bump
* 5461.5 : [   1] wpn\wpn_beretta_bump
* 5461.5 : [   1] wpn\wpn_colt1911_bump
* 5461.5 : [   1] wpn\wpn_desert_eagle_bump
* 5461.5 : [   1] wpn\wpn_fn2000_bump
* 5461.5 : [   1] wpn\wpn_g36k_bump
* 5461.5 : [   1] wpn\wpn_grenade_f1_bump
* 5461.5 : [   1] wpn\wpn_grenade_rgd5_bump
* 5461.5 : [   1] wpn\wpn_groza_bump
* 5461.5 : [   1] wpn\wpn_groza_grenade_launcher_bump
* 5461.5 : [   1] wpn\wpn_gsh18_bump
* 5461.5 : [   1] wpn\wpn_hand_shovel_bump
* 5461.5 : [   1] wpn\wpn_knife_13_bump
* 5461.5 : [   1] wpn\wpn_knife_45_bump
* 5461.5 : [   1] wpn\wpn_l85_bump
* 5461.5 : [   1] wpn\wpn_lr300_bump
* 5461.5 : [   1] wpn\wpn_m4a1_bump
* 5461.5 : [   1] wpn\wpn_mp5_bump
* 5461.5 : [   1] wpn\wpn_pb_bump
* 5461.5 : [   1] wpn\wpn_pkm_bump
* 5461.5 : [   1] wpn\wpn_pkm_magazin_bump
* 5461.5 : [   1] wpn\wpn_pm_bump
* 5461.5 : [   1] wpn\wpn_protecta_bump
* 5461.5 : [   1] wpn\wpn_rg6_bump
* 5461.5 : [   1] wpn\wpn_rpg-7_bump
* 5461.5 : [   1] wpn\wpn_sig-p220_bump
* 5461.5 : [   1] wpn\wpn_sig550_bump
* 5461.5 : [   1] wpn\wpn_spas12_bump
* 5461.5 : [   1] wpn\wpn_svd_body_bump
* 5461.5 : [   1] wpn\wpn_svd_grips_bump
* 5461.5 : [   1] wpn\wpn_toz-34_bump
* 5461.5 : [   1] wpn\wpn_toz-34_sk1_bump
* 5461.5 : [   1] wpn\wpn_toz194_bump
* 5461.5 : [   1] wpn\wpn_toz66_bump
* 5461.5 : [   1] wpn\wpn_tt33_bump
* 5461.5 : [   1] wpn\wpn_usp_bump
* 5461.5 : [   1] wpn\wpn_val_bump
* 5461.5 : [   1] wpn\wpn_vss_bump
* 5461.5 : [   1] wpn\wpn_vz61_bump
* 6144.1 : [   3] sky\af3_partly\04-30
* 6144.1 : [   1] sky\af3_partly\05-00
* 6144.1 : [   2] sky\af3_partly\10-00
* 6144.1 : [   3] sky\af3_partly\11-00
* 6144.1 : [   2] sky\af3_partly\15-00
* 6144.1 : [   2] sky\af3_partly\16-00
* 6144.1 : [   1] sky\af3_partly\20-00
* 6144.1 : [   2] sky\af3_partly\20-30
* 8100.0 : [   1] ui\ui_static_mm_back_00
* 9902.3 : [   1] water\water_normal
* 16384.1 : [   1] ui\ui_icon_equipment
* [ D3D ]: textures[867085 K]
DestroySingleton::RefCounter: 0
DestroySingleton::RefCounter: 0
DestroySingleton::RefCounter: 0
* [1] KERNEL:CONSOLE
* [1] KERNEL:QUIT
Config-file [appdata\user.ltx] saved successfully
Destroying Render...
* [DA_PORT] mem_compact: 5117 -> 5117 МБ (вернулось 0 МБ) за 0.1 мс
* RM_Dump: textures  : 197
*        :   1: $user$env_s0
*        :   1: $user$env_s1
*        :   1: $user$sky0
*        :   1: $user$sky1
*        :   1: $user$tonemap
*        :   1: dinamic_hud\breath1
*        :   1: dinamic_hud\breath2
*        :   1: dinamic_hud\breath3
*        :   1: dinamic_hud\breath5
*        :   1: fx\fx_lightning
*        :   1: fx\fx_rain
*        :   1: fx\fx_rainsplash1
*        :   1: fx\fx_thunderbolts_gradient
*        :   1: fx\fx_thunderbolts_gradient_surge
*        :   1: fx\fx_tracer_weapons
*        :   1: intro\intro_l08_yantar_4
*        :   1: map\map_aes_1
*        :   1: map\map_aes_2
*        :   1: map\map_agroprom
*        :   1: map\map_escape
*        :   1: map\map_fake_start
*        :   1: map\map_garbage
*        :   1: map\map_hospital
*        :   1: map\map_jupiter
*        :   1: map\map_jupiter_underground
*        :   1: map\map_k01_darkscape
*        :   1: map\map_k02_trucks_cemetery
*        :   1: map\map_l03u_agr_underground
*        :   1: map\map_l04_darkvalley
*        :   1: map\map_l04u_labx18
*        :   1: map\map_l05_bar
*        :   1: map\map_l06_rostok
*        :   1: map\map_l07_military
*        :   1: map\map_l08_yantar
*        :   1: map\map_l08u_brainlab
*        :   1: map\map_l09_deadcity
*        :   1: map\map_l10_radar
*        :   1: map\map_l11_pripyat
*        :   1: map\map_l12u_control_monolith
*        :   1: map\map_l13_generators
*        :   1: map\map_labx8
*        :   1: map\map_limansk
*        :   1: map\map_marsh
*        :   1: map\map_nomap
*        :   1: map\map_pripyat
*        :   1: map\map_red_forest
*        :   1: map\map_zaton
*        :   1: pfx\pfx_lighting_stancia_01
*        :   1: pfx\pfx_lighting_stancia_02
*        :   1: sky\af1_cloudy\cloudy_2
*        :   1: sky\af1_cloudy\cloudy_2#small
*        :   1: sky\af3_clear\00-00-nm
*        :   1: sky\af3_clear\00-00-nm#small
*        :   1: sky\af3_clear\02-00-nm
*        :   1: sky\af3_clear\02-00-nm#small
*        :   1: sky\af3_clear\04-00-fm
*        :   1: sky\af3_clear\04-00-fm#small
*        :   1: sky\af3_cloudy\20-00
*        :   1: sky\af3_cloudy\20-00#small
*        :   2: sky\af3_partly\04-30
*        :   2: sky\af3_partly\04-30#small
*        :   1: sky\af3_partly\05-00
*        :   1: sky\af3_partly\05-00#small
*        :   2: sky\af3_partly\10-00
*        :   2: sky\af3_partly\10-00#small
*        :   3: sky\af3_partly\11-00
*        :   3: sky\af3_partly\11-00#small
*        :   2: sky\af3_partly\15-00
*        :   2: sky\af3_partly\15-00#small
*        :   2: sky\af3_partly\16-00
*        :   2: sky\af3_partly\16-00#small
*        :   1: sky\af3_partly\20-00
*        :   1: sky\af3_partly\20-00#small
*        :   2: sky\af3_partly\20-30
*        :   2: sky\af3_partly\20-30#small
*        :   1: sky\af3_rainy\07-00
*        :   1: sky\af3_rainy\07-00#small
*        :   1: sky\af3_rainy\09-00_19-00
*        :   1: sky\af3_rainy\09-00_19-00#small
*        :  13: sky\af3_rainy\13-00
*        :  13: sky\af3_rainy\13-00#small
*        :   2: sky\af3_rainy\15-00
*        :   2: sky\af3_rainy\15-00#small
*        :   2: sky\af3_rainy\16-00
*        :   2: sky\af3_rainy\16-00#small
*        :   1: sky\sky_2_cube
*        :   1: sky\sky_2_cube#small
*        :   1: sky\sky_9_cube
*        :   1: sky\sky_9_cube#small
*        :  41: sky\sky_oblaka
*        :   1: ui\cursor
*        :   1: ui\icon_news
*        :   1: ui\ui_actor_achivments
*        :   1: ui\ui_actor_dialog_screen
*        :   1: ui\ui_actor_hint_wnd
*        :   1: ui\ui_actor_menu
*        :   1: ui\ui_actor_mp_screen
*        :   1: ui\ui_actor_multiplayer_game_menu
*        :   1: ui\ui_actor_newsmanager_icons
*        :   1: ui\ui_actor_pda
*        :   1: ui\ui_actor_portrets
*        :   1: ui\ui_actor_sleep_screen
*        :   1: ui\ui_ani_cursor
*        :   1: ui\ui_buy_menu
*        :   1: ui\ui_common
*        :   1: ui\ui_global_map
*        :   1: ui\ui_grid
*        :   1: ui\ui_hud
*        :   1: ui\ui_hud_grenade_mark
*        :   1: ui\ui_hud_hit_mark
*        :   1: ui\ui_icon_equipment
*        :   1: ui\ui_ingame2_common
*        :   1: ui\ui_npc_unique_4
*        :   1: ui\ui_pda2
*        :   1: ui\ui_pda2_noice
*        :   1: ui\ui_static_mm_back_00
*        :   1: ui\ui_static_mm_back_01
*        :   1: ui\ui_static_mm_back_05
*        :   1: ui_ingame2_pda_buttons_background_e
*        :   1: wm\wm_blood_1
*        :   1: wm\wm_blood_10
*        :   1: wm\wm_blood_11
*        :   1: wm\wm_blood_1_1
*        :   1: wm\wm_blood_1_2
*        :   1: wm\wm_blood_1_3
*        :   1: wm\wm_blood_1_4
*        :   1: wm\wm_blood_1_5
*        :   1: wm\wm_blood_2
*        :   1: wm\wm_blood_3
*        :   1: wm\wm_blood_4
*        :   1: wm\wm_blood_5
*        :   1: wm\wm_blood_6
*        :   1: wm\wm_blood_7
*        :   1: wm\wm_blood_8
*        :   1: wm\wm_blood_9
*        :   1: wm\wm_blood_drop_1
*        :   1: wm\wm_blood_drop_2
*        :   1: wm\wm_blood_drop_3
*        :   1: wm\wm_blood_drop_4
*        :   1: wm\wm_bullet_asfalt_1
*        :   1: wm\wm_bullet_asfalt_2
*        :   1: wm\wm_bullet_asfalt_3
*        :   1: wm\wm_bullet_brick_1
*        :   1: wm\wm_bullet_brick_2
*        :   1: wm\wm_bullet_concrete
*        :   1: wm\wm_bullet_concrete_1
*        :   1: wm\wm_bullet_concrete_2
*        :   1: wm\wm_bullet_concrete_4
*        :   1: wm\wm_bullet_concrete_5
*        :   1: wm\wm_bullet_concrete_6
*        :   1: wm\wm_bullet_concrete_7
*        :   1: wm\wm_bullet_concrete_8
*        :   1: wm\wm_bullet_glass01
*        :   1: wm\wm_bullet_glass02
*        :   1: wm\wm_bullet_glass03
*        :   1: wm\wm_bullet_glass04
*        :   1: wm\wm_bullet_ground
*        :   1: wm\wm_bullet_ground_1
*        :   1: wm\wm_bullet_ground_2
*        :   1: wm\wm_bullet_metall_thik
*        :   1: wm\wm_bullet_metall_thik_1
*        :   1: wm\wm_bullet_metall_thik_2
*        :   1: wm\wm_bullet_metall_thik_3
*        :   1: wm\wm_bullet_metall_thin
*        :   1: wm\wm_bullet_metall_thin_1
*        :   1: wm\wm_bullet_metall_thin_2
*        :   1: wm\wm_bullet_metall_thin_3
*        :   1: wm\wm_bullet_metall_thin_4
*        :   1: wm\wm_bullet_wood
*        :   1: wm\wm_bullet_wood_1
*        :   1: wm\wm_bullet_wood_2
*        :   1: wm\wm_bullet_wood_3
*        :   1: wm\wm_bullet_wood_4
*        :   1: wm\wm_bullet_wood_5
*        :   1: wm\wm_bullet_wood_6
*        :   1: wm\wm_bullet_wood_7
*        :   1: wm\wm_bullet_wood_8
*        :   1: wm\wm_bullet_wood_9
*        :   1: wm\wm_hammer_01
*        :   1: wm\wm_hammer_02
*        :   1: wm\wm_hammer_03
*        :   1: wm\wm_hammer_04
*        :   1: wm\wm_knife_dead
*        :   1: wm\wm_knife_horiz
*        :   1: wm\wm_knife_horiz_blood
*        :   1: wm\wm_knife_horiz_blood1
*        :   1: wm\wm_knife_horiz_metal
*        :   1: wm\wm_knife_horiz_ston
*        :   1: wm\wm_knife_wood
*        :   1: wm\wm_knife_wood1
*        :   1: wm\wm_knife_wood2
*        :   1: wm\wm_listja
*        :   1: wpn\wpn_crosshair_class
*        :   1: wpn\wpn_crosshair_fn2000
*        :   1: wpn\wpn_crosshair_g36
*        :   1: wpn\wpn_crosshair_l85
*        :   1: wpn\wpn_crosshair_mark4
* RM_Dump: rtargets  : 0
* RM_Dump: vs        : 5
*        :   2: effects_sun
*        :  73: effects_wallmark
*        :   1: hud_crosshair
*        :   6: stub_default
*        :  70: stub_notransform_t
* RM_Dump: ps        : 4
*        :   1: simple_color
*        :  77: stub_default
*        :  73: stub_default_ma
*        :   1: yuv2rgb
* RM_Dump: gs        : 1
*        : 152: null
* RM_Dump: cs        : 1
*        : 152: null
* RM_Dump: hs        : 1
*        : 152: null
* RM_Dump: ds        : 1
*        : 152: null
* RM_Dump: dcl       : 1
* RM_Dump: states    : 9
* RM_Dump: tex_list  : 152
* RM_Dump: matrices  : 0
* RM_Dump: lst_constants: 0
* RM_Dump: v_passes  : 152
* RM_Dump: v_elements: 152
* RM_Dump: v_shaders : 152
refCount:m_pSwapChain 1
refCount:pContext 1
refCount:pContext 1
refCount:pContext 1
refCount:pContext 1
refCount:pContext 1
refCount:pDevice: 424
refCount:m_pAdapter 2
refCount:m_pFactory 2
* [1] KERNEL:QUIT
~ [DA_HEAP_GUARD] карантин: 495980 блоков, 874.9 МБ в 16 потоках (предел 128 МБ на поток)
~ [DA_HEAP_GUARD] вытеснено из карантина (отдано куче): 12872381
~ [DA_HEAP_GUARD] двойных освобождений поймано: 0
~ [DA_HEAP_GUARD] падение по адресу 00007ddddddddddd = обращение к ОСВОБОЖДЁННОЙ памяти
----total count =  0
